,ResponseId,Condition,influencer_video,vape_cool,vape_attr,video_id,influencer,credibility_median,video_number,credibility_median_rescale,Sex,Ethnicity,Age,white,asian,black,multi,other,infl_expos,vape_appeal,vape_appeal_sum,vape_appeal_pretest_sum,vape_appeal_pretest_3cat,vape_appeal_t3,Ethnicity,Sex,sm_freq_use,sub_30dayuse,credibility_median_binary
1,R_10TINikslJ87UpY,Old Control,aby,0,0,video1_cred_aby,cred_aby,0,1,-1.114512449,Female,No,4,0,1,0,0,0,0,0,0,0,Low,Low,No,Female,1,0,0
2,R_10TINikslJ87UpY,Old Control,anna,0,0,video2_cred_anna,cred_anna,0,2,-1.114512449,Female,No,4,0,1,0,0,0,0,0,0,0,Low,Low,No,Female,1,0,0
3,R_10TINikslJ87UpY,Old Control,cham,0,0,video3_cred_cham,cred_cham,0,3,-1.114512449,Female,No,4,0,1,0,0,0,0,0,0,0,Low,Low,No,Female,1,0,0
4,R_10TINikslJ87UpY,Old Control,fab,0,0,video4_cred_fab,cred_fab,0,4,-1.114512449,Female,No,4,0,1,0,0,0,0,0,0,0,Low,Low,No,Female,1,0,0
5,R_10TINikslJ87UpY,Old Control,mae,0,0,video5_cred_mae,cred_mae,34,5,0.08110049,Female,No,4,0,1,0,0,0,0,0,0,0,Low,Low,No,Female,1,0,1
6,R_10TINikslJ87UpY,Old Control,zanx,0,0,video6_cred_zanx,cred_zanx,0,6,-1.114512449,Female,No,4,0,1,0,0,0,0,0,0,0,Low,Low,No,Female,1,0,0
7,R_11BLK8pDJprL2ff,Old Treat,aby,0,0,video1_cred_aby,cred_aby,0,1,-1.114512449,Female,No,3,0,1,0,0,0,0,0,0,0,Low,Low,No,Female,1,0,0
8,R_11BLK8pDJprL2ff,Old Treat,anna,0,0,video2_cred_anna,cred_anna,0,2,-1.114512449,Female,No,3,0,1,0,0,0,0,0,0,0,Low,Low,No,Female,1,0,0
9,R_11BLK8pDJprL2ff,Old Treat,cham,0,0,video3_cred_cham,cred_cham,46,3,0.503081528,Female,No,3,0,1,0,0,0,0,0,0,0,Low,Low,No,Female,1,0,1
10,R_11BLK8pDJprL2ff,Old Treat,fab,0,0,video4_cred_fab,cred_fab,20,4,-0.41121072,Female,No,3,0,1,0,0,0,0,0,0,0,Low,Low,No,Female,1,0,0
11,R_11BLK8pDJprL2ff,Old Treat,mae,0,0,video5_cred_mae,cred_mae,0,5,-1.114512449,Female,No,3,0,1,0,0,0,0,0,0,0,Low,Low,No,Female,1,0,0
12,R_11BLK8pDJprL2ff,Old Treat,zanx,0,0,video6_cred_zanx,cred_zanx,14,6,-0.622201239,Female,No,3,0,1,0,0,0,0,0,0,0,Low,Low,No,Female,1,0,0
13,R_11FnZCqgVVecpOI,Old Treat,aby,0,1,video1_cred_aby,cred_aby,45,1,0.467916441,Female,Yes,3,0,0,0,0,1,0,0.5,1,2,Low,Moderate,Yes,Female,2,0,1
14,R_11FnZCqgVVecpOI,Old Treat,anna,0,1,video2_cred_anna,cred_anna,43,2,0.397586269,Female,Yes,3,0,0,0,0,1,0,0.5,1,2,Low,Moderate,Yes,Female,2,0,1
15,R_11FnZCqgVVecpOI,Old Treat,cham,0,1,video3_cred_cham,cred_cham,41,3,0.327256096,Female,Yes,3,0,0,0,0,1,0,0.5,1,2,Low,Moderate,Yes,Female,2,0,1
16,R_11FnZCqgVVecpOI,Old Treat,fab,0,0,video4_cred_fab,cred_fab,34,4,0.08110049,Female,Yes,3,0,0,0,0,1,0,0,0,2,Low,Low,Yes,Female,2,0,1
17,R_11FnZCqgVVecpOI,Old Treat,mae,1,1,video5_cred_mae,cred_mae,0,5,-1.114512449,Female,Yes,3,0,0,0,0,1,0,1,2,2,Low,Moderate,Yes,Female,2,0,0
18,R_11FnZCqgVVecpOI,Old Treat,zanx,0,0,video6_cred_zanx,cred_zanx,0,6,-1.114512449,Female,Yes,3,0,0,0,0,1,0,0,0,2,Low,Low,Yes,Female,2,0,0
19,R_11Ux85AlGXyq5vb,Young Control,aby,1,1,video1_cred_aby,cred_aby,45,1,0.467916441,Male,Yes,4,1,0,0,0,0,0,1,2,4,Low,Moderate,Yes,Male,1,0,1
20,R_11Ux85AlGXyq5vb,Young Control,anna,1,1,video2_cred_anna,cred_anna,82,2,1.76902464,Male,Yes,4,1,0,0,0,0,0,1,2,4,Low,Moderate,Yes,Male,1,0,1
21,R_11Ux85AlGXyq5vb,Young Control,cham,1,1,video3_cred_cham,cred_cham,36,3,0.151430663,Male,Yes,4,1,0,0,0,0,0,1,2,4,Low,Moderate,Yes,Male,1,0,1
22,R_11Ux85AlGXyq5vb,Young Control,fab,1,1,video4_cred_fab,cred_fab,22,4,-0.340880547,Male,Yes,4,1,0,0,0,0,0,1,2,4,Low,Moderate,Yes,Male,1,0,0
23,R_11Ux85AlGXyq5vb,Young Control,mae,1,1,video5_cred_mae,cred_mae,50,5,0.643741874,Male,Yes,4,1,0,0,0,0,0,1,2,4,Low,Moderate,Yes,Male,1,0,1
24,R_11Ux85AlGXyq5vb,Young Control,zanx,1,1,video6_cred_zanx,cred_zanx,29,6,-0.094724942,Male,Yes,4,1,0,0,0,0,0,1,2,4,Low,Moderate,Yes,Male,1,0,1
25,R_11sfbtYCPh2ALG9,Young Control,aby,0,0,video1_cred_aby,cred_aby,12,1,-0.692531412,Male,No,3,1,0,0,0,0,0,0,0,0,Low,Low,No,Male,3,0,0
26,R_11sfbtYCPh2ALG9,Young Control,anna,0,0,video2_cred_anna,cred_anna,3,2,-1.00901719,Male,No,3,1,0,0,0,0,0,0,0,0,Low,Low,No,Male,3,0,0
27,R_11sfbtYCPh2ALG9,Young Control,cham,0,0,video3_cred_cham,cred_cham,12,3,-0.692531412,Male,No,3,1,0,0,0,0,0,0,0,0,Low,Low,No,Male,3,0,0
28,R_11sfbtYCPh2ALG9,Young Control,fab,0,0,video4_cred_fab,cred_fab,5,4,-0.938687017,Male,No,3,1,0,0,0,0,0,0,0,0,Low,Low,No,Male,3,0,0
29,R_11sfbtYCPh2ALG9,Young Control,mae,0,0,video5_cred_mae,cred_mae,5,5,-0.938687017,Male,No,3,1,0,0,0,0,0,0,0,0,Low,Low,No,Male,3,0,0
30,R_11sfbtYCPh2ALG9,Young Control,zanx,0,0,video6_cred_zanx,cred_zanx,2,6,-1.044182276,Male,No,3,1,0,0,0,0,0,0,0,0,Low,Low,No,Male,3,0,0
31,R_11sqWiv55aEMnY9,Young Control,aby,0,0,video1_cred_aby,cred_aby,0,1,-1.114512449,Female,No,1,1,0,0,0,0,0,0,0,1,Low,Low,No,Female,1,0,0
32,R_11sqWiv55aEMnY9,Young Control,anna,0,1,video2_cred_anna,cred_anna,0,2,-1.114512449,Female,No,1,1,0,0,0,0,0,0.5,1,1,Low,Moderate,No,Female,1,0,0
33,R_11sqWiv55aEMnY9,Young Control,cham,1,0,video3_cred_cham,cred_cham,30,3,-0.059559855,Female,No,1,1,0,0,0,0,0,0.5,1,1,Low,Moderate,No,Female,1,0,1
34,R_11sqWiv55aEMnY9,Young Control,fab,0,0,video4_cred_fab,cred_fab,0,4,-1.114512449,Female,No,1,1,0,0,0,0,0,0,0,1,Low,Low,No,Female,1,0,0
35,R_11sqWiv55aEMnY9,Young Control,mae,1,1,video5_cred_mae,cred_mae,0,5,-1.114512449,Female,No,1,1,0,0,0,0,0,1,2,1,Low,Moderate,No,Female,1,0,0
36,R_11sqWiv55aEMnY9,Young Control,zanx,0,0,video6_cred_zanx,cred_zanx,0,6,-1.114512449,Female,No,1,1,0,0,0,0,0,0,0,1,Low,Low,No,Female,1,0,0
37,R_12JY551bWcJUOoZ,Young Control,aby,0,2,video1_cred_aby,cred_aby,38,1,0.221760836,Female,No,3,0,1,0,0,0,0,1,2,0,Low,Moderate,No,Female,2,0,1
38,R_12JY551bWcJUOoZ,Young Control,anna,3,2,video2_cred_anna,cred_anna,62,2,1.065722911,Female,No,3,0,1,0,0,0,0,2.5,5,0,Low,High,No,Female,2,0,1
39,R_12JY551bWcJUOoZ,Young Control,cham,2,2,video3_cred_cham,cred_cham,60,3,0.995392738,Female,No,3,0,1,0,0,0,0,2,4,0,Low,High,No,Female,2,0,1
40,R_12JY551bWcJUOoZ,Young Control,fab,0,0,video4_cred_fab,cred_fab,38,4,0.221760836,Female,No,3,0,1,0,0,0,0,0,0,0,Low,Low,No,Female,2,0,1
41,R_12JY551bWcJUOoZ,Young Control,mae,1,2,video5_cred_mae,cred_mae,25,5,-0.235385288,Female,No,3,0,1,0,0,0,0,1.5,3,0,Low,Moderate,No,Female,2,0,1
42,R_12JY551bWcJUOoZ,Young Control,zanx,0,0,video6_cred_zanx,cred_zanx,0,6,-1.114512449,Female,No,3,0,1,0,0,0,0,0,0,0,Low,Low,No,Female,2,0,0
43,R_12Phd55lrFTOKoM,Young Treat,aby,6,6,video1_cred_aby,cred_aby,82,1,1.76902464,Male,Yes,2,0,0,1,0,0,1,6,12,10,High,High,Yes,Male,1,1,1
44,R_12Phd55lrFTOKoM,Young Treat,anna,5,6,video2_cred_anna,cred_anna,77,2,1.593199208,Male,Yes,2,0,0,1,0,0,1,5.5,11,10,High,High,Yes,Male,1,1,1
45,R_12Phd55lrFTOKoM,Young Treat,cham,5,6,video3_cred_cham,cred_cham,81,3,1.733859554,Male,Yes,2,0,0,1,0,0,1,5.5,11,10,High,High,Yes,Male,1,1,1
46,R_12Phd55lrFTOKoM,Young Treat,fab,5,6,video4_cred_fab,cred_fab,79,4,1.663529381,Male,Yes,2,0,0,1,0,0,1,5.5,11,10,High,High,Yes,Male,1,1,1
47,R_12Phd55lrFTOKoM,Young Treat,mae,5,5,video5_cred_mae,cred_mae,74,5,1.487703949,Male,Yes,2,0,0,1,0,0,1,5,10,10,High,High,Yes,Male,1,1,1
48,R_12Phd55lrFTOKoM,Young Treat,zanx,5,6,video6_cred_zanx,cred_zanx,77,6,1.593199208,Male,Yes,2,0,0,1,0,0,1,5.5,11,10,High,High,Yes,Male,1,1,1
49,R_12obhNJnIhOVhFE,Old Treat,aby,7,2,video1_cred_aby,cred_aby,52,1,0.714072047,Female,No,4,0,1,0,1,0,0,4.5,9,0,Low,High,No,Female,1,0,1
50,R_12obhNJnIhOVhFE,Old Treat,anna,7,7,video2_cred_anna,cred_anna,7,2,-0.868356844,Female,No,4,0,1,0,1,0,0,7,14,0,Low,High,No,Female,1,0,0
51,R_12obhNJnIhOVhFE,Old Treat,cham,0,0,video3_cred_cham,cred_cham,100,3,2.401996197,Female,No,4,0,1,0,1,0,0,0,0,0,Low,Low,No,Female,1,0,1
52,R_12obhNJnIhOVhFE,Old Treat,fab,3,2,video4_cred_fab,cred_fab,30,4,-0.059559855,Female,No,4,0,1,0,1,0,0,2.5,5,0,Low,High,No,Female,1,0,1
53,R_12obhNJnIhOVhFE,Old Treat,mae,5,7,video5_cred_mae,cred_mae,55,5,0.819567306,Female,No,4,0,1,0,1,0,0,6,12,0,Low,High,No,Female,1,0,1
54,R_12obhNJnIhOVhFE,Old Treat,zanx,7,2,video6_cred_zanx,cred_zanx,75,6,1.522869035,Female,No,4,0,1,0,1,0,0,4.5,9,0,Low,High,No,Female,1,0,1
55,R_12z7P7EazBAxlGy,Old Control,aby,5,5,video1_cred_aby,cred_aby,73,1,1.452538862,Male,No,3,1,0,0,0,0,1,5,10,8,Moderate,High,No,Male,2,1,1
56,R_12z7P7EazBAxlGy,Old Control,anna,5,5,video2_cred_anna,cred_anna,69,2,1.311878516,Male,No,3,1,0,0,0,0,1,5,10,8,Moderate,High,No,Male,2,1,1
57,R_12z7P7EazBAxlGy,Old Control,cham,5,4,video3_cred_cham,cred_cham,70,3,1.347043603,Male,No,3,1,0,0,0,0,1,4.5,9,8,Moderate,High,No,Male,2,1,1
58,R_12z7P7EazBAxlGy,Old Control,fab,5,4,video4_cred_fab,cred_fab,77,4,1.593199208,Male,No,3,1,0,0,0,0,1,4.5,9,8,Moderate,High,No,Male,2,1,1
59,R_12z7P7EazBAxlGy,Old Control,mae,6,5,video5_cred_mae,cred_mae,83,5,1.804189727,Male,No,3,1,0,0,0,0,1,5.5,11,8,Moderate,High,No,Male,2,1,1
60,R_12z7P7EazBAxlGy,Old Control,zanx,5,6,video6_cred_zanx,cred_zanx,76,6,1.558034122,Male,No,3,1,0,0,0,0,1,5.5,11,8,Moderate,High,No,Male,2,1,1
61,R_139WbdH6CicUlXj,Young Control,aby,4,5,video1_cred_aby,cred_aby,62,1,1.065722911,Male,No,4,1,0,0,0,0,1,4.5,9,10,High,High,No,Male,3,1,1
62,R_139WbdH6CicUlXj,Young Control,anna,5,4,video2_cred_anna,cred_anna,61,2,1.030557825,Male,No,4,1,0,0,0,0,1,4.5,9,10,High,High,No,Male,3,1,1
63,R_139WbdH6CicUlXj,Young Control,cham,4,5,video3_cred_cham,cred_cham,66,3,1.206383257,Male,No,4,1,0,0,0,0,1,4.5,9,10,High,High,No,Male,3,1,1
64,R_139WbdH6CicUlXj,Young Control,fab,4,5,video4_cred_fab,cred_fab,63,4,1.100887998,Male,No,4,1,0,0,0,0,1,4.5,9,10,High,High,No,Male,3,1,1
65,R_139WbdH6CicUlXj,Young Control,mae,5,4,video5_cred_mae,cred_mae,63,5,1.100887998,Male,No,4,1,0,0,0,0,1,4.5,9,10,High,High,No,Male,3,1,1
66,R_139WbdH6CicUlXj,Young Control,zanx,4,5,video6_cred_zanx,cred_zanx,66,6,1.206383257,Male,No,4,1,0,0,0,0,1,4.5,9,10,High,High,No,Male,3,1,1
67,R_15Hm59U14eJ4REm,Old Control,aby,0,0,video1_cred_aby,cred_aby,12,1,-0.692531412,Female,Yes,2,1,0,0,0,0,1,0,0,0,Low,Low,Yes,Female,1,0,0
68,R_15Hm59U14eJ4REm,Old Control,anna,0,0,video2_cred_anna,cred_anna,42,2,0.362421182,Female,Yes,2,1,0,0,0,0,1,0,0,0,Low,Low,Yes,Female,1,0,1
69,R_15Hm59U14eJ4REm,Old Control,cham,0,0,video3_cred_cham,cred_cham,28,3,-0.129890028,Female,Yes,2,1,0,0,0,0,1,0,0,0,Low,Low,Yes,Female,1,0,1
70,R_15Hm59U14eJ4REm,Old Control,fab,0,0,video4_cred_fab,cred_fab,46,4,0.503081528,Female,Yes,2,1,0,0,0,0,1,0,0,0,Low,Low,Yes,Female,1,0,1
71,R_15Hm59U14eJ4REm,Old Control,mae,0,0,video5_cred_mae,cred_mae,14,5,-0.622201239,Female,Yes,2,1,0,0,0,0,1,0,0,0,Low,Low,Yes,Female,1,0,0
72,R_15Hm59U14eJ4REm,Old Control,zanx,0,0,video6_cred_zanx,cred_zanx,41,6,0.327256096,Female,Yes,2,1,0,0,0,0,1,0,0,0,Low,Low,Yes,Female,1,0,1
73,R_15hSSpnglqS2tQR,Young Treat,aby,0,0,video1_cred_aby,cred_aby,0,1,-1.114512449,Male,I prefer not to answer,4,1,0,0,0,0,1,0,0,0,Low,Low,NA,Male,3,0,0
74,R_15hSSpnglqS2tQR,Young Treat,anna,0,0,video2_cred_anna,cred_anna,0,2,-1.114512449,Male,I prefer not to answer,4,1,0,0,0,0,1,0,0,0,Low,Low,NA,Male,3,0,0
75,R_15hSSpnglqS2tQR,Young Treat,cham,0,0,video3_cred_cham,cred_cham,0,3,-1.114512449,Male,I prefer not to answer,4,1,0,0,0,0,1,0,0,0,Low,Low,NA,Male,3,0,0
76,R_15hSSpnglqS2tQR,Young Treat,fab,0,0,video4_cred_fab,cred_fab,0,4,-1.114512449,Male,I prefer not to answer,4,1,0,0,0,0,1,0,0,0,Low,Low,NA,Male,3,0,0
77,R_15hSSpnglqS2tQR,Young Treat,mae,0,0,video5_cred_mae,cred_mae,0,5,-1.114512449,Male,I prefer not to answer,4,1,0,0,0,0,1,0,0,0,Low,Low,NA,Male,3,0,0
78,R_15hSSpnglqS2tQR,Young Treat,zanx,0,0,video6_cred_zanx,cred_zanx,0,6,-1.114512449,Male,I prefer not to answer,4,1,0,0,0,0,1,0,0,0,Low,Low,NA,Male,3,0,0
79,R_15sc4l7OmrOwoAS,Old Treat,aby,7,6,video1_cred_aby,cred_aby,100,1,2.401996197,Male,Yes,4,0,0,0,0,1,1,6.5,13,7,Moderate,High,Yes,Male,1,0,1
80,R_15sc4l7OmrOwoAS,Old Treat,anna,6,7,video2_cred_anna,cred_anna,93,2,2.155840591,Male,Yes,4,0,0,0,0,1,1,6.5,13,7,Moderate,High,Yes,Male,1,0,1
81,R_15sc4l7OmrOwoAS,Old Treat,cham,5,6,video3_cred_cham,cred_cham,87,3,1.944850073,Male,Yes,4,0,0,0,0,1,1,5.5,11,7,Moderate,High,Yes,Male,1,0,1
82,R_15sc4l7OmrOwoAS,Old Treat,fab,7,7,video4_cred_fab,cred_fab,9,4,-0.798026671,Male,Yes,4,0,0,0,0,1,1,7,14,7,Moderate,High,Yes,Male,1,0,0
83,R_15sc4l7OmrOwoAS,Old Treat,mae,6,6,video5_cred_mae,cred_mae,93,5,2.155840591,Male,Yes,4,0,0,0,0,1,1,6,12,7,Moderate,High,Yes,Male,1,0,1
84,R_15sc4l7OmrOwoAS,Old Treat,zanx,7,7,video6_cred_zanx,cred_zanx,98,6,2.331666024,Male,Yes,4,0,0,0,0,1,1,7,14,7,Moderate,High,Yes,Male,1,0,1
85,R_164Jvs7pYfpjW0D,Young Control,aby,2,1,video1_cred_aby,cred_aby,8,1,-0.833191758,Male,No,3,0,1,0,0,0,0,1.5,3,3,Low,Moderate,No,Male,2,0,0
86,R_164Jvs7pYfpjW0D,Young Control,anna,0,0,video2_cred_anna,cred_anna,3,2,-1.00901719,Male,No,3,0,1,0,0,0,0,0,0,3,Low,Low,No,Male,2,0,0
87,R_164Jvs7pYfpjW0D,Young Control,cham,1,0,video3_cred_cham,cred_cham,0,3,-1.114512449,Male,No,3,0,1,0,0,0,0,0.5,1,3,Low,Moderate,No,Male,2,0,0
88,R_164Jvs7pYfpjW0D,Young Control,fab,1,1,video4_cred_fab,cred_fab,12,4,-0.692531412,Male,No,3,0,1,0,0,0,0,1,2,3,Low,Moderate,No,Male,2,0,0
89,R_164Jvs7pYfpjW0D,Young Control,mae,0,0,video5_cred_mae,cred_mae,0,5,-1.114512449,Male,No,3,0,1,0,0,0,0,0,0,3,Low,Low,No,Male,2,0,0
90,R_164Jvs7pYfpjW0D,Young Control,zanx,2,2,video6_cred_zanx,cred_zanx,12,6,-0.692531412,Male,No,3,0,1,0,0,0,0,2,4,3,Low,High,No,Male,2,0,0
91,R_168XlyYj0t89cYp,Young Treat,aby,1,1,video1_cred_aby,cred_aby,50,1,0.643741874,Female,Yes,3,0,0,0,0,1,0,1,2,11,High,Moderate,Yes,Female,1,0,1
92,R_168XlyYj0t89cYp,Young Treat,anna,1,1,video2_cred_anna,cred_anna,39,2,0.256925923,Female,Yes,3,0,0,0,0,1,0,1,2,11,High,Moderate,Yes,Female,1,0,1
93,R_168XlyYj0t89cYp,Young Treat,cham,1,2,video3_cred_cham,cred_cham,46,3,0.503081528,Female,Yes,3,0,0,0,0,1,0,1.5,3,11,High,Moderate,Yes,Female,1,0,1
94,R_168XlyYj0t89cYp,Young Treat,fab,1,1,video4_cred_fab,cred_fab,42,4,0.362421182,Female,Yes,3,0,0,0,0,1,0,1,2,11,High,Moderate,Yes,Female,1,0,1
95,R_168XlyYj0t89cYp,Young Treat,mae,1,1,video5_cred_mae,cred_mae,50,5,0.643741874,Female,Yes,3,0,0,0,0,1,0,1,2,11,High,Moderate,Yes,Female,1,0,1
96,R_168XlyYj0t89cYp,Young Treat,zanx,1,1,video6_cred_zanx,cred_zanx,38,6,0.221760836,Female,Yes,3,0,0,0,0,1,0,1,2,11,High,Moderate,Yes,Female,1,0,1
97,R_16AV4E5hNWpO2Jz,Old Treat,aby,6,6,video1_cred_aby,cred_aby,89,1,2.015180246,Male,Yes,2,0,0,1,0,0,0,6,12,12,High,High,Yes,Male,3,1,1
98,R_16AV4E5hNWpO2Jz,Old Treat,anna,6,5,video2_cred_anna,cred_anna,80,2,1.698694468,Male,Yes,2,0,0,1,0,0,0,5.5,11,12,High,High,Yes,Male,3,1,1
99,R_16AV4E5hNWpO2Jz,Old Treat,cham,6,6,video3_cred_cham,cred_cham,84,3,1.839354813,Male,Yes,2,0,0,1,0,0,0,6,12,12,High,High,Yes,Male,3,1,1
100,R_16AV4E5hNWpO2Jz,Old Treat,fab,6,6,video4_cred_fab,cred_fab,88,4,1.980015159,Male,Yes,2,0,0,1,0,0,0,6,12,12,High,High,Yes,Male,3,1,1
101,R_16AV4E5hNWpO2Jz,Old Treat,mae,6,6,video5_cred_mae,cred_mae,84,5,1.839354813,Male,Yes,2,0,0,1,0,0,0,6,12,12,High,High,Yes,Male,3,1,1
102,R_16AV4E5hNWpO2Jz,Old Treat,zanx,5,5,video6_cred_zanx,cred_zanx,90,6,2.050345332,Male,Yes,2,0,0,1,0,0,0,5,10,12,High,High,Yes,Male,3,1,1
103,R_16eTFdIjKP5gM4R,Young Control,aby,1,0,video1_cred_aby,cred_aby,10,1,-0.762861585,Female,Yes,4,0,0,0,0,1,1,0.5,1,4,Low,Moderate,Yes,Female,1,0,0
104,R_16eTFdIjKP5gM4R,Young Control,anna,0,0,video2_cred_anna,cred_anna,6,2,-0.903521931,Female,Yes,4,0,0,0,0,1,1,0,0,4,Low,Low,Yes,Female,1,0,0
105,R_16eTFdIjKP5gM4R,Young Control,cham,2,1,video3_cred_cham,cred_cham,40,3,0.292091009,Female,Yes,4,0,0,0,0,1,1,1.5,3,4,Low,Moderate,Yes,Female,1,0,1
106,R_16eTFdIjKP5gM4R,Young Control,fab,0,0,video4_cred_fab,cred_fab,0,4,-1.114512449,Female,Yes,4,0,0,0,0,1,1,0,0,4,Low,Low,Yes,Female,1,0,0
107,R_16eTFdIjKP5gM4R,Young Control,mae,0,1,video5_cred_mae,cred_mae,3,5,-1.00901719,Female,Yes,4,0,0,0,0,1,1,0.5,1,4,Low,Moderate,Yes,Female,1,0,0
108,R_16eTFdIjKP5gM4R,Young Control,zanx,1,0,video6_cred_zanx,cred_zanx,0,6,-1.114512449,Female,Yes,4,0,0,0,0,1,1,0.5,1,4,Low,Moderate,Yes,Female,1,0,0
109,R_16hGQxhUhGdn4kz,Old Control,aby,0,0,video1_cred_aby,cred_aby,31,1,-0.024394769,Female,No,1,0,1,0,0,0,1,0,0,0,Low,Low,No,Female,1,0,1
110,R_16hGQxhUhGdn4kz,Old Control,anna,0,0,video2_cred_anna,cred_anna,12,2,-0.692531412,Female,No,1,0,1,0,0,0,1,0,0,0,Low,Low,No,Female,1,0,0
111,R_16hGQxhUhGdn4kz,Old Control,cham,0,0,video3_cred_cham,cred_cham,13,3,-0.657366325,Female,No,1,0,1,0,0,0,1,0,0,0,Low,Low,No,Female,1,0,0
112,R_16hGQxhUhGdn4kz,Old Control,fab,0,0,video4_cred_fab,cred_fab,53,4,0.749237133,Female,No,1,0,1,0,0,0,1,0,0,0,Low,Low,No,Female,1,0,1
113,R_16hGQxhUhGdn4kz,Old Control,mae,0,0,video5_cred_mae,cred_mae,0,5,-1.114512449,Female,No,1,0,1,0,0,0,1,0,0,0,Low,Low,No,Female,1,0,0
114,R_16hGQxhUhGdn4kz,Old Control,zanx,0,0,video6_cred_zanx,cred_zanx,0,6,-1.114512449,Female,No,1,0,1,0,0,0,1,0,0,0,Low,Low,No,Female,1,0,0
115,R_16hSK87pBBzBSEN,Old Treat,aby,NA,NA,video1_cred_aby,cred_aby,NA,1,NA,Female,Yes,2,0,0,1,0,0,0,NA,NA,NA,NA,NA,Yes,Female,3,1,NA
116,R_16hSK87pBBzBSEN,Old Treat,anna,NA,NA,video2_cred_anna,cred_anna,NA,2,NA,Female,Yes,2,0,0,1,0,0,0,NA,NA,NA,NA,NA,Yes,Female,3,1,NA
117,R_16hSK87pBBzBSEN,Old Treat,cham,NA,NA,video3_cred_cham,cred_cham,NA,3,NA,Female,Yes,2,0,0,1,0,0,0,NA,NA,NA,NA,NA,Yes,Female,3,1,NA
118,R_16hSK87pBBzBSEN,Old Treat,fab,NA,NA,video4_cred_fab,cred_fab,NA,4,NA,Female,Yes,2,0,0,1,0,0,0,NA,NA,NA,NA,NA,Yes,Female,3,1,NA
119,R_16hSK87pBBzBSEN,Old Treat,mae,NA,NA,video5_cred_mae,cred_mae,NA,5,NA,Female,Yes,2,0,0,1,0,0,0,NA,NA,NA,NA,NA,Yes,Female,3,1,NA
120,R_16hSK87pBBzBSEN,Old Treat,zanx,NA,NA,video6_cred_zanx,cred_zanx,NA,6,NA,Female,Yes,2,0,0,1,0,0,0,NA,NA,NA,NA,NA,Yes,Female,3,1,NA
121,R_17kuPL1ybSFRqnM,Young Control,aby,0,0,video1_cred_aby,cred_aby,0,1,-1.114512449,Female,No,3,1,0,0,0,0,1,0,0,0,Low,Low,No,Female,1,0,0
122,R_17kuPL1ybSFRqnM,Young Control,anna,0,0,video2_cred_anna,cred_anna,5,2,-0.938687017,Female,No,3,1,0,0,0,0,1,0,0,0,Low,Low,No,Female,1,0,0
123,R_17kuPL1ybSFRqnM,Young Control,cham,0,0,video3_cred_cham,cred_cham,10,3,-0.762861585,Female,No,3,1,0,0,0,0,1,0,0,0,Low,Low,No,Female,1,0,0
124,R_17kuPL1ybSFRqnM,Young Control,fab,0,0,video4_cred_fab,cred_fab,0,4,-1.114512449,Female,No,3,1,0,0,0,0,1,0,0,0,Low,Low,No,Female,1,0,0
125,R_17kuPL1ybSFRqnM,Young Control,mae,0,0,video5_cred_mae,cred_mae,7,5,-0.868356844,Female,No,3,1,0,0,0,0,1,0,0,0,Low,Low,No,Female,1,0,0
126,R_17kuPL1ybSFRqnM,Young Control,zanx,0,0,video6_cred_zanx,cred_zanx,0,6,-1.114512449,Female,No,3,1,0,0,0,0,1,0,0,0,Low,Low,No,Female,1,0,0
127,R_18LJyj9fFn6AJVu,Young Treat,aby,1,4,video1_cred_aby,cred_aby,28,1,-0.129890028,Male,Yes,1,0,0,0,0,1,1,2.5,5,4,Low,High,Yes,Male,1,0,1
128,R_18LJyj9fFn6AJVu,Young Treat,anna,0,6,video2_cred_anna,cred_anna,19,2,-0.446375807,Male,Yes,1,0,0,0,0,1,1,3,6,4,Low,High,Yes,Male,1,0,0
129,R_18LJyj9fFn6AJVu,Young Treat,cham,1,5,video3_cred_cham,cred_cham,15,3,-0.587036152,Male,Yes,1,0,0,0,0,1,1,3,6,4,Low,High,Yes,Male,1,0,0
130,R_18LJyj9fFn6AJVu,Young Treat,fab,1,1,video4_cred_fab,cred_fab,10,4,-0.762861585,Male,Yes,1,0,0,0,0,1,1,1,2,4,Low,Moderate,Yes,Male,1,0,0
131,R_18LJyj9fFn6AJVu,Young Treat,mae,1,4,video5_cred_mae,cred_mae,32,5,0.010770317,Male,Yes,1,0,0,0,0,1,1,2.5,5,4,Low,High,Yes,Male,1,0,1
132,R_18LJyj9fFn6AJVu,Young Treat,zanx,1,0,video6_cred_zanx,cred_zanx,13,6,-0.657366325,Male,Yes,1,0,0,0,0,1,1,0.5,1,4,Low,Moderate,Yes,Male,1,0,0
133,R_18toCMgQjhdk3bb,Young Control,aby,4,0,video1_cred_aby,cred_aby,73,1,1.452538862,Male,Yes,4,0,0,0,0,1,0,2,4,7,Moderate,High,Yes,Male,1,0,1
134,R_18toCMgQjhdk3bb,Young Control,anna,4,6,video2_cred_anna,cred_anna,77,2,1.593199208,Male,Yes,4,0,0,0,0,1,0,5,10,7,Moderate,High,Yes,Male,1,0,1
135,R_18toCMgQjhdk3bb,Young Control,cham,4,4,video3_cred_cham,cred_cham,67,3,1.241548344,Male,Yes,4,0,0,0,0,1,0,4,8,7,Moderate,High,Yes,Male,1,0,1
136,R_18toCMgQjhdk3bb,Young Control,fab,3,0,video4_cred_fab,cred_fab,81,4,1.733859554,Male,Yes,4,0,0,0,0,1,0,1.5,3,7,Moderate,Moderate,Yes,Male,1,0,1
137,R_18toCMgQjhdk3bb,Young Control,mae,4,6,video5_cred_mae,cred_mae,73,5,1.452538862,Male,Yes,4,0,0,0,0,1,0,5,10,7,Moderate,High,Yes,Male,1,0,1
138,R_18toCMgQjhdk3bb,Young Control,zanx,4,0,video6_cred_zanx,cred_zanx,71,6,1.382208689,Male,Yes,4,0,0,0,0,1,0,2,4,7,Moderate,High,Yes,Male,1,0,1
139,R_1AG4IjdDDq9AHNx,Old Control,aby,NA,NA,video1_cred_aby,cred_aby,NA,1,NA,Male,No,1,1,0,0,0,0,0,NA,NA,2,Low,NA,No,Male,3,0,NA
140,R_1AG4IjdDDq9AHNx,Old Control,anna,NA,NA,video2_cred_anna,cred_anna,6,2,-0.903521931,Male,No,1,1,0,0,0,0,0,NA,NA,2,Low,NA,No,Male,3,0,0
141,R_1AG4IjdDDq9AHNx,Old Control,cham,NA,NA,video3_cred_cham,cred_cham,NA,3,NA,Male,No,1,1,0,0,0,0,0,NA,NA,2,Low,NA,No,Male,3,0,NA
142,R_1AG4IjdDDq9AHNx,Old Control,fab,0,1,video4_cred_fab,cred_fab,4,4,-0.973852103,Male,No,1,1,0,0,0,0,0,0.5,1,2,Low,Moderate,No,Male,3,0,0
143,R_1AG4IjdDDq9AHNx,Old Control,mae,NA,NA,video5_cred_mae,cred_mae,NA,5,NA,Male,No,1,1,0,0,0,0,0,NA,NA,2,Low,NA,No,Male,3,0,NA
144,R_1AG4IjdDDq9AHNx,Old Control,zanx,NA,NA,video6_cred_zanx,cred_zanx,NA,6,NA,Male,No,1,1,0,0,0,0,0,NA,NA,2,Low,NA,No,Male,3,0,NA
145,R_1B59afJoFhz2GQU,Young Control,aby,NA,NA,video1_cred_aby,cred_aby,NA,1,NA,Female,No,4,0,0,1,0,0,0,NA,NA,NA,NA,NA,No,Female,1,0,NA
146,R_1B59afJoFhz2GQU,Young Control,anna,NA,NA,video2_cred_anna,cred_anna,41,2,0.327256096,Female,No,4,0,0,1,0,0,0,NA,NA,NA,NA,NA,No,Female,1,0,1
147,R_1B59afJoFhz2GQU,Young Control,cham,NA,NA,video3_cred_cham,cred_cham,NA,3,NA,Female,No,4,0,0,1,0,0,0,NA,NA,NA,NA,NA,No,Female,1,0,NA
148,R_1B59afJoFhz2GQU,Young Control,fab,NA,NA,video4_cred_fab,cred_fab,NA,4,NA,Female,No,4,0,0,1,0,0,0,NA,NA,NA,NA,NA,No,Female,1,0,NA
149,R_1B59afJoFhz2GQU,Young Control,mae,NA,NA,video5_cred_mae,cred_mae,59.5,5,0.977810195,Female,No,4,0,0,1,0,0,0,NA,NA,NA,NA,NA,No,Female,1,0,1
150,R_1B59afJoFhz2GQU,Young Control,zanx,NA,NA,video6_cred_zanx,cred_zanx,NA,6,NA,Female,No,4,0,0,1,0,0,0,NA,NA,NA,NA,NA,No,Female,1,0,NA
151,R_1BowpYSByMNuf4Z,Old Treat,aby,5,5,video1_cred_aby,cred_aby,75,1,1.522869035,Female,Yes,2,0,0,1,0,0,0,5,10,8,Moderate,High,Yes,Female,2,1,1
152,R_1BowpYSByMNuf4Z,Old Treat,anna,5,6,video2_cred_anna,cred_anna,73,2,1.452538862,Female,Yes,2,0,0,1,0,0,0,5.5,11,8,Moderate,High,Yes,Female,2,1,1
153,R_1BowpYSByMNuf4Z,Old Treat,cham,5,5,video3_cred_cham,cred_cham,72,3,1.417373776,Female,Yes,2,0,0,1,0,0,0,5,10,8,Moderate,High,Yes,Female,2,1,1
154,R_1BowpYSByMNuf4Z,Old Treat,fab,5,5,video4_cred_fab,cred_fab,66,4,1.206383257,Female,Yes,2,0,0,1,0,0,0,5,10,8,Moderate,High,Yes,Female,2,1,1
155,R_1BowpYSByMNuf4Z,Old Treat,mae,5,5,video5_cred_mae,cred_mae,80,5,1.698694468,Female,Yes,2,0,0,1,0,0,0,5,10,8,Moderate,High,Yes,Female,2,1,1
156,R_1BowpYSByMNuf4Z,Old Treat,zanx,5,5,video6_cred_zanx,cred_zanx,77,6,1.593199208,Female,Yes,2,0,0,1,0,0,0,5,10,8,Moderate,High,Yes,Female,2,1,1
157,R_1Brsjsmziz8Zwpz,Young Control,aby,0,0,video1_cred_aby,cred_aby,30,1,-0.059559855,Female,No,3,1,1,0,0,0,1,0,0,0,Low,Low,No,Female,1,0,1
158,R_1Brsjsmziz8Zwpz,Young Control,anna,0,0,video2_cred_anna,cred_anna,8,2,-0.833191758,Female,No,3,1,1,0,0,0,1,0,0,0,Low,Low,No,Female,1,0,0
159,R_1Brsjsmziz8Zwpz,Young Control,cham,0,0,video3_cred_cham,cred_cham,17,3,-0.516705979,Female,No,3,1,1,0,0,0,1,0,0,0,Low,Low,No,Female,1,0,0
160,R_1Brsjsmziz8Zwpz,Young Control,fab,0,0,video4_cred_fab,cred_fab,21,4,-0.376045634,Female,No,3,1,1,0,0,0,1,0,0,0,Low,Low,No,Female,1,0,0
161,R_1Brsjsmziz8Zwpz,Young Control,mae,0,0,video5_cred_mae,cred_mae,39,5,0.256925923,Female,No,3,1,1,0,0,0,1,0,0,0,Low,Low,No,Female,1,0,1
162,R_1Brsjsmziz8Zwpz,Young Control,zanx,0,0,video6_cred_zanx,cred_zanx,28,6,-0.129890028,Female,No,3,1,1,0,0,0,1,0,0,0,Low,Low,No,Female,1,0,1
163,R_1CEvtAsI3XLZmMK,Young Treat,aby,1,3,video1_cred_aby,cred_aby,33,1,0.045935404,Female,No,4,0,1,0,0,0,0,2,4,6,Moderate,High,No,Female,1,1,1
164,R_1CEvtAsI3XLZmMK,Young Treat,anna,1,3,video2_cred_anna,cred_anna,23,2,-0.305715461,Female,No,4,0,1,0,0,0,0,2,4,6,Moderate,High,No,Female,1,1,1
165,R_1CEvtAsI3XLZmMK,Young Treat,cham,1,4,video3_cred_cham,cred_cham,40,3,0.292091009,Female,No,4,0,1,0,0,0,0,2.5,5,6,Moderate,High,No,Female,1,1,1
166,R_1CEvtAsI3XLZmMK,Young Treat,fab,1,1,video4_cred_fab,cred_fab,19,4,-0.446375807,Female,No,4,0,1,0,0,0,0,1,2,6,Moderate,Moderate,No,Female,1,1,0
167,R_1CEvtAsI3XLZmMK,Young Treat,mae,1,2,video5_cred_mae,cred_mae,11,5,-0.727696498,Female,No,4,0,1,0,0,0,0,1.5,3,6,Moderate,Moderate,No,Female,1,1,0
168,R_1CEvtAsI3XLZmMK,Young Treat,zanx,1,1,video6_cred_zanx,cred_zanx,13,6,-0.657366325,Female,No,4,0,1,0,0,0,0,1,2,6,Moderate,Moderate,No,Female,1,1,0
169,R_1CHPS1Lo9JO8Z2X,Young Control,aby,5,4,video1_cred_aby,cred_aby,60,1,0.995392738,Male,No,4,1,0,0,0,0,1,4.5,9,7,Moderate,High,No,Male,1,1,1
170,R_1CHPS1Lo9JO8Z2X,Young Control,anna,5,4,video2_cred_anna,cred_anna,66,2,1.206383257,Male,No,4,1,0,0,0,0,1,4.5,9,7,Moderate,High,No,Male,1,1,1
171,R_1CHPS1Lo9JO8Z2X,Young Control,cham,4,5,video3_cred_cham,cred_cham,68,3,1.27671343,Male,No,4,1,0,0,0,0,1,4.5,9,7,Moderate,High,No,Male,1,1,1
172,R_1CHPS1Lo9JO8Z2X,Young Control,fab,5,3,video4_cred_fab,cred_fab,62,4,1.065722911,Male,No,4,1,0,0,0,0,1,4,8,7,Moderate,High,No,Male,1,1,1
173,R_1CHPS1Lo9JO8Z2X,Young Control,mae,4,5,video5_cred_mae,cred_mae,52,5,0.714072047,Male,No,4,1,0,0,0,0,1,4.5,9,7,Moderate,High,No,Male,1,1,1
174,R_1CHPS1Lo9JO8Z2X,Young Control,zanx,5,4,video6_cred_zanx,cred_zanx,57,6,0.889897479,Male,No,4,1,0,0,0,0,1,4.5,9,7,Moderate,High,No,Male,1,1,1
175,R_1CpoNhghLxcThuN,Young Treat,aby,0,0,video1_cred_aby,cred_aby,21,1,-0.376045634,Male,No,2,0,0,1,0,0,0,0,0,2,Low,Low,No,Male,1,0,0
176,R_1CpoNhghLxcThuN,Young Treat,anna,0,0,video2_cred_anna,cred_anna,1,2,-1.079347363,Male,No,2,0,0,1,0,0,0,0,0,2,Low,Low,No,Male,1,0,0
177,R_1CpoNhghLxcThuN,Young Treat,cham,1,0,video3_cred_cham,cred_cham,4,3,-0.973852103,Male,No,2,0,0,1,0,0,0,0.5,1,2,Low,Moderate,No,Male,1,0,0
178,R_1CpoNhghLxcThuN,Young Treat,fab,0,0,video4_cred_fab,cred_fab,7,4,-0.868356844,Male,No,2,0,0,1,0,0,0,0,0,2,Low,Low,No,Male,1,0,0
179,R_1CpoNhghLxcThuN,Young Treat,mae,0,0,video5_cred_mae,cred_mae,5,5,-0.938687017,Male,No,2,0,0,1,0,0,0,0,0,2,Low,Low,No,Male,1,0,0
180,R_1CpoNhghLxcThuN,Young Treat,zanx,1,1,video6_cred_zanx,cred_zanx,28,6,-0.129890028,Male,No,2,0,0,1,0,0,0,1,2,2,Low,Moderate,No,Male,1,0,1
181,R_1CwJGgpNre61qdf,Old Control,aby,2,2,video1_cred_aby,cred_aby,39,1,0.256925923,Female,No,3,1,1,0,0,0,1,2,4,6,Moderate,High,No,Female,1,0,1
182,R_1CwJGgpNre61qdf,Old Control,anna,4,3,video2_cred_anna,cred_anna,54,2,0.78440222,Female,No,3,1,1,0,0,0,1,3.5,7,6,Moderate,High,No,Female,1,0,1
183,R_1CwJGgpNre61qdf,Old Control,cham,4,4,video3_cred_cham,cred_cham,44,3,0.432751355,Female,No,3,1,1,0,0,0,1,4,8,6,Moderate,High,No,Female,1,0,1
184,R_1CwJGgpNre61qdf,Old Control,fab,2,2,video4_cred_fab,cred_fab,44,4,0.432751355,Female,No,3,1,1,0,0,0,1,2,4,6,Moderate,High,No,Female,1,0,1
185,R_1CwJGgpNre61qdf,Old Control,mae,4,4,video5_cred_mae,cred_mae,56,5,0.854732392,Female,No,3,1,1,0,0,0,1,4,8,6,Moderate,High,No,Female,1,0,1
186,R_1CwJGgpNre61qdf,Old Control,zanx,2,2,video6_cred_zanx,cred_zanx,24,6,-0.270550374,Female,No,3,1,1,0,0,0,1,2,4,6,Moderate,High,No,Female,1,0,1
187,R_1DTWfLvIHSzCU6Z,Young Control,aby,1,2,video1_cred_aby,cred_aby,21,1,-0.376045634,Female,Yes,4,0,0,0,0,1,0,1.5,3,1,Low,Moderate,Yes,Female,1,1,0
188,R_1DTWfLvIHSzCU6Z,Young Control,anna,0,0,video2_cred_anna,cred_anna,27,2,-0.165055115,Female,Yes,4,0,0,0,0,1,0,0,0,1,Low,Low,Yes,Female,1,1,1
189,R_1DTWfLvIHSzCU6Z,Young Control,cham,0,0,video3_cred_cham,cred_cham,10,3,-0.762861585,Female,Yes,4,0,0,0,0,1,0,0,0,1,Low,Low,Yes,Female,1,1,0
190,R_1DTWfLvIHSzCU6Z,Young Control,fab,0,1,video4_cred_fab,cred_fab,7,4,-0.868356844,Female,Yes,4,0,0,0,0,1,0,0.5,1,1,Low,Moderate,Yes,Female,1,1,0
191,R_1DTWfLvIHSzCU6Z,Young Control,mae,0,0,video5_cred_mae,cred_mae,16,5,-0.551871066,Female,Yes,4,0,0,0,0,1,0,0,0,1,Low,Low,Yes,Female,1,1,0
192,R_1DTWfLvIHSzCU6Z,Young Control,zanx,0,0,video6_cred_zanx,cred_zanx,8,6,-0.833191758,Female,Yes,4,0,0,0,0,1,0,0,0,1,Low,Low,Yes,Female,1,1,0
193,R_1E5IFoqowlvvdRb,Young Treat,aby,6,6,video1_cred_aby,cred_aby,88,1,1.980015159,Male,Yes,2,0,0,1,0,0,0,6,12,13,High,High,Yes,Male,2,1,1
194,R_1E5IFoqowlvvdRb,Young Treat,anna,7,6,video2_cred_anna,cred_anna,89,2,2.015180246,Male,Yes,2,0,0,1,0,0,0,6.5,13,13,High,High,Yes,Male,2,1,1
195,R_1E5IFoqowlvvdRb,Young Treat,cham,6,6,video3_cred_cham,cred_cham,85,3,1.8745199,Male,Yes,2,0,0,1,0,0,0,6,12,13,High,High,Yes,Male,2,1,1
196,R_1E5IFoqowlvvdRb,Young Treat,fab,6,6,video4_cred_fab,cred_fab,87,4,1.944850073,Male,Yes,2,0,0,1,0,0,0,6,12,13,High,High,Yes,Male,2,1,1
197,R_1E5IFoqowlvvdRb,Young Treat,mae,5,6,video5_cred_mae,cred_mae,89,5,2.015180246,Male,Yes,2,0,0,1,0,0,0,5.5,11,13,High,High,Yes,Male,2,1,1
198,R_1E5IFoqowlvvdRb,Young Treat,zanx,6,6,video6_cred_zanx,cred_zanx,88,6,1.980015159,Male,Yes,2,0,0,1,0,0,0,6,12,13,High,High,Yes,Male,2,1,1
199,R_1EGCG2LTrDW0QbJ,Old Control,aby,1,0,video1_cred_aby,cred_aby,87,1,1.944850073,Female,No,4,0,1,0,0,0,1,0.5,1,8,Moderate,Moderate,No,Female,1,0,1
200,R_1EGCG2LTrDW0QbJ,Old Control,anna,0,0,video2_cred_anna,cred_anna,0,2,-1.114512449,Female,No,4,0,1,0,0,0,1,0,0,8,Moderate,Low,No,Female,1,0,0
201,R_1EGCG2LTrDW0QbJ,Old Control,cham,4,0,video3_cred_cham,cred_cham,99,3,2.36683111,Female,No,4,0,1,0,0,0,1,2,4,8,Moderate,High,No,Female,1,0,1
202,R_1EGCG2LTrDW0QbJ,Old Control,fab,0,1,video4_cred_fab,cred_fab,100,4,2.401996197,Female,No,4,0,1,0,0,0,1,0.5,1,8,Moderate,Moderate,No,Female,1,0,1
203,R_1EGCG2LTrDW0QbJ,Old Control,mae,0,0,video5_cred_mae,cred_mae,0,5,-1.114512449,Female,No,4,0,1,0,0,0,1,0,0,8,Moderate,Low,No,Female,1,0,0
204,R_1EGCG2LTrDW0QbJ,Old Control,zanx,0,NA,video6_cred_zanx,cred_zanx,85.5,6,1.892102443,Female,No,4,0,1,0,0,0,1,0,NA,8,Moderate,NA,No,Female,1,0,1
205,R_1ER66QJnIj9Lyrj,Young Control,aby,NA,NA,video1_cred_aby,cred_aby,NA,1,NA,Female,No,4,0,0,1,0,0,1,NA,NA,NA,NA,NA,No,Female,1,0,NA
206,R_1ER66QJnIj9Lyrj,Young Control,anna,NA,NA,video2_cred_anna,cred_anna,NA,2,NA,Female,No,4,0,0,1,0,0,1,NA,NA,NA,NA,NA,No,Female,1,0,NA
207,R_1ER66QJnIj9Lyrj,Young Control,cham,3,4,video3_cred_cham,cred_cham,43,3,0.397586269,Female,No,4,0,0,1,0,0,1,3.5,7,NA,NA,High,No,Female,1,0,1
208,R_1ER66QJnIj9Lyrj,Young Control,fab,NA,NA,video4_cred_fab,cred_fab,NA,4,NA,Female,No,4,0,0,1,0,0,1,NA,NA,NA,NA,NA,No,Female,1,0,NA
209,R_1ER66QJnIj9Lyrj,Young Control,mae,4,2,video5_cred_mae,cred_mae,34,5,0.08110049,Female,No,4,0,0,1,0,0,1,3,6,NA,NA,High,No,Female,1,0,1
210,R_1ER66QJnIj9Lyrj,Young Control,zanx,NA,NA,video6_cred_zanx,cred_zanx,100,6,2.401996197,Female,No,4,0,0,1,0,0,1,NA,NA,NA,NA,NA,No,Female,1,0,1
211,R_1FIiCpmp2oCnAT4,Old Control,aby,4,5,video1_cred_aby,cred_aby,47,1,0.538246614,Male,No,4,1,0,0,0,0,0,4.5,9,9,Moderate,High,No,Male,3,1,1
212,R_1FIiCpmp2oCnAT4,Old Control,anna,2,3,video2_cred_anna,cred_anna,32,2,0.010770317,Male,No,4,1,0,0,0,0,0,2.5,5,9,Moderate,High,No,Male,3,1,1
213,R_1FIiCpmp2oCnAT4,Old Control,cham,4,4,video3_cred_cham,cred_cham,66,3,1.206383257,Male,No,4,1,0,0,0,0,0,4,8,9,Moderate,High,No,Male,3,1,1
214,R_1FIiCpmp2oCnAT4,Old Control,fab,3,5,video4_cred_fab,cred_fab,61,4,1.030557825,Male,No,4,1,0,0,0,0,0,4,8,9,Moderate,High,No,Male,3,1,1
215,R_1FIiCpmp2oCnAT4,Old Control,mae,5,4,video5_cred_mae,cred_mae,65,5,1.171218171,Male,No,4,1,0,0,0,0,0,4.5,9,9,Moderate,High,No,Male,3,1,1
216,R_1FIiCpmp2oCnAT4,Old Control,zanx,3,5,video6_cred_zanx,cred_zanx,50,6,0.643741874,Male,No,4,1,0,0,0,0,0,4,8,9,Moderate,High,No,Male,3,1,1
217,R_1Fg9cyL2Tf4Lu1P,Old Treat,aby,NA,NA,video1_cred_aby,cred_aby,80,1,1.698694468,Female,Yes,4,1,0,0,0,0,1,NA,NA,NA,NA,NA,Yes,Female,1,1,1
218,R_1Fg9cyL2Tf4Lu1P,Old Treat,anna,NA,NA,video2_cred_anna,cred_anna,53,2,0.749237133,Female,Yes,4,1,0,0,0,0,1,NA,NA,NA,NA,NA,Yes,Female,1,1,1
219,R_1Fg9cyL2Tf4Lu1P,Old Treat,cham,NA,NA,video3_cred_cham,cred_cham,80,3,1.698694468,Female,Yes,4,1,0,0,0,0,1,NA,NA,NA,NA,NA,Yes,Female,1,1,1
220,R_1Fg9cyL2Tf4Lu1P,Old Treat,fab,NA,NA,video4_cred_fab,cred_fab,51,4,0.67890696,Female,Yes,4,1,0,0,0,0,1,NA,NA,NA,NA,NA,Yes,Female,1,1,1
221,R_1Fg9cyL2Tf4Lu1P,Old Treat,mae,NA,NA,video5_cred_mae,cred_mae,50,5,0.643741874,Female,Yes,4,1,0,0,0,0,1,NA,NA,NA,NA,NA,Yes,Female,1,1,1
222,R_1Fg9cyL2Tf4Lu1P,Old Treat,zanx,3,3,video6_cred_zanx,cred_zanx,50,6,0.643741874,Female,Yes,4,1,0,0,0,0,1,3,6,NA,NA,High,Yes,Female,1,1,1
223,R_1H6MUIr2UGjsgQq,Young Control,aby,0,0,video1_cred_aby,cred_aby,30,1,-0.059559855,Female,No,1,1,0,0,0,0,0,0,0,0,Low,Low,No,Female,1,0,1
224,R_1H6MUIr2UGjsgQq,Young Control,anna,0,0,video2_cred_anna,cred_anna,40,2,0.292091009,Female,No,1,1,0,0,0,0,0,0,0,0,Low,Low,No,Female,1,0,1
225,R_1H6MUIr2UGjsgQq,Young Control,cham,0,0,video3_cred_cham,cred_cham,40,3,0.292091009,Female,No,1,1,0,0,0,0,0,0,0,0,Low,Low,No,Female,1,0,1
226,R_1H6MUIr2UGjsgQq,Young Control,fab,0,0,video4_cred_fab,cred_fab,45,4,0.467916441,Female,No,1,1,0,0,0,0,0,0,0,0,Low,Low,No,Female,1,0,1
227,R_1H6MUIr2UGjsgQq,Young Control,mae,0,0,video5_cred_mae,cred_mae,45,5,0.467916441,Female,No,1,1,0,0,0,0,0,0,0,0,Low,Low,No,Female,1,0,1
228,R_1H6MUIr2UGjsgQq,Young Control,zanx,0,0,video6_cred_zanx,cred_zanx,35,6,0.116265577,Female,No,1,1,0,0,0,0,0,0,0,0,Low,Low,No,Female,1,0,1
229,R_1HGKnEuK8zjJ3Hs,Old Control,aby,0,0,video1_cred_aby,cred_aby,0,1,-1.114512449,Female,Yes,1,0,0,0,0,1,0,0,0,0,Low,Low,Yes,Female,1,0,0
230,R_1HGKnEuK8zjJ3Hs,Old Control,anna,0,0,video2_cred_anna,cred_anna,0,2,-1.114512449,Female,Yes,1,0,0,0,0,1,0,0,0,0,Low,Low,Yes,Female,1,0,0
231,R_1HGKnEuK8zjJ3Hs,Old Control,cham,0,0,video3_cred_cham,cred_cham,43,3,0.397586269,Female,Yes,1,0,0,0,0,1,0,0,0,0,Low,Low,Yes,Female,1,0,1
232,R_1HGKnEuK8zjJ3Hs,Old Control,fab,0,0,video4_cred_fab,cred_fab,0,4,-1.114512449,Female,Yes,1,0,0,0,0,1,0,0,0,0,Low,Low,Yes,Female,1,0,0
233,R_1HGKnEuK8zjJ3Hs,Old Control,mae,0,0,video5_cred_mae,cred_mae,0,5,-1.114512449,Female,Yes,1,0,0,0,0,1,0,0,0,0,Low,Low,Yes,Female,1,0,0
234,R_1HGKnEuK8zjJ3Hs,Old Control,zanx,0,0,video6_cred_zanx,cred_zanx,13,6,-0.657366325,Female,Yes,1,0,0,0,0,1,0,0,0,0,Low,Low,Yes,Female,1,0,0
235,R_1HQFa3ULsvaRXJD,Young Treat,aby,0,0,video1_cred_aby,cred_aby,6,1,-0.903521931,Male,No,1,1,0,0,0,0,0,0,0,0,Low,Low,No,Male,3,0,0
236,R_1HQFa3ULsvaRXJD,Young Treat,anna,0,0,video2_cred_anna,cred_anna,0,2,-1.114512449,Male,No,1,1,0,0,0,0,0,0,0,0,Low,Low,No,Male,3,0,0
237,R_1HQFa3ULsvaRXJD,Young Treat,cham,1,7,video3_cred_cham,cred_cham,8,3,-0.833191758,Male,No,1,1,0,0,0,0,0,4,8,0,Low,High,No,Male,3,0,0
238,R_1HQFa3ULsvaRXJD,Young Treat,fab,0,0,video4_cred_fab,cred_fab,4,4,-0.973852103,Male,No,1,1,0,0,0,0,0,0,0,0,Low,Low,No,Male,3,0,0
239,R_1HQFa3ULsvaRXJD,Young Treat,mae,0,0,video5_cred_mae,cred_mae,6,5,-0.903521931,Male,No,1,1,0,0,0,0,0,0,0,0,Low,Low,No,Male,3,0,0
240,R_1HQFa3ULsvaRXJD,Young Treat,zanx,1,1,video6_cred_zanx,cred_zanx,0,6,-1.114512449,Male,No,1,1,0,0,0,0,0,1,2,0,Low,Moderate,No,Male,3,0,0
241,R_1HbJqx6QoVzKrMZ,Old Control,aby,6,7,video1_cred_aby,cred_aby,75,1,1.522869035,Male,No,4,1,0,0,0,0,1,6.5,13,12,High,High,No,Male,1,1,1
242,R_1HbJqx6QoVzKrMZ,Old Control,anna,6,4,video2_cred_anna,cred_anna,84,2,1.839354813,Male,No,4,1,0,0,0,0,1,5,10,12,High,High,No,Male,1,1,1
243,R_1HbJqx6QoVzKrMZ,Old Control,cham,5,7,video3_cred_cham,cred_cham,77,3,1.593199208,Male,No,4,1,0,0,0,0,1,6,12,12,High,High,No,Male,1,1,1
244,R_1HbJqx6QoVzKrMZ,Old Control,fab,6,7,video4_cred_fab,cred_fab,75,4,1.522869035,Male,No,4,1,0,0,0,0,1,6.5,13,12,High,High,No,Male,1,1,1
245,R_1HbJqx6QoVzKrMZ,Old Control,mae,6,7,video5_cred_mae,cred_mae,76,5,1.558034122,Male,No,4,1,0,0,0,0,1,6.5,13,12,High,High,No,Male,1,1,1
246,R_1HbJqx6QoVzKrMZ,Old Control,zanx,5,7,video6_cred_zanx,cred_zanx,73,6,1.452538862,Male,No,4,1,0,0,0,0,1,6,12,12,High,High,No,Male,1,1,1
247,R_1HvOtv4CYbkiAPH,Old Control,aby,NA,NA,video1_cred_aby,cred_aby,1,1,-1.079347363,Female,No,4,1,0,0,0,0,0,NA,NA,0,Low,NA,No,Female,1,0,0
248,R_1HvOtv4CYbkiAPH,Old Control,anna,0,0,video2_cred_anna,cred_anna,1,2,-1.079347363,Female,No,4,1,0,0,0,0,0,0,0,0,Low,Low,No,Female,1,0,0
249,R_1HvOtv4CYbkiAPH,Old Control,cham,0,0,video3_cred_cham,cred_cham,0,3,-1.114512449,Female,No,4,1,0,0,0,0,0,0,0,0,Low,Low,No,Female,1,0,0
250,R_1HvOtv4CYbkiAPH,Old Control,fab,0,0,video4_cred_fab,cred_fab,1,4,-1.079347363,Female,No,4,1,0,0,0,0,0,0,0,0,Low,Low,No,Female,1,0,0
251,R_1HvOtv4CYbkiAPH,Old Control,mae,0,0,video5_cred_mae,cred_mae,1,5,-1.079347363,Female,No,4,1,0,0,0,0,0,0,0,0,Low,Low,No,Female,1,0,0
252,R_1HvOtv4CYbkiAPH,Old Control,zanx,0,0,video6_cred_zanx,cred_zanx,1,6,-1.079347363,Female,No,4,1,0,0,0,0,0,0,0,0,Low,Low,No,Female,1,0,0
253,R_1IAxvxTTB2gCgRE,Old Control,aby,1,1,video1_cred_aby,cred_aby,44,1,0.432751355,Female,Yes,1,0,0,0,0,0,0,1,2,2,Low,Moderate,Yes,Female,1,0,1
254,R_1IAxvxTTB2gCgRE,Old Control,anna,1,1,video2_cred_anna,cred_anna,31,2,-0.024394769,Female,Yes,1,0,0,0,0,0,0,1,2,2,Low,Moderate,Yes,Female,1,0,1
255,R_1IAxvxTTB2gCgRE,Old Control,cham,1,1,video3_cred_cham,cred_cham,13,3,-0.657366325,Female,Yes,1,0,0,0,0,0,0,1,2,2,Low,Moderate,Yes,Female,1,0,0
256,R_1IAxvxTTB2gCgRE,Old Control,fab,1,1,video4_cred_fab,cred_fab,6,4,-0.903521931,Female,Yes,1,0,0,0,0,0,0,1,2,2,Low,Moderate,Yes,Female,1,0,0
257,R_1IAxvxTTB2gCgRE,Old Control,mae,1,1,video5_cred_mae,cred_mae,10,5,-0.762861585,Female,Yes,1,0,0,0,0,0,0,1,2,2,Low,Moderate,Yes,Female,1,0,0
258,R_1IAxvxTTB2gCgRE,Old Control,zanx,1,1,video6_cred_zanx,cred_zanx,4,6,-0.973852103,Female,Yes,1,0,0,0,0,0,0,1,2,2,Low,Moderate,Yes,Female,1,0,0
259,R_1JBl3JT29Mkiiul,Old Control,aby,0,0,video1_cred_aby,cred_aby,4,1,-0.973852103,Male,Yes,4,0,0,0,0,0,0,0,0,0,Low,Low,Yes,Male,2,0,0
260,R_1JBl3JT29Mkiiul,Old Control,anna,0,0,video2_cred_anna,cred_anna,10,2,-0.762861585,Male,Yes,4,0,0,0,0,0,0,0,0,0,Low,Low,Yes,Male,2,0,0
261,R_1JBl3JT29Mkiiul,Old Control,cham,0,0,video3_cred_cham,cred_cham,3,3,-1.00901719,Male,Yes,4,0,0,0,0,0,0,0,0,0,Low,Low,Yes,Male,2,0,0
262,R_1JBl3JT29Mkiiul,Old Control,fab,0,0,video4_cred_fab,cred_fab,1,4,-1.079347363,Male,Yes,4,0,0,0,0,0,0,0,0,0,Low,Low,Yes,Male,2,0,0
263,R_1JBl3JT29Mkiiul,Old Control,mae,0,0,video5_cred_mae,cred_mae,8,5,-0.833191758,Male,Yes,4,0,0,0,0,0,0,0,0,0,Low,Low,Yes,Male,2,0,0
264,R_1JBl3JT29Mkiiul,Old Control,zanx,0,0,video6_cred_zanx,cred_zanx,3,6,-1.00901719,Male,Yes,4,0,0,0,0,0,0,0,0,0,Low,Low,Yes,Male,2,0,0
265,R_1JpXrQbOJ1wKDeo,Old Control,aby,1,1,video1_cred_aby,cred_aby,18,1,-0.481540893,Female,Yes,3,0,0,0,0,1,1,1,2,5,Moderate,Moderate,Yes,Female,3,0,0
266,R_1JpXrQbOJ1wKDeo,Old Control,anna,1,1,video2_cred_anna,cred_anna,32,2,0.010770317,Female,Yes,3,0,0,0,0,1,1,1,2,5,Moderate,Moderate,Yes,Female,3,0,1
267,R_1JpXrQbOJ1wKDeo,Old Control,cham,1,1,video3_cred_cham,cred_cham,18,3,-0.481540893,Female,Yes,3,0,0,0,0,1,1,1,2,5,Moderate,Moderate,Yes,Female,3,0,0
268,R_1JpXrQbOJ1wKDeo,Old Control,fab,1,1,video4_cred_fab,cred_fab,21,4,-0.376045634,Female,Yes,3,0,0,0,0,1,1,1,2,5,Moderate,Moderate,Yes,Female,3,0,0
269,R_1JpXrQbOJ1wKDeo,Old Control,mae,2,2,video5_cred_mae,cred_mae,36,5,0.151430663,Female,Yes,3,0,0,0,0,1,1,2,4,5,Moderate,High,Yes,Female,3,0,1
270,R_1JpXrQbOJ1wKDeo,Old Control,zanx,2,2,video6_cred_zanx,cred_zanx,34,6,0.08110049,Female,Yes,3,0,0,0,0,1,1,2,4,5,Moderate,High,Yes,Female,3,0,1
271,R_1JsGkUNvRq6lRHr,Young Control,aby,0,0,video1_cred_aby,cred_aby,0,1,-1.114512449,Female,Yes,2,0,0,0,1,0,0,0,0,0,Low,Low,Yes,Female,2,0,0
272,R_1JsGkUNvRq6lRHr,Young Control,anna,0,0,video2_cred_anna,cred_anna,0,2,-1.114512449,Female,Yes,2,0,0,0,1,0,0,0,0,0,Low,Low,Yes,Female,2,0,0
273,R_1JsGkUNvRq6lRHr,Young Control,cham,0,0,video3_cred_cham,cred_cham,0,3,-1.114512449,Female,Yes,2,0,0,0,1,0,0,0,0,0,Low,Low,Yes,Female,2,0,0
274,R_1JsGkUNvRq6lRHr,Young Control,fab,0,0,video4_cred_fab,cred_fab,0,4,-1.114512449,Female,Yes,2,0,0,0,1,0,0,0,0,0,Low,Low,Yes,Female,2,0,0
275,R_1JsGkUNvRq6lRHr,Young Control,mae,0,0,video5_cred_mae,cred_mae,0,5,-1.114512449,Female,Yes,2,0,0,0,1,0,0,0,0,0,Low,Low,Yes,Female,2,0,0
276,R_1JsGkUNvRq6lRHr,Young Control,zanx,0,0,video6_cred_zanx,cred_zanx,0,6,-1.114512449,Female,Yes,2,0,0,0,1,0,0,0,0,0,Low,Low,Yes,Female,2,0,0
277,R_1KQXwlPtRSMNEHf,Old Control,aby,0,0,video1_cred_aby,cred_aby,59,1,0.960227652,Male,Yes,4,1,0,0,0,0,1,0,0,0,Low,Low,Yes,Male,1,0,1
278,R_1KQXwlPtRSMNEHf,Old Control,anna,0,0,video2_cred_anna,cred_anna,33,2,0.045935404,Male,Yes,4,1,0,0,0,0,1,0,0,0,Low,Low,Yes,Male,1,0,1
279,R_1KQXwlPtRSMNEHf,Old Control,cham,0,0,video3_cred_cham,cred_cham,50,3,0.643741874,Male,Yes,4,1,0,0,0,0,1,0,0,0,Low,Low,Yes,Male,1,0,1
280,R_1KQXwlPtRSMNEHf,Old Control,fab,0,0,video4_cred_fab,cred_fab,0,4,-1.114512449,Male,Yes,4,1,0,0,0,0,1,0,0,0,Low,Low,Yes,Male,1,0,0
281,R_1KQXwlPtRSMNEHf,Old Control,mae,0,0,video5_cred_mae,cred_mae,0,5,-1.114512449,Male,Yes,4,1,0,0,0,0,1,0,0,0,Low,Low,Yes,Male,1,0,0
282,R_1KQXwlPtRSMNEHf,Old Control,zanx,0,0,video6_cred_zanx,cred_zanx,0,6,-1.114512449,Male,Yes,4,1,0,0,0,0,1,0,0,0,Low,Low,Yes,Male,1,0,0
283,R_1KoUMzTscMAYXHi,Young Control,aby,0,3,video1_cred_aby,cred_aby,50,1,0.643741874,Female,No,1,1,0,1,0,0,0,1.5,3,5,Moderate,Moderate,No,Female,1,0,1
284,R_1KoUMzTscMAYXHi,Young Control,anna,1,0,video2_cred_anna,cred_anna,5,2,-0.938687017,Female,No,1,1,0,1,0,0,0,0.5,1,5,Moderate,Moderate,No,Female,1,0,0
285,R_1KoUMzTscMAYXHi,Young Control,cham,1,1,video3_cred_cham,cred_cham,0,3,-1.114512449,Female,No,1,1,0,1,0,0,0,1,2,5,Moderate,Moderate,No,Female,1,0,0
286,R_1KoUMzTscMAYXHi,Young Control,fab,5,3,video4_cred_fab,cred_fab,35,4,0.116265577,Female,No,1,1,0,1,0,0,0,4,8,5,Moderate,High,No,Female,1,0,1
287,R_1KoUMzTscMAYXHi,Young Control,mae,1,0,video5_cred_mae,cred_mae,15,5,-0.587036152,Female,No,1,1,0,1,0,0,0,0.5,1,5,Moderate,Moderate,No,Female,1,0,0
288,R_1KoUMzTscMAYXHi,Young Control,zanx,4,4,video6_cred_zanx,cred_zanx,16,6,-0.551871066,Female,No,1,1,0,1,0,0,0,4,8,5,Moderate,High,No,Female,1,0,0
289,R_1L5HME4gOovSDtL,Old Treat,aby,4,3,video1_cred_aby,cred_aby,49,1,0.608576787,Male,No,3,1,0,0,0,0,1,3.5,7,7,Moderate,High,No,Male,2,1,1
290,R_1L5HME4gOovSDtL,Old Treat,anna,3,4,video2_cred_anna,cred_anna,37,2,0.18659575,Male,No,3,1,0,0,0,0,1,3.5,7,7,Moderate,High,No,Male,2,1,1
291,R_1L5HME4gOovSDtL,Old Treat,cham,2,3,video3_cred_cham,cred_cham,40,3,0.292091009,Male,No,3,1,0,0,0,0,1,2.5,5,7,Moderate,High,No,Male,2,1,1
292,R_1L5HME4gOovSDtL,Old Treat,fab,4,3,video4_cred_fab,cred_fab,48,4,0.573411701,Male,No,3,1,0,0,0,0,1,3.5,7,7,Moderate,High,No,Male,2,1,1
293,R_1L5HME4gOovSDtL,Old Treat,mae,3,2,video5_cred_mae,cred_mae,32,5,0.010770317,Male,No,3,1,0,0,0,0,1,2.5,5,7,Moderate,High,No,Male,2,1,1
294,R_1L5HME4gOovSDtL,Old Treat,zanx,4,3,video6_cred_zanx,cred_zanx,44,6,0.432751355,Male,No,3,1,0,0,0,0,1,3.5,7,7,Moderate,High,No,Male,2,1,1
295,R_1LXR20pu2vXwBcS,Young Control,aby,0,0,video1_cred_aby,cred_aby,46.5,1,0.520664071,Male,No,2,1,0,0,0,0,1,0,0,0,Low,Low,No,Male,1,0,1
296,R_1LXR20pu2vXwBcS,Young Control,anna,0,0,video2_cred_anna,cred_anna,63.5,2,1.118470541,Male,No,2,1,0,0,0,0,1,0,0,0,Low,Low,No,Male,1,0,1
297,R_1LXR20pu2vXwBcS,Young Control,cham,0,0,video3_cred_cham,cred_cham,77,3,1.593199208,Male,No,2,1,0,0,0,0,1,0,0,0,Low,Low,No,Male,1,0,1
298,R_1LXR20pu2vXwBcS,Young Control,fab,0,NA,video4_cred_fab,cred_fab,39.5,4,0.274508466,Male,No,2,1,0,0,0,0,1,0,NA,0,Low,NA,No,Male,1,0,1
299,R_1LXR20pu2vXwBcS,Young Control,mae,0,0,video5_cred_mae,cred_mae,58,5,0.925062565,Male,No,2,1,0,0,0,0,1,0,0,0,Low,Low,No,Male,1,0,1
300,R_1LXR20pu2vXwBcS,Young Control,zanx,0,0,video6_cred_zanx,cred_zanx,44,6,0.432751355,Male,No,2,1,0,0,0,0,1,0,0,0,Low,Low,No,Male,1,0,1
301,R_1LbY85saHBQ5Bnn,Old Treat,aby,1,1,video1_cred_aby,cred_aby,46,1,0.503081528,Female,Yes,1,1,0,0,0,1,0,1,2,9,Moderate,Moderate,Yes,Female,1,0,1
302,R_1LbY85saHBQ5Bnn,Old Treat,anna,1,1,video2_cred_anna,cred_anna,4,2,-0.973852103,Female,Yes,1,1,0,0,0,1,0,1,2,9,Moderate,Moderate,Yes,Female,1,0,0
303,R_1LbY85saHBQ5Bnn,Old Treat,cham,1,1,video3_cred_cham,cred_cham,48,3,0.573411701,Female,Yes,1,1,0,0,0,1,0,1,2,9,Moderate,Moderate,Yes,Female,1,0,1
304,R_1LbY85saHBQ5Bnn,Old Treat,fab,0,0,video4_cred_fab,cred_fab,49,4,0.608576787,Female,Yes,1,1,0,0,0,1,0,0,0,9,Moderate,Low,Yes,Female,1,0,1
305,R_1LbY85saHBQ5Bnn,Old Treat,mae,5,4,video5_cred_mae,cred_mae,1,5,-1.079347363,Female,Yes,1,1,0,0,0,1,0,4.5,9,9,Moderate,High,Yes,Female,1,0,0
306,R_1LbY85saHBQ5Bnn,Old Treat,zanx,0,1,video6_cred_zanx,cred_zanx,49,6,0.608576787,Female,Yes,1,1,0,0,0,1,0,0.5,1,9,Moderate,Moderate,Yes,Female,1,0,1
307,R_1LqIZEGIBRQJ0QQ,Young Treat,aby,6,5,video1_cred_aby,cred_aby,80,1,1.698694468,Male,Yes,2,1,0,0,0,0,1,5.5,11,11,High,High,Yes,Male,2,1,1
308,R_1LqIZEGIBRQJ0QQ,Young Treat,anna,6,5,video2_cred_anna,cred_anna,53,2,0.749237133,Male,Yes,2,1,0,0,0,0,1,5.5,11,11,High,High,Yes,Male,2,1,1
309,R_1LqIZEGIBRQJ0QQ,Young Treat,cham,5,5,video3_cred_cham,cred_cham,73,3,1.452538862,Male,Yes,2,1,0,0,0,0,1,5,10,11,High,High,Yes,Male,2,1,1
310,R_1LqIZEGIBRQJ0QQ,Young Treat,fab,4,6,video4_cred_fab,cred_fab,66,4,1.206383257,Male,Yes,2,1,0,0,0,0,1,5,10,11,High,High,Yes,Male,2,1,1
311,R_1LqIZEGIBRQJ0QQ,Young Treat,mae,6,5,video5_cred_mae,cred_mae,61,5,1.030557825,Male,Yes,2,1,0,0,0,0,1,5.5,11,11,High,High,Yes,Male,2,1,1
312,R_1LqIZEGIBRQJ0QQ,Young Treat,zanx,6,5,video6_cred_zanx,cred_zanx,68,6,1.27671343,Male,Yes,2,1,0,0,0,0,1,5.5,11,11,High,High,Yes,Male,2,1,1
313,R_1MDUZOvBUjjznDt,Old Treat,aby,NA,NA,video1_cred_aby,cred_aby,61,1,1.030557825,Female,Yes,2,0,0,0,0,1,1,NA,NA,NA,NA,NA,Yes,Female,1,1,1
314,R_1MDUZOvBUjjznDt,Old Treat,anna,NA,NA,video2_cred_anna,cred_anna,89,2,2.015180246,Female,Yes,2,0,0,0,0,1,1,NA,NA,NA,NA,NA,Yes,Female,1,1,1
315,R_1MDUZOvBUjjznDt,Old Treat,cham,NA,NA,video3_cred_cham,cred_cham,40,3,0.292091009,Female,Yes,2,0,0,0,0,1,1,NA,NA,NA,NA,NA,Yes,Female,1,1,1
316,R_1MDUZOvBUjjznDt,Old Treat,fab,NA,NA,video4_cred_fab,cred_fab,20,4,-0.41121072,Female,Yes,2,0,0,0,0,1,1,NA,NA,NA,NA,NA,Yes,Female,1,1,0
317,R_1MDUZOvBUjjznDt,Old Treat,mae,NA,NA,video5_cred_mae,cred_mae,18,5,-0.481540893,Female,Yes,2,0,0,0,0,1,1,NA,NA,NA,NA,NA,Yes,Female,1,1,0
318,R_1MDUZOvBUjjznDt,Old Treat,zanx,NA,NA,video6_cred_zanx,cred_zanx,65,6,1.171218171,Female,Yes,2,0,0,0,0,1,1,NA,NA,NA,NA,NA,Yes,Female,1,1,1
319,R_1NyvNmz30aeh4eM,Old Treat,aby,0,1,video1_cred_aby,cred_aby,11,1,-0.727696498,Female,Yes,3,0,1,0,0,1,0,0.5,1,0,Low,Moderate,Yes,Female,2,0,0
320,R_1NyvNmz30aeh4eM,Old Treat,anna,1,1,video2_cred_anna,cred_anna,10,2,-0.762861585,Female,Yes,3,0,1,0,0,1,0,1,2,0,Low,Moderate,Yes,Female,2,0,0
321,R_1NyvNmz30aeh4eM,Old Treat,cham,1,2,video3_cred_cham,cred_cham,17,3,-0.516705979,Female,Yes,3,0,1,0,0,1,0,1.5,3,0,Low,Moderate,Yes,Female,2,0,0
322,R_1NyvNmz30aeh4eM,Old Treat,fab,0,1,video4_cred_fab,cred_fab,17,4,-0.516705979,Female,Yes,3,0,1,0,0,1,0,0.5,1,0,Low,Moderate,Yes,Female,2,0,0
323,R_1NyvNmz30aeh4eM,Old Treat,mae,1,1,video5_cred_mae,cred_mae,51,5,0.67890696,Female,Yes,3,0,1,0,0,1,0,1,2,0,Low,Moderate,Yes,Female,2,0,1
324,R_1NyvNmz30aeh4eM,Old Treat,zanx,1,1,video6_cred_zanx,cred_zanx,22,6,-0.340880547,Female,Yes,3,0,1,0,0,1,0,1,2,0,Low,Moderate,Yes,Female,2,0,0
325,R_1OH1Nt3n6kd5vWN,Young Treat,aby,0,0,video1_cred_aby,cred_aby,0,1,-1.114512449,Male,Yes,3,0,0,0,1,0,1,0,0,0,Low,Low,Yes,Male,1,0,0
326,R_1OH1Nt3n6kd5vWN,Young Treat,anna,0,0,video2_cred_anna,cred_anna,0,2,-1.114512449,Male,Yes,3,0,0,0,1,0,1,0,0,0,Low,Low,Yes,Male,1,0,0
327,R_1OH1Nt3n6kd5vWN,Young Treat,cham,0,0,video3_cred_cham,cred_cham,0,3,-1.114512449,Male,Yes,3,0,0,0,1,0,1,0,0,0,Low,Low,Yes,Male,1,0,0
328,R_1OH1Nt3n6kd5vWN,Young Treat,fab,0,0,video4_cred_fab,cred_fab,0,4,-1.114512449,Male,Yes,3,0,0,0,1,0,1,0,0,0,Low,Low,Yes,Male,1,0,0
329,R_1OH1Nt3n6kd5vWN,Young Treat,mae,0,0,video5_cred_mae,cred_mae,0,5,-1.114512449,Male,Yes,3,0,0,0,1,0,1,0,0,0,Low,Low,Yes,Male,1,0,0
330,R_1OH1Nt3n6kd5vWN,Young Treat,zanx,0,0,video6_cred_zanx,cred_zanx,0,6,-1.114512449,Male,Yes,3,0,0,0,1,0,1,0,0,0,Low,Low,Yes,Male,1,0,0
331,R_1OZIO90QaKVzlu9,Old Treat,aby,1,2,video1_cred_aby,cred_aby,25,1,-0.235385288,Female,No,2,1,0,0,0,0,1,1.5,3,3,Low,Moderate,No,Female,3,0,1
332,R_1OZIO90QaKVzlu9,Old Treat,anna,6,7,video2_cred_anna,cred_anna,30,2,-0.059559855,Female,No,2,1,0,0,0,0,1,6.5,13,3,Low,High,No,Female,3,0,1
333,R_1OZIO90QaKVzlu9,Old Treat,cham,6,4,video3_cred_cham,cred_cham,15,3,-0.587036152,Female,No,2,1,0,0,0,0,1,5,10,3,Low,High,No,Female,3,0,0
334,R_1OZIO90QaKVzlu9,Old Treat,fab,5,3,video4_cred_fab,cred_fab,5,4,-0.938687017,Female,No,2,1,0,0,0,0,1,4,8,3,Low,High,No,Female,3,0,0
335,R_1OZIO90QaKVzlu9,Old Treat,mae,6,7,video5_cred_mae,cred_mae,29,5,-0.094724942,Female,No,2,1,0,0,0,0,1,6.5,13,3,Low,High,No,Female,3,0,1
336,R_1OZIO90QaKVzlu9,Old Treat,zanx,0,0,video6_cred_zanx,cred_zanx,6,6,-0.903521931,Female,No,2,1,0,0,0,0,1,0,0,3,Low,Low,No,Female,3,0,0
337,R_1OjKtNQtPogX6uS,Young Treat,aby,0,0,video1_cred_aby,cred_aby,69,1,1.311878516,Male,Yes,3,0,0,0,0,1,0,0,0,0,Low,Low,Yes,Male,1,0,1
338,R_1OjKtNQtPogX6uS,Young Treat,anna,0,0,video2_cred_anna,cred_anna,47,2,0.538246614,Male,Yes,3,0,0,0,0,1,0,0,0,0,Low,Low,Yes,Male,1,0,1
339,R_1OjKtNQtPogX6uS,Young Treat,cham,0,0,video3_cred_cham,cred_cham,66,3,1.206383257,Male,Yes,3,0,0,0,0,1,0,0,0,0,Low,Low,Yes,Male,1,0,1
340,R_1OjKtNQtPogX6uS,Young Treat,fab,0,0,video4_cred_fab,cred_fab,34,4,0.08110049,Male,Yes,3,0,0,0,0,1,0,0,0,0,Low,Low,Yes,Male,1,0,1
341,R_1OjKtNQtPogX6uS,Young Treat,mae,0,0,video5_cred_mae,cred_mae,69,5,1.311878516,Male,Yes,3,0,0,0,0,1,0,0,0,0,Low,Low,Yes,Male,1,0,1
342,R_1OjKtNQtPogX6uS,Young Treat,zanx,0,0,video6_cred_zanx,cred_zanx,29,6,-0.094724942,Male,Yes,3,0,0,0,0,1,0,0,0,0,Low,Low,Yes,Male,1,0,1
343,R_1OjgMdO6sFf24qE,Old Treat,aby,5,5,video1_cred_aby,cred_aby,76,1,1.558034122,Female,Yes,3,0,0,1,0,0,0,5,10,12,High,High,Yes,Female,3,1,1
344,R_1OjgMdO6sFf24qE,Old Treat,anna,6,6,video2_cred_anna,cred_anna,84,2,1.839354813,Female,Yes,3,0,0,1,0,0,0,6,12,12,High,High,Yes,Female,3,1,1
345,R_1OjgMdO6sFf24qE,Old Treat,cham,6,5,video3_cred_cham,cred_cham,84,3,1.839354813,Female,Yes,3,0,0,1,0,0,0,5.5,11,12,High,High,Yes,Female,3,1,1
346,R_1OjgMdO6sFf24qE,Old Treat,fab,6,6,video4_cred_fab,cred_fab,89,4,2.015180246,Female,Yes,3,0,0,1,0,0,0,6,12,12,High,High,Yes,Female,3,1,1
347,R_1OjgMdO6sFf24qE,Old Treat,mae,6,5,video5_cred_mae,cred_mae,83,5,1.804189727,Female,Yes,3,0,0,1,0,0,0,5.5,11,12,High,High,Yes,Female,3,1,1
348,R_1OjgMdO6sFf24qE,Old Treat,zanx,6,6,video6_cred_zanx,cred_zanx,81,6,1.733859554,Female,Yes,3,0,0,1,0,0,0,6,12,12,High,High,Yes,Female,3,1,1
349,R_1Ojkn8XleL4SN6X,Old Control,aby,0,0,video1_cred_aby,cred_aby,13,1,-0.657366325,Female,Yes,4,1,0,0,0,0,1,0,0,0,Low,Low,Yes,Female,2,0,0
350,R_1Ojkn8XleL4SN6X,Old Control,anna,0,0,video2_cred_anna,cred_anna,12,2,-0.692531412,Female,Yes,4,1,0,0,0,0,1,0,0,0,Low,Low,Yes,Female,2,0,0
351,R_1Ojkn8XleL4SN6X,Old Control,cham,0,0,video3_cred_cham,cred_cham,10,3,-0.762861585,Female,Yes,4,1,0,0,0,0,1,0,0,0,Low,Low,Yes,Female,2,0,0
352,R_1Ojkn8XleL4SN6X,Old Control,fab,0,0,video4_cred_fab,cred_fab,8,4,-0.833191758,Female,Yes,4,1,0,0,0,0,1,0,0,0,Low,Low,Yes,Female,2,0,0
353,R_1Ojkn8XleL4SN6X,Old Control,mae,0,0,video5_cred_mae,cred_mae,17,5,-0.516705979,Female,Yes,4,1,0,0,0,0,1,0,0,0,Low,Low,Yes,Female,2,0,0
354,R_1Ojkn8XleL4SN6X,Old Control,zanx,0,0,video6_cred_zanx,cred_zanx,13,6,-0.657366325,Female,Yes,4,1,0,0,0,0,1,0,0,0,Low,Low,Yes,Female,2,0,0
355,R_1OkkE7VsuqVICpd,Young Control,aby,3,3,video1_cred_aby,cred_aby,58,1,0.925062565,Male,No,4,1,0,0,0,0,1,3,6,7,Moderate,High,No,Male,1,1,1
356,R_1OkkE7VsuqVICpd,Young Control,anna,3,4,video2_cred_anna,cred_anna,62,2,1.065722911,Male,No,4,1,0,0,0,0,1,3.5,7,7,Moderate,High,No,Male,1,1,1
357,R_1OkkE7VsuqVICpd,Young Control,cham,3,4,video3_cred_cham,cred_cham,67,3,1.241548344,Male,No,4,1,0,0,0,0,1,3.5,7,7,Moderate,High,No,Male,1,1,1
358,R_1OkkE7VsuqVICpd,Young Control,fab,4,3,video4_cred_fab,cred_fab,62,4,1.065722911,Male,No,4,1,0,0,0,0,1,3.5,7,7,Moderate,High,No,Male,1,1,1
359,R_1OkkE7VsuqVICpd,Young Control,mae,3,3,video5_cred_mae,cred_mae,61,5,1.030557825,Male,No,4,1,0,0,0,0,1,3,6,7,Moderate,High,No,Male,1,1,1
360,R_1OkkE7VsuqVICpd,Young Control,zanx,3,4,video6_cred_zanx,cred_zanx,55,6,0.819567306,Male,No,4,1,0,0,0,0,1,3.5,7,7,Moderate,High,No,Male,1,1,1
361,R_1Oqf9TvUBiagQkF,Young Control,aby,0,0,video1_cred_aby,cred_aby,100,1,2.401996197,Female,Yes,3,1,0,0,0,0,1,0,0,0,Low,Low,Yes,Female,1,0,1
362,R_1Oqf9TvUBiagQkF,Young Control,anna,0,0,video2_cred_anna,cred_anna,NA,2,NA,Female,Yes,3,1,0,0,0,0,1,0,0,0,Low,Low,Yes,Female,1,0,NA
363,R_1Oqf9TvUBiagQkF,Young Control,cham,0,0,video3_cred_cham,cred_cham,100,3,2.401996197,Female,Yes,3,1,0,0,0,0,1,0,0,0,Low,Low,Yes,Female,1,0,1
364,R_1Oqf9TvUBiagQkF,Young Control,fab,0,0,video4_cred_fab,cred_fab,100,4,2.401996197,Female,Yes,3,1,0,0,0,0,1,0,0,0,Low,Low,Yes,Female,1,0,1
365,R_1Oqf9TvUBiagQkF,Young Control,mae,0,0,video5_cred_mae,cred_mae,100,5,2.401996197,Female,Yes,3,1,0,0,0,0,1,0,0,0,Low,Low,Yes,Female,1,0,1
366,R_1Oqf9TvUBiagQkF,Young Control,zanx,0,0,video6_cred_zanx,cred_zanx,100,6,2.401996197,Female,Yes,3,1,0,0,0,0,1,0,0,0,Low,Low,Yes,Female,1,0,1
367,R_1QAhHcrSpcI2Bzg,Old Control,aby,2,1,video1_cred_aby,cred_aby,39,1,0.256925923,Male,No,3,0,1,0,0,0,0,1.5,3,0,Low,Moderate,No,Male,2,0,1
368,R_1QAhHcrSpcI2Bzg,Old Control,anna,2,1,video2_cred_anna,cred_anna,11,2,-0.727696498,Male,No,3,0,1,0,0,0,0,1.5,3,0,Low,Moderate,No,Male,2,0,0
369,R_1QAhHcrSpcI2Bzg,Old Control,cham,1,1,video3_cred_cham,cred_cham,25,3,-0.235385288,Male,No,3,0,1,0,0,0,0,1,2,0,Low,Moderate,No,Male,2,0,1
370,R_1QAhHcrSpcI2Bzg,Old Control,fab,0,0,video4_cred_fab,cred_fab,10,4,-0.762861585,Male,No,3,0,1,0,0,0,0,0,0,0,Low,Low,No,Male,2,0,0
371,R_1QAhHcrSpcI2Bzg,Old Control,mae,1,1,video5_cred_mae,cred_mae,30,5,-0.059559855,Male,No,3,0,1,0,0,0,0,1,2,0,Low,Moderate,No,Male,2,0,1
372,R_1QAhHcrSpcI2Bzg,Old Control,zanx,1,1,video6_cred_zanx,cred_zanx,10,6,-0.762861585,Male,No,3,0,1,0,0,0,0,1,2,0,Low,Moderate,No,Male,2,0,0
373,R_1QEdYqvrPZVBb1s,Old Control,aby,0,0,video1_cred_aby,cred_aby,59,1,0.960227652,Female,Yes,1,0,0,0,0,1,0,0,0,0,Low,Low,Yes,Female,1,0,1
374,R_1QEdYqvrPZVBb1s,Old Control,anna,0,0,video2_cred_anna,cred_anna,8,2,-0.833191758,Female,Yes,1,0,0,0,0,1,0,0,0,0,Low,Low,Yes,Female,1,0,0
375,R_1QEdYqvrPZVBb1s,Old Control,cham,0,0,video3_cred_cham,cred_cham,20,3,-0.41121072,Female,Yes,1,0,0,0,0,1,0,0,0,0,Low,Low,Yes,Female,1,0,0
376,R_1QEdYqvrPZVBb1s,Old Control,fab,0,0,video4_cred_fab,cred_fab,11,4,-0.727696498,Female,Yes,1,0,0,0,0,1,0,0,0,0,Low,Low,Yes,Female,1,0,0
377,R_1QEdYqvrPZVBb1s,Old Control,mae,0,0,video5_cred_mae,cred_mae,16,5,-0.551871066,Female,Yes,1,0,0,0,0,1,0,0,0,0,Low,Low,Yes,Female,1,0,0
378,R_1QEdYqvrPZVBb1s,Old Control,zanx,0,0,video6_cred_zanx,cred_zanx,20,6,-0.41121072,Female,Yes,1,0,0,0,0,1,0,0,0,0,Low,Low,Yes,Female,1,0,0
379,R_1QKiEfYBFA1yRTV,Old Control,aby,5,5,video1_cred_aby,cred_aby,79,1,1.663529381,Female,Yes,1,0,0,1,0,0,0,5,10,12,High,High,Yes,Female,2,1,1
380,R_1QKiEfYBFA1yRTV,Old Control,anna,5,5,video2_cred_anna,cred_anna,77,2,1.593199208,Female,Yes,1,0,0,1,0,0,0,5,10,12,High,High,Yes,Female,2,1,1
381,R_1QKiEfYBFA1yRTV,Old Control,cham,5,6,video3_cred_cham,cred_cham,82,3,1.76902464,Female,Yes,1,0,0,1,0,0,0,5.5,11,12,High,High,Yes,Female,2,1,1
382,R_1QKiEfYBFA1yRTV,Old Control,fab,5,5,video4_cred_fab,cred_fab,76,4,1.558034122,Female,Yes,1,0,0,1,0,0,0,5,10,12,High,High,Yes,Female,2,1,1
383,R_1QKiEfYBFA1yRTV,Old Control,mae,5,6,video5_cred_mae,cred_mae,77,5,1.593199208,Female,Yes,1,0,0,1,0,0,0,5.5,11,12,High,High,Yes,Female,2,1,1
384,R_1QKiEfYBFA1yRTV,Old Control,zanx,5,5,video6_cred_zanx,cred_zanx,73,6,1.452538862,Female,Yes,1,0,0,1,0,0,0,5,10,12,High,High,Yes,Female,2,1,1
385,R_1QRkpra3QH1q6vN,Old Control,aby,6,5,video1_cred_aby,cred_aby,48,1,0.573411701,Male,Yes,3,0,0,0,0,0,0,5.5,11,3,Low,High,Yes,Male,3,0,1
386,R_1QRkpra3QH1q6vN,Old Control,anna,4,4,video2_cred_anna,cred_anna,52,2,0.714072047,Male,Yes,3,0,0,0,0,0,0,4,8,3,Low,High,Yes,Male,3,0,1
387,R_1QRkpra3QH1q6vN,Old Control,cham,4,3,video3_cred_cham,cred_cham,50,3,0.643741874,Male,Yes,3,0,0,0,0,0,0,3.5,7,3,Low,High,Yes,Male,3,0,1
388,R_1QRkpra3QH1q6vN,Old Control,fab,1,5,video4_cred_fab,cred_fab,53,4,0.749237133,Male,Yes,3,0,0,0,0,0,0,3,6,3,Low,High,Yes,Male,3,0,1
389,R_1QRkpra3QH1q6vN,Old Control,mae,2,2,video5_cred_mae,cred_mae,35,5,0.116265577,Male,Yes,3,0,0,0,0,0,0,2,4,3,Low,High,Yes,Male,3,0,1
390,R_1QRkpra3QH1q6vN,Old Control,zanx,3,3,video6_cred_zanx,cred_zanx,49,6,0.608576787,Male,Yes,3,0,0,0,0,0,0,3,6,3,Low,High,Yes,Male,3,0,1
391,R_1Qm334LqcwTvsZP,Old Control,aby,0,0,video1_cred_aby,cred_aby,0,1,-1.114512449,Male,No,3,0,0,0,0,1,1,0,0,0,Low,Low,No,Male,3,0,0
392,R_1Qm334LqcwTvsZP,Old Control,anna,0,0,video2_cred_anna,cred_anna,12,2,-0.692531412,Male,No,3,0,0,0,0,1,1,0,0,0,Low,Low,No,Male,3,0,0
393,R_1Qm334LqcwTvsZP,Old Control,cham,0,0,video3_cred_cham,cred_cham,0,3,-1.114512449,Male,No,3,0,0,0,0,1,1,0,0,0,Low,Low,No,Male,3,0,0
394,R_1Qm334LqcwTvsZP,Old Control,fab,0,0,video4_cred_fab,cred_fab,0,4,-1.114512449,Male,No,3,0,0,0,0,1,1,0,0,0,Low,Low,No,Male,3,0,0
395,R_1Qm334LqcwTvsZP,Old Control,mae,NA,NA,video5_cred_mae,cred_mae,NA,5,NA,Male,No,3,0,0,0,0,1,1,NA,NA,0,Low,NA,No,Male,3,0,NA
396,R_1Qm334LqcwTvsZP,Old Control,zanx,3,5,video6_cred_zanx,cred_zanx,68,6,1.27671343,Male,No,3,0,0,0,0,1,1,4,8,0,Low,High,No,Male,3,0,1
397,R_1Qs0hiTkjG6rRvP,Young Control,aby,0,0,video1_cred_aby,cred_aby,33,1,0.045935404,Female,No,4,1,1,0,0,0,1,0,0,0,Low,Low,No,Female,1,0,1
398,R_1Qs0hiTkjG6rRvP,Young Control,anna,0,0,video2_cred_anna,cred_anna,27,2,-0.165055115,Female,No,4,1,1,0,0,0,1,0,0,0,Low,Low,No,Female,1,0,1
399,R_1Qs0hiTkjG6rRvP,Young Control,cham,0,0,video3_cred_cham,cred_cham,0,3,-1.114512449,Female,No,4,1,1,0,0,0,1,0,0,0,Low,Low,No,Female,1,0,0
400,R_1Qs0hiTkjG6rRvP,Young Control,fab,0,0,video4_cred_fab,cred_fab,29,4,-0.094724942,Female,No,4,1,1,0,0,0,1,0,0,0,Low,Low,No,Female,1,0,1
401,R_1Qs0hiTkjG6rRvP,Young Control,mae,0,0,video5_cred_mae,cred_mae,31,5,-0.024394769,Female,No,4,1,1,0,0,0,1,0,0,0,Low,Low,No,Female,1,0,1
402,R_1Qs0hiTkjG6rRvP,Young Control,zanx,0,0,video6_cred_zanx,cred_zanx,15,6,-0.587036152,Female,No,4,1,1,0,0,0,1,0,0,0,Low,Low,No,Female,1,0,0
403,R_1R1rmOaFuChni2R,Young Control,aby,5,5,video1_cred_aby,cred_aby,35,1,0.116265577,Male,Yes,1,0,0,0,1,0,1,5,10,8,Moderate,High,Yes,Male,1,0,1
404,R_1R1rmOaFuChni2R,Young Control,anna,2,4,video2_cred_anna,cred_anna,24,2,-0.270550374,Male,Yes,1,0,0,0,1,0,1,3,6,8,Moderate,High,Yes,Male,1,0,1
405,R_1R1rmOaFuChni2R,Young Control,cham,2,4,video3_cred_cham,cred_cham,0,3,-1.114512449,Male,Yes,1,0,0,0,1,0,1,3,6,8,Moderate,High,Yes,Male,1,0,0
406,R_1R1rmOaFuChni2R,Young Control,fab,0,0,video4_cred_fab,cred_fab,0,4,-1.114512449,Male,Yes,1,0,0,0,1,0,1,0,0,8,Moderate,Low,Yes,Male,1,0,0
407,R_1R1rmOaFuChni2R,Young Control,mae,1,0,video5_cred_mae,cred_mae,14,5,-0.622201239,Male,Yes,1,0,0,0,1,0,1,0.5,1,8,Moderate,Moderate,Yes,Male,1,0,0
408,R_1R1rmOaFuChni2R,Young Control,zanx,1,1,video6_cred_zanx,cred_zanx,17,6,-0.516705979,Male,Yes,1,0,0,0,1,0,1,1,2,8,Moderate,Moderate,Yes,Male,1,0,0
409,R_1RkDorUcIEK2CND,Young Treat,aby,3,1,video1_cred_aby,cred_aby,37,1,0.18659575,Male,Yes,4,1,0,0,0,0,0,2,4,10,High,High,Yes,Male,1,0,1
410,R_1RkDorUcIEK2CND,Young Treat,anna,3,4,video2_cred_anna,cred_anna,55,2,0.819567306,Male,Yes,4,1,0,0,0,0,0,3.5,7,10,High,High,Yes,Male,1,0,1
411,R_1RkDorUcIEK2CND,Young Treat,cham,6,5,video3_cred_cham,cred_cham,65,3,1.171218171,Male,Yes,4,1,0,0,0,0,0,5.5,11,10,High,High,Yes,Male,1,0,1
412,R_1RkDorUcIEK2CND,Young Treat,fab,5,3,video4_cred_fab,cred_fab,55,4,0.819567306,Male,Yes,4,1,0,0,0,0,0,4,8,10,High,High,Yes,Male,1,0,1
413,R_1RkDorUcIEK2CND,Young Treat,mae,4,4,video5_cred_mae,cred_mae,38,5,0.221760836,Male,Yes,4,1,0,0,0,0,0,4,8,10,High,High,Yes,Male,1,0,1
414,R_1RkDorUcIEK2CND,Young Treat,zanx,4,3,video6_cred_zanx,cred_zanx,64,6,1.136053084,Male,Yes,4,1,0,0,0,0,0,3.5,7,10,High,High,Yes,Male,1,0,1
415,R_1SAKxbDBtYHtb3Z,Old Control,aby,0,0,video1_cred_aby,cred_aby,8,1,-0.833191758,Female,No,3,0,1,0,0,0,1,0,0,0,Low,Low,No,Female,1,0,0
416,R_1SAKxbDBtYHtb3Z,Old Control,anna,0,0,video2_cred_anna,cred_anna,29,2,-0.094724942,Female,No,3,0,1,0,0,0,1,0,0,0,Low,Low,No,Female,1,0,1
417,R_1SAKxbDBtYHtb3Z,Old Control,cham,0,0,video3_cred_cham,cred_cham,13,3,-0.657366325,Female,No,3,0,1,0,0,0,1,0,0,0,Low,Low,No,Female,1,0,0
418,R_1SAKxbDBtYHtb3Z,Old Control,fab,0,0,video4_cred_fab,cred_fab,25,4,-0.235385288,Female,No,3,0,1,0,0,0,1,0,0,0,Low,Low,No,Female,1,0,1
419,R_1SAKxbDBtYHtb3Z,Old Control,mae,0,0,video5_cred_mae,cred_mae,13,5,-0.657366325,Female,No,3,0,1,0,0,0,1,0,0,0,Low,Low,No,Female,1,0,0
420,R_1SAKxbDBtYHtb3Z,Old Control,zanx,0,0,video6_cred_zanx,cred_zanx,18,6,-0.481540893,Female,No,3,0,1,0,0,0,1,0,0,0,Low,Low,No,Female,1,0,0
421,R_1Sc6H0wuBtKsuN4,Young Treat,aby,0,0,video1_cred_aby,cred_aby,21,1,-0.376045634,Female,Yes,2,0,0,0,0,1,1,0,0,3,Low,Low,Yes,Female,1,0,0
422,R_1Sc6H0wuBtKsuN4,Young Treat,anna,1,1,video2_cred_anna,cred_anna,14,2,-0.622201239,Female,Yes,2,0,0,0,0,1,1,1,2,3,Low,Moderate,Yes,Female,1,0,0
423,R_1Sc6H0wuBtKsuN4,Young Treat,cham,0,0,video3_cred_cham,cred_cham,5,3,-0.938687017,Female,Yes,2,0,0,0,0,1,1,0,0,3,Low,Low,Yes,Female,1,0,0
424,R_1Sc6H0wuBtKsuN4,Young Treat,fab,0,0,video4_cred_fab,cred_fab,4,4,-0.973852103,Female,Yes,2,0,0,0,0,1,1,0,0,3,Low,Low,Yes,Female,1,0,0
425,R_1Sc6H0wuBtKsuN4,Young Treat,mae,1,2,video5_cred_mae,cred_mae,8,5,-0.833191758,Female,Yes,2,0,0,0,0,1,1,1.5,3,3,Low,Moderate,Yes,Female,1,0,0
426,R_1Sc6H0wuBtKsuN4,Young Treat,zanx,0,1,video6_cred_zanx,cred_zanx,11,6,-0.727696498,Female,Yes,2,0,0,0,0,1,1,0.5,1,3,Low,Moderate,Yes,Female,1,0,0
427,R_1TG1e0SvAiwSyEp,Old Treat,aby,1,0,video1_cred_aby,cred_aby,5,1,-0.938687017,Female,No,3,1,0,0,0,0,0,0.5,1,0,Low,Moderate,No,Female,2,0,0
428,R_1TG1e0SvAiwSyEp,Old Treat,anna,0,1,video2_cred_anna,cred_anna,16,2,-0.551871066,Female,No,3,1,0,0,0,0,0,0.5,1,0,Low,Moderate,No,Female,2,0,0
429,R_1TG1e0SvAiwSyEp,Old Treat,cham,2,2,video3_cred_cham,cred_cham,23,3,-0.305715461,Female,No,3,1,0,0,0,0,0,2,4,0,Low,High,No,Female,2,0,1
430,R_1TG1e0SvAiwSyEp,Old Treat,fab,1,0,video4_cred_fab,cred_fab,12,4,-0.692531412,Female,No,3,1,0,0,0,0,0,0.5,1,0,Low,Moderate,No,Female,2,0,0
431,R_1TG1e0SvAiwSyEp,Old Treat,mae,0,1,video5_cred_mae,cred_mae,5,5,-0.938687017,Female,No,3,1,0,0,0,0,0,0.5,1,0,Low,Moderate,No,Female,2,0,0
432,R_1TG1e0SvAiwSyEp,Old Treat,zanx,1,1,video6_cred_zanx,cred_zanx,9,6,-0.798026671,Female,No,3,1,0,0,0,0,0,1,2,0,Low,Moderate,No,Female,2,0,0
433,R_1TSQNbZa8QjGYVl,Young Treat,aby,0,0,video1_cred_aby,cred_aby,0,1,-1.114512449,Female,No,4,0,1,0,0,0,1,0,0,1,Low,Low,No,Female,1,0,0
434,R_1TSQNbZa8QjGYVl,Young Treat,anna,0,0,video2_cred_anna,cred_anna,15,2,-0.587036152,Female,No,4,0,1,0,0,0,1,0,0,1,Low,Low,No,Female,1,0,0
435,R_1TSQNbZa8QjGYVl,Young Treat,cham,0,1,video3_cred_cham,cred_cham,0,3,-1.114512449,Female,No,4,0,1,0,0,0,1,0.5,1,1,Low,Moderate,No,Female,1,0,0
436,R_1TSQNbZa8QjGYVl,Young Treat,fab,0,0,video4_cred_fab,cred_fab,10,4,-0.762861585,Female,No,4,0,1,0,0,0,1,0,0,1,Low,Low,No,Female,1,0,0
437,R_1TSQNbZa8QjGYVl,Young Treat,mae,0,0,video5_cred_mae,cred_mae,0,5,-1.114512449,Female,No,4,0,1,0,0,0,1,0,0,1,Low,Low,No,Female,1,0,0
438,R_1TSQNbZa8QjGYVl,Young Treat,zanx,0,0,video6_cred_zanx,cred_zanx,20,6,-0.41121072,Female,No,4,0,1,0,0,0,1,0,0,1,Low,Low,No,Female,1,0,0
439,R_1Tz6n1NLCbvdGIT,Old Control,aby,4,3,video1_cred_aby,cred_aby,46,1,0.503081528,Male,No,4,1,0,0,0,0,1,3.5,7,7,Moderate,High,No,Male,1,1,1
440,R_1Tz6n1NLCbvdGIT,Old Control,anna,3,3,video2_cred_anna,cred_anna,52,2,0.714072047,Male,No,4,1,0,0,0,0,1,3,6,7,Moderate,High,No,Male,1,1,1
441,R_1Tz6n1NLCbvdGIT,Old Control,cham,3,4,video3_cred_cham,cred_cham,50,3,0.643741874,Male,No,4,1,0,0,0,0,1,3.5,7,7,Moderate,High,No,Male,1,1,1
442,R_1Tz6n1NLCbvdGIT,Old Control,fab,4,4,video4_cred_fab,cred_fab,45,4,0.467916441,Male,No,4,1,0,0,0,0,1,4,8,7,Moderate,High,No,Male,1,1,1
443,R_1Tz6n1NLCbvdGIT,Old Control,mae,3,3,video5_cred_mae,cred_mae,44,5,0.432751355,Male,No,4,1,0,0,0,0,1,3,6,7,Moderate,High,No,Male,1,1,1
444,R_1Tz6n1NLCbvdGIT,Old Control,zanx,3,3,video6_cred_zanx,cred_zanx,49,6,0.608576787,Male,No,4,1,0,0,0,0,1,3,6,7,Moderate,High,No,Male,1,1,1
445,R_1VFFzXy5A45Dddv,Old Control,aby,1,0,video1_cred_aby,cred_aby,20,1,-0.41121072,Female,Yes,2,0,0,0,0,1,0,0.5,1,1,Low,Moderate,Yes,Female,1,0,0
446,R_1VFFzXy5A45Dddv,Old Control,anna,1,1,video2_cred_anna,cred_anna,50,2,0.643741874,Female,Yes,2,0,0,0,0,1,0,1,2,1,Low,Moderate,Yes,Female,1,0,1
447,R_1VFFzXy5A45Dddv,Old Control,cham,1,1,video3_cred_cham,cred_cham,41,3,0.327256096,Female,Yes,2,0,0,0,0,1,0,1,2,1,Low,Moderate,Yes,Female,1,0,1
448,R_1VFFzXy5A45Dddv,Old Control,fab,0,1,video4_cred_fab,cred_fab,40,4,0.292091009,Female,Yes,2,0,0,0,0,1,0,0.5,1,1,Low,Moderate,Yes,Female,1,0,1
449,R_1VFFzXy5A45Dddv,Old Control,mae,0,1,video5_cred_mae,cred_mae,21,5,-0.376045634,Female,Yes,2,0,0,0,0,1,0,0.5,1,1,Low,Moderate,Yes,Female,1,0,0
450,R_1VFFzXy5A45Dddv,Old Control,zanx,1,1,video6_cred_zanx,cred_zanx,19,6,-0.446375807,Female,Yes,2,0,0,0,0,1,0,1,2,1,Low,Moderate,Yes,Female,1,0,0
451,R_1WNCBQqzLc2PIzc,Old Treat,aby,6,6,video1_cred_aby,cred_aby,70,1,1.347043603,Male,No,2,0,0,1,0,0,0,6,12,12,High,High,No,Male,1,1,1
452,R_1WNCBQqzLc2PIzc,Old Treat,anna,6,5,video2_cred_anna,cred_anna,NA,2,NA,Male,No,2,0,0,1,0,0,0,5.5,11,12,High,High,No,Male,1,1,NA
453,R_1WNCBQqzLc2PIzc,Old Treat,cham,5,5,video3_cred_cham,cred_cham,78,3,1.628364295,Male,No,2,0,0,1,0,0,0,5,10,12,High,High,No,Male,1,1,1
454,R_1WNCBQqzLc2PIzc,Old Treat,fab,5,5,video4_cred_fab,cred_fab,81,4,1.733859554,Male,No,2,0,0,1,0,0,0,5,10,12,High,High,No,Male,1,1,1
455,R_1WNCBQqzLc2PIzc,Old Treat,mae,6,5,video5_cred_mae,cred_mae,77,5,1.593199208,Male,No,2,0,0,1,0,0,0,5.5,11,12,High,High,No,Male,1,1,1
456,R_1WNCBQqzLc2PIzc,Old Treat,zanx,4,4,video6_cred_zanx,cred_zanx,67,6,1.241548344,Male,No,2,0,0,1,0,0,0,4,8,12,High,High,No,Male,1,1,1
457,R_1WPx4Bu0nl83jAI,Young Control,aby,1,1,video1_cred_aby,cred_aby,16,1,-0.551871066,Male,No,3,0,1,0,0,0,0,1,2,0,Low,Moderate,No,Male,1,0,0
458,R_1WPx4Bu0nl83jAI,Young Control,anna,1,1,video2_cred_anna,cred_anna,39,2,0.256925923,Male,No,3,0,1,0,0,0,0,1,2,0,Low,Moderate,No,Male,1,0,1
459,R_1WPx4Bu0nl83jAI,Young Control,cham,1,1,video3_cred_cham,cred_cham,34,3,0.08110049,Male,No,3,0,1,0,0,0,0,1,2,0,Low,Moderate,No,Male,1,0,1
460,R_1WPx4Bu0nl83jAI,Young Control,fab,0,1,video4_cred_fab,cred_fab,19,4,-0.446375807,Male,No,3,0,1,0,0,0,0,0.5,1,0,Low,Moderate,No,Male,1,0,0
461,R_1WPx4Bu0nl83jAI,Young Control,mae,0,1,video5_cred_mae,cred_mae,34,5,0.08110049,Male,No,3,0,1,0,0,0,0,0.5,1,0,Low,Moderate,No,Male,1,0,1
462,R_1WPx4Bu0nl83jAI,Young Control,zanx,0,0,video6_cred_zanx,cred_zanx,12,6,-0.692531412,Male,No,3,0,1,0,0,0,0,0,0,0,Low,Low,No,Male,1,0,0
463,R_1WUoGQYtbfD4On0,Old Treat,aby,1,1,video1_cred_aby,cred_aby,0,1,-1.114512449,Female,No,3,0,0,1,0,0,1,1,2,0,Low,Moderate,No,Female,1,0,0
464,R_1WUoGQYtbfD4On0,Old Treat,anna,1,1,video2_cred_anna,cred_anna,0,2,-1.114512449,Female,No,3,0,0,1,0,0,1,1,2,0,Low,Moderate,No,Female,1,0,0
465,R_1WUoGQYtbfD4On0,Old Treat,cham,1,1,video3_cred_cham,cred_cham,6,3,-0.903521931,Female,No,3,0,0,1,0,0,1,1,2,0,Low,Moderate,No,Female,1,0,0
466,R_1WUoGQYtbfD4On0,Old Treat,fab,0,0,video4_cred_fab,cred_fab,0,4,-1.114512449,Female,No,3,0,0,1,0,0,1,0,0,0,Low,Low,No,Female,1,0,0
467,R_1WUoGQYtbfD4On0,Old Treat,mae,1,1,video5_cred_mae,cred_mae,8,5,-0.833191758,Female,No,3,0,0,1,0,0,1,1,2,0,Low,Moderate,No,Female,1,0,0
468,R_1WUoGQYtbfD4On0,Old Treat,zanx,1,1,video6_cred_zanx,cred_zanx,2,6,-1.044182276,Female,No,3,0,0,1,0,0,1,1,2,0,Low,Moderate,No,Female,1,0,0
469,R_1X0bFHqUDPOxYiJ,Old Treat,aby,0,0,video1_cred_aby,cred_aby,0,1,-1.114512449,Male,No,3,1,0,0,0,0,0,0,0,0,Low,Low,No,Male,1,0,0
470,R_1X0bFHqUDPOxYiJ,Old Treat,anna,0,0,video2_cred_anna,cred_anna,0,2,-1.114512449,Male,No,3,1,0,0,0,0,0,0,0,0,Low,Low,No,Male,1,0,0
471,R_1X0bFHqUDPOxYiJ,Old Treat,cham,0,0,video3_cred_cham,cred_cham,0,3,-1.114512449,Male,No,3,1,0,0,0,0,0,0,0,0,Low,Low,No,Male,1,0,0
472,R_1X0bFHqUDPOxYiJ,Old Treat,fab,0,0,video4_cred_fab,cred_fab,0,4,-1.114512449,Male,No,3,1,0,0,0,0,0,0,0,0,Low,Low,No,Male,1,0,0
473,R_1X0bFHqUDPOxYiJ,Old Treat,mae,3,0,video5_cred_mae,cred_mae,0,5,-1.114512449,Male,No,3,1,0,0,0,0,0,1.5,3,0,Low,Moderate,No,Male,1,0,0
474,R_1X0bFHqUDPOxYiJ,Old Treat,zanx,0,0,video6_cred_zanx,cred_zanx,0,6,-1.114512449,Male,No,3,1,0,0,0,0,0,0,0,0,Low,Low,No,Male,1,0,0
475,R_1X1l6i5mLb0eNbP,Old Control,aby,1,0,video1_cred_aby,cred_aby,9,1,-0.798026671,Female,I prefer not to answer,3,1,0,0,0,0,1,0.5,1,7,Moderate,Moderate,NA,Female,1,0,0
476,R_1X1l6i5mLb0eNbP,Old Control,anna,1,0,video2_cred_anna,cred_anna,59,2,0.960227652,Female,I prefer not to answer,3,1,0,0,0,0,1,0.5,1,7,Moderate,Moderate,NA,Female,1,0,1
477,R_1X1l6i5mLb0eNbP,Old Control,cham,2,1,video3_cred_cham,cred_cham,45,3,0.467916441,Female,I prefer not to answer,3,1,0,0,0,0,1,1.5,3,7,Moderate,Moderate,NA,Female,1,0,1
478,R_1X1l6i5mLb0eNbP,Old Control,fab,1,0,video4_cred_fab,cred_fab,14,4,-0.622201239,Female,I prefer not to answer,3,1,0,0,0,0,1,0.5,1,7,Moderate,Moderate,NA,Female,1,0,0
479,R_1X1l6i5mLb0eNbP,Old Control,mae,1,1,video5_cred_mae,cred_mae,26,5,-0.200220201,Female,I prefer not to answer,3,1,0,0,0,0,1,1,2,7,Moderate,Moderate,NA,Female,1,0,1
480,R_1X1l6i5mLb0eNbP,Old Control,zanx,0,0,video6_cred_zanx,cred_zanx,42,6,0.362421182,Female,I prefer not to answer,3,1,0,0,0,0,1,0,0,7,Moderate,Low,NA,Female,1,0,1
481,R_1Y5oOSgSKoVvrTI,Young Treat,aby,2,4,video1_cred_aby,cred_aby,53,1,0.749237133,Female,Yes,2,0,0,0,0,1,0,3,6,0,Low,High,Yes,Female,1,0,1
482,R_1Y5oOSgSKoVvrTI,Young Treat,anna,1,1,video2_cred_anna,cred_anna,18,2,-0.481540893,Female,Yes,2,0,0,0,0,1,0,1,2,0,Low,Moderate,Yes,Female,1,0,0
483,R_1Y5oOSgSKoVvrTI,Young Treat,cham,4,3,video3_cred_cham,cred_cham,25,3,-0.235385288,Female,Yes,2,0,0,0,0,1,0,3.5,7,0,Low,High,Yes,Female,1,0,1
484,R_1Y5oOSgSKoVvrTI,Young Treat,fab,2,2,video4_cred_fab,cred_fab,51,4,0.67890696,Female,Yes,2,0,0,0,0,1,0,2,4,0,Low,High,Yes,Female,1,0,1
485,R_1Y5oOSgSKoVvrTI,Young Treat,mae,4,3,video5_cred_mae,cred_mae,55,5,0.819567306,Female,Yes,2,0,0,0,0,1,0,3.5,7,0,Low,High,Yes,Female,1,0,1
486,R_1Y5oOSgSKoVvrTI,Young Treat,zanx,2,1,video6_cred_zanx,cred_zanx,43,6,0.397586269,Female,Yes,2,0,0,0,0,1,0,1.5,3,0,Low,Moderate,Yes,Female,1,0,1
487,R_1YSc7VVioePJ43M,Old Control,aby,0,0,video1_cred_aby,cred_aby,52,1,0.714072047,Female,Yes,4,1,0,0,0,0,0,0,0,0,Low,Low,Yes,Female,1,0,1
488,R_1YSc7VVioePJ43M,Old Control,anna,0,0,video2_cred_anna,cred_anna,46,2,0.503081528,Female,Yes,4,1,0,0,0,0,0,0,0,0,Low,Low,Yes,Female,1,0,1
489,R_1YSc7VVioePJ43M,Old Control,cham,0,0,video3_cred_cham,cred_cham,65,3,1.171218171,Female,Yes,4,1,0,0,0,0,0,0,0,0,Low,Low,Yes,Female,1,0,1
490,R_1YSc7VVioePJ43M,Old Control,fab,0,0,video4_cred_fab,cred_fab,65,4,1.171218171,Female,Yes,4,1,0,0,0,0,0,0,0,0,Low,Low,Yes,Female,1,0,1
491,R_1YSc7VVioePJ43M,Old Control,mae,0,0,video5_cred_mae,cred_mae,62,5,1.065722911,Female,Yes,4,1,0,0,0,0,0,0,0,0,Low,Low,Yes,Female,1,0,1
492,R_1YSc7VVioePJ43M,Old Control,zanx,0,0,video6_cred_zanx,cred_zanx,60,6,0.995392738,Female,Yes,4,1,0,0,0,0,0,0,0,0,Low,Low,Yes,Female,1,0,1
493,R_1YbOv10mQfQeABr,Young Treat,aby,0,0,video1_cred_aby,cred_aby,0,1,-1.114512449,Male,Yes,3,1,0,0,0,1,1,0,0,0,Low,Low,Yes,Male,1,1,0
494,R_1YbOv10mQfQeABr,Young Treat,anna,4,6,video2_cred_anna,cred_anna,0,2,-1.114512449,Male,Yes,3,1,0,0,0,1,1,5,10,0,Low,High,Yes,Male,1,1,0
495,R_1YbOv10mQfQeABr,Young Treat,cham,5,4,video3_cred_cham,cred_cham,4,3,-0.973852103,Male,Yes,3,1,0,0,0,1,1,4.5,9,0,Low,High,Yes,Male,1,1,0
496,R_1YbOv10mQfQeABr,Young Treat,fab,0,0,video4_cred_fab,cred_fab,2,4,-1.044182276,Male,Yes,3,1,0,0,0,1,1,0,0,0,Low,Low,Yes,Male,1,1,0
497,R_1YbOv10mQfQeABr,Young Treat,mae,0,0,video5_cred_mae,cred_mae,7,5,-0.868356844,Male,Yes,3,1,0,0,0,1,1,0,0,0,Low,Low,Yes,Male,1,1,0
498,R_1YbOv10mQfQeABr,Young Treat,zanx,0,0,video6_cred_zanx,cred_zanx,0,6,-1.114512449,Male,Yes,3,1,0,0,0,1,1,0,0,0,Low,Low,Yes,Male,1,1,0
499,R_1aWhvbJBbMR6zat,Young Control,aby,0,0,video1_cred_aby,cred_aby,3,1,-1.00901719,Female,No,1,1,0,0,0,0,0,0,0,0,Low,Low,No,Female,1,0,0
500,R_1aWhvbJBbMR6zat,Young Control,anna,0,0,video2_cred_anna,cred_anna,2,2,-1.044182276,Female,No,1,1,0,0,0,0,0,0,0,0,Low,Low,No,Female,1,0,0
501,R_1aWhvbJBbMR6zat,Young Control,cham,0,0,video3_cred_cham,cred_cham,0,3,-1.114512449,Female,No,1,1,0,0,0,0,0,0,0,0,Low,Low,No,Female,1,0,0
502,R_1aWhvbJBbMR6zat,Young Control,fab,0,0,video4_cred_fab,cred_fab,0,4,-1.114512449,Female,No,1,1,0,0,0,0,0,0,0,0,Low,Low,No,Female,1,0,0
503,R_1aWhvbJBbMR6zat,Young Control,mae,0,0,video5_cred_mae,cred_mae,3,5,-1.00901719,Female,No,1,1,0,0,0,0,0,0,0,0,Low,Low,No,Female,1,0,0
504,R_1aWhvbJBbMR6zat,Young Control,zanx,0,0,video6_cred_zanx,cred_zanx,0,6,-1.114512449,Female,No,1,1,0,0,0,0,0,0,0,0,Low,Low,No,Female,1,0,0
505,R_1b0kmtcOU4pAUQF,Young Treat,aby,NA,7,video1_cred_aby,cred_aby,97,1,2.296500937,Female,No,2,0,0,1,0,0,0,7,NA,7,Moderate,NA,No,Female,3,0,1
506,R_1b0kmtcOU4pAUQF,Young Treat,anna,NA,NA,video2_cred_anna,cred_anna,NA,2,NA,Female,No,2,0,0,1,0,0,0,NA,NA,7,Moderate,NA,No,Female,3,0,NA
507,R_1b0kmtcOU4pAUQF,Young Treat,cham,NA,NA,video3_cred_cham,cred_cham,NA,3,NA,Female,No,2,0,0,1,0,0,0,NA,NA,7,Moderate,NA,No,Female,3,0,NA
508,R_1b0kmtcOU4pAUQF,Young Treat,fab,NA,NA,video4_cred_fab,cred_fab,NA,4,NA,Female,No,2,0,0,1,0,0,0,NA,NA,7,Moderate,NA,No,Female,3,0,NA
509,R_1b0kmtcOU4pAUQF,Young Treat,mae,NA,NA,video5_cred_mae,cred_mae,NA,5,NA,Female,No,2,0,0,1,0,0,0,NA,NA,7,Moderate,NA,No,Female,3,0,NA
510,R_1b0kmtcOU4pAUQF,Young Treat,zanx,NA,NA,video6_cred_zanx,cred_zanx,NA,6,NA,Female,No,2,0,0,1,0,0,0,NA,NA,7,Moderate,NA,No,Female,3,0,NA
511,R_1bT1oORBOwQNwmz,Old Control,aby,3,4,video1_cred_aby,cred_aby,58,1,0.925062565,Female,No,1,0,0,1,0,0,0,3.5,7,8,Moderate,High,No,Female,3,1,1
512,R_1bT1oORBOwQNwmz,Old Control,anna,3,5,video2_cred_anna,cred_anna,57,2,0.889897479,Female,No,1,0,0,1,0,0,0,4,8,8,Moderate,High,No,Female,3,1,1
513,R_1bT1oORBOwQNwmz,Old Control,cham,4,5,video3_cred_cham,cred_cham,52,3,0.714072047,Female,No,1,0,0,1,0,0,0,4.5,9,8,Moderate,High,No,Female,3,1,1
514,R_1bT1oORBOwQNwmz,Old Control,fab,3,4,video4_cred_fab,cred_fab,51,4,0.67890696,Female,No,1,0,0,1,0,0,0,3.5,7,8,Moderate,High,No,Female,3,1,1
515,R_1bT1oORBOwQNwmz,Old Control,mae,4,4,video5_cred_mae,cred_mae,37,5,0.18659575,Female,No,1,0,0,1,0,0,0,4,8,8,Moderate,High,No,Female,3,1,1
516,R_1bT1oORBOwQNwmz,Old Control,zanx,4,5,video6_cred_zanx,cred_zanx,56,6,0.854732392,Female,No,1,0,0,1,0,0,0,4.5,9,8,Moderate,High,No,Female,3,1,1
517,R_1cAYgBxRHwULwUd,Young Control,aby,6,5,video1_cred_aby,cred_aby,79,1,1.663529381,Female,Yes,4,0,0,0,1,0,1,5.5,11,8,Moderate,High,Yes,Female,1,1,1
518,R_1cAYgBxRHwULwUd,Young Control,anna,5,3,video2_cred_anna,cred_anna,23,2,-0.305715461,Female,Yes,4,0,0,0,1,0,1,4,8,8,Moderate,High,Yes,Female,1,1,1
519,R_1cAYgBxRHwULwUd,Young Control,cham,4,4,video3_cred_cham,cred_cham,21,3,-0.376045634,Female,Yes,4,0,0,0,1,0,1,4,8,8,Moderate,High,Yes,Female,1,1,0
520,R_1cAYgBxRHwULwUd,Young Control,fab,5,3,video4_cred_fab,cred_fab,37,4,0.18659575,Female,Yes,4,0,0,0,1,0,1,4,8,8,Moderate,High,Yes,Female,1,1,1
521,R_1cAYgBxRHwULwUd,Young Control,mae,3,5,video5_cred_mae,cred_mae,10,5,-0.762861585,Female,Yes,4,0,0,0,1,0,1,4,8,8,Moderate,High,Yes,Female,1,1,0
522,R_1cAYgBxRHwULwUd,Young Control,zanx,3,3,video6_cred_zanx,cred_zanx,26,6,-0.200220201,Female,Yes,4,0,0,0,1,0,1,3,6,8,Moderate,High,Yes,Female,1,1,1
523,R_1cuYz3SZHWjixB9,Old Treat,aby,5,5,video1_cred_aby,cred_aby,70,1,1.347043603,Male,No,3,1,0,0,0,0,1,5,10,9,Moderate,High,No,Male,2,1,1
524,R_1cuYz3SZHWjixB9,Old Treat,anna,4,5,video2_cred_anna,cred_anna,63,2,1.100887998,Male,No,3,1,0,0,0,0,1,4.5,9,9,Moderate,High,No,Male,2,1,1
525,R_1cuYz3SZHWjixB9,Old Treat,cham,5,5,video3_cred_cham,cred_cham,66,3,1.206383257,Male,No,3,1,0,0,0,0,1,5,10,9,Moderate,High,No,Male,2,1,1
526,R_1cuYz3SZHWjixB9,Old Treat,fab,5,3,video4_cred_fab,cred_fab,65,4,1.171218171,Male,No,3,1,0,0,0,0,1,4,8,9,Moderate,High,No,Male,2,1,1
527,R_1cuYz3SZHWjixB9,Old Treat,mae,5,4,video5_cred_mae,cred_mae,61,5,1.030557825,Male,No,3,1,0,0,0,0,1,4.5,9,9,Moderate,High,No,Male,2,1,1
528,R_1cuYz3SZHWjixB9,Old Treat,zanx,4,3,video6_cred_zanx,cred_zanx,59,6,0.960227652,Male,No,3,1,0,0,0,0,1,3.5,7,9,Moderate,High,No,Male,2,1,1
529,R_1cuzEv9w0QQyKKI,Young Treat,aby,0,0,video1_cred_aby,cred_aby,30,1,-0.059559855,Female,Yes,4,1,0,0,0,0,1,0,0,1,Low,Low,Yes,Female,1,0,1
530,R_1cuzEv9w0QQyKKI,Young Treat,anna,0,0,video2_cred_anna,cred_anna,40,2,0.292091009,Female,Yes,4,1,0,0,0,0,1,0,0,1,Low,Low,Yes,Female,1,0,1
531,R_1cuzEv9w0QQyKKI,Young Treat,cham,0,0,video3_cred_cham,cred_cham,50,3,0.643741874,Female,Yes,4,1,0,0,0,0,1,0,0,1,Low,Low,Yes,Female,1,0,1
532,R_1cuzEv9w0QQyKKI,Young Treat,fab,0,0,video4_cred_fab,cred_fab,45,4,0.467916441,Female,Yes,4,1,0,0,0,0,1,0,0,1,Low,Low,Yes,Female,1,0,1
533,R_1cuzEv9w0QQyKKI,Young Treat,mae,0,0,video5_cred_mae,cred_mae,60,5,0.995392738,Female,Yes,4,1,0,0,0,0,1,0,0,1,Low,Low,Yes,Female,1,0,1
534,R_1cuzEv9w0QQyKKI,Young Treat,zanx,0,0,video6_cred_zanx,cred_zanx,50,6,0.643741874,Female,Yes,4,1,0,0,0,0,1,0,0,1,Low,Low,Yes,Female,1,0,1
535,R_1dtts8SowRwAioV,Young Treat,aby,6,5,video1_cred_aby,cred_aby,80,1,1.698694468,Female,No,2,1,0,0,0,0,0,5.5,11,10,High,High,No,Female,1,1,1
536,R_1dtts8SowRwAioV,Young Treat,anna,6,5,video2_cred_anna,cred_anna,74,2,1.487703949,Female,No,2,1,0,0,0,0,0,5.5,11,10,High,High,No,Female,1,1,1
537,R_1dtts8SowRwAioV,Young Treat,cham,5,6,video3_cred_cham,cred_cham,80,3,1.698694468,Female,No,2,1,0,0,0,0,0,5.5,11,10,High,High,No,Female,1,1,1
538,R_1dtts8SowRwAioV,Young Treat,fab,6,5,video4_cred_fab,cred_fab,77,4,1.593199208,Female,No,2,1,0,0,0,0,0,5.5,11,10,High,High,No,Female,1,1,1
539,R_1dtts8SowRwAioV,Young Treat,mae,5,6,video5_cred_mae,cred_mae,77,5,1.593199208,Female,No,2,1,0,0,0,0,0,5.5,11,10,High,High,No,Female,1,1,1
540,R_1dtts8SowRwAioV,Young Treat,zanx,6,5,video6_cred_zanx,cred_zanx,78,6,1.628364295,Female,No,2,1,0,0,0,0,0,5.5,11,10,High,High,No,Female,1,1,1
541,R_1du07fuzlXJmGuG,Young Control,aby,0,0,video1_cred_aby,cred_aby,0.5,1,-1.096929906,Female,Yes,3,0,0,0,0,1,1,0,0,0,Low,Low,Yes,Female,1,0,0
542,R_1du07fuzlXJmGuG,Young Control,anna,0,0,video2_cred_anna,cred_anna,5,2,-0.938687017,Female,Yes,3,0,0,0,0,1,1,0,0,0,Low,Low,Yes,Female,1,0,0
543,R_1du07fuzlXJmGuG,Young Control,cham,1,2,video3_cred_cham,cred_cham,29,3,-0.094724942,Female,Yes,3,0,0,0,0,1,1,1.5,3,0,Low,Moderate,Yes,Female,1,0,1
544,R_1du07fuzlXJmGuG,Young Control,fab,0,0,video4_cred_fab,cred_fab,4,4,-0.973852103,Female,Yes,3,0,0,0,0,1,1,0,0,0,Low,Low,Yes,Female,1,0,0
545,R_1du07fuzlXJmGuG,Young Control,mae,0,1,video5_cred_mae,cred_mae,21,5,-0.376045634,Female,Yes,3,0,0,0,0,1,1,0.5,1,0,Low,Moderate,Yes,Female,1,0,0
546,R_1du07fuzlXJmGuG,Young Control,zanx,0,0,video6_cred_zanx,cred_zanx,7,6,-0.868356844,Female,Yes,3,0,0,0,0,1,1,0,0,0,Low,Low,Yes,Female,1,0,0
547,R_1eKpUpqlIs820xg,Young Treat,aby,1,1,video1_cred_aby,cred_aby,10,1,-0.762861585,Male,I prefer not to answer,2,1,0,0,0,0,0,1,2,7,Moderate,Moderate,NA,Male,2,0,0
548,R_1eKpUpqlIs820xg,Young Treat,anna,1,0,video2_cred_anna,cred_anna,8,2,-0.833191758,Male,I prefer not to answer,2,1,0,0,0,0,0,0.5,1,7,Moderate,Moderate,NA,Male,2,0,0
549,R_1eKpUpqlIs820xg,Young Treat,cham,1,1,video3_cred_cham,cred_cham,10,3,-0.762861585,Male,I prefer not to answer,2,1,0,0,0,0,0,1,2,7,Moderate,Moderate,NA,Male,2,0,0
550,R_1eKpUpqlIs820xg,Young Treat,fab,1,1,video4_cred_fab,cred_fab,9,4,-0.798026671,Male,I prefer not to answer,2,1,0,0,0,0,0,1,2,7,Moderate,Moderate,NA,Male,2,0,0
551,R_1eKpUpqlIs820xg,Young Treat,mae,1,1,video5_cred_mae,cred_mae,11,5,-0.727696498,Male,I prefer not to answer,2,1,0,0,0,0,0,1,2,7,Moderate,Moderate,NA,Male,2,0,0
552,R_1eKpUpqlIs820xg,Young Treat,zanx,0,1,video6_cred_zanx,cred_zanx,9,6,-0.798026671,Male,I prefer not to answer,2,1,0,0,0,0,0,0.5,1,7,Moderate,Moderate,NA,Male,2,0,0
553,R_1eXXAfHL622jU4b,Old Treat,aby,0,0,video1_cred_aby,cred_aby,9,1,-0.798026671,Male,No,1,1,1,0,0,0,0,0,0,0,Low,Low,No,Male,3,0,0
554,R_1eXXAfHL622jU4b,Old Treat,anna,0,0,video2_cred_anna,cred_anna,3,2,-1.00901719,Male,No,1,1,1,0,0,0,0,0,0,0,Low,Low,No,Male,3,0,0
555,R_1eXXAfHL622jU4b,Old Treat,cham,0,0,video3_cred_cham,cred_cham,2,3,-1.044182276,Male,No,1,1,1,0,0,0,0,0,0,0,Low,Low,No,Male,3,0,0
556,R_1eXXAfHL622jU4b,Old Treat,fab,0,0,video4_cred_fab,cred_fab,7,4,-0.868356844,Male,No,1,1,1,0,0,0,0,0,0,0,Low,Low,No,Male,3,0,0
557,R_1eXXAfHL622jU4b,Old Treat,mae,0,0,video5_cred_mae,cred_mae,9,5,-0.798026671,Male,No,1,1,1,0,0,0,0,0,0,0,Low,Low,No,Male,3,0,0
558,R_1eXXAfHL622jU4b,Old Treat,zanx,0,0,video6_cred_zanx,cred_zanx,2,6,-1.044182276,Male,No,1,1,1,0,0,0,0,0,0,0,Low,Low,No,Male,3,0,0
559,R_1exi3BMQZX4LVK8,Old Control,aby,1,2,video1_cred_aby,cred_aby,3,1,-1.00901719,Female,Yes,4,0,0,0,1,0,1,1.5,3,0,Low,Moderate,Yes,Female,1,0,0
560,R_1exi3BMQZX4LVK8,Old Control,anna,0,0,video2_cred_anna,cred_anna,0,2,-1.114512449,Female,Yes,4,0,0,0,1,0,1,0,0,0,Low,Low,Yes,Female,1,0,0
561,R_1exi3BMQZX4LVK8,Old Control,cham,0,2,video3_cred_cham,cred_cham,0,3,-1.114512449,Female,Yes,4,0,0,0,1,0,1,1,2,0,Low,Moderate,Yes,Female,1,0,0
562,R_1exi3BMQZX4LVK8,Old Control,fab,0,0,video4_cred_fab,cred_fab,0,4,-1.114512449,Female,Yes,4,0,0,0,1,0,1,0,0,0,Low,Low,Yes,Female,1,0,0
563,R_1exi3BMQZX4LVK8,Old Control,mae,0,2,video5_cred_mae,cred_mae,1,5,-1.079347363,Female,Yes,4,0,0,0,1,0,1,1,2,0,Low,Moderate,Yes,Female,1,0,0
564,R_1exi3BMQZX4LVK8,Old Control,zanx,0,0,video6_cred_zanx,cred_zanx,1,6,-1.079347363,Female,Yes,4,0,0,0,1,0,1,0,0,0,Low,Low,Yes,Female,1,0,0
565,R_1f7VpZ09sUBgvoZ,Young Treat,aby,6,7,video1_cred_aby,cred_aby,76,1,1.558034122,Male,No,2,1,0,0,0,0,0,6.5,13,12,High,High,No,Male,1,0,1
566,R_1f7VpZ09sUBgvoZ,Young Treat,anna,6,5,video2_cred_anna,cred_anna,75,2,1.522869035,Male,No,2,1,0,0,0,0,0,5.5,11,12,High,High,No,Male,1,0,1
567,R_1f7VpZ09sUBgvoZ,Young Treat,cham,5,7,video3_cred_cham,cred_cham,75,3,1.522869035,Male,No,2,1,0,0,0,0,0,6,12,12,High,High,No,Male,1,0,1
568,R_1f7VpZ09sUBgvoZ,Young Treat,fab,6,5,video4_cred_fab,cred_fab,71,4,1.382208689,Male,No,2,1,0,0,0,0,0,5.5,11,12,High,High,No,Male,1,0,1
569,R_1f7VpZ09sUBgvoZ,Young Treat,mae,5,7,video5_cred_mae,cred_mae,70,5,1.347043603,Male,No,2,1,0,0,0,0,0,6,12,12,High,High,No,Male,1,0,1
570,R_1f7VpZ09sUBgvoZ,Young Treat,zanx,5,6,video6_cred_zanx,cred_zanx,81,6,1.733859554,Male,No,2,1,0,0,0,0,0,5.5,11,12,High,High,No,Male,1,0,1
571,R_1fkOLcYu5uEKXDZ,Young Treat,aby,0,0,video1_cred_aby,cred_aby,33,1,0.045935404,Female,Yes,3,0,0,0,1,0,0,0,0,0,Low,Low,Yes,Female,1,0,1
572,R_1fkOLcYu5uEKXDZ,Young Treat,anna,0,0,video2_cred_anna,cred_anna,48,2,0.573411701,Female,Yes,3,0,0,0,1,0,0,0,0,0,Low,Low,Yes,Female,1,0,1
573,R_1fkOLcYu5uEKXDZ,Young Treat,cham,0,0,video3_cred_cham,cred_cham,48,3,0.573411701,Female,Yes,3,0,0,0,1,0,0,0,0,0,Low,Low,Yes,Female,1,0,1
574,R_1fkOLcYu5uEKXDZ,Young Treat,fab,0,0,video4_cred_fab,cred_fab,29,4,-0.094724942,Female,Yes,3,0,0,0,1,0,0,0,0,0,Low,Low,Yes,Female,1,0,1
575,R_1fkOLcYu5uEKXDZ,Young Treat,mae,0,0,video5_cred_mae,cred_mae,47,5,0.538246614,Female,Yes,3,0,0,0,1,0,0,0,0,0,Low,Low,Yes,Female,1,0,1
576,R_1fkOLcYu5uEKXDZ,Young Treat,zanx,0,0,video6_cred_zanx,cred_zanx,50,6,0.643741874,Female,Yes,3,0,0,0,1,0,0,0,0,0,Low,Low,Yes,Female,1,0,1
577,R_1gGu5TyifenWRqF,Old Control,aby,0,0,video1_cred_aby,cred_aby,7,1,-0.868356844,Female,Yes,2,1,0,0,0,1,1,0,0,0,Low,Low,Yes,Female,1,0,0
578,R_1gGu5TyifenWRqF,Old Control,anna,0,0,video2_cred_anna,cred_anna,0,2,-1.114512449,Female,Yes,2,1,0,0,0,1,1,0,0,0,Low,Low,Yes,Female,1,0,0
579,R_1gGu5TyifenWRqF,Old Control,cham,0,0,video3_cred_cham,cred_cham,9,3,-0.798026671,Female,Yes,2,1,0,0,0,1,1,0,0,0,Low,Low,Yes,Female,1,0,0
580,R_1gGu5TyifenWRqF,Old Control,fab,0,0,video4_cred_fab,cred_fab,7,4,-0.868356844,Female,Yes,2,1,0,0,0,1,1,0,0,0,Low,Low,Yes,Female,1,0,0
581,R_1gGu5TyifenWRqF,Old Control,mae,0,0,video5_cred_mae,cred_mae,5,5,-0.938687017,Female,Yes,2,1,0,0,0,1,1,0,0,0,Low,Low,Yes,Female,1,0,0
582,R_1gGu5TyifenWRqF,Old Control,zanx,0,0,video6_cred_zanx,cred_zanx,3,6,-1.00901719,Female,Yes,2,1,0,0,0,1,1,0,0,0,Low,Low,Yes,Female,1,0,0
583,R_1gii3ysXIUgtXmO,Old Control,aby,0,0,video1_cred_aby,cred_aby,0,1,-1.114512449,Female,No,4,1,0,1,1,0,0,0,0,0,Low,Low,No,Female,1,1,0
584,R_1gii3ysXIUgtXmO,Old Control,anna,0,0,video2_cred_anna,cred_anna,0,2,-1.114512449,Female,No,4,1,0,1,1,0,0,0,0,0,Low,Low,No,Female,1,1,0
585,R_1gii3ysXIUgtXmO,Old Control,cham,0,0,video3_cred_cham,cred_cham,5,3,-0.938687017,Female,No,4,1,0,1,1,0,0,0,0,0,Low,Low,No,Female,1,1,0
586,R_1gii3ysXIUgtXmO,Old Control,fab,0,0,video4_cred_fab,cred_fab,11,4,-0.727696498,Female,No,4,1,0,1,1,0,0,0,0,0,Low,Low,No,Female,1,1,0
587,R_1gii3ysXIUgtXmO,Old Control,mae,0,0,video5_cred_mae,cred_mae,50,5,0.643741874,Female,No,4,1,0,1,1,0,0,0,0,0,Low,Low,No,Female,1,1,1
588,R_1gii3ysXIUgtXmO,Old Control,zanx,0,0,video6_cred_zanx,cred_zanx,2,6,-1.044182276,Female,No,4,1,0,1,1,0,0,0,0,0,Low,Low,No,Female,1,1,0
589,R_1hxDXUVL8yqa7kd,Old Control,aby,0,0,video1_cred_aby,cred_aby,0,1,-1.114512449,Female,Yes,2,0,0,0,0,1,0,0,0,0,Low,Low,Yes,Female,1,0,0
590,R_1hxDXUVL8yqa7kd,Old Control,anna,0,0,video2_cred_anna,cred_anna,1,2,-1.079347363,Female,Yes,2,0,0,0,0,1,0,0,0,0,Low,Low,Yes,Female,1,0,0
591,R_1hxDXUVL8yqa7kd,Old Control,cham,0,0,video3_cred_cham,cred_cham,0,3,-1.114512449,Female,Yes,2,0,0,0,0,1,0,0,0,0,Low,Low,Yes,Female,1,0,0
592,R_1hxDXUVL8yqa7kd,Old Control,fab,0,0,video4_cred_fab,cred_fab,0,4,-1.114512449,Female,Yes,2,0,0,0,0,1,0,0,0,0,Low,Low,Yes,Female,1,0,0
593,R_1hxDXUVL8yqa7kd,Old Control,mae,0,0,video5_cred_mae,cred_mae,0,5,-1.114512449,Female,Yes,2,0,0,0,0,1,0,0,0,0,Low,Low,Yes,Female,1,0,0
594,R_1hxDXUVL8yqa7kd,Old Control,zanx,0,0,video6_cred_zanx,cred_zanx,0,6,-1.114512449,Female,Yes,2,0,0,0,0,1,0,0,0,0,Low,Low,Yes,Female,1,0,0
595,R_1jFEqdc2z5flrrP,Old Treat,aby,0,0,video1_cred_aby,cred_aby,50,1,0.643741874,Female,Yes,2,0,0,0,0,1,1,0,0,0,Low,Low,Yes,Female,1,0,1
596,R_1jFEqdc2z5flrrP,Old Treat,anna,0,0,video2_cred_anna,cred_anna,1,2,-1.079347363,Female,Yes,2,0,0,0,0,1,1,0,0,0,Low,Low,Yes,Female,1,0,0
597,R_1jFEqdc2z5flrrP,Old Treat,cham,0,0,video3_cred_cham,cred_cham,10,3,-0.762861585,Female,Yes,2,0,0,0,0,1,1,0,0,0,Low,Low,Yes,Female,1,0,0
598,R_1jFEqdc2z5flrrP,Old Treat,fab,0,0,video4_cred_fab,cred_fab,0,4,-1.114512449,Female,Yes,2,0,0,0,0,1,1,0,0,0,Low,Low,Yes,Female,1,0,0
599,R_1jFEqdc2z5flrrP,Old Treat,mae,0,0,video5_cred_mae,cred_mae,1,5,-1.079347363,Female,Yes,2,0,0,0,0,1,1,0,0,0,Low,Low,Yes,Female,1,0,0
600,R_1jFEqdc2z5flrrP,Old Treat,zanx,0,0,video6_cred_zanx,cred_zanx,1,6,-1.079347363,Female,Yes,2,0,0,0,0,1,1,0,0,0,Low,Low,Yes,Female,1,0,0
601,R_1jrbq2tlFc6OhSF,Young Control,aby,1,1,video1_cred_aby,cred_aby,20,1,-0.41121072,Female,Yes,3,1,0,0,0,0,0,1,2,2,Low,Moderate,Yes,Female,1,0,0
602,R_1jrbq2tlFc6OhSF,Young Control,anna,1,1,video2_cred_anna,cred_anna,29,2,-0.094724942,Female,Yes,3,1,0,0,0,0,0,1,2,2,Low,Moderate,Yes,Female,1,0,1
603,R_1jrbq2tlFc6OhSF,Young Control,cham,1,1,video3_cred_cham,cred_cham,30,3,-0.059559855,Female,Yes,3,1,0,0,0,0,0,1,2,2,Low,Moderate,Yes,Female,1,0,1
604,R_1jrbq2tlFc6OhSF,Young Control,fab,1,1,video4_cred_fab,cred_fab,11,4,-0.727696498,Female,Yes,3,1,0,0,0,0,0,1,2,2,Low,Moderate,Yes,Female,1,0,0
605,R_1jrbq2tlFc6OhSF,Young Control,mae,1,1,video5_cred_mae,cred_mae,17,5,-0.516705979,Female,Yes,3,1,0,0,0,0,0,1,2,2,Low,Moderate,Yes,Female,1,0,0
606,R_1jrbq2tlFc6OhSF,Young Control,zanx,1,1,video6_cred_zanx,cred_zanx,7,6,-0.868356844,Female,Yes,3,1,0,0,0,0,0,1,2,2,Low,Moderate,Yes,Female,1,0,0
607,R_1kRr0L8QCDbfrlT,Young Treat,aby,4,5,video1_cred_aby,cred_aby,56,1,0.854732392,Male,No,4,1,0,0,0,0,1,4.5,9,9,Moderate,High,No,Male,2,1,1
608,R_1kRr0L8QCDbfrlT,Young Treat,anna,4,5,video2_cred_anna,cred_anna,51,2,0.67890696,Male,No,4,1,0,0,0,0,1,4.5,9,9,Moderate,High,No,Male,2,1,1
609,R_1kRr0L8QCDbfrlT,Young Treat,cham,5,5,video3_cred_cham,cred_cham,61,3,1.030557825,Male,No,4,1,0,0,0,0,1,5,10,9,Moderate,High,No,Male,2,1,1
610,R_1kRr0L8QCDbfrlT,Young Treat,fab,4,5,video4_cred_fab,cred_fab,53,4,0.749237133,Male,No,4,1,0,0,0,0,1,4.5,9,9,Moderate,High,No,Male,2,1,1
611,R_1kRr0L8QCDbfrlT,Young Treat,mae,4,5,video5_cred_mae,cred_mae,64,5,1.136053084,Male,No,4,1,0,0,0,0,1,4.5,9,9,Moderate,High,No,Male,2,1,1
612,R_1kRr0L8QCDbfrlT,Young Treat,zanx,4,5,video6_cred_zanx,cred_zanx,60,6,0.995392738,Male,No,4,1,0,0,0,0,1,4.5,9,9,Moderate,High,No,Male,2,1,1
613,R_1lBQuCl6FwweyGd,Old Control,aby,NA,NA,video1_cred_aby,cred_aby,NA,1,NA,Male,Yes,4,0,0,1,0,0,0,NA,NA,3,Low,NA,Yes,Male,1,0,NA
614,R_1lBQuCl6FwweyGd,Old Control,anna,NA,NA,video2_cred_anna,cred_anna,NA,2,NA,Male,Yes,4,0,0,1,0,0,0,NA,NA,3,Low,NA,Yes,Male,1,0,NA
615,R_1lBQuCl6FwweyGd,Old Control,cham,NA,NA,video3_cred_cham,cred_cham,NA,3,NA,Male,Yes,4,0,0,1,0,0,0,NA,NA,3,Low,NA,Yes,Male,1,0,NA
616,R_1lBQuCl6FwweyGd,Old Control,fab,NA,NA,video4_cred_fab,cred_fab,50,4,0.643741874,Male,Yes,4,0,0,1,0,0,0,NA,NA,3,Low,NA,Yes,Male,1,0,1
617,R_1lBQuCl6FwweyGd,Old Control,mae,NA,NA,video5_cred_mae,cred_mae,NA,5,NA,Male,Yes,4,0,0,1,0,0,0,NA,NA,3,Low,NA,Yes,Male,1,0,NA
618,R_1lBQuCl6FwweyGd,Old Control,zanx,NA,NA,video6_cred_zanx,cred_zanx,NA,6,NA,Male,Yes,4,0,0,1,0,0,0,NA,NA,3,Low,NA,Yes,Male,1,0,NA
619,R_1mGBoOtuopTU481,Old Control,aby,0,0,video1_cred_aby,cred_aby,7,1,-0.868356844,Female,Yes,4,0,0,0,0,0,0,0,0,0,Low,Low,Yes,Female,1,0,0
620,R_1mGBoOtuopTU481,Old Control,anna,1,1,video2_cred_anna,cred_anna,10,2,-0.762861585,Female,Yes,4,0,0,0,0,0,0,1,2,0,Low,Moderate,Yes,Female,1,0,0
621,R_1mGBoOtuopTU481,Old Control,cham,0,0,video3_cred_cham,cred_cham,15,3,-0.587036152,Female,Yes,4,0,0,0,0,0,0,0,0,0,Low,Low,Yes,Female,1,0,0
622,R_1mGBoOtuopTU481,Old Control,fab,1,1,video4_cred_fab,cred_fab,50,4,0.643741874,Female,Yes,4,0,0,0,0,0,0,1,2,0,Low,Moderate,Yes,Female,1,0,1
623,R_1mGBoOtuopTU481,Old Control,mae,1,1,video5_cred_mae,cred_mae,17,5,-0.516705979,Female,Yes,4,0,0,0,0,0,0,1,2,0,Low,Moderate,Yes,Female,1,0,0
624,R_1mGBoOtuopTU481,Old Control,zanx,0,1,video6_cred_zanx,cred_zanx,40,6,0.292091009,Female,Yes,4,0,0,0,0,0,0,0.5,1,0,Low,Moderate,Yes,Female,1,0,1
625,R_1mqJZagv8d8p5M8,Young Control,aby,5,5,video1_cred_aby,cred_aby,75,1,1.522869035,Male,No,2,0,0,1,0,0,0,5,10,9,Moderate,High,No,Male,1,1,1
626,R_1mqJZagv8d8p5M8,Young Control,anna,5,5,video2_cred_anna,cred_anna,75,2,1.522869035,Male,No,2,0,0,1,0,0,0,5,10,9,Moderate,High,No,Male,1,1,1
627,R_1mqJZagv8d8p5M8,Young Control,cham,6,5,video3_cred_cham,cred_cham,76,3,1.558034122,Male,No,2,0,0,1,0,0,0,5.5,11,9,Moderate,High,No,Male,1,1,1
628,R_1mqJZagv8d8p5M8,Young Control,fab,5,5,video4_cred_fab,cred_fab,70,4,1.347043603,Male,No,2,0,0,1,0,0,0,5,10,9,Moderate,High,No,Male,1,1,1
629,R_1mqJZagv8d8p5M8,Young Control,mae,5,5,video5_cred_mae,cred_mae,70,5,1.347043603,Male,No,2,0,0,1,0,0,0,5,10,9,Moderate,High,No,Male,1,1,1
630,R_1mqJZagv8d8p5M8,Young Control,zanx,5,6,video6_cred_zanx,cred_zanx,75,6,1.522869035,Male,No,2,0,0,1,0,0,0,5.5,11,9,Moderate,High,No,Male,1,1,1
631,R_1myhP1kT4Y1780P,Young Control,aby,0,0,video1_cred_aby,cred_aby,17,1,-0.516705979,Female,Yes,3,0,0,0,1,0,0,0,0,7,Moderate,Low,Yes,Female,1,1,0
632,R_1myhP1kT4Y1780P,Young Control,anna,3,2,video2_cred_anna,cred_anna,57,2,0.889897479,Female,Yes,3,0,0,0,1,0,0,2.5,5,7,Moderate,High,Yes,Female,1,1,1
633,R_1myhP1kT4Y1780P,Young Control,cham,1,1,video3_cred_cham,cred_cham,31,3,-0.024394769,Female,Yes,3,0,0,0,1,0,0,1,2,7,Moderate,Moderate,Yes,Female,1,1,1
634,R_1myhP1kT4Y1780P,Young Control,fab,3,2,video4_cred_fab,cred_fab,45,4,0.467916441,Female,Yes,3,0,0,0,1,0,0,2.5,5,7,Moderate,High,Yes,Female,1,1,1
635,R_1myhP1kT4Y1780P,Young Control,mae,1,1,video5_cred_mae,cred_mae,28,5,-0.129890028,Female,Yes,3,0,0,0,1,0,0,1,2,7,Moderate,Moderate,Yes,Female,1,1,1
636,R_1myhP1kT4Y1780P,Young Control,zanx,4,3,video6_cred_zanx,cred_zanx,50,6,0.643741874,Female,Yes,3,0,0,0,1,0,0,3.5,7,7,Moderate,High,Yes,Female,1,1,1
637,R_1n29u8dMSU6WgRC,Old Control,aby,1,1,video1_cred_aby,cred_aby,20,1,-0.41121072,Female,No,1,0,0,0,1,0,0,1,2,2,Low,Moderate,No,Female,1,0,0
638,R_1n29u8dMSU6WgRC,Old Control,anna,1,1,video2_cred_anna,cred_anna,10,2,-0.762861585,Female,No,1,0,0,0,1,0,0,1,2,2,Low,Moderate,No,Female,1,0,0
639,R_1n29u8dMSU6WgRC,Old Control,cham,1,0,video3_cred_cham,cred_cham,21,3,-0.376045634,Female,No,1,0,0,0,1,0,0,0.5,1,2,Low,Moderate,No,Female,1,0,0
640,R_1n29u8dMSU6WgRC,Old Control,fab,0,0,video4_cred_fab,cred_fab,22,4,-0.340880547,Female,No,1,0,0,0,1,0,0,0,0,2,Low,Low,No,Female,1,0,0
641,R_1n29u8dMSU6WgRC,Old Control,mae,0,1,video5_cred_mae,cred_mae,17,5,-0.516705979,Female,No,1,0,0,0,1,0,0,0.5,1,2,Low,Moderate,No,Female,1,0,0
642,R_1n29u8dMSU6WgRC,Old Control,zanx,1,1,video6_cred_zanx,cred_zanx,24,6,-0.270550374,Female,No,1,0,0,0,1,0,0,1,2,2,Low,Moderate,No,Female,1,0,1
643,R_1nGX4LGLzXq4KnT,Old Control,aby,0,1,video1_cred_aby,cred_aby,50,1,0.643741874,Female,Yes,4,0,0,0,0,1,0,0.5,1,0,Low,Moderate,Yes,Female,1,0,1
644,R_1nGX4LGLzXq4KnT,Old Control,anna,0,1,video2_cred_anna,cred_anna,6,2,-0.903521931,Female,Yes,4,0,0,0,0,1,0,0.5,1,0,Low,Moderate,Yes,Female,1,0,0
645,R_1nGX4LGLzXq4KnT,Old Control,cham,1,0,video3_cred_cham,cred_cham,46,3,0.503081528,Female,Yes,4,0,0,0,0,1,0,0.5,1,0,Low,Moderate,Yes,Female,1,0,1
646,R_1nGX4LGLzXq4KnT,Old Control,fab,0,0,video4_cred_fab,cred_fab,0,4,-1.114512449,Female,Yes,4,0,0,0,0,1,0,0,0,0,Low,Low,Yes,Female,1,0,0
647,R_1nGX4LGLzXq4KnT,Old Control,mae,0,0,video5_cred_mae,cred_mae,11,5,-0.727696498,Female,Yes,4,0,0,0,0,1,0,0,0,0,Low,Low,Yes,Female,1,0,0
648,R_1nGX4LGLzXq4KnT,Old Control,zanx,0,0,video6_cred_zanx,cred_zanx,4,6,-0.973852103,Female,Yes,4,0,0,0,0,1,0,0,0,0,Low,Low,Yes,Female,1,0,0
649,R_1nVJ4V0DSXzSn0l,Young Control,aby,4,3,video1_cred_aby,cred_aby,45,1,0.467916441,Female,No,4,1,0,0,0,0,1,3.5,7,8,Moderate,High,No,Female,2,1,1
650,R_1nVJ4V0DSXzSn0l,Young Control,anna,4,3,video2_cred_anna,cred_anna,51,2,0.67890696,Female,No,4,1,0,0,0,0,1,3.5,7,8,Moderate,High,No,Female,2,1,1
651,R_1nVJ4V0DSXzSn0l,Young Control,cham,4,NA,video3_cred_cham,cred_cham,65,3,1.171218171,Female,No,4,1,0,0,0,0,1,4,NA,8,Moderate,NA,No,Female,2,1,1
652,R_1nVJ4V0DSXzSn0l,Young Control,fab,4,3,video4_cred_fab,cred_fab,51,4,0.67890696,Female,No,4,1,0,0,0,0,1,3.5,7,8,Moderate,High,No,Female,2,1,1
653,R_1nVJ4V0DSXzSn0l,Young Control,mae,3,2,video5_cred_mae,cred_mae,46,5,0.503081528,Female,No,4,1,0,0,0,0,1,2.5,5,8,Moderate,High,No,Female,2,1,1
654,R_1nVJ4V0DSXzSn0l,Young Control,zanx,3,4,video6_cred_zanx,cred_zanx,47,6,0.538246614,Female,No,4,1,0,0,0,0,1,3.5,7,8,Moderate,High,No,Female,2,1,1
655,R_1pVPP9U3mCEh4tv,Young Control,aby,6,6,video1_cred_aby,cred_aby,50,1,0.643741874,Male,No,4,0,1,0,0,0,0,6,12,12,High,High,No,Male,1,0,1
656,R_1pVPP9U3mCEh4tv,Young Control,anna,3,4,video2_cred_anna,cred_anna,52,2,0.714072047,Male,No,4,0,1,0,0,0,0,3.5,7,12,High,High,No,Male,1,0,1
657,R_1pVPP9U3mCEh4tv,Young Control,cham,4,4,video3_cred_cham,cred_cham,56,3,0.854732392,Male,No,4,0,1,0,0,0,0,4,8,12,High,High,No,Male,1,0,1
658,R_1pVPP9U3mCEh4tv,Young Control,fab,4,5,video4_cred_fab,cred_fab,53,4,0.749237133,Male,No,4,0,1,0,0,0,0,4.5,9,12,High,High,No,Male,1,0,1
659,R_1pVPP9U3mCEh4tv,Young Control,mae,4,4,video5_cred_mae,cred_mae,46,5,0.503081528,Male,No,4,0,1,0,0,0,0,4,8,12,High,High,No,Male,1,0,1
660,R_1pVPP9U3mCEh4tv,Young Control,zanx,3,4,video6_cred_zanx,cred_zanx,56,6,0.854732392,Male,No,4,0,1,0,0,0,0,3.5,7,12,High,High,No,Male,1,0,1
661,R_1q88QNqxKiLHhei,Old Control,aby,1,1,video1_cred_aby,cred_aby,13,1,-0.657366325,Male,Yes,3,1,0,0,0,0,0,1,2,4,Low,Moderate,Yes,Male,1,0,0
662,R_1q88QNqxKiLHhei,Old Control,anna,2,2,video2_cred_anna,cred_anna,19,2,-0.446375807,Male,Yes,3,1,0,0,0,0,0,2,4,4,Low,High,Yes,Male,1,0,0
663,R_1q88QNqxKiLHhei,Old Control,cham,2,2,video3_cred_cham,cred_cham,18,3,-0.481540893,Male,Yes,3,1,0,0,0,0,0,2,4,4,Low,High,Yes,Male,1,0,0
664,R_1q88QNqxKiLHhei,Old Control,fab,2,2,video4_cred_fab,cred_fab,21,4,-0.376045634,Male,Yes,3,1,0,0,0,0,0,2,4,4,Low,High,Yes,Male,1,0,0
665,R_1q88QNqxKiLHhei,Old Control,mae,1,1,video5_cred_mae,cred_mae,19,5,-0.446375807,Male,Yes,3,1,0,0,0,0,0,1,2,4,Low,Moderate,Yes,Male,1,0,0
666,R_1q88QNqxKiLHhei,Old Control,zanx,1,1,video6_cred_zanx,cred_zanx,12,6,-0.692531412,Male,Yes,3,1,0,0,0,0,0,1,2,4,Low,Moderate,Yes,Male,1,0,0
667,R_1qxt9YxQti9yeIl,Young Treat,aby,0,0,video1_cred_aby,cred_aby,50,1,0.643741874,Male,Yes,4,0,0,0,0,1,1,0,0,0,Low,Low,Yes,Male,1,0,1
668,R_1qxt9YxQti9yeIl,Young Treat,anna,0,0,video2_cred_anna,cred_anna,50,2,0.643741874,Male,Yes,4,0,0,0,0,1,1,0,0,0,Low,Low,Yes,Male,1,0,1
669,R_1qxt9YxQti9yeIl,Young Treat,cham,0,0,video3_cred_cham,cred_cham,50,3,0.643741874,Male,Yes,4,0,0,0,0,1,1,0,0,0,Low,Low,Yes,Male,1,0,1
670,R_1qxt9YxQti9yeIl,Young Treat,fab,0,0,video4_cred_fab,cred_fab,50,4,0.643741874,Male,Yes,4,0,0,0,0,1,1,0,0,0,Low,Low,Yes,Male,1,0,1
671,R_1qxt9YxQti9yeIl,Young Treat,mae,0,0,video5_cred_mae,cred_mae,50,5,0.643741874,Male,Yes,4,0,0,0,0,1,1,0,0,0,Low,Low,Yes,Male,1,0,1
672,R_1qxt9YxQti9yeIl,Young Treat,zanx,0,0,video6_cred_zanx,cred_zanx,0,6,-1.114512449,Male,Yes,4,0,0,0,0,1,1,0,0,0,Low,Low,Yes,Male,1,0,0
673,R_1rDvDg9h58m2Fk5,Young Treat,aby,0,0,video1_cred_aby,cred_aby,18,1,-0.481540893,Female,Yes,4,0,0,0,0,0,0,0,0,0,Low,Low,Yes,Female,1,0,0
674,R_1rDvDg9h58m2Fk5,Young Treat,anna,0,0,video2_cred_anna,cred_anna,62,2,1.065722911,Female,Yes,4,0,0,0,0,0,0,0,0,0,Low,Low,Yes,Female,1,0,1
675,R_1rDvDg9h58m2Fk5,Young Treat,cham,0,0,video3_cred_cham,cred_cham,60,3,0.995392738,Female,Yes,4,0,0,0,0,0,0,0,0,0,Low,Low,Yes,Female,1,0,1
676,R_1rDvDg9h58m2Fk5,Young Treat,fab,0,0,video4_cred_fab,cred_fab,30,4,-0.059559855,Female,Yes,4,0,0,0,0,0,0,0,0,0,Low,Low,Yes,Female,1,0,1
677,R_1rDvDg9h58m2Fk5,Young Treat,mae,0,0,video5_cred_mae,cred_mae,45,5,0.467916441,Female,Yes,4,0,0,0,0,0,0,0,0,0,Low,Low,Yes,Female,1,0,1
678,R_1rDvDg9h58m2Fk5,Young Treat,zanx,0,0,video6_cred_zanx,cred_zanx,14,6,-0.622201239,Female,Yes,4,0,0,0,0,0,0,0,0,0,Low,Low,Yes,Female,1,0,0
679,R_1rIlX2BiEdN8kul,Old Control,aby,1,1,video1_cred_aby,cred_aby,14,1,-0.622201239,Male,No,4,1,0,0,0,0,1,1,2,5,Moderate,Moderate,No,Male,1,0,0
680,R_1rIlX2BiEdN8kul,Old Control,anna,1,1,video2_cred_anna,cred_anna,16,2,-0.551871066,Male,No,4,1,0,0,0,0,1,1,2,5,Moderate,Moderate,No,Male,1,0,0
681,R_1rIlX2BiEdN8kul,Old Control,cham,1,1,video3_cred_cham,cred_cham,12,3,-0.692531412,Male,No,4,1,0,0,0,0,1,1,2,5,Moderate,Moderate,No,Male,1,0,0
682,R_1rIlX2BiEdN8kul,Old Control,fab,2,2,video4_cred_fab,cred_fab,25,4,-0.235385288,Male,No,4,1,0,0,0,0,1,2,4,5,Moderate,High,No,Male,1,0,1
683,R_1rIlX2BiEdN8kul,Old Control,mae,2,3,video5_cred_mae,cred_mae,40,5,0.292091009,Male,No,4,1,0,0,0,0,1,2.5,5,5,Moderate,High,No,Male,1,0,1
684,R_1rIlX2BiEdN8kul,Old Control,zanx,1,1,video6_cred_zanx,cred_zanx,17,6,-0.516705979,Male,No,4,1,0,0,0,0,1,1,2,5,Moderate,Moderate,No,Male,1,0,0
685,R_1szuBkReEx7sFRo,Young Control,aby,0,0,video1_cred_aby,cred_aby,100,1,2.401996197,Female,No,3,0,0,1,0,0,0,0,0,0,Low,Low,No,Female,1,0,1
686,R_1szuBkReEx7sFRo,Young Control,anna,0,0,video2_cred_anna,cred_anna,5,2,-0.938687017,Female,No,3,0,0,1,0,0,0,0,0,0,Low,Low,No,Female,1,0,0
687,R_1szuBkReEx7sFRo,Young Control,cham,0,0,video3_cred_cham,cred_cham,0,3,-1.114512449,Female,No,3,0,0,1,0,0,0,0,0,0,Low,Low,No,Female,1,0,0
688,R_1szuBkReEx7sFRo,Young Control,fab,0,0,video4_cred_fab,cred_fab,22,4,-0.340880547,Female,No,3,0,0,1,0,0,0,0,0,0,Low,Low,No,Female,1,0,0
689,R_1szuBkReEx7sFRo,Young Control,mae,0,0,video5_cred_mae,cred_mae,0,5,-1.114512449,Female,No,3,0,0,1,0,0,0,0,0,0,Low,Low,No,Female,1,0,0
690,R_1szuBkReEx7sFRo,Young Control,zanx,0,0,video6_cred_zanx,cred_zanx,0,6,-1.114512449,Female,No,3,0,0,1,0,0,0,0,0,0,Low,Low,No,Female,1,0,0
691,R_1tSRiw1TSUrQV2x,Old Control,aby,NA,6,video1_cred_aby,cred_aby,NA,1,NA,Male,No,2,0,0,1,0,0,0,6,NA,12,High,NA,No,Male,1,1,NA
692,R_1tSRiw1TSUrQV2x,Old Control,anna,NA,NA,video2_cred_anna,cred_anna,NA,2,NA,Male,No,2,0,0,1,0,0,0,NA,NA,12,High,NA,No,Male,1,1,NA
693,R_1tSRiw1TSUrQV2x,Old Control,cham,6,6,video3_cred_cham,cred_cham,83,3,1.804189727,Male,No,2,0,0,1,0,0,0,6,12,12,High,High,No,Male,1,1,1
694,R_1tSRiw1TSUrQV2x,Old Control,fab,NA,NA,video4_cred_fab,cred_fab,NA,4,NA,Male,No,2,0,0,1,0,0,0,NA,NA,12,High,NA,No,Male,1,1,NA
695,R_1tSRiw1TSUrQV2x,Old Control,mae,NA,NA,video5_cred_mae,cred_mae,NA,5,NA,Male,No,2,0,0,1,0,0,0,NA,NA,12,High,NA,No,Male,1,1,NA
696,R_1tSRiw1TSUrQV2x,Old Control,zanx,NA,NA,video6_cred_zanx,cred_zanx,NA,6,NA,Male,No,2,0,0,1,0,0,0,NA,NA,12,High,NA,No,Male,1,1,NA
697,R_1tu0xmzRTDotSCD,Old Control,aby,5,4,video1_cred_aby,cred_aby,52,1,0.714072047,Male,No,4,1,0,0,0,0,1,4.5,9,7,Moderate,High,No,Male,1,0,1
698,R_1tu0xmzRTDotSCD,Old Control,anna,4,3,video2_cred_anna,cred_anna,48,2,0.573411701,Male,No,4,1,0,0,0,0,1,3.5,7,7,Moderate,High,No,Male,1,0,1
699,R_1tu0xmzRTDotSCD,Old Control,cham,4,5,video3_cred_cham,cred_cham,63,3,1.100887998,Male,No,4,1,0,0,0,0,1,4.5,9,7,Moderate,High,No,Male,1,0,1
700,R_1tu0xmzRTDotSCD,Old Control,fab,3,2,video4_cred_fab,cred_fab,27,4,-0.165055115,Male,No,4,1,0,0,0,0,1,2.5,5,7,Moderate,High,No,Male,1,0,1
701,R_1tu0xmzRTDotSCD,Old Control,mae,4,3,video5_cred_mae,cred_mae,31,5,-0.024394769,Male,No,4,1,0,0,0,0,1,3.5,7,7,Moderate,High,No,Male,1,0,1
702,R_1tu0xmzRTDotSCD,Old Control,zanx,5,4,video6_cred_zanx,cred_zanx,64,6,1.136053084,Male,No,4,1,0,0,0,0,1,4.5,9,7,Moderate,High,No,Male,1,0,1
703,R_1u4D0n9pFZBL2vf,Young Control,aby,1,1,video1_cred_aby,cred_aby,3,1,-1.00901719,Female,No,2,1,0,0,0,0,0,1,2,2,Low,Moderate,No,Female,1,0,0
704,R_1u4D0n9pFZBL2vf,Young Control,anna,1,1,video2_cred_anna,cred_anna,1,2,-1.079347363,Female,No,2,1,0,0,0,0,0,1,2,2,Low,Moderate,No,Female,1,0,0
705,R_1u4D0n9pFZBL2vf,Young Control,cham,1,1,video3_cred_cham,cred_cham,2,3,-1.044182276,Female,No,2,1,0,0,0,0,0,1,2,2,Low,Moderate,No,Female,1,0,0
706,R_1u4D0n9pFZBL2vf,Young Control,fab,1,1,video4_cred_fab,cred_fab,7,4,-0.868356844,Female,No,2,1,0,0,0,0,0,1,2,2,Low,Moderate,No,Female,1,0,0
707,R_1u4D0n9pFZBL2vf,Young Control,mae,1,7,video5_cred_mae,cred_mae,4,5,-0.973852103,Female,No,2,1,0,0,0,0,0,4,8,2,Low,High,No,Female,1,0,0
708,R_1u4D0n9pFZBL2vf,Young Control,zanx,1,1,video6_cred_zanx,cred_zanx,10,6,-0.762861585,Female,No,2,1,0,0,0,0,0,1,2,2,Low,Moderate,No,Female,1,0,0
709,R_1uOpjEeRyglMzlv,Young Treat,aby,2,3,video1_cred_aby,cred_aby,34,1,0.08110049,I prefer not to answer,Yes,1,0,0,0,0,1,0,2.5,5,8,Moderate,High,Yes,NA,NA,0,1
710,R_1uOpjEeRyglMzlv,Young Treat,anna,3,3,video2_cred_anna,cred_anna,19,2,-0.446375807,I prefer not to answer,Yes,1,0,0,0,0,1,0,3,6,8,Moderate,High,Yes,NA,NA,0,0
711,R_1uOpjEeRyglMzlv,Young Treat,cham,2,1,video3_cred_cham,cred_cham,24,3,-0.270550374,I prefer not to answer,Yes,1,0,0,0,0,1,0,1.5,3,8,Moderate,Moderate,Yes,NA,NA,0,1
712,R_1uOpjEeRyglMzlv,Young Treat,fab,2,2,video4_cred_fab,cred_fab,17,4,-0.516705979,I prefer not to answer,Yes,1,0,0,0,0,1,0,2,4,8,Moderate,High,Yes,NA,NA,0,0
713,R_1uOpjEeRyglMzlv,Young Treat,mae,3,3,video5_cred_mae,cred_mae,0,5,-1.114512449,I prefer not to answer,Yes,1,0,0,0,0,1,0,3,6,8,Moderate,High,Yes,NA,NA,0,0
714,R_1uOpjEeRyglMzlv,Young Treat,zanx,0,1,video6_cred_zanx,cred_zanx,0,6,-1.114512449,I prefer not to answer,Yes,1,0,0,0,0,1,0,0.5,1,8,Moderate,Moderate,Yes,NA,NA,0,0
715,R_1v98IPTOSXs2VGy,Old Treat,aby,7,7,video1_cred_aby,cred_aby,10,1,-0.762861585,Female,No,3,0,0,1,0,0,1,7,14,0,Low,High,No,Female,1,0,0
716,R_1v98IPTOSXs2VGy,Old Treat,anna,1,1,video2_cred_anna,cred_anna,38,2,0.221760836,Female,No,3,0,0,1,0,0,1,1,2,0,Low,Moderate,No,Female,1,0,1
717,R_1v98IPTOSXs2VGy,Old Treat,cham,2,2,video3_cred_cham,cred_cham,30,3,-0.059559855,Female,No,3,0,0,1,0,0,1,2,4,0,Low,High,No,Female,1,0,1
718,R_1v98IPTOSXs2VGy,Old Treat,fab,2,1,video4_cred_fab,cred_fab,42,4,0.362421182,Female,No,3,0,0,1,0,0,1,1.5,3,0,Low,Moderate,No,Female,1,0,1
719,R_1v98IPTOSXs2VGy,Old Treat,mae,2,2,video5_cred_mae,cred_mae,31,5,-0.024394769,Female,No,3,0,0,1,0,0,1,2,4,0,Low,High,No,Female,1,0,1
720,R_1v98IPTOSXs2VGy,Old Treat,zanx,1,1,video6_cred_zanx,cred_zanx,17,6,-0.516705979,Female,No,3,0,0,1,0,0,1,1,2,0,Low,Moderate,No,Female,1,0,0
721,R_1woRiNrqQ55ZfuJ,Old Treat,aby,7,5,video1_cred_aby,cred_aby,59,1,0.960227652,Male,Yes,2,0,0,0,0,1,0,6,12,0,Low,High,Yes,Male,1,0,1
722,R_1woRiNrqQ55ZfuJ,Old Treat,anna,7,7,video2_cred_anna,cred_anna,92,2,2.120675505,Male,Yes,2,0,0,0,0,1,0,7,14,0,Low,High,Yes,Male,1,0,1
723,R_1woRiNrqQ55ZfuJ,Old Treat,cham,5,6,video3_cred_cham,cred_cham,75,3,1.522869035,Male,Yes,2,0,0,0,0,1,0,5.5,11,0,Low,High,Yes,Male,1,0,1
724,R_1woRiNrqQ55ZfuJ,Old Treat,fab,5,5,video4_cred_fab,cred_fab,62,4,1.065722911,Male,Yes,2,0,0,0,0,1,0,5,10,0,Low,High,Yes,Male,1,0,1
725,R_1woRiNrqQ55ZfuJ,Old Treat,mae,7,7,video5_cred_mae,cred_mae,99,5,2.36683111,Male,Yes,2,0,0,0,0,1,0,7,14,0,Low,High,Yes,Male,1,0,1
726,R_1woRiNrqQ55ZfuJ,Old Treat,zanx,7,6,video6_cred_zanx,cred_zanx,84,6,1.839354813,Male,Yes,2,0,0,0,0,1,0,6.5,13,0,Low,High,Yes,Male,1,0,1
727,R_1woSsAtr7J6qNY2,Young Control,aby,1,1,video1_cred_aby,cred_aby,32,1,0.010770317,Male,Yes,3,0,0,0,0,1,1,1,2,5,Moderate,Moderate,Yes,Male,1,0,1
728,R_1woSsAtr7J6qNY2,Young Control,anna,2,2,video2_cred_anna,cred_anna,42,2,0.362421182,Male,Yes,3,0,0,0,0,1,1,2,4,5,Moderate,High,Yes,Male,1,0,1
729,R_1woSsAtr7J6qNY2,Young Control,cham,0,0,video3_cred_cham,cred_cham,43,3,0.397586269,Male,Yes,3,0,0,0,0,1,1,0,0,5,Moderate,Low,Yes,Male,1,0,1
730,R_1woSsAtr7J6qNY2,Young Control,fab,0,0,video4_cred_fab,cred_fab,11,4,-0.727696498,Male,Yes,3,0,0,0,0,1,1,0,0,5,Moderate,Low,Yes,Male,1,0,0
731,R_1woSsAtr7J6qNY2,Young Control,mae,1,1,video5_cred_mae,cred_mae,28,5,-0.129890028,Male,Yes,3,0,0,0,0,1,1,1,2,5,Moderate,Moderate,Yes,Male,1,0,1
732,R_1woSsAtr7J6qNY2,Young Control,zanx,0,0,video6_cred_zanx,cred_zanx,11,6,-0.727696498,Male,Yes,3,0,0,0,0,1,1,0,0,5,Moderate,Low,Yes,Male,1,0,0
733,R_1wt0Olg0uTYJP2R,Old Treat,aby,NA,NA,video1_cred_aby,cred_aby,NA,1,NA,Male,Yes,2,0,0,1,0,0,1,NA,NA,NA,NA,NA,Yes,Male,1,1,NA
734,R_1wt0Olg0uTYJP2R,Old Treat,anna,NA,NA,video2_cred_anna,cred_anna,NA,2,NA,Male,Yes,2,0,0,1,0,0,1,NA,NA,NA,NA,NA,Yes,Male,1,1,NA
735,R_1wt0Olg0uTYJP2R,Old Treat,cham,NA,NA,video3_cred_cham,cred_cham,NA,3,NA,Male,Yes,2,0,0,1,0,0,1,NA,NA,NA,NA,NA,Yes,Male,1,1,NA
736,R_1wt0Olg0uTYJP2R,Old Treat,fab,NA,NA,video4_cred_fab,cred_fab,NA,4,NA,Male,Yes,2,0,0,1,0,0,1,NA,NA,NA,NA,NA,Yes,Male,1,1,NA
737,R_1wt0Olg0uTYJP2R,Old Treat,mae,NA,NA,video5_cred_mae,cred_mae,NA,5,NA,Male,Yes,2,0,0,1,0,0,1,NA,NA,NA,NA,NA,Yes,Male,1,1,NA
738,R_1wt0Olg0uTYJP2R,Old Treat,zanx,NA,NA,video6_cred_zanx,cred_zanx,NA,6,NA,Male,Yes,2,0,0,1,0,0,1,NA,NA,NA,NA,NA,Yes,Male,1,1,NA
739,R_1xhahKT89kSuloZ,Old Treat,aby,1,1,video1_cred_aby,cred_aby,1,1,-1.079347363,Female,Yes,2,1,0,0,0,1,1,1,2,3,Low,Moderate,Yes,Female,1,0,0
740,R_1xhahKT89kSuloZ,Old Treat,anna,1,1,video2_cred_anna,cred_anna,2,2,-1.044182276,Female,Yes,2,1,0,0,0,1,1,1,2,3,Low,Moderate,Yes,Female,1,0,0
741,R_1xhahKT89kSuloZ,Old Treat,cham,1,1,video3_cred_cham,cred_cham,1,3,-1.079347363,Female,Yes,2,1,0,0,0,1,1,1,2,3,Low,Moderate,Yes,Female,1,0,0
742,R_1xhahKT89kSuloZ,Old Treat,fab,1,1,video4_cred_fab,cred_fab,2,4,-1.044182276,Female,Yes,2,1,0,0,0,1,1,1,2,3,Low,Moderate,Yes,Female,1,0,0
743,R_1xhahKT89kSuloZ,Old Treat,mae,1,1,video5_cred_mae,cred_mae,1,5,-1.079347363,Female,Yes,2,1,0,0,0,1,1,1,2,3,Low,Moderate,Yes,Female,1,0,0
744,R_1xhahKT89kSuloZ,Old Treat,zanx,1,1,video6_cred_zanx,cred_zanx,12,6,-0.692531412,Female,Yes,2,1,0,0,0,1,1,1,2,3,Low,Moderate,Yes,Female,1,0,0
745,R_1yfZfm3hzKJrIL7,Old Control,aby,6,6,video1_cred_aby,cred_aby,87,1,1.944850073,Male,Yes,2,0,0,1,0,0,0,6,12,12,High,High,Yes,Male,3,1,1
746,R_1yfZfm3hzKJrIL7,Old Control,anna,6,6,video2_cred_anna,cred_anna,83,2,1.804189727,Male,Yes,2,0,0,1,0,0,0,6,12,12,High,High,Yes,Male,3,1,1
747,R_1yfZfm3hzKJrIL7,Old Control,cham,6,6,video3_cred_cham,cred_cham,90,3,2.050345332,Male,Yes,2,0,0,1,0,0,0,6,12,12,High,High,Yes,Male,3,1,1
748,R_1yfZfm3hzKJrIL7,Old Control,fab,6,6,video4_cred_fab,cred_fab,88,4,1.980015159,Male,Yes,2,0,0,1,0,0,0,6,12,12,High,High,Yes,Male,3,1,1
749,R_1yfZfm3hzKJrIL7,Old Control,mae,6,6,video5_cred_mae,cred_mae,85,5,1.8745199,Male,Yes,2,0,0,1,0,0,0,6,12,12,High,High,Yes,Male,3,1,1
750,R_1yfZfm3hzKJrIL7,Old Control,zanx,6,6,video6_cred_zanx,cred_zanx,89,6,2.015180246,Male,Yes,2,0,0,1,0,0,0,6,12,12,High,High,Yes,Male,3,1,1
751,R_1yru4RK0ndyd3As,Old Treat,aby,0,0,video1_cred_aby,cred_aby,0,1,-1.114512449,Female,Yes,3,0,0,0,0,1,0,0,0,0,Low,Low,Yes,Female,1,0,0
752,R_1yru4RK0ndyd3As,Old Treat,anna,0,0,video2_cred_anna,cred_anna,0,2,-1.114512449,Female,Yes,3,0,0,0,0,1,0,0,0,0,Low,Low,Yes,Female,1,0,0
753,R_1yru4RK0ndyd3As,Old Treat,cham,NA,NA,video3_cred_cham,cred_cham,0,3,-1.114512449,Female,Yes,3,0,0,0,0,1,0,NA,NA,0,Low,NA,Yes,Female,1,0,0
754,R_1yru4RK0ndyd3As,Old Treat,fab,0,0,video4_cred_fab,cred_fab,0,4,-1.114512449,Female,Yes,3,0,0,0,0,1,0,0,0,0,Low,Low,Yes,Female,1,0,0
755,R_1yru4RK0ndyd3As,Old Treat,mae,NA,NA,video5_cred_mae,cred_mae,0,5,-1.114512449,Female,Yes,3,0,0,0,0,1,0,NA,NA,0,Low,NA,Yes,Female,1,0,0
756,R_1yru4RK0ndyd3As,Old Treat,zanx,NA,NA,video6_cred_zanx,cred_zanx,NA,6,NA,Female,Yes,3,0,0,0,0,1,0,NA,NA,0,Low,NA,Yes,Female,1,0,NA
757,R_1zMTcNCwlwi23gg,Old Control,aby,0,7,video1_cred_aby,cred_aby,14,1,-0.622201239,Female,No,3,0,0,1,0,0,1,3.5,7,7,Moderate,High,No,Female,1,1,0
758,R_1zMTcNCwlwi23gg,Old Control,anna,1,0,video2_cred_anna,cred_anna,14,2,-0.622201239,Female,No,3,0,0,1,0,0,1,0.5,1,7,Moderate,Moderate,No,Female,1,1,0
759,R_1zMTcNCwlwi23gg,Old Control,cham,0,1,video3_cred_cham,cred_cham,25,3,-0.235385288,Female,No,3,0,0,1,0,0,1,0.5,1,7,Moderate,Moderate,No,Female,1,1,1
760,R_1zMTcNCwlwi23gg,Old Control,fab,0,7,video4_cred_fab,cred_fab,84,4,1.839354813,Female,No,3,0,0,1,0,0,1,3.5,7,7,Moderate,High,No,Female,1,1,1
761,R_1zMTcNCwlwi23gg,Old Control,mae,0,1,video5_cred_mae,cred_mae,9,5,-0.798026671,Female,No,3,0,0,1,0,0,1,0.5,1,7,Moderate,Moderate,No,Female,1,1,0
762,R_1zMTcNCwlwi23gg,Old Control,zanx,0,7,video6_cred_zanx,cred_zanx,0,6,-1.114512449,Female,No,3,0,0,1,0,0,1,3.5,7,7,Moderate,High,No,Female,1,1,0
763,R_1zQAV6HC9V8tSx3,Old Treat,aby,1,1,video1_cred_aby,cred_aby,13,1,-0.657366325,Female,No,3,0,0,1,0,0,0,1,2,0,Low,Moderate,No,Female,1,0,0
764,R_1zQAV6HC9V8tSx3,Old Treat,anna,1,1,video2_cred_anna,cred_anna,15,2,-0.587036152,Female,No,3,0,0,1,0,0,0,1,2,0,Low,Moderate,No,Female,1,0,0
765,R_1zQAV6HC9V8tSx3,Old Treat,cham,1,1,video3_cred_cham,cred_cham,17,3,-0.516705979,Female,No,3,0,0,1,0,0,0,1,2,0,Low,Moderate,No,Female,1,0,0
766,R_1zQAV6HC9V8tSx3,Old Treat,fab,1,1,video4_cred_fab,cred_fab,20,4,-0.41121072,Female,No,3,0,0,1,0,0,0,1,2,0,Low,Moderate,No,Female,1,0,0
767,R_1zQAV6HC9V8tSx3,Old Treat,mae,1,2,video5_cred_mae,cred_mae,14,5,-0.622201239,Female,No,3,0,0,1,0,0,0,1.5,3,0,Low,Moderate,No,Female,1,0,0
768,R_1zQAV6HC9V8tSx3,Old Treat,zanx,2,2,video6_cred_zanx,cred_zanx,27,6,-0.165055115,Female,No,3,0,0,1,0,0,0,2,4,0,Low,High,No,Female,1,0,1
769,R_301wwgqmN8de0ev,Young Control,aby,6,5,video1_cred_aby,cred_aby,67,1,1.241548344,Male,Yes,4,1,0,0,0,0,1,5.5,11,11,High,High,Yes,Male,2,1,1
770,R_301wwgqmN8de0ev,Young Control,anna,6,5,video2_cred_anna,cred_anna,73,2,1.452538862,Male,Yes,4,1,0,0,0,0,1,5.5,11,11,High,High,Yes,Male,2,1,1
771,R_301wwgqmN8de0ev,Young Control,cham,5,7,video3_cred_cham,cred_cham,80,3,1.698694468,Male,Yes,4,1,0,0,0,0,1,6,12,11,High,High,Yes,Male,2,1,1
772,R_301wwgqmN8de0ev,Young Control,fab,6,6,video4_cred_fab,cred_fab,79,4,1.663529381,Male,Yes,4,1,0,0,0,0,1,6,12,11,High,High,Yes,Male,2,1,1
773,R_301wwgqmN8de0ev,Young Control,mae,6,4,video5_cred_mae,cred_mae,83,5,1.804189727,Male,Yes,4,1,0,0,0,0,1,5,10,11,High,High,Yes,Male,2,1,1
774,R_301wwgqmN8de0ev,Young Control,zanx,6,5,video6_cred_zanx,cred_zanx,75,6,1.522869035,Male,Yes,4,1,0,0,0,0,1,5.5,11,11,High,High,Yes,Male,2,1,1
775,R_306laEj05l5Vzd7,Old Control,aby,3,2,video1_cred_aby,cred_aby,62,1,1.065722911,Female,No,2,0,1,0,0,0,0,2.5,5,2,Low,High,No,Female,1,0,1
776,R_306laEj05l5Vzd7,Old Control,anna,0,1,video2_cred_anna,cred_anna,38,2,0.221760836,Female,No,2,0,1,0,0,0,0,0.5,1,2,Low,Moderate,No,Female,1,0,1
777,R_306laEj05l5Vzd7,Old Control,cham,1,1,video3_cred_cham,cred_cham,41,3,0.327256096,Female,No,2,0,1,0,0,0,0,1,2,2,Low,Moderate,No,Female,1,0,1
778,R_306laEj05l5Vzd7,Old Control,fab,0,0,video4_cred_fab,cred_fab,36,4,0.151430663,Female,No,2,0,1,0,0,0,0,0,0,2,Low,Low,No,Female,1,0,1
779,R_306laEj05l5Vzd7,Old Control,mae,4,3,video5_cred_mae,cred_mae,61,5,1.030557825,Female,No,2,0,1,0,0,0,0,3.5,7,2,Low,High,No,Female,1,0,1
780,R_306laEj05l5Vzd7,Old Control,zanx,3,2,video6_cred_zanx,cred_zanx,61,6,1.030557825,Female,No,2,0,1,0,0,0,0,2.5,5,2,Low,High,No,Female,1,0,1
781,R_30ZUghD3rCLawUk,Young Control,aby,5,6,video1_cred_aby,cred_aby,77,1,1.593199208,Male,No,4,1,0,0,0,0,0,5.5,11,12,High,High,No,Male,3,1,1
782,R_30ZUghD3rCLawUk,Young Control,anna,6,6,video2_cred_anna,cred_anna,85,2,1.8745199,Male,No,4,1,0,0,0,0,0,6,12,12,High,High,No,Male,3,1,1
783,R_30ZUghD3rCLawUk,Young Control,cham,6,6,video3_cred_cham,cred_cham,84,3,1.839354813,Male,No,4,1,0,0,0,0,0,6,12,12,High,High,No,Male,3,1,1
784,R_30ZUghD3rCLawUk,Young Control,fab,6,6,video4_cred_fab,cred_fab,83,4,1.804189727,Male,No,4,1,0,0,0,0,0,6,12,12,High,High,No,Male,3,1,1
785,R_30ZUghD3rCLawUk,Young Control,mae,6,5,video5_cred_mae,cred_mae,82,5,1.76902464,Male,No,4,1,0,0,0,0,0,5.5,11,12,High,High,No,Male,3,1,1
786,R_30ZUghD3rCLawUk,Young Control,zanx,6,5,video6_cred_zanx,cred_zanx,85,6,1.8745199,Male,No,4,1,0,0,0,0,0,5.5,11,12,High,High,No,Male,3,1,1
787,R_30dhkbcKh3wrLdE,Old Control,aby,0,0,video1_cred_aby,cred_aby,1,1,-1.079347363,Male,No,2,0,1,0,0,0,0,0,0,0,Low,Low,No,Male,1,0,0
788,R_30dhkbcKh3wrLdE,Old Control,anna,0,0,video2_cred_anna,cred_anna,2,2,-1.044182276,Male,No,2,0,1,0,0,0,0,0,0,0,Low,Low,No,Male,1,0,0
789,R_30dhkbcKh3wrLdE,Old Control,cham,0,0,video3_cred_cham,cred_cham,1,3,-1.079347363,Male,No,2,0,1,0,0,0,0,0,0,0,Low,Low,No,Male,1,0,0
790,R_30dhkbcKh3wrLdE,Old Control,fab,0,0,video4_cred_fab,cred_fab,1,4,-1.079347363,Male,No,2,0,1,0,0,0,0,0,0,0,Low,Low,No,Male,1,0,0
791,R_30dhkbcKh3wrLdE,Old Control,mae,0,0,video5_cred_mae,cred_mae,1,5,-1.079347363,Male,No,2,0,1,0,0,0,0,0,0,0,Low,Low,No,Male,1,0,0
792,R_30dhkbcKh3wrLdE,Old Control,zanx,0,0,video6_cred_zanx,cred_zanx,1,6,-1.079347363,Male,No,2,0,1,0,0,0,0,0,0,0,Low,Low,No,Male,1,0,0
793,R_30kFoP18qx9gs2p,Young Treat,aby,6,6,video1_cred_aby,cred_aby,88,1,1.980015159,Male,Yes,3,0,0,1,0,0,1,6,12,10,High,High,Yes,Male,2,1,1
794,R_30kFoP18qx9gs2p,Young Treat,anna,6,6,video2_cred_anna,cred_anna,92,2,2.120675505,Male,Yes,3,0,0,1,0,0,1,6,12,10,High,High,Yes,Male,2,1,1
795,R_30kFoP18qx9gs2p,Young Treat,cham,6,6,video3_cred_cham,cred_cham,91,3,2.085510419,Male,Yes,3,0,0,1,0,0,1,6,12,10,High,High,Yes,Male,2,1,1
796,R_30kFoP18qx9gs2p,Young Treat,fab,7,6,video4_cred_fab,cred_fab,92,4,2.120675505,Male,Yes,3,0,0,1,0,0,1,6.5,13,10,High,High,Yes,Male,2,1,1
797,R_30kFoP18qx9gs2p,Young Treat,mae,6,6,video5_cred_mae,cred_mae,92,5,2.120675505,Male,Yes,3,0,0,1,0,0,1,6,12,10,High,High,Yes,Male,2,1,1
798,R_30kFoP18qx9gs2p,Young Treat,zanx,6,6,video6_cred_zanx,cred_zanx,91,6,2.085510419,Male,Yes,3,0,0,1,0,0,1,6,12,10,High,High,Yes,Male,2,1,1
799,R_31A4wwSbqPrci1r,Old Treat,aby,0,0,video1_cred_aby,cred_aby,0,1,-1.114512449,Female,Yes,4,0,0,0,0,1,0,0,0,0,Low,Low,Yes,Female,1,0,0
800,R_31A4wwSbqPrci1r,Old Treat,anna,0,0,video2_cred_anna,cred_anna,0,2,-1.114512449,Female,Yes,4,0,0,0,0,1,0,0,0,0,Low,Low,Yes,Female,1,0,0
801,R_31A4wwSbqPrci1r,Old Treat,cham,0,0,video3_cred_cham,cred_cham,16,3,-0.551871066,Female,Yes,4,0,0,0,0,1,0,0,0,0,Low,Low,Yes,Female,1,0,0
802,R_31A4wwSbqPrci1r,Old Treat,fab,0,0,video4_cred_fab,cred_fab,0,4,-1.114512449,Female,Yes,4,0,0,0,0,1,0,0,0,0,Low,Low,Yes,Female,1,0,0
803,R_31A4wwSbqPrci1r,Old Treat,mae,0,0,video5_cred_mae,cred_mae,12,5,-0.692531412,Female,Yes,4,0,0,0,0,1,0,0,0,0,Low,Low,Yes,Female,1,0,0
804,R_31A4wwSbqPrci1r,Old Treat,zanx,1,0,video6_cred_zanx,cred_zanx,9,6,-0.798026671,Female,Yes,4,0,0,0,0,1,0,0.5,1,0,Low,Moderate,Yes,Female,1,0,0
805,R_31hwFhUaU9fymJJ,Old Control,aby,1,1,video1_cred_aby,cred_aby,29,1,-0.094724942,Female,Yes,3,1,0,0,0,0,0,1,2,0,Low,Moderate,Yes,Female,1,0,1
806,R_31hwFhUaU9fymJJ,Old Control,anna,1,2,video2_cred_anna,cred_anna,23,2,-0.305715461,Female,Yes,3,1,0,0,0,0,0,1.5,3,0,Low,Moderate,Yes,Female,1,0,1
807,R_31hwFhUaU9fymJJ,Old Control,cham,1,1,video3_cred_cham,cred_cham,14,3,-0.622201239,Female,Yes,3,1,0,0,0,0,0,1,2,0,Low,Moderate,Yes,Female,1,0,0
808,R_31hwFhUaU9fymJJ,Old Control,fab,1,0,video4_cred_fab,cred_fab,16,4,-0.551871066,Female,Yes,3,1,0,0,0,0,0,0.5,1,0,Low,Moderate,Yes,Female,1,0,0
809,R_31hwFhUaU9fymJJ,Old Control,mae,0,1,video5_cred_mae,cred_mae,9,5,-0.798026671,Female,Yes,3,1,0,0,0,0,0,0.5,1,0,Low,Moderate,Yes,Female,1,0,0
810,R_31hwFhUaU9fymJJ,Old Control,zanx,1,0,video6_cred_zanx,cred_zanx,16.5,6,-0.534288523,Female,Yes,3,1,0,0,0,0,0,0.5,1,0,Low,Moderate,Yes,Female,1,0,0
811,R_32PbtmPEbTMIk5J,Old Treat,aby,5,5,video1_cred_aby,cred_aby,73,1,1.452538862,Male,No,2,0,0,1,0,0,0,5,10,10,High,High,No,Male,1,1,1
812,R_32PbtmPEbTMIk5J,Old Treat,anna,NA,NA,video2_cred_anna,cred_anna,81,2,1.733859554,Male,No,2,0,0,1,0,0,0,NA,NA,10,High,NA,No,Male,1,1,1
813,R_32PbtmPEbTMIk5J,Old Treat,cham,NA,NA,video3_cred_cham,cred_cham,NA,3,NA,Male,No,2,0,0,1,0,0,0,NA,NA,10,High,NA,No,Male,1,1,NA
814,R_32PbtmPEbTMIk5J,Old Treat,fab,NA,NA,video4_cred_fab,cred_fab,NA,4,NA,Male,No,2,0,0,1,0,0,0,NA,NA,10,High,NA,No,Male,1,1,NA
815,R_32PbtmPEbTMIk5J,Old Treat,mae,NA,NA,video5_cred_mae,cred_mae,NA,5,NA,Male,No,2,0,0,1,0,0,0,NA,NA,10,High,NA,No,Male,1,1,NA
816,R_32PbtmPEbTMIk5J,Old Treat,zanx,5,5,video6_cred_zanx,cred_zanx,62,6,1.065722911,Male,No,2,0,0,1,0,0,0,5,10,10,High,High,No,Male,1,1,1
817,R_32RxV7v2t74YOZ6,Old Control,aby,6,6,video1_cred_aby,cred_aby,84,1,1.839354813,Male,Yes,2,0,0,1,0,0,0,6,12,13,High,High,Yes,Male,2,1,1
818,R_32RxV7v2t74YOZ6,Old Control,anna,5,6,video2_cred_anna,cred_anna,76,2,1.558034122,Male,Yes,2,0,0,1,0,0,0,5.5,11,13,High,High,Yes,Male,2,1,1
819,R_32RxV7v2t74YOZ6,Old Control,cham,6,6,video3_cred_cham,cred_cham,84,3,1.839354813,Male,Yes,2,0,0,1,0,0,0,6,12,13,High,High,Yes,Male,2,1,1
820,R_32RxV7v2t74YOZ6,Old Control,fab,6,6,video4_cred_fab,cred_fab,79,4,1.663529381,Male,Yes,2,0,0,1,0,0,0,6,12,13,High,High,Yes,Male,2,1,1
821,R_32RxV7v2t74YOZ6,Old Control,mae,6,6,video5_cred_mae,cred_mae,86,5,1.909684986,Male,Yes,2,0,0,1,0,0,0,6,12,13,High,High,Yes,Male,2,1,1
822,R_32RxV7v2t74YOZ6,Old Control,zanx,6,6,video6_cred_zanx,cred_zanx,84,6,1.839354813,Male,Yes,2,0,0,1,0,0,0,6,12,13,High,High,Yes,Male,2,1,1
823,R_32eR3PxAuVSD14d,Young Treat,aby,NA,NA,video1_cred_aby,cred_aby,NA,1,NA,Male,Yes,2,0,0,1,0,0,1,NA,NA,NA,NA,NA,Yes,Male,3,1,NA
824,R_32eR3PxAuVSD14d,Young Treat,anna,NA,NA,video2_cred_anna,cred_anna,NA,2,NA,Male,Yes,2,0,0,1,0,0,1,NA,NA,NA,NA,NA,Yes,Male,3,1,NA
825,R_32eR3PxAuVSD14d,Young Treat,cham,NA,NA,video3_cred_cham,cred_cham,NA,3,NA,Male,Yes,2,0,0,1,0,0,1,NA,NA,NA,NA,NA,Yes,Male,3,1,NA
826,R_32eR3PxAuVSD14d,Young Treat,fab,NA,NA,video4_cred_fab,cred_fab,NA,4,NA,Male,Yes,2,0,0,1,0,0,1,NA,NA,NA,NA,NA,Yes,Male,3,1,NA
827,R_32eR3PxAuVSD14d,Young Treat,mae,NA,NA,video5_cred_mae,cred_mae,NA,5,NA,Male,Yes,2,0,0,1,0,0,1,NA,NA,NA,NA,NA,Yes,Male,3,1,NA
828,R_32eR3PxAuVSD14d,Young Treat,zanx,NA,NA,video6_cred_zanx,cred_zanx,NA,6,NA,Male,Yes,2,0,0,1,0,0,1,NA,NA,NA,NA,NA,Yes,Male,3,1,NA
829,R_32lRCtFA7nwuQeo,Young Treat,aby,3,2,video1_cred_aby,cred_aby,59,1,0.960227652,Female,I prefer not to answer,3,0,0,0,1,0,1,2.5,5,7,Moderate,High,NA,Female,1,1,1
830,R_32lRCtFA7nwuQeo,Young Treat,anna,3,5,video2_cred_anna,cred_anna,18,2,-0.481540893,Female,I prefer not to answer,3,0,0,0,1,0,1,4,8,7,Moderate,High,NA,Female,1,1,0
831,R_32lRCtFA7nwuQeo,Young Treat,cham,3,4,video3_cred_cham,cred_cham,77,3,1.593199208,Female,I prefer not to answer,3,0,0,0,1,0,1,3.5,7,7,Moderate,High,NA,Female,1,1,1
832,R_32lRCtFA7nwuQeo,Young Treat,fab,3,2,video4_cred_fab,cred_fab,32,4,0.010770317,Female,I prefer not to answer,3,0,0,0,1,0,1,2.5,5,7,Moderate,High,NA,Female,1,1,1
833,R_32lRCtFA7nwuQeo,Young Treat,mae,4,5,video5_cred_mae,cred_mae,45,5,0.467916441,Female,I prefer not to answer,3,0,0,0,1,0,1,4.5,9,7,Moderate,High,NA,Female,1,1,1
834,R_32lRCtFA7nwuQeo,Young Treat,zanx,2,5,video6_cred_zanx,cred_zanx,30,6,-0.059559855,Female,I prefer not to answer,3,0,0,0,1,0,1,3.5,7,7,Moderate,High,NA,Female,1,1,1
835,R_32xMphznfkyDgox,Old Treat,aby,1,0,video1_cred_aby,cred_aby,29,1,-0.094724942,Female,No,3,1,0,0,0,0,1,0.5,1,0,Low,Moderate,No,Female,1,1,1
836,R_32xMphznfkyDgox,Old Treat,anna,1,1,video2_cred_anna,cred_anna,9,2,-0.798026671,Female,No,3,1,0,0,0,0,1,1,2,0,Low,Moderate,No,Female,1,1,0
837,R_32xMphznfkyDgox,Old Treat,cham,1,1,video3_cred_cham,cred_cham,11,3,-0.727696498,Female,No,3,1,0,0,0,0,1,1,2,0,Low,Moderate,No,Female,1,1,0
838,R_32xMphznfkyDgox,Old Treat,fab,1,1,video4_cred_fab,cred_fab,10,4,-0.762861585,Female,No,3,1,0,0,0,0,1,1,2,0,Low,Moderate,No,Female,1,1,0
839,R_32xMphznfkyDgox,Old Treat,mae,1,0,video5_cred_mae,cred_mae,7,5,-0.868356844,Female,No,3,1,0,0,0,0,1,0.5,1,0,Low,Moderate,No,Female,1,1,0
840,R_32xMphznfkyDgox,Old Treat,zanx,1,1,video6_cred_zanx,cred_zanx,6,6,-0.903521931,Female,No,3,1,0,0,0,0,1,1,2,0,Low,Moderate,No,Female,1,1,0
841,R_32yzUN2j9R1ovZu,Old Treat,aby,4,3,video1_cred_aby,cred_aby,50,1,0.643741874,Male,Yes,3,0,0,0,0,1,1,3.5,7,0,Low,High,Yes,Male,3,0,1
842,R_32yzUN2j9R1ovZu,Old Treat,anna,3,6,video2_cred_anna,cred_anna,50,2,0.643741874,Male,Yes,3,0,0,0,0,1,1,4.5,9,0,Low,High,Yes,Male,3,0,1
843,R_32yzUN2j9R1ovZu,Old Treat,cham,4,5,video3_cred_cham,cred_cham,50,3,0.643741874,Male,Yes,3,0,0,0,0,1,1,4.5,9,0,Low,High,Yes,Male,3,0,1
844,R_32yzUN2j9R1ovZu,Old Treat,fab,1,1,video4_cred_fab,cred_fab,40,4,0.292091009,Male,Yes,3,0,0,0,0,1,1,1,2,0,Low,Moderate,Yes,Male,3,0,1
845,R_32yzUN2j9R1ovZu,Old Treat,mae,1,1,video5_cred_mae,cred_mae,45,5,0.467916441,Male,Yes,3,0,0,0,0,1,1,1,2,0,Low,Moderate,Yes,Male,3,0,1
846,R_32yzUN2j9R1ovZu,Old Treat,zanx,3,3,video6_cred_zanx,cred_zanx,50,6,0.643741874,Male,Yes,3,0,0,0,0,1,1,3,6,0,Low,High,Yes,Male,3,0,1
847,R_334gUbZGB1HK4BV,Old Treat,aby,NA,NA,video1_cred_aby,cred_aby,NA,1,NA,Female,Yes,1,0,0,1,0,0,0,NA,NA,14,High,NA,Yes,Female,2,1,NA
848,R_334gUbZGB1HK4BV,Old Treat,anna,NA,NA,video2_cred_anna,cred_anna,NA,2,NA,Female,Yes,1,0,0,1,0,0,0,NA,NA,14,High,NA,Yes,Female,2,1,NA
849,R_334gUbZGB1HK4BV,Old Treat,cham,NA,NA,video3_cred_cham,cred_cham,NA,3,NA,Female,Yes,1,0,0,1,0,0,0,NA,NA,14,High,NA,Yes,Female,2,1,NA
850,R_334gUbZGB1HK4BV,Old Treat,fab,5,5,video4_cred_fab,cred_fab,79,4,1.663529381,Female,Yes,1,0,0,1,0,0,0,5,10,14,High,High,Yes,Female,2,1,1
851,R_334gUbZGB1HK4BV,Old Treat,mae,NA,NA,video5_cred_mae,cred_mae,NA,5,NA,Female,Yes,1,0,0,1,0,0,0,NA,NA,14,High,NA,Yes,Female,2,1,NA
852,R_334gUbZGB1HK4BV,Old Treat,zanx,NA,NA,video6_cred_zanx,cred_zanx,NA,6,NA,Female,Yes,1,0,0,1,0,0,0,NA,NA,14,High,NA,Yes,Female,2,1,NA
853,R_33fXDZxniH9ZYJ5,Young Treat,aby,1,1,video1_cred_aby,cred_aby,21,1,-0.376045634,Male,No,4,1,0,0,0,0,0,1,2,3,Low,Moderate,No,Male,2,0,0
854,R_33fXDZxniH9ZYJ5,Young Treat,anna,5,6,video2_cred_anna,cred_anna,94,2,2.191005678,Male,No,4,1,0,0,0,0,0,5.5,11,3,Low,High,No,Male,2,0,1
855,R_33fXDZxniH9ZYJ5,Young Treat,cham,2,1,video3_cred_cham,cred_cham,6,3,-0.903521931,Male,No,4,1,0,0,0,0,0,1.5,3,3,Low,Moderate,No,Male,2,0,0
856,R_33fXDZxniH9ZYJ5,Young Treat,fab,0,0,video4_cred_fab,cred_fab,0,4,-1.114512449,Male,No,4,1,0,0,0,0,0,0,0,3,Low,Low,No,Male,2,0,0
857,R_33fXDZxniH9ZYJ5,Young Treat,mae,1,1,video5_cred_mae,cred_mae,6,5,-0.903521931,Male,No,4,1,0,0,0,0,0,1,2,3,Low,Moderate,No,Male,2,0,0
858,R_33fXDZxniH9ZYJ5,Young Treat,zanx,1,2,video6_cred_zanx,cred_zanx,12,6,-0.692531412,Male,No,4,1,0,0,0,0,0,1.5,3,3,Low,Moderate,No,Male,2,0,0
859,R_33lrOK4MEzaUWBP,Young Treat,aby,5,5,video1_cred_aby,cred_aby,66,1,1.206383257,Male,Yes,3,0,0,1,0,0,1,5,10,8,Moderate,High,Yes,Male,2,1,1
860,R_33lrOK4MEzaUWBP,Young Treat,anna,5,5,video2_cred_anna,cred_anna,76,2,1.558034122,Male,Yes,3,0,0,1,0,0,1,5,10,8,Moderate,High,Yes,Male,2,1,1
861,R_33lrOK4MEzaUWBP,Young Treat,cham,4,4,video3_cred_cham,cred_cham,61,3,1.030557825,Male,Yes,3,0,0,1,0,0,1,4,8,8,Moderate,High,Yes,Male,2,1,1
862,R_33lrOK4MEzaUWBP,Young Treat,fab,5,5,video4_cred_fab,cred_fab,72,4,1.417373776,Male,Yes,3,0,0,1,0,0,1,5,10,8,Moderate,High,Yes,Male,2,1,1
863,R_33lrOK4MEzaUWBP,Young Treat,mae,5,5,video5_cred_mae,cred_mae,68,5,1.27671343,Male,Yes,3,0,0,1,0,0,1,5,10,8,Moderate,High,Yes,Male,2,1,1
864,R_33lrOK4MEzaUWBP,Young Treat,zanx,4,4,video6_cred_zanx,cred_zanx,61,6,1.030557825,Male,Yes,3,0,0,1,0,0,1,4,8,8,Moderate,High,Yes,Male,2,1,1
865,R_33yew3qZZooYmAx,Old Control,aby,0,0,video1_cred_aby,cred_aby,0,1,-1.114512449,Male,Yes,2,0,0,0,0,1,0,0,0,0,Low,Low,Yes,Male,1,0,0
866,R_33yew3qZZooYmAx,Old Control,anna,0,0,video2_cred_anna,cred_anna,0,2,-1.114512449,Male,Yes,2,0,0,0,0,1,0,0,0,0,Low,Low,Yes,Male,1,0,0
867,R_33yew3qZZooYmAx,Old Control,cham,0,0,video3_cred_cham,cred_cham,0,3,-1.114512449,Male,Yes,2,0,0,0,0,1,0,0,0,0,Low,Low,Yes,Male,1,0,0
868,R_33yew3qZZooYmAx,Old Control,fab,0,0,video4_cred_fab,cred_fab,0,4,-1.114512449,Male,Yes,2,0,0,0,0,1,0,0,0,0,Low,Low,Yes,Male,1,0,0
869,R_33yew3qZZooYmAx,Old Control,mae,0,0,video5_cred_mae,cred_mae,0,5,-1.114512449,Male,Yes,2,0,0,0,0,1,0,0,0,0,Low,Low,Yes,Male,1,0,0
870,R_33yew3qZZooYmAx,Old Control,zanx,0,0,video6_cred_zanx,cred_zanx,0,6,-1.114512449,Male,Yes,2,0,0,0,0,1,0,0,0,0,Low,Low,Yes,Male,1,0,0
871,R_34bD4yDb1nqUEEr,Old Treat,aby,5,4,video1_cred_aby,cred_aby,71,1,1.382208689,Male,No,4,1,0,0,0,0,1,4.5,9,7,Moderate,High,No,Male,1,1,1
872,R_34bD4yDb1nqUEEr,Old Treat,anna,4,5,video2_cred_anna,cred_anna,58,2,0.925062565,Male,No,4,1,0,0,0,0,1,4.5,9,7,Moderate,High,No,Male,1,1,1
873,R_34bD4yDb1nqUEEr,Old Treat,cham,4,4,video3_cred_cham,cred_cham,58,3,0.925062565,Male,No,4,1,0,0,0,0,1,4,8,7,Moderate,High,No,Male,1,1,1
874,R_34bD4yDb1nqUEEr,Old Treat,fab,4,4,video4_cred_fab,cred_fab,56,4,0.854732392,Male,No,4,1,0,0,0,0,1,4,8,7,Moderate,High,No,Male,1,1,1
875,R_34bD4yDb1nqUEEr,Old Treat,mae,4,4,video5_cred_mae,cred_mae,64,5,1.136053084,Male,No,4,1,0,0,0,0,1,4,8,7,Moderate,High,No,Male,1,1,1
876,R_34bD4yDb1nqUEEr,Old Treat,zanx,4,4,video6_cred_zanx,cred_zanx,51,6,0.67890696,Male,No,4,1,0,0,0,0,1,4,8,7,Moderate,High,No,Male,1,1,1
877,R_34wMQH8aJKM3Ssr,Old Control,aby,4,5,video1_cred_aby,cred_aby,65,1,1.171218171,Male,No,4,1,0,0,0,0,1,4.5,9,8,Moderate,High,No,Male,1,1,1
878,R_34wMQH8aJKM3Ssr,Old Control,anna,5,4,video2_cred_anna,cred_anna,70,2,1.347043603,Male,No,4,1,0,0,0,0,1,4.5,9,8,Moderate,High,No,Male,1,1,1
879,R_34wMQH8aJKM3Ssr,Old Control,cham,4,5,video3_cred_cham,cred_cham,61,3,1.030557825,Male,No,4,1,0,0,0,0,1,4.5,9,8,Moderate,High,No,Male,1,1,1
880,R_34wMQH8aJKM3Ssr,Old Control,fab,4,5,video4_cred_fab,cred_fab,66,4,1.206383257,Male,No,4,1,0,0,0,0,1,4.5,9,8,Moderate,High,No,Male,1,1,1
881,R_34wMQH8aJKM3Ssr,Old Control,mae,5,4,video5_cred_mae,cred_mae,61,5,1.030557825,Male,No,4,1,0,0,0,0,1,4.5,9,8,Moderate,High,No,Male,1,1,1
882,R_34wMQH8aJKM3Ssr,Old Control,zanx,4,5,video6_cred_zanx,cred_zanx,62,6,1.065722911,Male,No,4,1,0,0,0,0,1,4.5,9,8,Moderate,High,No,Male,1,1,1
883,R_364EnyYas6GSTKs,Young Control,aby,NA,NA,video1_cred_aby,cred_aby,NA,1,NA,Female,No,4,0,0,1,0,0,1,NA,NA,0,Low,NA,No,Female,1,0,NA
884,R_364EnyYas6GSTKs,Young Control,anna,0,0,video2_cred_anna,cred_anna,3,2,-1.00901719,Female,No,4,0,0,1,0,0,1,0,0,0,Low,Low,No,Female,1,0,0
885,R_364EnyYas6GSTKs,Young Control,cham,NA,NA,video3_cred_cham,cred_cham,NA,3,NA,Female,No,4,0,0,1,0,0,1,NA,NA,0,Low,NA,No,Female,1,0,NA
886,R_364EnyYas6GSTKs,Young Control,fab,0,0,video4_cred_fab,cred_fab,0,4,-1.114512449,Female,No,4,0,0,1,0,0,1,0,0,0,Low,Low,No,Female,1,0,0
887,R_364EnyYas6GSTKs,Young Control,mae,0,0,video5_cred_mae,cred_mae,1,5,-1.079347363,Female,No,4,0,0,1,0,0,1,0,0,0,Low,Low,No,Female,1,0,0
888,R_364EnyYas6GSTKs,Young Control,zanx,NA,NA,video6_cred_zanx,cred_zanx,NA,6,NA,Female,No,4,0,0,1,0,0,1,NA,NA,0,Low,NA,No,Female,1,0,NA
889,R_370AL2PzV4xgSRj,Old Control,aby,5,6,video1_cred_aby,cred_aby,76,1,1.558034122,Male,No,4,1,0,0,0,0,1,5.5,11,12,High,High,No,Male,1,0,1
890,R_370AL2PzV4xgSRj,Old Control,anna,5,7,video2_cred_anna,cred_anna,77,2,1.593199208,Male,No,4,1,0,0,0,0,1,6,12,12,High,High,No,Male,1,0,1
891,R_370AL2PzV4xgSRj,Old Control,cham,5,6,video3_cred_cham,cred_cham,82,3,1.76902464,Male,No,4,1,0,0,0,0,1,5.5,11,12,High,High,No,Male,1,0,1
892,R_370AL2PzV4xgSRj,Old Control,fab,5,6,video4_cred_fab,cred_fab,74,4,1.487703949,Male,No,4,1,0,0,0,0,1,5.5,11,12,High,High,No,Male,1,0,1
893,R_370AL2PzV4xgSRj,Old Control,mae,5,7,video5_cred_mae,cred_mae,72,5,1.417373776,Male,No,4,1,0,0,0,0,1,6,12,12,High,High,No,Male,1,0,1
894,R_370AL2PzV4xgSRj,Old Control,zanx,5,7,video6_cred_zanx,cred_zanx,74,6,1.487703949,Male,No,4,1,0,0,0,0,1,6,12,12,High,High,No,Male,1,0,1
895,R_37NGiENZ9vT3BWy,Old Treat,aby,0,0,video1_cred_aby,cred_aby,1,1,-1.079347363,Female,Yes,1,0,0,0,0,1,0,0,0,1,Low,Low,Yes,Female,1,0,0
896,R_37NGiENZ9vT3BWy,Old Treat,anna,0,0,video2_cred_anna,cred_anna,0,2,-1.114512449,Female,Yes,1,0,0,0,0,1,0,0,0,1,Low,Low,Yes,Female,1,0,0
897,R_37NGiENZ9vT3BWy,Old Treat,cham,0,0,video3_cred_cham,cred_cham,95,3,2.226170764,Female,Yes,1,0,0,0,0,1,0,0,0,1,Low,Low,Yes,Female,1,0,1
898,R_37NGiENZ9vT3BWy,Old Treat,fab,0,0,video4_cred_fab,cred_fab,0,4,-1.114512449,Female,Yes,1,0,0,0,0,1,0,0,0,1,Low,Low,Yes,Female,1,0,0
899,R_37NGiENZ9vT3BWy,Old Treat,mae,0,0,video5_cred_mae,cred_mae,2,5,-1.044182276,Female,Yes,1,0,0,0,0,1,0,0,0,1,Low,Low,Yes,Female,1,0,0
900,R_37NGiENZ9vT3BWy,Old Treat,zanx,0,0,video6_cred_zanx,cred_zanx,3,6,-1.00901719,Female,Yes,1,0,0,0,0,1,0,0,0,1,Low,Low,Yes,Female,1,0,0
901,R_37paGNSEIJSL9rs,Old Treat,aby,0,0,video1_cred_aby,cred_aby,0,1,-1.114512449,Female,Yes,3,0,0,0,0,1,0,0,0,0,Low,Low,Yes,Female,1,0,0
902,R_37paGNSEIJSL9rs,Old Treat,anna,0,0,video2_cred_anna,cred_anna,29,2,-0.094724942,Female,Yes,3,0,0,0,0,1,0,0,0,0,Low,Low,Yes,Female,1,0,1
903,R_37paGNSEIJSL9rs,Old Treat,cham,0,0,video3_cred_cham,cred_cham,19,3,-0.446375807,Female,Yes,3,0,0,0,0,1,0,0,0,0,Low,Low,Yes,Female,1,0,0
904,R_37paGNSEIJSL9rs,Old Treat,fab,0,0,video4_cred_fab,cred_fab,0,4,-1.114512449,Female,Yes,3,0,0,0,0,1,0,0,0,0,Low,Low,Yes,Female,1,0,0
905,R_37paGNSEIJSL9rs,Old Treat,mae,0,0,video5_cred_mae,cred_mae,0,5,-1.114512449,Female,Yes,3,0,0,0,0,1,0,0,0,0,Low,Low,Yes,Female,1,0,0
906,R_37paGNSEIJSL9rs,Old Treat,zanx,0,0,video6_cred_zanx,cred_zanx,0,6,-1.114512449,Female,Yes,3,0,0,0,0,1,0,0,0,0,Low,Low,Yes,Female,1,0,0
907,R_3810CyaTUh4J7tT,Young Treat,aby,5,5,video1_cred_aby,cred_aby,78,1,1.628364295,Male,Yes,3,0,0,1,0,0,1,5,10,10,High,High,Yes,Male,2,1,1
908,R_3810CyaTUh4J7tT,Young Treat,anna,5,5,video2_cred_anna,cred_anna,73,2,1.452538862,Male,Yes,3,0,0,1,0,0,1,5,10,10,High,High,Yes,Male,2,1,1
909,R_3810CyaTUh4J7tT,Young Treat,cham,5,5,video3_cred_cham,cred_cham,76,3,1.558034122,Male,Yes,3,0,0,1,0,0,1,5,10,10,High,High,Yes,Male,2,1,1
910,R_3810CyaTUh4J7tT,Young Treat,fab,5,5,video4_cred_fab,cred_fab,70,4,1.347043603,Male,Yes,3,0,0,1,0,0,1,5,10,10,High,High,Yes,Male,2,1,1
911,R_3810CyaTUh4J7tT,Young Treat,mae,5,5,video5_cred_mae,cred_mae,74,5,1.487703949,Male,Yes,3,0,0,1,0,0,1,5,10,10,High,High,Yes,Male,2,1,1
912,R_3810CyaTUh4J7tT,Young Treat,zanx,6,6,video6_cred_zanx,cred_zanx,71,6,1.382208689,Male,Yes,3,0,0,1,0,0,1,6,12,10,High,High,Yes,Male,2,1,1
913,R_39rYxfrCK3yLZ7z,Old Treat,aby,0,0,video1_cred_aby,cred_aby,19,1,-0.446375807,Female,Yes,4,0,0,0,0,1,1,0,0,0,Low,Low,Yes,Female,1,0,0
914,R_39rYxfrCK3yLZ7z,Old Treat,anna,0,0,video2_cred_anna,cred_anna,6,2,-0.903521931,Female,Yes,4,0,0,0,0,1,1,0,0,0,Low,Low,Yes,Female,1,0,0
915,R_39rYxfrCK3yLZ7z,Old Treat,cham,0,0,video3_cred_cham,cred_cham,30,3,-0.059559855,Female,Yes,4,0,0,0,0,1,1,0,0,0,Low,Low,Yes,Female,1,0,1
916,R_39rYxfrCK3yLZ7z,Old Treat,fab,0,0,video4_cred_fab,cred_fab,3,4,-1.00901719,Female,Yes,4,0,0,0,0,1,1,0,0,0,Low,Low,Yes,Female,1,0,0
917,R_39rYxfrCK3yLZ7z,Old Treat,mae,0,0,video5_cred_mae,cred_mae,50,5,0.643741874,Female,Yes,4,0,0,0,0,1,1,0,0,0,Low,Low,Yes,Female,1,0,1
918,R_39rYxfrCK3yLZ7z,Old Treat,zanx,0,0,video6_cred_zanx,cred_zanx,13,6,-0.657366325,Female,Yes,4,0,0,0,0,1,1,0,0,0,Low,Low,Yes,Female,1,0,0
919,R_39wjfWJKxUfJ4rL,Young Control,aby,1,0,video1_cred_aby,cred_aby,6,1,-0.903521931,Female,No,4,1,0,0,0,0,0,0.5,1,1,Low,Moderate,No,Female,1,0,0
920,R_39wjfWJKxUfJ4rL,Young Control,anna,0,1,video2_cred_anna,cred_anna,8,2,-0.833191758,Female,No,4,1,0,0,0,0,0,0.5,1,1,Low,Moderate,No,Female,1,0,0
921,R_39wjfWJKxUfJ4rL,Young Control,cham,1,1,video3_cred_cham,cred_cham,20,3,-0.41121072,Female,No,4,1,0,0,0,0,0,1,2,1,Low,Moderate,No,Female,1,0,0
922,R_39wjfWJKxUfJ4rL,Young Control,fab,0,1,video4_cred_fab,cred_fab,8,4,-0.833191758,Female,No,4,1,0,0,0,0,0,0.5,1,1,Low,Moderate,No,Female,1,0,0
923,R_39wjfWJKxUfJ4rL,Young Control,mae,0,0,video5_cred_mae,cred_mae,4,5,-0.973852103,Female,No,4,1,0,0,0,0,0,0,0,1,Low,Low,No,Female,1,0,0
924,R_39wjfWJKxUfJ4rL,Young Control,zanx,1,1,video6_cred_zanx,cred_zanx,7,6,-0.868356844,Female,No,4,1,0,0,0,0,0,1,2,1,Low,Moderate,No,Female,1,0,0
925,R_3BLwvvBYNsdt67v,Old Treat,aby,2,3,video1_cred_aby,cred_aby,40,1,0.292091009,Female,Yes,4,1,0,0,0,0,0,2.5,5,0,Low,High,Yes,Female,1,0,1
926,R_3BLwvvBYNsdt67v,Old Treat,anna,2,2,video2_cred_anna,cred_anna,37,2,0.18659575,Female,Yes,4,1,0,0,0,0,0,2,4,0,Low,High,Yes,Female,1,0,1
927,R_3BLwvvBYNsdt67v,Old Treat,cham,1,1,video3_cred_cham,cred_cham,11,3,-0.727696498,Female,Yes,4,1,0,0,0,0,0,1,2,0,Low,Moderate,Yes,Female,1,0,0
928,R_3BLwvvBYNsdt67v,Old Treat,fab,1,1,video4_cred_fab,cred_fab,35,4,0.116265577,Female,Yes,4,1,0,0,0,0,0,1,2,0,Low,Moderate,Yes,Female,1,0,1
929,R_3BLwvvBYNsdt67v,Old Treat,mae,1,2,video5_cred_mae,cred_mae,20,5,-0.41121072,Female,Yes,4,1,0,0,0,0,0,1.5,3,0,Low,Moderate,Yes,Female,1,0,0
930,R_3BLwvvBYNsdt67v,Old Treat,zanx,1,1,video6_cred_zanx,cred_zanx,7,6,-0.868356844,Female,Yes,4,1,0,0,0,0,0,1,2,0,Low,Moderate,Yes,Female,1,0,0
931,R_3BsTuRG6HphREme,Old Control,aby,1,1,video1_cred_aby,cred_aby,1,1,-1.079347363,Female,Yes,2,0,0,0,0,1,0,1,2,2,Low,Moderate,Yes,Female,1,0,0
932,R_3BsTuRG6HphREme,Old Control,anna,1,1,video2_cred_anna,cred_anna,7,2,-0.868356844,Female,Yes,2,0,0,0,0,1,0,1,2,2,Low,Moderate,Yes,Female,1,0,0
933,R_3BsTuRG6HphREme,Old Control,cham,1,1,video3_cred_cham,cred_cham,7,3,-0.868356844,Female,Yes,2,0,0,0,0,1,0,1,2,2,Low,Moderate,Yes,Female,1,0,0
934,R_3BsTuRG6HphREme,Old Control,fab,1,1,video4_cred_fab,cred_fab,8,4,-0.833191758,Female,Yes,2,0,0,0,0,1,0,1,2,2,Low,Moderate,Yes,Female,1,0,0
935,R_3BsTuRG6HphREme,Old Control,mae,1,1,video5_cred_mae,cred_mae,5,5,-0.938687017,Female,Yes,2,0,0,0,0,1,0,1,2,2,Low,Moderate,Yes,Female,1,0,0
936,R_3BsTuRG6HphREme,Old Control,zanx,1,1,video6_cred_zanx,cred_zanx,4,6,-0.973852103,Female,Yes,2,0,0,0,0,1,0,1,2,2,Low,Moderate,Yes,Female,1,0,0
937,R_3BwTxL5Y0Yjgg8N,Old Control,aby,0,0,video1_cred_aby,cred_aby,0,1,-1.114512449,Female,No,2,1,0,0,0,0,0,0,0,4,Low,Low,No,Female,1,0,0
938,R_3BwTxL5Y0Yjgg8N,Old Control,anna,0,0,video2_cred_anna,cred_anna,0,2,-1.114512449,Female,No,2,1,0,0,0,0,0,0,0,4,Low,Low,No,Female,1,0,0
939,R_3BwTxL5Y0Yjgg8N,Old Control,cham,0,0,video3_cred_cham,cred_cham,0,3,-1.114512449,Female,No,2,1,0,0,0,0,0,0,0,4,Low,Low,No,Female,1,0,0
940,R_3BwTxL5Y0Yjgg8N,Old Control,fab,0,0,video4_cred_fab,cred_fab,0,4,-1.114512449,Female,No,2,1,0,0,0,0,0,0,0,4,Low,Low,No,Female,1,0,0
941,R_3BwTxL5Y0Yjgg8N,Old Control,mae,0,1,video5_cred_mae,cred_mae,0,5,-1.114512449,Female,No,2,1,0,0,0,0,0,0.5,1,4,Low,Moderate,No,Female,1,0,0
942,R_3BwTxL5Y0Yjgg8N,Old Control,zanx,0,0,video6_cred_zanx,cred_zanx,0,6,-1.114512449,Female,No,2,1,0,0,0,0,0,0,0,4,Low,Low,No,Female,1,0,0
943,R_3CEx2EqIjxHVOsr,Old Control,aby,1,1,video1_cred_aby,cred_aby,15,1,-0.587036152,Female,No,4,0,0,1,0,0,1,1,2,0,Low,Moderate,No,Female,2,0,0
944,R_3CEx2EqIjxHVOsr,Old Control,anna,1,1,video2_cred_anna,cred_anna,23,2,-0.305715461,Female,No,4,0,0,1,0,0,1,1,2,0,Low,Moderate,No,Female,2,0,1
945,R_3CEx2EqIjxHVOsr,Old Control,cham,0,0,video3_cred_cham,cred_cham,35,3,0.116265577,Female,No,4,0,0,1,0,0,1,0,0,0,Low,Low,No,Female,2,0,1
946,R_3CEx2EqIjxHVOsr,Old Control,fab,1,1,video4_cred_fab,cred_fab,11,4,-0.727696498,Female,No,4,0,0,1,0,0,1,1,2,0,Low,Moderate,No,Female,2,0,0
947,R_3CEx2EqIjxHVOsr,Old Control,mae,0,1,video5_cred_mae,cred_mae,7,5,-0.868356844,Female,No,4,0,0,1,0,0,1,0.5,1,0,Low,Moderate,No,Female,2,0,0
948,R_3CEx2EqIjxHVOsr,Old Control,zanx,0,0,video6_cred_zanx,cred_zanx,23,6,-0.305715461,Female,No,4,0,0,1,0,0,1,0,0,0,Low,Low,No,Female,2,0,1
949,R_3CJBqRduGuiABun,Old Treat,aby,0,1,video1_cred_aby,cred_aby,39,1,0.256925923,Female,Yes,4,0,0,0,0,0,1,0.5,1,1,Low,Moderate,Yes,Female,1,1,1
950,R_3CJBqRduGuiABun,Old Treat,anna,1,1,video2_cred_anna,cred_anna,40,2,0.292091009,Female,Yes,4,0,0,0,0,0,1,1,2,1,Low,Moderate,Yes,Female,1,1,1
951,R_3CJBqRduGuiABun,Old Treat,cham,0,1,video3_cred_cham,cred_cham,83,3,1.804189727,Female,Yes,4,0,0,0,0,0,1,0.5,1,1,Low,Moderate,Yes,Female,1,1,1
952,R_3CJBqRduGuiABun,Old Treat,fab,1,1,video4_cred_fab,cred_fab,53,4,0.749237133,Female,Yes,4,0,0,0,0,0,1,1,2,1,Low,Moderate,Yes,Female,1,1,1
953,R_3CJBqRduGuiABun,Old Treat,mae,1,1,video5_cred_mae,cred_mae,66,5,1.206383257,Female,Yes,4,0,0,0,0,0,1,1,2,1,Low,Moderate,Yes,Female,1,1,1
954,R_3CJBqRduGuiABun,Old Treat,zanx,1,1,video6_cred_zanx,cred_zanx,8,6,-0.833191758,Female,Yes,4,0,0,0,0,0,1,1,2,1,Low,Moderate,Yes,Female,1,1,0
955,R_3CeNuHoiHmIJH6p,Young Treat,aby,2,4,video1_cred_aby,cred_aby,41,1,0.327256096,Male,No,3,0,1,0,0,0,0,3,6,0,Low,High,No,Male,1,0,1
956,R_3CeNuHoiHmIJH6p,Young Treat,anna,2,5,video2_cred_anna,cred_anna,43,2,0.397586269,Male,No,3,0,1,0,0,0,0,3.5,7,0,Low,High,No,Male,1,0,1
957,R_3CeNuHoiHmIJH6p,Young Treat,cham,2,1,video3_cred_cham,cred_cham,21,3,-0.376045634,Male,No,3,0,1,0,0,0,0,1.5,3,0,Low,Moderate,No,Male,1,0,0
958,R_3CeNuHoiHmIJH6p,Young Treat,fab,0,2,video4_cred_fab,cred_fab,64,4,1.136053084,Male,No,3,0,1,0,0,0,0,1,2,0,Low,Moderate,No,Male,1,0,1
959,R_3CeNuHoiHmIJH6p,Young Treat,mae,0,4,video5_cred_mae,cred_mae,33,5,0.045935404,Male,No,3,0,1,0,0,0,0,2,4,0,Low,High,No,Male,1,0,1
960,R_3CeNuHoiHmIJH6p,Young Treat,zanx,0,2,video6_cred_zanx,cred_zanx,21,6,-0.376045634,Male,No,3,0,1,0,0,0,0,1,2,0,Low,Moderate,No,Male,1,0,0
961,R_3CpII6EvZG8X87F,Old Control,aby,0,0,video1_cred_aby,cred_aby,31,1,-0.024394769,Female,No,2,1,0,1,1,0,0,0,0,2,Low,Low,No,Female,1,0,1
962,R_3CpII6EvZG8X87F,Old Control,anna,0,0,video2_cred_anna,cred_anna,15,2,-0.587036152,Female,No,2,1,0,1,1,0,0,0,0,2,Low,Low,No,Female,1,0,0
963,R_3CpII6EvZG8X87F,Old Control,cham,1,1,video3_cred_cham,cred_cham,11,3,-0.727696498,Female,No,2,1,0,1,1,0,0,1,2,2,Low,Moderate,No,Female,1,0,0
964,R_3CpII6EvZG8X87F,Old Control,fab,0,0,video4_cred_fab,cred_fab,16,4,-0.551871066,Female,No,2,1,0,1,1,0,0,0,0,2,Low,Low,No,Female,1,0,0
965,R_3CpII6EvZG8X87F,Old Control,mae,0,0,video5_cred_mae,cred_mae,13,5,-0.657366325,Female,No,2,1,0,1,1,0,0,0,0,2,Low,Low,No,Female,1,0,0
966,R_3CpII6EvZG8X87F,Old Control,zanx,1,0,video6_cred_zanx,cred_zanx,8,6,-0.833191758,Female,No,2,1,0,1,1,0,0,0.5,1,2,Low,Moderate,No,Female,1,0,0
967,R_3ERqyPZMTYvgpHF,Old Treat,aby,5,4,video1_cred_aby,cred_aby,66,1,1.206383257,Female,Yes,2,1,0,0,0,0,1,4.5,9,12,High,High,Yes,Female,1,1,1
968,R_3ERqyPZMTYvgpHF,Old Treat,anna,4,5,video2_cred_anna,cred_anna,68,2,1.27671343,Female,Yes,2,1,0,0,0,0,1,4.5,9,12,High,High,Yes,Female,1,1,1
969,R_3ERqyPZMTYvgpHF,Old Treat,cham,3,4,video3_cred_cham,cred_cham,58,3,0.925062565,Female,Yes,2,1,0,0,0,0,1,3.5,7,12,High,High,Yes,Female,1,1,1
970,R_3ERqyPZMTYvgpHF,Old Treat,fab,5,4,video4_cred_fab,cred_fab,71,4,1.382208689,Female,Yes,2,1,0,0,0,0,1,4.5,9,12,High,High,Yes,Female,1,1,1
971,R_3ERqyPZMTYvgpHF,Old Treat,mae,5,4,video5_cred_mae,cred_mae,70,5,1.347043603,Female,Yes,2,1,0,0,0,0,1,4.5,9,12,High,High,Yes,Female,1,1,1
972,R_3ERqyPZMTYvgpHF,Old Treat,zanx,3,3,video6_cred_zanx,cred_zanx,47,6,0.538246614,Female,Yes,2,1,0,0,0,0,1,3,6,12,High,High,Yes,Female,1,1,1
973,R_3F6x7pgDTpq6ALf,Young Control,aby,0,0,video1_cred_aby,cred_aby,0,1,-1.114512449,Female,I prefer not to answer,4,0,0,0,0,0,0,0,0,0,Low,Low,NA,Female,1,0,0
974,R_3F6x7pgDTpq6ALf,Young Control,anna,0,0,video2_cred_anna,cred_anna,0,2,-1.114512449,Female,I prefer not to answer,4,0,0,0,0,0,0,0,0,0,Low,Low,NA,Female,1,0,0
975,R_3F6x7pgDTpq6ALf,Young Control,cham,0,0,video3_cred_cham,cred_cham,0,3,-1.114512449,Female,I prefer not to answer,4,0,0,0,0,0,0,0,0,0,Low,Low,NA,Female,1,0,0
976,R_3F6x7pgDTpq6ALf,Young Control,fab,0,0,video4_cred_fab,cred_fab,0,4,-1.114512449,Female,I prefer not to answer,4,0,0,0,0,0,0,0,0,0,Low,Low,NA,Female,1,0,0
977,R_3F6x7pgDTpq6ALf,Young Control,mae,0,0,video5_cred_mae,cred_mae,0,5,-1.114512449,Female,I prefer not to answer,4,0,0,0,0,0,0,0,0,0,Low,Low,NA,Female,1,0,0
978,R_3F6x7pgDTpq6ALf,Young Control,zanx,0,0,video6_cred_zanx,cred_zanx,0,6,-1.114512449,Female,I prefer not to answer,4,0,0,0,0,0,0,0,0,0,Low,Low,NA,Female,1,0,0
979,R_3FQyBo8ZfEKXSu1,Old Control,aby,1,1,video1_cred_aby,cred_aby,17,1,-0.516705979,Female,No,1,1,0,0,0,0,0,1,2,0,Low,Moderate,No,Female,3,0,0
980,R_3FQyBo8ZfEKXSu1,Old Control,anna,1,1,video2_cred_anna,cred_anna,21,2,-0.376045634,Female,No,1,1,0,0,0,0,0,1,2,0,Low,Moderate,No,Female,3,0,0
981,R_3FQyBo8ZfEKXSu1,Old Control,cham,0,1,video3_cred_cham,cred_cham,23,3,-0.305715461,Female,No,1,1,0,0,0,0,0,0.5,1,0,Low,Moderate,No,Female,3,0,1
982,R_3FQyBo8ZfEKXSu1,Old Control,fab,1,1,video4_cred_fab,cred_fab,11,4,-0.727696498,Female,No,1,1,0,0,0,0,0,1,2,0,Low,Moderate,No,Female,3,0,0
983,R_3FQyBo8ZfEKXSu1,Old Control,mae,1,6,video5_cred_mae,cred_mae,14,5,-0.622201239,Female,No,1,1,0,0,0,0,0,3.5,7,0,Low,High,No,Female,3,0,0
984,R_3FQyBo8ZfEKXSu1,Old Control,zanx,1,1,video6_cred_zanx,cred_zanx,26,6,-0.200220201,Female,No,1,1,0,0,0,0,0,1,2,0,Low,Moderate,No,Female,3,0,1
985,R_3FUtkkkL2UehsJX,Old Control,aby,0,0,video1_cred_aby,cred_aby,8,1,-0.833191758,Female,Yes,3,1,0,0,0,0,1,0,0,0,Low,Low,Yes,Female,1,0,0
986,R_3FUtkkkL2UehsJX,Old Control,anna,0,0,video2_cred_anna,cred_anna,16,2,-0.551871066,Female,Yes,3,1,0,0,0,0,1,0,0,0,Low,Low,Yes,Female,1,0,0
987,R_3FUtkkkL2UehsJX,Old Control,cham,0,0,video3_cred_cham,cred_cham,0,3,-1.114512449,Female,Yes,3,1,0,0,0,0,1,0,0,0,Low,Low,Yes,Female,1,0,0
988,R_3FUtkkkL2UehsJX,Old Control,fab,1,1,video4_cred_fab,cred_fab,5,4,-0.938687017,Female,Yes,3,1,0,0,0,0,1,1,2,0,Low,Moderate,Yes,Female,1,0,0
989,R_3FUtkkkL2UehsJX,Old Control,mae,2,4,video5_cred_mae,cred_mae,9,5,-0.798026671,Female,Yes,3,1,0,0,0,0,1,3,6,0,Low,High,Yes,Female,1,0,0
990,R_3FUtkkkL2UehsJX,Old Control,zanx,0,0,video6_cred_zanx,cred_zanx,0,6,-1.114512449,Female,Yes,3,1,0,0,0,0,1,0,0,0,Low,Low,Yes,Female,1,0,0
991,R_3FhZvpPtUTkXuNP,Old Control,aby,1,0,video1_cred_aby,cred_aby,7,1,-0.868356844,Female,No,4,0,0,1,0,0,0,0.5,1,2,Low,Moderate,No,Female,1,0,0
992,R_3FhZvpPtUTkXuNP,Old Control,anna,0,0,video2_cred_anna,cred_anna,28,2,-0.129890028,Female,No,4,0,0,1,0,0,0,0,0,2,Low,Low,No,Female,1,0,1
993,R_3FhZvpPtUTkXuNP,Old Control,cham,0,1,video3_cred_cham,cred_cham,50,3,0.643741874,Female,No,4,0,0,1,0,0,0,0.5,1,2,Low,Moderate,No,Female,1,0,1
994,R_3FhZvpPtUTkXuNP,Old Control,fab,0,1,video4_cred_fab,cred_fab,7,4,-0.868356844,Female,No,4,0,0,1,0,0,0,0.5,1,2,Low,Moderate,No,Female,1,0,0
995,R_3FhZvpPtUTkXuNP,Old Control,mae,0,2,video5_cred_mae,cred_mae,15,5,-0.587036152,Female,No,4,0,0,1,0,0,0,1,2,2,Low,Moderate,No,Female,1,0,0
996,R_3FhZvpPtUTkXuNP,Old Control,zanx,1,0,video6_cred_zanx,cred_zanx,9,6,-0.798026671,Female,No,4,0,0,1,0,0,0,0.5,1,2,Low,Moderate,No,Female,1,0,0
997,R_3H58e7K4smsnqEN,Young Treat,aby,1,1,video1_cred_aby,cred_aby,18,1,-0.481540893,Female,Yes,3,0,0,0,0,1,0,1,2,2,Low,Moderate,Yes,Female,2,0,0
998,R_3H58e7K4smsnqEN,Young Treat,anna,1,2,video2_cred_anna,cred_anna,32,2,0.010770317,Female,Yes,3,0,0,0,0,1,0,1.5,3,2,Low,Moderate,Yes,Female,2,0,1
999,R_3H58e7K4smsnqEN,Young Treat,cham,1,1,video3_cred_cham,cred_cham,15,3,-0.587036152,Female,Yes,3,0,0,0,0,1,0,1,2,2,Low,Moderate,Yes,Female,2,0,0
1000,R_3H58e7K4smsnqEN,Young Treat,fab,1,1,video4_cred_fab,cred_fab,21,4,-0.376045634,Female,Yes,3,0,0,0,0,1,0,1,2,2,Low,Moderate,Yes,Female,2,0,0
1001,R_3H58e7K4smsnqEN,Young Treat,mae,2,1,video5_cred_mae,cred_mae,16,5,-0.551871066,Female,Yes,3,0,0,0,0,1,0,1.5,3,2,Low,Moderate,Yes,Female,2,0,0
1002,R_3H58e7K4smsnqEN,Young Treat,zanx,4,1,video6_cred_zanx,cred_zanx,21,6,-0.376045634,Female,Yes,3,0,0,0,0,1,0,2.5,5,2,Low,High,Yes,Female,2,0,0
1003,R_3HTzbQb8wxEtYi4,Old Treat,aby,0,0,video1_cred_aby,cred_aby,10,1,-0.762861585,Female,Yes,2,0,0,0,0,1,0,0,0,0,Low,Low,Yes,Female,1,0,0
1004,R_3HTzbQb8wxEtYi4,Old Treat,anna,0,0,video2_cred_anna,cred_anna,5,2,-0.938687017,Female,Yes,2,0,0,0,0,1,0,0,0,0,Low,Low,Yes,Female,1,0,0
1005,R_3HTzbQb8wxEtYi4,Old Treat,cham,0,0,video3_cred_cham,cred_cham,20,3,-0.41121072,Female,Yes,2,0,0,0,0,1,0,0,0,0,Low,Low,Yes,Female,1,0,0
1006,R_3HTzbQb8wxEtYi4,Old Treat,fab,0,0,video4_cred_fab,cred_fab,10,4,-0.762861585,Female,Yes,2,0,0,0,0,1,0,0,0,0,Low,Low,Yes,Female,1,0,0
1007,R_3HTzbQb8wxEtYi4,Old Treat,mae,0,0,video5_cred_mae,cred_mae,35,5,0.116265577,Female,Yes,2,0,0,0,0,1,0,0,0,0,Low,Low,Yes,Female,1,0,1
1008,R_3HTzbQb8wxEtYi4,Old Treat,zanx,0,0,video6_cred_zanx,cred_zanx,15,6,-0.587036152,Female,Yes,2,0,0,0,0,1,0,0,0,0,Low,Low,Yes,Female,1,0,0
1009,R_3I5CNmx7T50QCcm,Young Treat,aby,0,0,video1_cred_aby,cred_aby,0,1,-1.114512449,Female,No,3,1,0,0,0,0,0,0,0,0,Low,Low,No,Female,1,0,0
1010,R_3I5CNmx7T50QCcm,Young Treat,anna,0,0,video2_cred_anna,cred_anna,0,2,-1.114512449,Female,No,3,1,0,0,0,0,0,0,0,0,Low,Low,No,Female,1,0,0
1011,R_3I5CNmx7T50QCcm,Young Treat,cham,0,0,video3_cred_cham,cred_cham,0,3,-1.114512449,Female,No,3,1,0,0,0,0,0,0,0,0,Low,Low,No,Female,1,0,0
1012,R_3I5CNmx7T50QCcm,Young Treat,fab,0,0,video4_cred_fab,cred_fab,0,4,-1.114512449,Female,No,3,1,0,0,0,0,0,0,0,0,Low,Low,No,Female,1,0,0
1013,R_3I5CNmx7T50QCcm,Young Treat,mae,0,0,video5_cred_mae,cred_mae,14,5,-0.622201239,Female,No,3,1,0,0,0,0,0,0,0,0,Low,Low,No,Female,1,0,0
1014,R_3I5CNmx7T50QCcm,Young Treat,zanx,0,0,video6_cred_zanx,cred_zanx,0,6,-1.114512449,Female,No,3,1,0,0,0,0,0,0,0,0,Low,Low,No,Female,1,0,0
1015,R_3IDXMy5c0E025yt,Young Control,aby,2,1,video1_cred_aby,cred_aby,14,1,-0.622201239,Male,Yes,1,0,0,0,0,0,0,1.5,3,NA,NA,Moderate,Yes,Male,1,0,0
1016,R_3IDXMy5c0E025yt,Young Control,anna,1,1,video2_cred_anna,cred_anna,11,2,-0.727696498,Male,Yes,1,0,0,0,0,0,0,1,2,NA,NA,Moderate,Yes,Male,1,0,0
1017,R_3IDXMy5c0E025yt,Young Control,cham,0,1,video3_cred_cham,cred_cham,8,3,-0.833191758,Male,Yes,1,0,0,0,0,0,0,0.5,1,NA,NA,Moderate,Yes,Male,1,0,0
1018,R_3IDXMy5c0E025yt,Young Control,fab,1,1,video4_cred_fab,cred_fab,12,4,-0.692531412,Male,Yes,1,0,0,0,0,0,0,1,2,NA,NA,Moderate,Yes,Male,1,0,0
1019,R_3IDXMy5c0E025yt,Young Control,mae,1,1,video5_cred_mae,cred_mae,9,5,-0.798026671,Male,Yes,1,0,0,0,0,0,0,1,2,NA,NA,Moderate,Yes,Male,1,0,0
1020,R_3IDXMy5c0E025yt,Young Control,zanx,1,1,video6_cred_zanx,cred_zanx,8,6,-0.833191758,Male,Yes,1,0,0,0,0,0,0,1,2,NA,NA,Moderate,Yes,Male,1,0,0
1021,R_3IGD34Et91VZPXP,Old Control,aby,0,0,video1_cred_aby,cred_aby,50,1,0.643741874,Female,Yes,4,0,0,1,1,0,0,0,0,0,Low,Low,Yes,Female,1,0,1
1022,R_3IGD34Et91VZPXP,Old Control,anna,0,0,video2_cred_anna,cred_anna,25,2,-0.235385288,Female,Yes,4,0,0,1,1,0,0,0,0,0,Low,Low,Yes,Female,1,0,1
1023,R_3IGD34Et91VZPXP,Old Control,cham,0,0,video3_cred_cham,cred_cham,40,3,0.292091009,Female,Yes,4,0,0,1,1,0,0,0,0,0,Low,Low,Yes,Female,1,0,1
1024,R_3IGD34Et91VZPXP,Old Control,fab,0,0,video4_cred_fab,cred_fab,40,4,0.292091009,Female,Yes,4,0,0,1,1,0,0,0,0,0,Low,Low,Yes,Female,1,0,1
1025,R_3IGD34Et91VZPXP,Old Control,mae,0,0,video5_cred_mae,cred_mae,20,5,-0.41121072,Female,Yes,4,0,0,1,1,0,0,0,0,0,Low,Low,Yes,Female,1,0,0
1026,R_3IGD34Et91VZPXP,Old Control,zanx,0,0,video6_cred_zanx,cred_zanx,30,6,-0.059559855,Female,Yes,4,0,0,1,1,0,0,0,0,0,Low,Low,Yes,Female,1,0,1
1027,R_3JepPjUPKeEnHnv,Young Control,aby,1,1,video1_cred_aby,cred_aby,7,1,-0.868356844,Female,Yes,4,0,0,0,0,1,0,1,2,2,Low,Moderate,Yes,Female,1,0,0
1028,R_3JepPjUPKeEnHnv,Young Control,anna,1,1,video2_cred_anna,cred_anna,40,2,0.292091009,Female,Yes,4,0,0,0,0,1,0,1,2,2,Low,Moderate,Yes,Female,1,0,1
1029,R_3JepPjUPKeEnHnv,Young Control,cham,1,1,video3_cred_cham,cred_cham,10,3,-0.762861585,Female,Yes,4,0,0,0,0,1,0,1,2,2,Low,Moderate,Yes,Female,1,0,0
1030,R_3JepPjUPKeEnHnv,Young Control,fab,1,1,video4_cred_fab,cred_fab,10,4,-0.762861585,Female,Yes,4,0,0,0,0,1,0,1,2,2,Low,Moderate,Yes,Female,1,0,0
1031,R_3JepPjUPKeEnHnv,Young Control,mae,1,1,video5_cred_mae,cred_mae,8,5,-0.833191758,Female,Yes,4,0,0,0,0,1,0,1,2,2,Low,Moderate,Yes,Female,1,0,0
1032,R_3JepPjUPKeEnHnv,Young Control,zanx,1,1,video6_cred_zanx,cred_zanx,13,6,-0.657366325,Female,Yes,4,0,0,0,0,1,0,1,2,2,Low,Moderate,Yes,Female,1,0,0
1033,R_3JgDwhkdm18GBMF,Young Treat,aby,0,0,video1_cred_aby,cred_aby,80,1,1.698694468,Female,Yes,4,1,0,0,0,0,0,0,0,0,Low,Low,Yes,Female,1,0,1
1034,R_3JgDwhkdm18GBMF,Young Treat,anna,0,0,video2_cred_anna,cred_anna,70,2,1.347043603,Female,Yes,4,1,0,0,0,0,0,0,0,0,Low,Low,Yes,Female,1,0,1
1035,R_3JgDwhkdm18GBMF,Young Treat,cham,0,0,video3_cred_cham,cred_cham,82,3,1.76902464,Female,Yes,4,1,0,0,0,0,0,0,0,0,Low,Low,Yes,Female,1,0,1
1036,R_3JgDwhkdm18GBMF,Young Treat,fab,0,0,video4_cred_fab,cred_fab,30,4,-0.059559855,Female,Yes,4,1,0,0,0,0,0,0,0,0,Low,Low,Yes,Female,1,0,1
1037,R_3JgDwhkdm18GBMF,Young Treat,mae,0,0,video5_cred_mae,cred_mae,50,5,0.643741874,Female,Yes,4,1,0,0,0,0,0,0,0,0,Low,Low,Yes,Female,1,0,1
1038,R_3JgDwhkdm18GBMF,Young Treat,zanx,0,0,video6_cred_zanx,cred_zanx,65,6,1.171218171,Female,Yes,4,1,0,0,0,0,0,0,0,0,Low,Low,Yes,Female,1,0,1
1039,R_3JkLj7SMz2OhrX2,Young Control,aby,0,0,video1_cred_aby,cred_aby,0,1,-1.114512449,Female,Yes,4,0,0,0,0,1,1,0,0,0,Low,Low,Yes,Female,1,1,0
1040,R_3JkLj7SMz2OhrX2,Young Control,anna,0,0,video2_cred_anna,cred_anna,0,2,-1.114512449,Female,Yes,4,0,0,0,0,1,1,0,0,0,Low,Low,Yes,Female,1,1,0
1041,R_3JkLj7SMz2OhrX2,Young Control,cham,0,0,video3_cred_cham,cred_cham,15,3,-0.587036152,Female,Yes,4,0,0,0,0,1,1,0,0,0,Low,Low,Yes,Female,1,1,0
1042,R_3JkLj7SMz2OhrX2,Young Control,fab,0,0,video4_cred_fab,cred_fab,0,4,-1.114512449,Female,Yes,4,0,0,0,0,1,1,0,0,0,Low,Low,Yes,Female,1,1,0
1043,R_3JkLj7SMz2OhrX2,Young Control,mae,0,0,video5_cred_mae,cred_mae,20,5,-0.41121072,Female,Yes,4,0,0,0,0,1,1,0,0,0,Low,Low,Yes,Female,1,1,0
1044,R_3JkLj7SMz2OhrX2,Young Control,zanx,0,0,video6_cred_zanx,cred_zanx,10,6,-0.762861585,Female,Yes,4,0,0,0,0,1,1,0,0,0,Low,Low,Yes,Female,1,1,0
1045,R_3JwKvyoe9Kmlu2V,Young Control,aby,3,1,video1_cred_aby,cred_aby,25,1,-0.235385288,Female,Yes,4,0,0,0,1,0,0,2,4,7,Moderate,High,Yes,Female,1,1,1
1046,R_3JwKvyoe9Kmlu2V,Young Control,anna,3,4,video2_cred_anna,cred_anna,23,2,-0.305715461,Female,Yes,4,0,0,0,1,0,0,3.5,7,7,Moderate,High,Yes,Female,1,1,1
1047,R_3JwKvyoe9Kmlu2V,Young Control,cham,1,1,video3_cred_cham,cred_cham,9,3,-0.798026671,Female,Yes,4,0,0,0,1,0,0,1,2,7,Moderate,Moderate,Yes,Female,1,1,0
1048,R_3JwKvyoe9Kmlu2V,Young Control,fab,1,0,video4_cred_fab,cred_fab,18,4,-0.481540893,Female,Yes,4,0,0,0,1,0,0,0.5,1,7,Moderate,Moderate,Yes,Female,1,1,0
1049,R_3JwKvyoe9Kmlu2V,Young Control,mae,3,4,video5_cred_mae,cred_mae,20,5,-0.41121072,Female,Yes,4,0,0,0,1,0,0,3.5,7,7,Moderate,High,Yes,Female,1,1,0
1050,R_3JwKvyoe9Kmlu2V,Young Control,zanx,1,1,video6_cred_zanx,cred_zanx,61,6,1.030557825,Female,Yes,4,0,0,0,1,0,0,1,2,7,Moderate,Moderate,Yes,Female,1,1,1
1051,R_3KBF9VTy4jhXVdM,Young Treat,aby,1,1,video1_cred_aby,cred_aby,14,1,-0.622201239,Female,No,1,0,1,0,0,0,1,1,2,2,Low,Moderate,No,Female,2,0,0
1052,R_3KBF9VTy4jhXVdM,Young Treat,anna,1,1,video2_cred_anna,cred_anna,18,2,-0.481540893,Female,No,1,0,1,0,0,0,1,1,2,2,Low,Moderate,No,Female,2,0,0
1053,R_3KBF9VTy4jhXVdM,Young Treat,cham,1,2,video3_cred_cham,cred_cham,14,3,-0.622201239,Female,No,1,0,1,0,0,0,1,1.5,3,2,Low,Moderate,No,Female,2,0,0
1054,R_3KBF9VTy4jhXVdM,Young Treat,fab,1,1,video4_cred_fab,cred_fab,11,4,-0.727696498,Female,No,1,0,1,0,0,0,1,1,2,2,Low,Moderate,No,Female,2,0,0
1055,R_3KBF9VTy4jhXVdM,Young Treat,mae,1,1,video5_cred_mae,cred_mae,20,5,-0.41121072,Female,No,1,0,1,0,0,0,1,1,2,2,Low,Moderate,No,Female,2,0,0
1056,R_3KBF9VTy4jhXVdM,Young Treat,zanx,1,2,video6_cred_zanx,cred_zanx,21,6,-0.376045634,Female,No,1,0,1,0,0,0,1,1.5,3,2,Low,Moderate,No,Female,2,0,0
1057,R_3KIMElcIumYBDd1,Old Control,aby,0,0,video1_cred_aby,cred_aby,1,1,-1.079347363,Female,Yes,4,0,0,0,1,0,0,0,0,0,Low,Low,Yes,Female,1,0,0
1058,R_3KIMElcIumYBDd1,Old Control,anna,0,0,video2_cred_anna,cred_anna,0,2,-1.114512449,Female,Yes,4,0,0,0,1,0,0,0,0,0,Low,Low,Yes,Female,1,0,0
1059,R_3KIMElcIumYBDd1,Old Control,cham,0,0,video3_cred_cham,cred_cham,0,3,-1.114512449,Female,Yes,4,0,0,0,1,0,0,0,0,0,Low,Low,Yes,Female,1,0,0
1060,R_3KIMElcIumYBDd1,Old Control,fab,0,0,video4_cred_fab,cred_fab,0,4,-1.114512449,Female,Yes,4,0,0,0,1,0,0,0,0,0,Low,Low,Yes,Female,1,0,0
1061,R_3KIMElcIumYBDd1,Old Control,mae,0,0,video5_cred_mae,cred_mae,2,5,-1.044182276,Female,Yes,4,0,0,0,1,0,0,0,0,0,Low,Low,Yes,Female,1,0,0
1062,R_3KIMElcIumYBDd1,Old Control,zanx,0,0,video6_cred_zanx,cred_zanx,0,6,-1.114512449,Female,Yes,4,0,0,0,1,0,0,0,0,0,Low,Low,Yes,Female,1,0,0
1063,R_3KgjtxbjtNtfoC5,Old Control,aby,1,1,video1_cred_aby,cred_aby,49,1,0.608576787,Female,No,3,0,0,0,0,1,0,1,2,1,Low,Moderate,No,Female,1,0,1
1064,R_3KgjtxbjtNtfoC5,Old Control,anna,0,1,video2_cred_anna,cred_anna,48,2,0.573411701,Female,No,3,0,0,0,0,1,0,0.5,1,1,Low,Moderate,No,Female,1,0,1
1065,R_3KgjtxbjtNtfoC5,Old Control,cham,0,0,video3_cred_cham,cred_cham,48,3,0.573411701,Female,No,3,0,0,0,0,1,0,0,0,1,Low,Low,No,Female,1,0,1
1066,R_3KgjtxbjtNtfoC5,Old Control,fab,0,0,video4_cred_fab,cred_fab,52,4,0.714072047,Female,No,3,0,0,0,0,1,0,0,0,1,Low,Low,No,Female,1,0,1
1067,R_3KgjtxbjtNtfoC5,Old Control,mae,0,0,video5_cred_mae,cred_mae,48,5,0.573411701,Female,No,3,0,0,0,0,1,0,0,0,1,Low,Low,No,Female,1,0,1
1068,R_3KgjtxbjtNtfoC5,Old Control,zanx,1,1,video6_cred_zanx,cred_zanx,51,6,0.67890696,Female,No,3,0,0,0,0,1,0,1,2,1,Low,Moderate,No,Female,1,0,1
1069,R_3LzzKYJffjJ4F6g,Young Control,aby,1,1,video1_cred_aby,cred_aby,39,1,0.256925923,Female,No,3,1,0,0,0,0,0,1,2,3,Low,Moderate,No,Female,3,0,1
1070,R_3LzzKYJffjJ4F6g,Young Control,anna,1,1,video2_cred_anna,cred_anna,13,2,-0.657366325,Female,No,3,1,0,0,0,0,0,1,2,3,Low,Moderate,No,Female,3,0,0
1071,R_3LzzKYJffjJ4F6g,Young Control,cham,1,1,video3_cred_cham,cred_cham,8,3,-0.833191758,Female,No,3,1,0,0,0,0,0,1,2,3,Low,Moderate,No,Female,3,0,0
1072,R_3LzzKYJffjJ4F6g,Young Control,fab,1,1,video4_cred_fab,cred_fab,42,4,0.362421182,Female,No,3,1,0,0,0,0,0,1,2,3,Low,Moderate,No,Female,3,0,1
1073,R_3LzzKYJffjJ4F6g,Young Control,mae,1,3,video5_cred_mae,cred_mae,45,5,0.467916441,Female,No,3,1,0,0,0,0,0,2,4,3,Low,High,No,Female,3,0,1
1074,R_3LzzKYJffjJ4F6g,Young Control,zanx,1,1,video6_cred_zanx,cred_zanx,14,6,-0.622201239,Female,No,3,1,0,0,0,0,0,1,2,3,Low,Moderate,No,Female,3,0,0
1075,R_3MBQOOrwdfwkZIR,Young Control,aby,NA,NA,video1_cred_aby,cred_aby,NA,1,NA,Female,Yes,1,0,0,1,0,0,0,NA,NA,13,High,NA,Yes,Female,3,1,NA
1076,R_3MBQOOrwdfwkZIR,Young Control,anna,5,5,video2_cred_anna,cred_anna,74,2,1.487703949,Female,Yes,1,0,0,1,0,0,0,5,10,13,High,High,Yes,Female,3,1,1
1077,R_3MBQOOrwdfwkZIR,Young Control,cham,NA,NA,video3_cred_cham,cred_cham,NA,3,NA,Female,Yes,1,0,0,1,0,0,0,NA,NA,13,High,NA,Yes,Female,3,1,NA
1078,R_3MBQOOrwdfwkZIR,Young Control,fab,NA,NA,video4_cred_fab,cred_fab,NA,4,NA,Female,Yes,1,0,0,1,0,0,0,NA,NA,13,High,NA,Yes,Female,3,1,NA
1079,R_3MBQOOrwdfwkZIR,Young Control,mae,NA,NA,video5_cred_mae,cred_mae,NA,5,NA,Female,Yes,1,0,0,1,0,0,0,NA,NA,13,High,NA,Yes,Female,3,1,NA
1080,R_3MBQOOrwdfwkZIR,Young Control,zanx,NA,NA,video6_cred_zanx,cred_zanx,NA,6,NA,Female,Yes,1,0,0,1,0,0,0,NA,NA,13,High,NA,Yes,Female,3,1,NA
1081,R_3Mzjp596iVs867L,Young Control,aby,NA,NA,video1_cred_aby,cred_aby,NA,1,NA,Male,Yes,2,0,0,1,0,0,1,NA,NA,NA,NA,NA,Yes,Male,2,1,NA
1082,R_3Mzjp596iVs867L,Young Control,anna,NA,NA,video2_cred_anna,cred_anna,NA,2,NA,Male,Yes,2,0,0,1,0,0,1,NA,NA,NA,NA,NA,Yes,Male,2,1,NA
1083,R_3Mzjp596iVs867L,Young Control,cham,NA,NA,video3_cred_cham,cred_cham,NA,3,NA,Male,Yes,2,0,0,1,0,0,1,NA,NA,NA,NA,NA,Yes,Male,2,1,NA
1084,R_3Mzjp596iVs867L,Young Control,fab,NA,NA,video4_cred_fab,cred_fab,NA,4,NA,Male,Yes,2,0,0,1,0,0,1,NA,NA,NA,NA,NA,Yes,Male,2,1,NA
1085,R_3Mzjp596iVs867L,Young Control,mae,NA,NA,video5_cred_mae,cred_mae,NA,5,NA,Male,Yes,2,0,0,1,0,0,1,NA,NA,NA,NA,NA,Yes,Male,2,1,NA
1086,R_3Mzjp596iVs867L,Young Control,zanx,NA,NA,video6_cred_zanx,cred_zanx,NA,6,NA,Male,Yes,2,0,0,1,0,0,1,NA,NA,NA,NA,NA,Yes,Male,2,1,NA
1087,R_3Ni1D5oa7JGXIkx,Old Control,aby,1,1,video1_cred_aby,cred_aby,17,1,-0.516705979,Female,No,3,1,0,0,0,0,1,1,2,2,Low,Moderate,No,Female,1,0,0
1088,R_3Ni1D5oa7JGXIkx,Old Control,anna,1,1,video2_cred_anna,cred_anna,15,2,-0.587036152,Female,No,3,1,0,0,0,0,1,1,2,2,Low,Moderate,No,Female,1,0,0
1089,R_3Ni1D5oa7JGXIkx,Old Control,cham,1,1,video3_cred_cham,cred_cham,20,3,-0.41121072,Female,No,3,1,0,0,0,0,1,1,2,2,Low,Moderate,No,Female,1,0,0
1090,R_3Ni1D5oa7JGXIkx,Old Control,fab,1,2,video4_cred_fab,cred_fab,17,4,-0.516705979,Female,No,3,1,0,0,0,0,1,1.5,3,2,Low,Moderate,No,Female,1,0,0
1091,R_3Ni1D5oa7JGXIkx,Old Control,mae,1,2,video5_cred_mae,cred_mae,21,5,-0.376045634,Female,No,3,1,0,0,0,0,1,1.5,3,2,Low,Moderate,No,Female,1,0,0
1092,R_3Ni1D5oa7JGXIkx,Old Control,zanx,1,1,video6_cred_zanx,cred_zanx,12,6,-0.692531412,Female,No,3,1,0,0,0,0,1,1,2,2,Low,Moderate,No,Female,1,0,0
1093,R_3Nsw5osgZIT26J5,Old Treat,aby,1,1,video1_cred_aby,cred_aby,32,1,0.010770317,Female,No,3,1,0,0,1,0,1,1,2,4,Low,Moderate,No,Female,2,1,1
1094,R_3Nsw5osgZIT26J5,Old Treat,anna,5,3,video2_cred_anna,cred_anna,39,2,0.256925923,Female,No,3,1,0,0,1,0,1,4,8,4,Low,High,No,Female,2,1,1
1095,R_3Nsw5osgZIT26J5,Old Treat,cham,1,1,video3_cred_cham,cred_cham,44,3,0.432751355,Female,No,3,1,0,0,1,0,1,1,2,4,Low,Moderate,No,Female,2,1,1
1096,R_3Nsw5osgZIT26J5,Old Treat,fab,1,1,video4_cred_fab,cred_fab,29,4,-0.094724942,Female,No,3,1,0,0,1,0,1,1,2,4,Low,Moderate,No,Female,2,1,1
1097,R_3Nsw5osgZIT26J5,Old Treat,mae,1,1,video5_cred_mae,cred_mae,24,5,-0.270550374,Female,No,3,1,0,0,1,0,1,1,2,4,Low,Moderate,No,Female,2,1,1
1098,R_3Nsw5osgZIT26J5,Old Treat,zanx,3,1,video6_cred_zanx,cred_zanx,28,6,-0.129890028,Female,No,3,1,0,0,1,0,1,2,4,4,Low,High,No,Female,2,1,1
1099,R_3OMJEkK55diUcVj,Old Control,aby,0,0,video1_cred_aby,cred_aby,0,1,-1.114512449,Female,Yes,4,0,0,0,0,1,0,0,0,2,Low,Low,Yes,Female,1,0,0
1100,R_3OMJEkK55diUcVj,Old Control,anna,0,0,video2_cred_anna,cred_anna,0,2,-1.114512449,Female,Yes,4,0,0,0,0,1,0,0,0,2,Low,Low,Yes,Female,1,0,0
1101,R_3OMJEkK55diUcVj,Old Control,cham,0,0,video3_cred_cham,cred_cham,0,3,-1.114512449,Female,Yes,4,0,0,0,0,1,0,0,0,2,Low,Low,Yes,Female,1,0,0
1102,R_3OMJEkK55diUcVj,Old Control,fab,0,0,video4_cred_fab,cred_fab,0,4,-1.114512449,Female,Yes,4,0,0,0,0,1,0,0,0,2,Low,Low,Yes,Female,1,0,0
1103,R_3OMJEkK55diUcVj,Old Control,mae,1,1,video5_cred_mae,cred_mae,11,5,-0.727696498,Female,Yes,4,0,0,0,0,1,0,1,2,2,Low,Moderate,Yes,Female,1,0,0
1104,R_3OMJEkK55diUcVj,Old Control,zanx,0,0,video6_cred_zanx,cred_zanx,0,6,-1.114512449,Female,Yes,4,0,0,0,0,1,0,0,0,2,Low,Low,Yes,Female,1,0,0
1105,R_3OWifxM8aK0I0Gj,Young Control,aby,1,1,video1_cred_aby,cred_aby,32,1,0.010770317,Female,Yes,3,0,0,0,1,0,0,1,2,2,Low,Moderate,Yes,Female,1,0,1
1106,R_3OWifxM8aK0I0Gj,Young Control,anna,6,4,video2_cred_anna,cred_anna,86,2,1.909684986,Female,Yes,3,0,0,0,1,0,0,5,10,2,Low,High,Yes,Female,1,0,1
1107,R_3OWifxM8aK0I0Gj,Young Control,cham,3,3,video3_cred_cham,cred_cham,46,3,0.503081528,Female,Yes,3,0,0,0,1,0,0,3,6,2,Low,High,Yes,Female,1,0,1
1108,R_3OWifxM8aK0I0Gj,Young Control,fab,3,2,video4_cred_fab,cred_fab,60,4,0.995392738,Female,Yes,3,0,0,0,1,0,0,2.5,5,2,Low,High,Yes,Female,1,0,1
1109,R_3OWifxM8aK0I0Gj,Young Control,mae,1,1,video5_cred_mae,cred_mae,31,5,-0.024394769,Female,Yes,3,0,0,0,1,0,0,1,2,2,Low,Moderate,Yes,Female,1,0,1
1110,R_3OWifxM8aK0I0Gj,Young Control,zanx,2,2,video6_cred_zanx,cred_zanx,36,6,0.151430663,Female,Yes,3,0,0,0,1,0,0,2,4,2,Low,High,Yes,Female,1,0,1
1111,R_3OfrHXD0LMIuLpY,Young Control,aby,1,1,video1_cred_aby,cred_aby,11,1,-0.727696498,Female,No,3,0,0,0,0,1,0,1,2,2,Low,Moderate,No,Female,3,0,0
1112,R_3OfrHXD0LMIuLpY,Young Control,anna,0,1,video2_cred_anna,cred_anna,5,2,-0.938687017,Female,No,3,0,0,0,0,1,0,0.5,1,2,Low,Moderate,No,Female,3,0,0
1113,R_3OfrHXD0LMIuLpY,Young Control,cham,0,1,video3_cred_cham,cred_cham,2,3,-1.044182276,Female,No,3,0,0,0,0,1,0,0.5,1,2,Low,Moderate,No,Female,3,0,0
1114,R_3OfrHXD0LMIuLpY,Young Control,fab,1,1,video4_cred_fab,cred_fab,10,4,-0.762861585,Female,No,3,0,0,0,0,1,0,1,2,2,Low,Moderate,No,Female,3,0,0
1115,R_3OfrHXD0LMIuLpY,Young Control,mae,1,1,video5_cred_mae,cred_mae,3,5,-1.00901719,Female,No,3,0,0,0,0,1,0,1,2,2,Low,Moderate,No,Female,3,0,0
1116,R_3OfrHXD0LMIuLpY,Young Control,zanx,1,1,video6_cred_zanx,cred_zanx,0,6,-1.114512449,Female,No,3,0,0,0,0,1,0,1,2,2,Low,Moderate,No,Female,3,0,0
1117,R_3Osh5ZnGjlMHqmd,Young Treat,aby,1,1,video1_cred_aby,cred_aby,14,1,-0.622201239,Female,No,1,1,0,0,0,0,0,1,2,NA,NA,Moderate,No,Female,3,0,0
1118,R_3Osh5ZnGjlMHqmd,Young Treat,anna,1,1,video2_cred_anna,cred_anna,12,2,-0.692531412,Female,No,1,1,0,0,0,0,0,1,2,NA,NA,Moderate,No,Female,3,0,0
1119,R_3Osh5ZnGjlMHqmd,Young Treat,cham,1,1,video3_cred_cham,cred_cham,19,3,-0.446375807,Female,No,1,1,0,0,0,0,0,1,2,NA,NA,Moderate,No,Female,3,0,0
1120,R_3Osh5ZnGjlMHqmd,Young Treat,fab,1,1,video4_cred_fab,cred_fab,31,4,-0.024394769,Female,No,1,1,0,0,0,0,0,1,2,NA,NA,Moderate,No,Female,3,0,1
1121,R_3Osh5ZnGjlMHqmd,Young Treat,mae,1,1,video5_cred_mae,cred_mae,16,5,-0.551871066,Female,No,1,1,0,0,0,0,0,1,2,NA,NA,Moderate,No,Female,3,0,0
1122,R_3Osh5ZnGjlMHqmd,Young Treat,zanx,1,1,video6_cred_zanx,cred_zanx,13,6,-0.657366325,Female,No,1,1,0,0,0,0,0,1,2,NA,NA,Moderate,No,Female,3,0,0
1123,R_3OvI5N2L59Coml1,Old Treat,aby,1,2,video1_cred_aby,cred_aby,28,1,-0.129890028,Female,No,4,1,0,0,0,0,1,1.5,3,8,Moderate,Moderate,No,Female,3,0,1
1124,R_3OvI5N2L59Coml1,Old Treat,anna,2,4,video2_cred_anna,cred_anna,33,2,0.045935404,Female,No,4,1,0,0,0,0,1,3,6,8,Moderate,High,No,Female,3,0,1
1125,R_3OvI5N2L59Coml1,Old Treat,cham,2,4,video3_cred_cham,cred_cham,39,3,0.256925923,Female,No,4,1,0,0,0,0,1,3,6,8,Moderate,High,No,Female,3,0,1
1126,R_3OvI5N2L59Coml1,Old Treat,fab,2,3,video4_cred_fab,cred_fab,46,4,0.503081528,Female,No,4,1,0,0,0,0,1,2.5,5,8,Moderate,High,No,Female,3,0,1
1127,R_3OvI5N2L59Coml1,Old Treat,mae,1,2,video5_cred_mae,cred_mae,38,5,0.221760836,Female,No,4,1,0,0,0,0,1,1.5,3,8,Moderate,Moderate,No,Female,3,0,1
1128,R_3OvI5N2L59Coml1,Old Treat,zanx,2,4,video6_cred_zanx,cred_zanx,39,6,0.256925923,Female,No,4,1,0,0,0,0,1,3,6,8,Moderate,High,No,Female,3,0,1
1129,R_3P1mc204G6zCNs0,Old Treat,aby,3,3,video1_cred_aby,cred_aby,45,1,0.467916441,Male,No,4,0,1,0,0,0,1,3,6,6,Moderate,High,No,Male,1,1,1
1130,R_3P1mc204G6zCNs0,Old Treat,anna,3,3,video2_cred_anna,cred_anna,45,2,0.467916441,Male,No,4,0,1,0,0,0,1,3,6,6,Moderate,High,No,Male,1,1,1
1131,R_3P1mc204G6zCNs0,Old Treat,cham,3,3,video3_cred_cham,cred_cham,51,3,0.67890696,Male,No,4,0,1,0,0,0,1,3,6,6,Moderate,High,No,Male,1,1,1
1132,R_3P1mc204G6zCNs0,Old Treat,fab,3,3,video4_cred_fab,cred_fab,49,4,0.608576787,Male,No,4,0,1,0,0,0,1,3,6,6,Moderate,High,No,Male,1,1,1
1133,R_3P1mc204G6zCNs0,Old Treat,mae,3,3,video5_cred_mae,cred_mae,49,5,0.608576787,Male,No,4,0,1,0,0,0,1,3,6,6,Moderate,High,No,Male,1,1,1
1134,R_3P1mc204G6zCNs0,Old Treat,zanx,3,3,video6_cred_zanx,cred_zanx,49,6,0.608576787,Male,No,4,0,1,0,0,0,1,3,6,6,Moderate,High,No,Male,1,1,1
1135,R_3PIog9QxI0aebQt,Young Treat,aby,0,0,video1_cred_aby,cred_aby,16,1,-0.551871066,Female,Yes,4,0,0,0,0,1,0,0,0,0,Low,Low,Yes,Female,1,0,0
1136,R_3PIog9QxI0aebQt,Young Treat,anna,0,0,video2_cred_anna,cred_anna,18,2,-0.481540893,Female,Yes,4,0,0,0,0,1,0,0,0,0,Low,Low,Yes,Female,1,0,0
1137,R_3PIog9QxI0aebQt,Young Treat,cham,0,0,video3_cred_cham,cred_cham,19,3,-0.446375807,Female,Yes,4,0,0,0,0,1,0,0,0,0,Low,Low,Yes,Female,1,0,0
1138,R_3PIog9QxI0aebQt,Young Treat,fab,0,0,video4_cred_fab,cred_fab,23,4,-0.305715461,Female,Yes,4,0,0,0,0,1,0,0,0,0,Low,Low,Yes,Female,1,0,1
1139,R_3PIog9QxI0aebQt,Young Treat,mae,0,0,video5_cred_mae,cred_mae,12,5,-0.692531412,Female,Yes,4,0,0,0,0,1,0,0,0,0,Low,Low,Yes,Female,1,0,0
1140,R_3PIog9QxI0aebQt,Young Treat,zanx,0,0,video6_cred_zanx,cred_zanx,18,6,-0.481540893,Female,Yes,4,0,0,0,0,1,0,0,0,0,Low,Low,Yes,Female,1,0,0
1141,R_3PTSWCXdewrKOv7,Young Control,aby,0,0,video1_cred_aby,cred_aby,4,1,-0.973852103,Male,No,4,0,1,1,0,0,0,0,0,0,Low,Low,No,Male,1,0,0
1142,R_3PTSWCXdewrKOv7,Young Control,anna,0,0,video2_cred_anna,cred_anna,6,2,-0.903521931,Male,No,4,0,1,1,0,0,0,0,0,0,Low,Low,No,Male,1,0,0
1143,R_3PTSWCXdewrKOv7,Young Control,cham,0,0,video3_cred_cham,cred_cham,17,3,-0.516705979,Male,No,4,0,1,1,0,0,0,0,0,0,Low,Low,No,Male,1,0,0
1144,R_3PTSWCXdewrKOv7,Young Control,fab,0,0,video4_cred_fab,cred_fab,7,4,-0.868356844,Male,No,4,0,1,1,0,0,0,0,0,0,Low,Low,No,Male,1,0,0
1145,R_3PTSWCXdewrKOv7,Young Control,mae,0,0,video5_cred_mae,cred_mae,4,5,-0.973852103,Male,No,4,0,1,1,0,0,0,0,0,0,Low,Low,No,Male,1,0,0
1146,R_3PTSWCXdewrKOv7,Young Control,zanx,0,0,video6_cred_zanx,cred_zanx,4,6,-0.973852103,Male,No,4,0,1,1,0,0,0,0,0,0,Low,Low,No,Male,1,0,0
1147,R_3QA1JVlyCml4ypg,Young Treat,aby,0,0,video1_cred_aby,cred_aby,3,1,-1.00901719,Female,Yes,3,0,0,0,0,1,1,0,0,0,Low,Low,Yes,Female,1,0,0
1148,R_3QA1JVlyCml4ypg,Young Treat,anna,0,0,video2_cred_anna,cred_anna,30,2,-0.059559855,Female,Yes,3,0,0,0,0,1,1,0,0,0,Low,Low,Yes,Female,1,0,1
1149,R_3QA1JVlyCml4ypg,Young Treat,cham,0,0,video3_cred_cham,cred_cham,22,3,-0.340880547,Female,Yes,3,0,0,0,0,1,1,0,0,0,Low,Low,Yes,Female,1,0,0
1150,R_3QA1JVlyCml4ypg,Young Treat,fab,0,0,video4_cred_fab,cred_fab,6,4,-0.903521931,Female,Yes,3,0,0,0,0,1,1,0,0,0,Low,Low,Yes,Female,1,0,0
1151,R_3QA1JVlyCml4ypg,Young Treat,mae,0,0,video5_cred_mae,cred_mae,6,5,-0.903521931,Female,Yes,3,0,0,0,0,1,1,0,0,0,Low,Low,Yes,Female,1,0,0
1152,R_3QA1JVlyCml4ypg,Young Treat,zanx,0,0,video6_cred_zanx,cred_zanx,12,6,-0.692531412,Female,Yes,3,0,0,0,0,1,1,0,0,0,Low,Low,Yes,Female,1,0,0
1153,R_3QJOVEMtjUo1e5m,Young Control,aby,1,1,video1_cred_aby,cred_aby,7,1,-0.868356844,Female,Yes,3,0,0,0,0,0,0,1,2,2,Low,Moderate,Yes,Female,1,0,0
1154,R_3QJOVEMtjUo1e5m,Young Control,anna,1,1,video2_cred_anna,cred_anna,59,2,0.960227652,Female,Yes,3,0,0,0,0,0,0,1,2,2,Low,Moderate,Yes,Female,1,0,1
1155,R_3QJOVEMtjUo1e5m,Young Control,cham,1,1,video3_cred_cham,cred_cham,24,3,-0.270550374,Female,Yes,3,0,0,0,0,0,0,1,2,2,Low,Moderate,Yes,Female,1,0,1
1156,R_3QJOVEMtjUo1e5m,Young Control,fab,1,1,video4_cred_fab,cred_fab,6,4,-0.903521931,Female,Yes,3,0,0,0,0,0,0,1,2,2,Low,Moderate,Yes,Female,1,0,0
1157,R_3QJOVEMtjUo1e5m,Young Control,mae,1,1,video5_cred_mae,cred_mae,8,5,-0.833191758,Female,Yes,3,0,0,0,0,0,0,1,2,2,Low,Moderate,Yes,Female,1,0,0
1158,R_3QJOVEMtjUo1e5m,Young Control,zanx,1,1,video6_cred_zanx,cred_zanx,8,6,-0.833191758,Female,Yes,3,0,0,0,0,0,0,1,2,2,Low,Moderate,Yes,Female,1,0,0
1159,R_3QW2mXW8zlhggSv,Young Control,aby,NA,NA,video1_cred_aby,cred_aby,NA,1,NA,Male,Yes,2,0,0,1,0,0,1,NA,NA,NA,NA,NA,Yes,Male,2,1,NA
1160,R_3QW2mXW8zlhggSv,Young Control,anna,NA,NA,video2_cred_anna,cred_anna,NA,2,NA,Male,Yes,2,0,0,1,0,0,1,NA,NA,NA,NA,NA,Yes,Male,2,1,NA
1161,R_3QW2mXW8zlhggSv,Young Control,cham,NA,NA,video3_cred_cham,cred_cham,NA,3,NA,Male,Yes,2,0,0,1,0,0,1,NA,NA,NA,NA,NA,Yes,Male,2,1,NA
1162,R_3QW2mXW8zlhggSv,Young Control,fab,NA,NA,video4_cred_fab,cred_fab,NA,4,NA,Male,Yes,2,0,0,1,0,0,1,NA,NA,NA,NA,NA,Yes,Male,2,1,NA
1163,R_3QW2mXW8zlhggSv,Young Control,mae,NA,NA,video5_cred_mae,cred_mae,NA,5,NA,Male,Yes,2,0,0,1,0,0,1,NA,NA,NA,NA,NA,Yes,Male,2,1,NA
1164,R_3QW2mXW8zlhggSv,Young Control,zanx,NA,NA,video6_cred_zanx,cred_zanx,NA,6,NA,Male,Yes,2,0,0,1,0,0,1,NA,NA,NA,NA,NA,Yes,Male,2,1,NA
1165,R_3Qa6JdJxuX6SYLu,Old Control,aby,0,5,video1_cred_aby,cred_aby,84,1,1.839354813,Female,Yes,4,1,0,0,0,0,0,2.5,5,5,Moderate,High,Yes,Female,1,0,1
1166,R_3Qa6JdJxuX6SYLu,Old Control,anna,0,5,video2_cred_anna,cred_anna,79,2,1.663529381,Female,Yes,4,1,0,0,0,0,0,2.5,5,5,Moderate,High,Yes,Female,1,0,1
1167,R_3Qa6JdJxuX6SYLu,Old Control,cham,0,5,video3_cred_cham,cred_cham,83,3,1.804189727,Female,Yes,4,1,0,0,0,0,0,2.5,5,5,Moderate,High,Yes,Female,1,0,1
1168,R_3Qa6JdJxuX6SYLu,Old Control,fab,0,4,video4_cred_fab,cred_fab,68,4,1.27671343,Female,Yes,4,1,0,0,0,0,0,2,4,5,Moderate,High,Yes,Female,1,0,1
1169,R_3Qa6JdJxuX6SYLu,Old Control,mae,0,6,video5_cred_mae,cred_mae,81,5,1.733859554,Female,Yes,4,1,0,0,0,0,0,3,6,5,Moderate,High,Yes,Female,1,0,1
1170,R_3Qa6JdJxuX6SYLu,Old Control,zanx,0,5,video6_cred_zanx,cred_zanx,47,6,0.538246614,Female,Yes,4,1,0,0,0,0,0,2.5,5,5,Moderate,High,Yes,Female,1,0,1
1171,R_3QzFNGgFjtdG1bj,Young Treat,aby,4,5,video1_cred_aby,cred_aby,80,1,1.698694468,Male,No,2,0,0,1,0,0,0,4.5,9,11,High,High,No,Male,1,1,1
1172,R_3QzFNGgFjtdG1bj,Young Treat,anna,5,5,video2_cred_anna,cred_anna,71,2,1.382208689,Male,No,2,0,0,1,0,0,0,5,10,11,High,High,No,Male,1,1,1
1173,R_3QzFNGgFjtdG1bj,Young Treat,cham,4,6,video3_cred_cham,cred_cham,83,3,1.804189727,Male,No,2,0,0,1,0,0,0,5,10,11,High,High,No,Male,1,1,1
1174,R_3QzFNGgFjtdG1bj,Young Treat,fab,5,6,video4_cred_fab,cred_fab,76,4,1.558034122,Male,No,2,0,0,1,0,0,0,5.5,11,11,High,High,No,Male,1,1,1
1175,R_3QzFNGgFjtdG1bj,Young Treat,mae,4,5,video5_cred_mae,cred_mae,69,5,1.311878516,Male,No,2,0,0,1,0,0,0,4.5,9,11,High,High,No,Male,1,1,1
1176,R_3QzFNGgFjtdG1bj,Young Treat,zanx,6,3,video6_cred_zanx,cred_zanx,74,6,1.487703949,Male,No,2,0,0,1,0,0,0,4.5,9,11,High,High,No,Male,1,1,1
1177,R_3R3YhGcw9iJgH1a,Young Treat,aby,0,0,video1_cred_aby,cred_aby,0,1,-1.114512449,Male,Yes,4,0,0,0,0,1,0,0,0,6,Moderate,Low,Yes,Male,3,0,0
1178,R_3R3YhGcw9iJgH1a,Young Treat,anna,1,0,video2_cred_anna,cred_anna,8,2,-0.833191758,Male,Yes,4,0,0,0,0,1,0,0.5,1,6,Moderate,Moderate,Yes,Male,3,0,0
1179,R_3R3YhGcw9iJgH1a,Young Treat,cham,1,1,video3_cred_cham,cred_cham,50,3,0.643741874,Male,Yes,4,0,0,0,0,1,0,1,2,6,Moderate,Moderate,Yes,Male,3,0,1
1180,R_3R3YhGcw9iJgH1a,Young Treat,fab,0,0,video4_cred_fab,cred_fab,9,4,-0.798026671,Male,Yes,4,0,0,0,0,1,0,0,0,6,Moderate,Low,Yes,Male,3,0,0
1181,R_3R3YhGcw9iJgH1a,Young Treat,mae,0,0,video5_cred_mae,cred_mae,0,5,-1.114512449,Male,Yes,4,0,0,0,0,1,0,0,0,6,Moderate,Low,Yes,Male,3,0,0
1182,R_3R3YhGcw9iJgH1a,Young Treat,zanx,0,0,video6_cred_zanx,cred_zanx,0,6,-1.114512449,Male,Yes,4,0,0,0,0,1,0,0,0,6,Moderate,Low,Yes,Male,3,0,0
1183,R_3R9Azy25aijgCcy,Young Control,aby,1,1,video1_cred_aby,cred_aby,2,1,-1.044182276,Female,Yes,4,0,0,0,0,0,0,1,2,NA,NA,Moderate,Yes,Female,1,0,0
1184,R_3R9Azy25aijgCcy,Young Control,anna,1,1,video2_cred_anna,cred_anna,1,2,-1.079347363,Female,Yes,4,0,0,0,0,0,0,1,2,NA,NA,Moderate,Yes,Female,1,0,0
1185,R_3R9Azy25aijgCcy,Young Control,cham,1,1,video3_cred_cham,cred_cham,1,3,-1.079347363,Female,Yes,4,0,0,0,0,0,0,1,2,NA,NA,Moderate,Yes,Female,1,0,0
1186,R_3R9Azy25aijgCcy,Young Control,fab,1,1,video4_cred_fab,cred_fab,1,4,-1.079347363,Female,Yes,4,0,0,0,0,0,0,1,2,NA,NA,Moderate,Yes,Female,1,0,0
1187,R_3R9Azy25aijgCcy,Young Control,mae,1,1,video5_cred_mae,cred_mae,1,5,-1.079347363,Female,Yes,4,0,0,0,0,0,0,1,2,NA,NA,Moderate,Yes,Female,1,0,0
1188,R_3R9Azy25aijgCcy,Young Control,zanx,1,1,video6_cred_zanx,cred_zanx,1,6,-1.079347363,Female,Yes,4,0,0,0,0,0,0,1,2,NA,NA,Moderate,Yes,Female,1,0,0
1189,R_3Se6K6jaaFDqWg8,Old Control,aby,0,0,video1_cred_aby,cred_aby,50,1,0.643741874,Male,No,4,0,1,0,0,0,0,0,0,0,Low,Low,No,Male,1,0,1
1190,R_3Se6K6jaaFDqWg8,Old Control,anna,0,0,video2_cred_anna,cred_anna,0,2,-1.114512449,Male,No,4,0,1,0,0,0,0,0,0,0,Low,Low,No,Male,1,0,0
1191,R_3Se6K6jaaFDqWg8,Old Control,cham,0,0,video3_cred_cham,cred_cham,49,3,0.608576787,Male,No,4,0,1,0,0,0,0,0,0,0,Low,Low,No,Male,1,0,1
1192,R_3Se6K6jaaFDqWg8,Old Control,fab,0,0,video4_cred_fab,cred_fab,0,4,-1.114512449,Male,No,4,0,1,0,0,0,0,0,0,0,Low,Low,No,Male,1,0,0
1193,R_3Se6K6jaaFDqWg8,Old Control,mae,0,0,video5_cred_mae,cred_mae,55,5,0.819567306,Male,No,4,0,1,0,0,0,0,0,0,0,Low,Low,No,Male,1,0,1
1194,R_3Se6K6jaaFDqWg8,Old Control,zanx,2,0,video6_cred_zanx,cred_zanx,49,6,0.608576787,Male,No,4,0,1,0,0,0,0,1,2,0,Low,Moderate,No,Male,1,0,1
1195,R_3Sv5S0UzzMdnErc,Old Control,aby,1,1,video1_cred_aby,cred_aby,4,1,-0.973852103,Female,No,3,1,0,0,0,0,0,1,2,3,Low,Moderate,No,Female,3,0,0
1196,R_3Sv5S0UzzMdnErc,Old Control,anna,1,0,video2_cred_anna,cred_anna,1,2,-1.079347363,Female,No,3,1,0,0,0,0,0,0.5,1,3,Low,Moderate,No,Female,3,0,0
1197,R_3Sv5S0UzzMdnErc,Old Control,cham,2,3,video3_cred_cham,cred_cham,18,3,-0.481540893,Female,No,3,1,0,0,0,0,0,2.5,5,3,Low,High,No,Female,3,0,0
1198,R_3Sv5S0UzzMdnErc,Old Control,fab,1,1,video4_cred_fab,cred_fab,9,4,-0.798026671,Female,No,3,1,0,0,0,0,0,1,2,3,Low,Moderate,No,Female,3,0,0
1199,R_3Sv5S0UzzMdnErc,Old Control,mae,2,2,video5_cred_mae,cred_mae,27,5,-0.165055115,Female,No,3,1,0,0,0,0,0,2,4,3,Low,High,No,Female,3,0,1
1200,R_3Sv5S0UzzMdnErc,Old Control,zanx,1,1,video6_cred_zanx,cred_zanx,26,6,-0.200220201,Female,No,3,1,0,0,0,0,0,1,2,3,Low,Moderate,No,Female,3,0,1
1201,R_3T7FxMumUUJGEa5,Young Control,aby,0,0,video1_cred_aby,cred_aby,0,1,-1.114512449,Female,Yes,4,0,1,0,1,0,0,0,0,0,Low,Low,Yes,Female,1,0,0
1202,R_3T7FxMumUUJGEa5,Young Control,anna,0,0,video2_cred_anna,cred_anna,0,2,-1.114512449,Female,Yes,4,0,1,0,1,0,0,0,0,0,Low,Low,Yes,Female,1,0,0
1203,R_3T7FxMumUUJGEa5,Young Control,cham,0,0,video3_cred_cham,cred_cham,0,3,-1.114512449,Female,Yes,4,0,1,0,1,0,0,0,0,0,Low,Low,Yes,Female,1,0,0
1204,R_3T7FxMumUUJGEa5,Young Control,fab,0,0,video4_cred_fab,cred_fab,0,4,-1.114512449,Female,Yes,4,0,1,0,1,0,0,0,0,0,Low,Low,Yes,Female,1,0,0
1205,R_3T7FxMumUUJGEa5,Young Control,mae,0,0,video5_cred_mae,cred_mae,0,5,-1.114512449,Female,Yes,4,0,1,0,1,0,0,0,0,0,Low,Low,Yes,Female,1,0,0
1206,R_3T7FxMumUUJGEa5,Young Control,zanx,0,0,video6_cred_zanx,cred_zanx,0,6,-1.114512449,Female,Yes,4,0,1,0,1,0,0,0,0,0,Low,Low,Yes,Female,1,0,0
1207,R_3VgUdmnBE6Yosdf,Old Control,aby,5,5,video1_cred_aby,cred_aby,65,1,1.171218171,Male,Yes,2,0,0,1,0,0,1,5,10,11,High,High,Yes,Male,2,1,1
1208,R_3VgUdmnBE6Yosdf,Old Control,anna,5,4,video2_cred_anna,cred_anna,64,2,1.136053084,Male,Yes,2,0,0,1,0,0,1,4.5,9,11,High,High,Yes,Male,2,1,1
1209,R_3VgUdmnBE6Yosdf,Old Control,cham,5,5,video3_cred_cham,cred_cham,68,3,1.27671343,Male,Yes,2,0,0,1,0,0,1,5,10,11,High,High,Yes,Male,2,1,1
1210,R_3VgUdmnBE6Yosdf,Old Control,fab,4,5,video4_cred_fab,cred_fab,69,4,1.311878516,Male,Yes,2,0,0,1,0,0,1,4.5,9,11,High,High,Yes,Male,2,1,1
1211,R_3VgUdmnBE6Yosdf,Old Control,mae,4,4,video5_cred_mae,cred_mae,64,5,1.136053084,Male,Yes,2,0,0,1,0,0,1,4,8,11,High,High,Yes,Male,2,1,1
1212,R_3VgUdmnBE6Yosdf,Old Control,zanx,5,5,video6_cred_zanx,cred_zanx,66,6,1.206383257,Male,Yes,2,0,0,1,0,0,1,5,10,11,High,High,Yes,Male,2,1,1
1213,R_3VsVbvS2FtLdi2C,Old Treat,aby,3,3,video1_cred_aby,cred_aby,12,1,-0.692531412,Female,Yes,3,0,0,0,0,1,0,3,6,6,Moderate,High,Yes,Female,1,0,0
1214,R_3VsVbvS2FtLdi2C,Old Treat,anna,3,4,video2_cred_anna,cred_anna,40,2,0.292091009,Female,Yes,3,0,0,0,0,1,0,3.5,7,6,Moderate,High,Yes,Female,1,0,1
1215,R_3VsVbvS2FtLdi2C,Old Treat,cham,3,3,video3_cred_cham,cred_cham,50,3,0.643741874,Female,Yes,3,0,0,0,0,1,0,3,6,6,Moderate,High,Yes,Female,1,0,1
1216,R_3VsVbvS2FtLdi2C,Old Treat,fab,3,3,video4_cred_fab,cred_fab,20,4,-0.41121072,Female,Yes,3,0,0,0,0,1,0,3,6,6,Moderate,High,Yes,Female,1,0,0
1217,R_3VsVbvS2FtLdi2C,Old Treat,mae,3,3,video5_cred_mae,cred_mae,31,5,-0.024394769,Female,Yes,3,0,0,0,0,1,0,3,6,6,Moderate,High,Yes,Female,1,0,1
1218,R_3VsVbvS2FtLdi2C,Old Treat,zanx,3,3,video6_cred_zanx,cred_zanx,25,6,-0.235385288,Female,Yes,3,0,0,0,0,1,0,3,6,6,Moderate,High,Yes,Female,1,0,1
1219,R_3Wl3mdMnyGaF6Xn,Old Treat,aby,1,0,video1_cred_aby,cred_aby,6,1,-0.903521931,Male,No,3,0,0,1,0,0,0,0.5,1,3,Low,Moderate,No,Male,2,0,0
1220,R_3Wl3mdMnyGaF6Xn,Old Treat,anna,0,1,video2_cred_anna,cred_anna,0,2,-1.114512449,Male,No,3,0,0,1,0,0,0,0.5,1,3,Low,Moderate,No,Male,2,0,0
1221,R_3Wl3mdMnyGaF6Xn,Old Treat,cham,0,0,video3_cred_cham,cred_cham,0,3,-1.114512449,Male,No,3,0,0,1,0,0,0,0,0,3,Low,Low,No,Male,2,0,0
1222,R_3Wl3mdMnyGaF6Xn,Old Treat,fab,0,0,video4_cred_fab,cred_fab,0,4,-1.114512449,Male,No,3,0,0,1,0,0,0,0,0,3,Low,Low,No,Male,2,0,0
1223,R_3Wl3mdMnyGaF6Xn,Old Treat,mae,0,0,video5_cred_mae,cred_mae,0,5,-1.114512449,Male,No,3,0,0,1,0,0,0,0,0,3,Low,Low,No,Male,2,0,0
1224,R_3Wl3mdMnyGaF6Xn,Old Treat,zanx,1,1,video6_cred_zanx,cred_zanx,3,6,-1.00901719,Male,No,3,0,0,1,0,0,0,1,2,3,Low,Moderate,No,Male,2,0,0
1225,R_3WwnfNyVauYEJvc,Old Control,aby,4,4,video1_cred_aby,cred_aby,8,1,-0.833191758,Male,Yes,2,0,0,0,0,1,0,4,8,11,High,High,Yes,Male,1,1,0
1226,R_3WwnfNyVauYEJvc,Old Control,anna,4,4,video2_cred_anna,cred_anna,1,2,-1.079347363,Male,Yes,2,0,0,0,0,1,0,4,8,11,High,High,Yes,Male,1,1,0
1227,R_3WwnfNyVauYEJvc,Old Control,cham,7,6,video3_cred_cham,cred_cham,3,3,-1.00901719,Male,Yes,2,0,0,0,0,1,0,6.5,13,11,High,High,Yes,Male,1,1,0
1228,R_3WwnfNyVauYEJvc,Old Control,fab,5,4,video4_cred_fab,cred_fab,1,4,-1.079347363,Male,Yes,2,0,0,0,0,1,0,4.5,9,11,High,High,Yes,Male,1,1,0
1229,R_3WwnfNyVauYEJvc,Old Control,mae,4,4,video5_cred_mae,cred_mae,1,5,-1.079347363,Male,Yes,2,0,0,0,0,1,0,4,8,11,High,High,Yes,Male,1,1,0
1230,R_3WwnfNyVauYEJvc,Old Control,zanx,5,6,video6_cred_zanx,cred_zanx,2,6,-1.044182276,Male,Yes,2,0,0,0,0,1,0,5.5,11,11,High,High,Yes,Male,1,1,0
1231,R_3YFergoOp6GkcSt,Young Treat,aby,0,0,video1_cred_aby,cred_aby,41,1,0.327256096,Female,No,4,0,0,1,0,0,0,0,0,0,Low,Low,No,Female,2,0,1
1232,R_3YFergoOp6GkcSt,Young Treat,anna,0,0,video2_cred_anna,cred_anna,30,2,-0.059559855,Female,No,4,0,0,1,0,0,0,0,0,0,Low,Low,No,Female,2,0,1
1233,R_3YFergoOp6GkcSt,Young Treat,cham,0,0,video3_cred_cham,cred_cham,40,3,0.292091009,Female,No,4,0,0,1,0,0,0,0,0,0,Low,Low,No,Female,2,0,1
1234,R_3YFergoOp6GkcSt,Young Treat,fab,0,0,video4_cred_fab,cred_fab,27,4,-0.165055115,Female,No,4,0,0,1,0,0,0,0,0,0,Low,Low,No,Female,2,0,1
1235,R_3YFergoOp6GkcSt,Young Treat,mae,0,0,video5_cred_mae,cred_mae,50,5,0.643741874,Female,No,4,0,0,1,0,0,0,0,0,0,Low,Low,No,Female,2,0,1
1236,R_3YFergoOp6GkcSt,Young Treat,zanx,0,0,video6_cred_zanx,cred_zanx,30,6,-0.059559855,Female,No,4,0,0,1,0,0,0,0,0,0,Low,Low,No,Female,2,0,1
1237,R_3YPpl0EsNFYnnS7,Young Treat,aby,0,1,video1_cred_aby,cred_aby,8,1,-0.833191758,Female,No,2,1,0,1,1,0,1,0.5,1,NA,NA,Moderate,No,Female,2,0,0
1238,R_3YPpl0EsNFYnnS7,Young Treat,anna,5,4,video2_cred_anna,cred_anna,13,2,-0.657366325,Female,No,2,1,0,1,1,0,1,4.5,9,NA,NA,High,No,Female,2,0,0
1239,R_3YPpl0EsNFYnnS7,Young Treat,cham,0,1,video3_cred_cham,cred_cham,9,3,-0.798026671,Female,No,2,1,0,1,1,0,1,0.5,1,NA,NA,Moderate,No,Female,2,0,0
1240,R_3YPpl0EsNFYnnS7,Young Treat,fab,1,4,video4_cred_fab,cred_fab,6,4,-0.903521931,Female,No,2,1,0,1,1,0,1,2.5,5,NA,NA,High,No,Female,2,0,0
1241,R_3YPpl0EsNFYnnS7,Young Treat,mae,1,1,video5_cred_mae,cred_mae,10,5,-0.762861585,Female,No,2,1,0,1,1,0,1,1,2,NA,NA,Moderate,No,Female,2,0,0
1242,R_3YPpl0EsNFYnnS7,Young Treat,zanx,4,2,video6_cred_zanx,cred_zanx,22,6,-0.340880547,Female,No,2,1,0,1,1,0,1,3,6,NA,NA,High,No,Female,2,0,0
1243,R_3ZHuObmXy6ofoHG,Old Control,aby,0,1,video1_cred_aby,cred_aby,18,1,-0.481540893,Female,Yes,2,0,0,0,0,1,1,0.5,1,1,Low,Moderate,Yes,Female,1,0,0
1244,R_3ZHuObmXy6ofoHG,Old Control,anna,1,0,video2_cred_anna,cred_anna,19,2,-0.446375807,Female,Yes,2,0,0,0,0,1,1,0.5,1,1,Low,Moderate,Yes,Female,1,0,0
1245,R_3ZHuObmXy6ofoHG,Old Control,cham,1,0,video3_cred_cham,cred_cham,46,3,0.503081528,Female,Yes,2,0,0,0,0,1,1,0.5,1,1,Low,Moderate,Yes,Female,1,0,1
1246,R_3ZHuObmXy6ofoHG,Old Control,fab,0,0,video4_cred_fab,cred_fab,20,4,-0.41121072,Female,Yes,2,0,0,0,0,1,1,0,0,1,Low,Low,Yes,Female,1,0,0
1247,R_3ZHuObmXy6ofoHG,Old Control,mae,1,0,video5_cred_mae,cred_mae,32,5,0.010770317,Female,Yes,2,0,0,0,0,1,1,0.5,1,1,Low,Moderate,Yes,Female,1,0,1
1248,R_3ZHuObmXy6ofoHG,Old Control,zanx,0,0,video6_cred_zanx,cred_zanx,8,6,-0.833191758,Female,Yes,2,0,0,0,0,1,1,0,0,1,Low,Low,Yes,Female,1,0,0
1249,R_3aVtlb4TOmOhrsD,Old Treat,aby,5,4,video1_cred_aby,cred_aby,91,1,2.085510419,Female,Yes,4,0,0,0,0,0,1,4.5,9,7,Moderate,High,Yes,Female,1,1,1
1250,R_3aVtlb4TOmOhrsD,Old Treat,anna,2,2,video2_cred_anna,cred_anna,47,2,0.538246614,Female,Yes,4,0,0,0,0,0,1,2,4,7,Moderate,High,Yes,Female,1,1,1
1251,R_3aVtlb4TOmOhrsD,Old Treat,cham,2,3,video3_cred_cham,cred_cham,20,3,-0.41121072,Female,Yes,4,0,0,0,0,0,1,2.5,5,7,Moderate,High,Yes,Female,1,1,0
1252,R_3aVtlb4TOmOhrsD,Old Treat,fab,3,0,video4_cred_fab,cred_fab,19,4,-0.446375807,Female,Yes,4,0,0,0,0,0,1,1.5,3,7,Moderate,Moderate,Yes,Female,1,1,0
1253,R_3aVtlb4TOmOhrsD,Old Treat,mae,3,4,video5_cred_mae,cred_mae,86,5,1.909684986,Female,Yes,4,0,0,0,0,0,1,3.5,7,7,Moderate,High,Yes,Female,1,1,1
1254,R_3aVtlb4TOmOhrsD,Old Treat,zanx,4,3,video6_cred_zanx,cred_zanx,75,6,1.522869035,Female,Yes,4,0,0,0,0,0,1,3.5,7,7,Moderate,High,Yes,Female,1,1,1
1255,R_3aXmUFLEWkOpNQB,Young Treat,aby,0,0,video1_cred_aby,cred_aby,40,1,0.292091009,Female,No,1,0,0,1,0,0,0,0,0,0,Low,Low,No,Female,1,0,1
1256,R_3aXmUFLEWkOpNQB,Young Treat,anna,0,0,video2_cred_anna,cred_anna,30,2,-0.059559855,Female,No,1,0,0,1,0,0,0,0,0,0,Low,Low,No,Female,1,0,1
1257,R_3aXmUFLEWkOpNQB,Young Treat,cham,0,0,video3_cred_cham,cred_cham,100,3,2.401996197,Female,No,1,0,0,1,0,0,0,0,0,0,Low,Low,No,Female,1,0,1
1258,R_3aXmUFLEWkOpNQB,Young Treat,fab,0,0,video4_cred_fab,cred_fab,100,4,2.401996197,Female,No,1,0,0,1,0,0,0,0,0,0,Low,Low,No,Female,1,0,1
1259,R_3aXmUFLEWkOpNQB,Young Treat,mae,0,0,video5_cred_mae,cred_mae,50,5,0.643741874,Female,No,1,0,0,1,0,0,0,0,0,0,Low,Low,No,Female,1,0,1
1260,R_3aXmUFLEWkOpNQB,Young Treat,zanx,0,0,video6_cred_zanx,cred_zanx,71,6,1.382208689,Female,No,1,0,0,1,0,0,0,0,0,0,Low,Low,No,Female,1,0,1
1261,R_3azBmdbOluZnoYh,Old Treat,aby,0,0,video1_cred_aby,cred_aby,0,1,-1.114512449,Female,No,3,1,0,0,0,0,1,0,0,0,Low,Low,No,Female,1,0,0
1262,R_3azBmdbOluZnoYh,Old Treat,anna,2,3,video2_cred_anna,cred_anna,45,2,0.467916441,Female,No,3,1,0,0,0,0,1,2.5,5,0,Low,High,No,Female,1,0,1
1263,R_3azBmdbOluZnoYh,Old Treat,cham,0,0,video3_cred_cham,cred_cham,51,3,0.67890696,Female,No,3,1,0,0,0,0,1,0,0,0,Low,Low,No,Female,1,0,1
1264,R_3azBmdbOluZnoYh,Old Treat,fab,0,0,video4_cred_fab,cred_fab,0,4,-1.114512449,Female,No,3,1,0,0,0,0,1,0,0,0,Low,Low,No,Female,1,0,0
1265,R_3azBmdbOluZnoYh,Old Treat,mae,0,0,video5_cred_mae,cred_mae,21,5,-0.376045634,Female,No,3,1,0,0,0,0,1,0,0,0,Low,Low,No,Female,1,0,0
1266,R_3azBmdbOluZnoYh,Old Treat,zanx,0,0,video6_cred_zanx,cred_zanx,9,6,-0.798026671,Female,No,3,1,0,0,0,0,1,0,0,0,Low,Low,No,Female,1,0,0
1267,R_3coMuFFEkSRlj1v,Young Treat,aby,0,0,video1_cred_aby,cred_aby,16,1,-0.551871066,Female,Yes,4,1,0,0,0,0,1,0,0,7,Moderate,Low,Yes,Female,1,0,0
1268,R_3coMuFFEkSRlj1v,Young Treat,anna,0,1,video2_cred_anna,cred_anna,6,2,-0.903521931,Female,Yes,4,1,0,0,0,0,1,0.5,1,7,Moderate,Moderate,Yes,Female,1,0,0
1269,R_3coMuFFEkSRlj1v,Young Treat,cham,2,1,video3_cred_cham,cred_cham,12,3,-0.692531412,Female,Yes,4,1,0,0,0,0,1,1.5,3,7,Moderate,Moderate,Yes,Female,1,0,0
1270,R_3coMuFFEkSRlj1v,Young Treat,fab,2,3,video4_cred_fab,cred_fab,3,4,-1.00901719,Female,Yes,4,1,0,0,0,0,1,2.5,5,7,Moderate,High,Yes,Female,1,0,0
1271,R_3coMuFFEkSRlj1v,Young Treat,mae,3,3,video5_cred_mae,cred_mae,0,5,-1.114512449,Female,Yes,4,1,0,0,0,0,1,3,6,7,Moderate,High,Yes,Female,1,0,0
1272,R_3coMuFFEkSRlj1v,Young Treat,zanx,0,0,video6_cred_zanx,cred_zanx,8,6,-0.833191758,Female,Yes,4,1,0,0,0,0,1,0,0,7,Moderate,Low,Yes,Female,1,0,0
1273,R_3dGWVDV98LUhyTk,Young Treat,aby,1,1,video1_cred_aby,cred_aby,8,1,-0.833191758,Female,Yes,1,0,0,0,0,1,0,1,2,2,Low,Moderate,Yes,Female,2,0,0
1274,R_3dGWVDV98LUhyTk,Young Treat,anna,1,1,video2_cred_anna,cred_anna,27,2,-0.165055115,Female,Yes,1,0,0,0,0,1,0,1,2,2,Low,Moderate,Yes,Female,2,0,1
1275,R_3dGWVDV98LUhyTk,Young Treat,cham,1,1,video3_cred_cham,cred_cham,15,3,-0.587036152,Female,Yes,1,0,0,0,0,1,0,1,2,2,Low,Moderate,Yes,Female,2,0,0
1276,R_3dGWVDV98LUhyTk,Young Treat,fab,1,1,video4_cred_fab,cred_fab,41,4,0.327256096,Female,Yes,1,0,0,0,0,1,0,1,2,2,Low,Moderate,Yes,Female,2,0,1
1277,R_3dGWVDV98LUhyTk,Young Treat,mae,1,1,video5_cred_mae,cred_mae,8,5,-0.833191758,Female,Yes,1,0,0,0,0,1,0,1,2,2,Low,Moderate,Yes,Female,2,0,0
1278,R_3dGWVDV98LUhyTk,Young Treat,zanx,1,1,video6_cred_zanx,cred_zanx,15,6,-0.587036152,Female,Yes,1,0,0,0,0,1,0,1,2,2,Low,Moderate,Yes,Female,2,0,0
1279,R_3dH8JAqJDE1P6qE,Old Treat,aby,0,0,video1_cred_aby,cred_aby,3,1,-1.00901719,Female,Yes,4,0,0,0,0,1,0,0,0,0,Low,Low,Yes,Female,1,0,0
1280,R_3dH8JAqJDE1P6qE,Old Treat,anna,0,0,video2_cred_anna,cred_anna,0,2,-1.114512449,Female,Yes,4,0,0,0,0,1,0,0,0,0,Low,Low,Yes,Female,1,0,0
1281,R_3dH8JAqJDE1P6qE,Old Treat,cham,0,0,video3_cred_cham,cred_cham,0,3,-1.114512449,Female,Yes,4,0,0,0,0,1,0,0,0,0,Low,Low,Yes,Female,1,0,0
1282,R_3dH8JAqJDE1P6qE,Old Treat,fab,0,0,video4_cred_fab,cred_fab,0,4,-1.114512449,Female,Yes,4,0,0,0,0,1,0,0,0,0,Low,Low,Yes,Female,1,0,0
1283,R_3dH8JAqJDE1P6qE,Old Treat,mae,0,0,video5_cred_mae,cred_mae,0,5,-1.114512449,Female,Yes,4,0,0,0,0,1,0,0,0,0,Low,Low,Yes,Female,1,0,0
1284,R_3dH8JAqJDE1P6qE,Old Treat,zanx,0,0,video6_cred_zanx,cred_zanx,0,6,-1.114512449,Female,Yes,4,0,0,0,0,1,0,0,0,0,Low,Low,Yes,Female,1,0,0
1285,R_3dMXTH5VSzUiibc,Old Treat,aby,1,1,video1_cred_aby,cred_aby,50,1,0.643741874,Female,Yes,4,1,0,0,0,0,0,1,2,2,Low,Moderate,Yes,Female,1,0,1
1286,R_3dMXTH5VSzUiibc,Old Treat,anna,1,1,video2_cred_anna,cred_anna,5,2,-0.938687017,Female,Yes,4,1,0,0,0,0,0,1,2,2,Low,Moderate,Yes,Female,1,0,0
1287,R_3dMXTH5VSzUiibc,Old Treat,cham,1,1,video3_cred_cham,cred_cham,27,3,-0.165055115,Female,Yes,4,1,0,0,0,0,0,1,2,2,Low,Moderate,Yes,Female,1,0,1
1288,R_3dMXTH5VSzUiibc,Old Treat,fab,1,1,video4_cred_fab,cred_fab,6,4,-0.903521931,Female,Yes,4,1,0,0,0,0,0,1,2,2,Low,Moderate,Yes,Female,1,0,0
1289,R_3dMXTH5VSzUiibc,Old Treat,mae,1,1,video5_cred_mae,cred_mae,10,5,-0.762861585,Female,Yes,4,1,0,0,0,0,0,1,2,2,Low,Moderate,Yes,Female,1,0,0
1290,R_3dMXTH5VSzUiibc,Old Treat,zanx,1,1,video6_cred_zanx,cred_zanx,15,6,-0.587036152,Female,Yes,4,1,0,0,0,0,0,1,2,2,Low,Moderate,Yes,Female,1,0,0
1291,R_3e2MuWCpekv9x2k,Old Control,aby,0,0,video1_cred_aby,cred_aby,89,1,2.015180246,Male,No,3,0,1,0,0,0,0,0,0,0,Low,Low,No,Male,3,0,1
1292,R_3e2MuWCpekv9x2k,Old Control,anna,0,0,video2_cred_anna,cred_anna,12,2,-0.692531412,Male,No,3,0,1,0,0,0,0,0,0,0,Low,Low,No,Male,3,0,0
1293,R_3e2MuWCpekv9x2k,Old Control,cham,0,0,video3_cred_cham,cred_cham,73,3,1.452538862,Male,No,3,0,1,0,0,0,0,0,0,0,Low,Low,No,Male,3,0,1
1294,R_3e2MuWCpekv9x2k,Old Control,fab,0,3,video4_cred_fab,cred_fab,17,4,-0.516705979,Male,No,3,0,1,0,0,0,0,1.5,3,0,Low,Moderate,No,Male,3,0,0
1295,R_3e2MuWCpekv9x2k,Old Control,mae,0,3,video5_cred_mae,cred_mae,56,5,0.854732392,Male,No,3,0,1,0,0,0,0,1.5,3,0,Low,Moderate,No,Male,3,0,1
1296,R_3e2MuWCpekv9x2k,Old Control,zanx,7,2,video6_cred_zanx,cred_zanx,13,6,-0.657366325,Male,No,3,0,1,0,0,0,0,4.5,9,0,Low,High,No,Male,3,0,0
1297,R_3exFqjVFnET0B0g,Young Control,aby,1,0,video1_cred_aby,cred_aby,4,1,-0.973852103,Female,Yes,4,1,0,0,0,0,0,0.5,1,2,Low,Moderate,Yes,Female,1,0,0
1298,R_3exFqjVFnET0B0g,Young Control,anna,1,0,video2_cred_anna,cred_anna,1,2,-1.079347363,Female,Yes,4,1,0,0,0,0,0,0.5,1,2,Low,Moderate,Yes,Female,1,0,0
1299,R_3exFqjVFnET0B0g,Young Control,cham,1,2,video3_cred_cham,cred_cham,3,3,-1.00901719,Female,Yes,4,1,0,0,0,0,0,1.5,3,2,Low,Moderate,Yes,Female,1,0,0
1300,R_3exFqjVFnET0B0g,Young Control,fab,1,2,video4_cred_fab,cred_fab,5,4,-0.938687017,Female,Yes,4,1,0,0,0,0,0,1.5,3,2,Low,Moderate,Yes,Female,1,0,0
1301,R_3exFqjVFnET0B0g,Young Control,mae,1,3,video5_cred_mae,cred_mae,9,5,-0.798026671,Female,Yes,4,1,0,0,0,0,0,2,4,2,Low,High,Yes,Female,1,0,0
1302,R_3exFqjVFnET0B0g,Young Control,zanx,1,1,video6_cred_zanx,cred_zanx,6,6,-0.903521931,Female,Yes,4,1,0,0,0,0,0,1,2,2,Low,Moderate,Yes,Female,1,0,0
1303,R_3f0DwBag0rlDisO,Young Treat,aby,5,6,video1_cred_aby,cred_aby,60,1,0.995392738,Male,No,4,1,0,0,0,0,0,5.5,11,9,Moderate,High,No,Male,1,0,1
1304,R_3f0DwBag0rlDisO,Young Treat,anna,5,4,video2_cred_anna,cred_anna,54,2,0.78440222,Male,No,4,1,0,0,0,0,0,4.5,9,9,Moderate,High,No,Male,1,0,1
1305,R_3f0DwBag0rlDisO,Young Treat,cham,5,4,video3_cred_cham,cred_cham,72,3,1.417373776,Male,No,4,1,0,0,0,0,0,4.5,9,9,Moderate,High,No,Male,1,0,1
1306,R_3f0DwBag0rlDisO,Young Treat,fab,5,5,video4_cred_fab,cred_fab,70,4,1.347043603,Male,No,4,1,0,0,0,0,0,5,10,9,Moderate,High,No,Male,1,0,1
1307,R_3f0DwBag0rlDisO,Young Treat,mae,3,5,video5_cred_mae,cred_mae,73,5,1.452538862,Male,No,4,1,0,0,0,0,0,4,8,9,Moderate,High,No,Male,1,0,1
1308,R_3f0DwBag0rlDisO,Young Treat,zanx,4,5,video6_cred_zanx,cred_zanx,78,6,1.628364295,Male,No,4,1,0,0,0,0,0,4.5,9,9,Moderate,High,No,Male,1,0,1
1309,R_3f2NrTdEaGe306z,Young Treat,aby,3,2,video1_cred_aby,cred_aby,53,1,0.749237133,Male,Yes,4,0,0,1,0,0,0,2.5,5,10,High,High,Yes,Male,1,0,1
1310,R_3f2NrTdEaGe306z,Young Treat,anna,3,4,video2_cred_anna,cred_anna,43,2,0.397586269,Male,Yes,4,0,0,1,0,0,0,3.5,7,10,High,High,Yes,Male,1,0,1
1311,R_3f2NrTdEaGe306z,Young Treat,cham,3,4,video3_cred_cham,cred_cham,40,3,0.292091009,Male,Yes,4,0,0,1,0,0,0,3.5,7,10,High,High,Yes,Male,1,0,1
1312,R_3f2NrTdEaGe306z,Young Treat,fab,3,4,video4_cred_fab,cred_fab,50,4,0.643741874,Male,Yes,4,0,0,1,0,0,0,3.5,7,10,High,High,Yes,Male,1,0,1
1313,R_3f2NrTdEaGe306z,Young Treat,mae,3,5,video5_cred_mae,cred_mae,57,5,0.889897479,Male,Yes,4,0,0,1,0,0,0,4,8,10,High,High,Yes,Male,1,0,1
1314,R_3f2NrTdEaGe306z,Young Treat,zanx,5,3,video6_cred_zanx,cred_zanx,66,6,1.206383257,Male,Yes,4,0,0,1,0,0,0,4,8,10,High,High,Yes,Male,1,0,1
1315,R_3g0oek4mtekdNom,Young Treat,aby,NA,NA,video1_cred_aby,cred_aby,NA,1,NA,Male,Yes,3,1,0,0,0,0,1,NA,NA,NA,NA,NA,Yes,Male,3,1,NA
1316,R_3g0oek4mtekdNom,Young Treat,anna,NA,NA,video2_cred_anna,cred_anna,NA,2,NA,Male,Yes,3,1,0,0,0,0,1,NA,NA,NA,NA,NA,Yes,Male,3,1,NA
1317,R_3g0oek4mtekdNom,Young Treat,cham,NA,NA,video3_cred_cham,cred_cham,NA,3,NA,Male,Yes,3,1,0,0,0,0,1,NA,NA,NA,NA,NA,Yes,Male,3,1,NA
1318,R_3g0oek4mtekdNom,Young Treat,fab,NA,NA,video4_cred_fab,cred_fab,NA,4,NA,Male,Yes,3,1,0,0,0,0,1,NA,NA,NA,NA,NA,Yes,Male,3,1,NA
1319,R_3g0oek4mtekdNom,Young Treat,mae,NA,NA,video5_cred_mae,cred_mae,NA,5,NA,Male,Yes,3,1,0,0,0,0,1,NA,NA,NA,NA,NA,Yes,Male,3,1,NA
1320,R_3g0oek4mtekdNom,Young Treat,zanx,NA,NA,video6_cred_zanx,cred_zanx,NA,6,NA,Male,Yes,3,1,0,0,0,0,1,NA,NA,NA,NA,NA,Yes,Male,3,1,NA
1321,R_3gLn6H8LrFGT1tO,Young Treat,aby,0,0,video1_cred_aby,cred_aby,24,1,-0.270550374,Female,No,4,1,1,0,0,0,1,0,0,0,Low,Low,No,Female,1,0,1
1322,R_3gLn6H8LrFGT1tO,Young Treat,anna,0,0,video2_cred_anna,cred_anna,16,2,-0.551871066,Female,No,4,1,1,0,0,0,1,0,0,0,Low,Low,No,Female,1,0,0
1323,R_3gLn6H8LrFGT1tO,Young Treat,cham,0,0,video3_cred_cham,cred_cham,27,3,-0.165055115,Female,No,4,1,1,0,0,0,1,0,0,0,Low,Low,No,Female,1,0,1
1324,R_3gLn6H8LrFGT1tO,Young Treat,fab,0,0,video4_cred_fab,cred_fab,19,4,-0.446375807,Female,No,4,1,1,0,0,0,1,0,0,0,Low,Low,No,Female,1,0,0
1325,R_3gLn6H8LrFGT1tO,Young Treat,mae,0,0,video5_cred_mae,cred_mae,24,5,-0.270550374,Female,No,4,1,1,0,0,0,1,0,0,0,Low,Low,No,Female,1,0,1
1326,R_3gLn6H8LrFGT1tO,Young Treat,zanx,0,0,video6_cred_zanx,cred_zanx,37,6,0.18659575,Female,No,4,1,1,0,0,0,1,0,0,0,Low,Low,No,Female,1,0,1
1327,R_3gTtwEWnj7mpgpv,Young Treat,aby,7,7,video1_cred_aby,cred_aby,90,1,2.050345332,Male,No,4,0,1,0,0,0,0,7,14,2,Low,High,No,Male,1,0,1
1328,R_3gTtwEWnj7mpgpv,Young Treat,anna,2,2,video2_cred_anna,cred_anna,41,2,0.327256096,Male,No,4,0,1,0,0,0,0,2,4,2,Low,High,No,Male,1,0,1
1329,R_3gTtwEWnj7mpgpv,Young Treat,cham,2,2,video3_cred_cham,cred_cham,33,3,0.045935404,Male,No,4,0,1,0,0,0,0,2,4,2,Low,High,No,Male,1,0,1
1330,R_3gTtwEWnj7mpgpv,Young Treat,fab,4,5,video4_cred_fab,cred_fab,62,4,1.065722911,Male,No,4,0,1,0,0,0,0,4.5,9,2,Low,High,No,Male,1,0,1
1331,R_3gTtwEWnj7mpgpv,Young Treat,mae,3,5,video5_cred_mae,cred_mae,78,5,1.628364295,Male,No,4,0,1,0,0,0,0,4,8,2,Low,High,No,Male,1,0,1
1332,R_3gTtwEWnj7mpgpv,Young Treat,zanx,5,4,video6_cred_zanx,cred_zanx,37,6,0.18659575,Male,No,4,0,1,0,0,0,0,4.5,9,2,Low,High,No,Male,1,0,1
1333,R_3gdNZO8bNqdHSWK,Young Control,aby,4,5,video1_cred_aby,cred_aby,45,1,0.467916441,Male,Yes,4,1,0,0,0,0,0,4.5,9,9,Moderate,High,Yes,Male,1,0,1
1334,R_3gdNZO8bNqdHSWK,Young Control,anna,4,5,video2_cred_anna,cred_anna,53,2,0.749237133,Male,Yes,4,1,0,0,0,0,0,4.5,9,9,Moderate,High,Yes,Male,1,0,1
1335,R_3gdNZO8bNqdHSWK,Young Control,cham,5,4,video3_cred_cham,cred_cham,71,3,1.382208689,Male,Yes,4,1,0,0,0,0,0,4.5,9,9,Moderate,High,Yes,Male,1,0,1
1336,R_3gdNZO8bNqdHSWK,Young Control,fab,4,3,video4_cred_fab,cred_fab,48,4,0.573411701,Male,Yes,4,1,0,0,0,0,0,3.5,7,9,Moderate,High,Yes,Male,1,0,1
1337,R_3gdNZO8bNqdHSWK,Young Control,mae,5,3,video5_cred_mae,cred_mae,60,5,0.995392738,Male,Yes,4,1,0,0,0,0,0,4,8,9,Moderate,High,Yes,Male,1,0,1
1338,R_3gdNZO8bNqdHSWK,Young Control,zanx,5,3,video6_cred_zanx,cred_zanx,46,6,0.503081528,Male,Yes,4,1,0,0,0,0,0,4,8,9,Moderate,High,Yes,Male,1,0,1
1339,R_3iO9vwC5M9aN8jq,Young Treat,aby,0,0,video1_cred_aby,cred_aby,30,1,-0.059559855,Male,Yes,4,0,0,0,0,1,0,0,0,0,Low,Low,Yes,Male,3,0,1
1340,R_3iO9vwC5M9aN8jq,Young Treat,anna,0,0,video2_cred_anna,cred_anna,50,2,0.643741874,Male,Yes,4,0,0,0,0,1,0,0,0,0,Low,Low,Yes,Male,3,0,1
1341,R_3iO9vwC5M9aN8jq,Young Treat,cham,0,0,video3_cred_cham,cred_cham,20,3,-0.41121072,Male,Yes,4,0,0,0,0,1,0,0,0,0,Low,Low,Yes,Male,3,0,0
1342,R_3iO9vwC5M9aN8jq,Young Treat,fab,0,0,video4_cred_fab,cred_fab,50,4,0.643741874,Male,Yes,4,0,0,0,0,1,0,0,0,0,Low,Low,Yes,Male,3,0,1
1343,R_3iO9vwC5M9aN8jq,Young Treat,mae,0,0,video5_cred_mae,cred_mae,40,5,0.292091009,Male,Yes,4,0,0,0,0,1,0,0,0,0,Low,Low,Yes,Male,3,0,1
1344,R_3iO9vwC5M9aN8jq,Young Treat,zanx,0,0,video6_cred_zanx,cred_zanx,20,6,-0.41121072,Male,Yes,4,0,0,0,0,1,0,0,0,0,Low,Low,Yes,Male,3,0,0
1345,R_3ih8DgUYfxNf2I9,Old Control,aby,1,1,video1_cred_aby,cred_aby,30,1,-0.059559855,Female,Yes,3,1,0,0,0,0,0,1,2,2,Low,Moderate,Yes,Female,1,0,1
1346,R_3ih8DgUYfxNf2I9,Old Control,anna,1,1,video2_cred_anna,cred_anna,18,2,-0.481540893,Female,Yes,3,1,0,0,0,0,0,1,2,2,Low,Moderate,Yes,Female,1,0,0
1347,R_3ih8DgUYfxNf2I9,Old Control,cham,1,1,video3_cred_cham,cred_cham,19,3,-0.446375807,Female,Yes,3,1,0,0,0,0,0,1,2,2,Low,Moderate,Yes,Female,1,0,0
1348,R_3ih8DgUYfxNf2I9,Old Control,fab,1,1,video4_cred_fab,cred_fab,13,4,-0.657366325,Female,Yes,3,1,0,0,0,0,0,1,2,2,Low,Moderate,Yes,Female,1,0,0
1349,R_3ih8DgUYfxNf2I9,Old Control,mae,1,1,video5_cred_mae,cred_mae,29,5,-0.094724942,Female,Yes,3,1,0,0,0,0,0,1,2,2,Low,Moderate,Yes,Female,1,0,1
1350,R_3ih8DgUYfxNf2I9,Old Control,zanx,1,1,video6_cred_zanx,cred_zanx,16,6,-0.551871066,Female,Yes,3,1,0,0,0,0,0,1,2,2,Low,Moderate,Yes,Female,1,0,0
1351,R_3irmJh5sW81tsvd,Old Treat,aby,1,1,video1_cred_aby,cred_aby,51,1,0.67890696,Female,Yes,4,0,0,0,0,1,1,1,2,5,Moderate,Moderate,Yes,Female,1,1,1
1352,R_3irmJh5sW81tsvd,Old Treat,anna,1,1,video2_cred_anna,cred_anna,50,2,0.643741874,Female,Yes,4,0,0,0,0,1,1,1,2,5,Moderate,Moderate,Yes,Female,1,1,1
1353,R_3irmJh5sW81tsvd,Old Treat,cham,1,1,video3_cred_cham,cred_cham,70,3,1.347043603,Female,Yes,4,0,0,0,0,1,1,1,2,5,Moderate,Moderate,Yes,Female,1,1,1
1354,R_3irmJh5sW81tsvd,Old Treat,fab,1,1,video4_cred_fab,cred_fab,55,4,0.819567306,Female,Yes,4,0,0,0,0,1,1,1,2,5,Moderate,Moderate,Yes,Female,1,1,1
1355,R_3irmJh5sW81tsvd,Old Treat,mae,1,1,video5_cred_mae,cred_mae,70,5,1.347043603,Female,Yes,4,0,0,0,0,1,1,1,2,5,Moderate,Moderate,Yes,Female,1,1,1
1356,R_3irmJh5sW81tsvd,Old Treat,zanx,1,1,video6_cred_zanx,cred_zanx,19,6,-0.446375807,Female,Yes,4,0,0,0,0,1,1,1,2,5,Moderate,Moderate,Yes,Female,1,1,0
1357,R_3itfUGUeGjgprbo,Old Control,aby,0,0,video1_cred_aby,cred_aby,49,1,0.608576787,Female,Yes,2,0,0,0,0,1,0,0,0,0,Low,Low,Yes,Female,1,0,1
1358,R_3itfUGUeGjgprbo,Old Control,anna,0,0,video2_cred_anna,cred_anna,42,2,0.362421182,Female,Yes,2,0,0,0,0,1,0,0,0,0,Low,Low,Yes,Female,1,0,1
1359,R_3itfUGUeGjgprbo,Old Control,cham,0,0,video3_cred_cham,cred_cham,50,3,0.643741874,Female,Yes,2,0,0,0,0,1,0,0,0,0,Low,Low,Yes,Female,1,0,1
1360,R_3itfUGUeGjgprbo,Old Control,fab,0,0,video4_cred_fab,cred_fab,50,4,0.643741874,Female,Yes,2,0,0,0,0,1,0,0,0,0,Low,Low,Yes,Female,1,0,1
1361,R_3itfUGUeGjgprbo,Old Control,mae,0,0,video5_cred_mae,cred_mae,47,5,0.538246614,Female,Yes,2,0,0,0,0,1,0,0,0,0,Low,Low,Yes,Female,1,0,1
1362,R_3itfUGUeGjgprbo,Old Control,zanx,0,0,video6_cred_zanx,cred_zanx,43,6,0.397586269,Female,Yes,2,0,0,0,0,1,0,0,0,0,Low,Low,Yes,Female,1,0,1
1363,R_3jJ0lCNxfUNwU1z,Old Control,aby,5,4,video1_cred_aby,cred_aby,65,1,1.171218171,Female,Yes,2,0,0,1,0,0,1,4.5,9,10,High,High,Yes,Female,1,1,1
1364,R_3jJ0lCNxfUNwU1z,Old Control,anna,5,5,video2_cred_anna,cred_anna,65,2,1.171218171,Female,Yes,2,0,0,1,0,0,1,5,10,10,High,High,Yes,Female,1,1,1
1365,R_3jJ0lCNxfUNwU1z,Old Control,cham,NA,4,video3_cred_cham,cred_cham,70,3,1.347043603,Female,Yes,2,0,0,1,0,0,1,4,NA,10,High,NA,Yes,Female,1,1,1
1366,R_3jJ0lCNxfUNwU1z,Old Control,fab,5,4,video4_cred_fab,cred_fab,67,4,1.241548344,Female,Yes,2,0,0,1,0,0,1,4.5,9,10,High,High,Yes,Female,1,1,1
1367,R_3jJ0lCNxfUNwU1z,Old Control,mae,NA,4,video5_cred_mae,cred_mae,69,5,1.311878516,Female,Yes,2,0,0,1,0,0,1,4,NA,10,High,NA,Yes,Female,1,1,1
1368,R_3jJ0lCNxfUNwU1z,Old Control,zanx,5,5,video6_cred_zanx,cred_zanx,67,6,1.241548344,Female,Yes,2,0,0,1,0,0,1,5,10,10,High,High,Yes,Female,1,1,1
1369,R_3jMWpD7I99FtsLK,Young Treat,aby,1,1,video1_cred_aby,cred_aby,19,1,-0.446375807,Male,Yes,4,0,0,0,0,1,0,1,2,2,Low,Moderate,Yes,Male,1,0,0
1370,R_3jMWpD7I99FtsLK,Young Treat,anna,1,1,video2_cred_anna,cred_anna,13,2,-0.657366325,Male,Yes,4,0,0,0,0,1,0,1,2,2,Low,Moderate,Yes,Male,1,0,0
1371,R_3jMWpD7I99FtsLK,Young Treat,cham,1,1,video3_cred_cham,cred_cham,22,3,-0.340880547,Male,Yes,4,0,0,0,0,1,0,1,2,2,Low,Moderate,Yes,Male,1,0,0
1372,R_3jMWpD7I99FtsLK,Young Treat,fab,1,1,video4_cred_fab,cred_fab,19,4,-0.446375807,Male,Yes,4,0,0,0,0,1,0,1,2,2,Low,Moderate,Yes,Male,1,0,0
1373,R_3jMWpD7I99FtsLK,Young Treat,mae,1,1,video5_cred_mae,cred_mae,15,5,-0.587036152,Male,Yes,4,0,0,0,0,1,0,1,2,2,Low,Moderate,Yes,Male,1,0,0
1374,R_3jMWpD7I99FtsLK,Young Treat,zanx,1,1,video6_cred_zanx,cred_zanx,17,6,-0.516705979,Male,Yes,4,0,0,0,0,1,0,1,2,2,Low,Moderate,Yes,Male,1,0,0
1375,R_3js7BfXcOIeFMng,Young Treat,aby,0,0,video1_cred_aby,cred_aby,0,1,-1.114512449,Male,No,3,1,0,0,0,0,1,0,0,0,Low,Low,No,Male,3,0,0
1376,R_3js7BfXcOIeFMng,Young Treat,anna,0,0,video2_cred_anna,cred_anna,9,2,-0.798026671,Male,No,3,1,0,0,0,0,1,0,0,0,Low,Low,No,Male,3,0,0
1377,R_3js7BfXcOIeFMng,Young Treat,cham,0,0,video3_cred_cham,cred_cham,0,3,-1.114512449,Male,No,3,1,0,0,0,0,1,0,0,0,Low,Low,No,Male,3,0,0
1378,R_3js7BfXcOIeFMng,Young Treat,fab,0,0,video4_cred_fab,cred_fab,0,4,-1.114512449,Male,No,3,1,0,0,0,0,1,0,0,0,Low,Low,No,Male,3,0,0
1379,R_3js7BfXcOIeFMng,Young Treat,mae,0,0,video5_cred_mae,cred_mae,0,5,-1.114512449,Male,No,3,1,0,0,0,0,1,0,0,0,Low,Low,No,Male,3,0,0
1380,R_3js7BfXcOIeFMng,Young Treat,zanx,0,0,video6_cred_zanx,cred_zanx,0,6,-1.114512449,Male,No,3,1,0,0,0,0,1,0,0,0,Low,Low,No,Male,3,0,0
1381,R_3k1ZJ2pnWjB8E8R,Old Control,aby,6,5,video1_cred_aby,cred_aby,71,1,1.382208689,Male,No,3,1,0,0,0,0,1,5.5,11,9,Moderate,High,No,Male,3,1,1
1382,R_3k1ZJ2pnWjB8E8R,Old Control,anna,5,4,video2_cred_anna,cred_anna,73,2,1.452538862,Male,No,3,1,0,0,0,0,1,4.5,9,9,Moderate,High,No,Male,3,1,1
1383,R_3k1ZJ2pnWjB8E8R,Old Control,cham,6,5,video3_cred_cham,cred_cham,76,3,1.558034122,Male,No,3,1,0,0,0,0,1,5.5,11,9,Moderate,High,No,Male,3,1,1
1384,R_3k1ZJ2pnWjB8E8R,Old Control,fab,5,6,video4_cred_fab,cred_fab,74,4,1.487703949,Male,No,3,1,0,0,0,0,1,5.5,11,9,Moderate,High,No,Male,3,1,1
1385,R_3k1ZJ2pnWjB8E8R,Old Control,mae,5,4,video5_cred_mae,cred_mae,74,5,1.487703949,Male,No,3,1,0,0,0,0,1,4.5,9,9,Moderate,High,No,Male,3,1,1
1386,R_3k1ZJ2pnWjB8E8R,Old Control,zanx,5,5,video6_cred_zanx,cred_zanx,71,6,1.382208689,Male,No,3,1,0,0,0,0,1,5,10,9,Moderate,High,No,Male,3,1,1
1387,R_3k7ZS5wygBNwUSJ,Old Control,aby,6,5,video1_cred_aby,cred_aby,67,1,1.241548344,Male,No,3,1,0,0,0,0,1,5.5,11,10,High,High,No,Male,2,1,1
1388,R_3k7ZS5wygBNwUSJ,Old Control,anna,5,6,video2_cred_anna,cred_anna,77,2,1.593199208,Male,No,3,1,0,0,0,0,1,5.5,11,10,High,High,No,Male,2,1,1
1389,R_3k7ZS5wygBNwUSJ,Old Control,cham,6,5,video3_cred_cham,cred_cham,75,3,1.522869035,Male,No,3,1,0,0,0,0,1,5.5,11,10,High,High,No,Male,2,1,1
1390,R_3k7ZS5wygBNwUSJ,Old Control,fab,5,4,video4_cred_fab,cred_fab,76,4,1.558034122,Male,No,3,1,0,0,0,0,1,4.5,9,10,High,High,No,Male,2,1,1
1391,R_3k7ZS5wygBNwUSJ,Old Control,mae,6,5,video5_cred_mae,cred_mae,78,5,1.628364295,Male,No,3,1,0,0,0,0,1,5.5,11,10,High,High,No,Male,2,1,1
1392,R_3k7ZS5wygBNwUSJ,Old Control,zanx,6,4,video6_cred_zanx,cred_zanx,83,6,1.804189727,Male,No,3,1,0,0,0,0,1,5,10,10,High,High,No,Male,2,1,1
1393,R_3kICq080QxOte13,Old Treat,aby,0,0,video1_cred_aby,cred_aby,4,1,-0.973852103,Female,No,2,0,0,0,1,0,1,0,0,0,Low,Low,No,Female,1,1,0
1394,R_3kICq080QxOte13,Old Treat,anna,0,0,video2_cred_anna,cred_anna,0,2,-1.114512449,Female,No,2,0,0,0,1,0,1,0,0,0,Low,Low,No,Female,1,1,0
1395,R_3kICq080QxOte13,Old Treat,cham,0,0,video3_cred_cham,cred_cham,1,3,-1.079347363,Female,No,2,0,0,0,1,0,1,0,0,0,Low,Low,No,Female,1,1,0
1396,R_3kICq080QxOte13,Old Treat,fab,0,0,video4_cred_fab,cred_fab,3,4,-1.00901719,Female,No,2,0,0,0,1,0,1,0,0,0,Low,Low,No,Female,1,1,0
1397,R_3kICq080QxOte13,Old Treat,mae,1,0,video5_cred_mae,cred_mae,8,5,-0.833191758,Female,No,2,0,0,0,1,0,1,0.5,1,0,Low,Moderate,No,Female,1,1,0
1398,R_3kICq080QxOte13,Old Treat,zanx,0,0,video6_cred_zanx,cred_zanx,1,6,-1.079347363,Female,No,2,0,0,0,1,0,1,0,0,0,Low,Low,No,Female,1,1,0
1399,R_3lDfqWbSGrrbQgb,Old Control,aby,4,5,video1_cred_aby,cred_aby,62,1,1.065722911,Male,No,4,1,0,0,0,0,1,4.5,9,9,Moderate,High,No,Male,2,1,1
1400,R_3lDfqWbSGrrbQgb,Old Control,anna,4,5,video2_cred_anna,cred_anna,65,2,1.171218171,Male,No,4,1,0,0,0,0,1,4.5,9,9,Moderate,High,No,Male,2,1,1
1401,R_3lDfqWbSGrrbQgb,Old Control,cham,5,4,video3_cred_cham,cred_cham,65,3,1.171218171,Male,No,4,1,0,0,0,0,1,4.5,9,9,Moderate,High,No,Male,2,1,1
1402,R_3lDfqWbSGrrbQgb,Old Control,fab,5,4,video4_cred_fab,cred_fab,68,4,1.27671343,Male,No,4,1,0,0,0,0,1,4.5,9,9,Moderate,High,No,Male,2,1,1
1403,R_3lDfqWbSGrrbQgb,Old Control,mae,5,4,video5_cred_mae,cred_mae,75,5,1.522869035,Male,No,4,1,0,0,0,0,1,4.5,9,9,Moderate,High,No,Male,2,1,1
1404,R_3lDfqWbSGrrbQgb,Old Control,zanx,5,6,video6_cred_zanx,cred_zanx,79,6,1.663529381,Male,No,4,1,0,0,0,0,1,5.5,11,9,Moderate,High,No,Male,2,1,1
1405,R_3lKCbCJ8XmhSgEl,Young Control,aby,5,4,video1_cred_aby,cred_aby,79,1,1.663529381,Male,No,1,1,0,0,0,0,1,4.5,9,9,Moderate,High,No,Male,3,1,1
1406,R_3lKCbCJ8XmhSgEl,Young Control,anna,4,5,video2_cred_anna,cred_anna,66,2,1.206383257,Male,No,1,1,0,0,0,0,1,4.5,9,9,Moderate,High,No,Male,3,1,1
1407,R_3lKCbCJ8XmhSgEl,Young Control,cham,5,4,video3_cred_cham,cred_cham,75,3,1.522869035,Male,No,1,1,0,0,0,0,1,4.5,9,9,Moderate,High,No,Male,3,1,1
1408,R_3lKCbCJ8XmhSgEl,Young Control,fab,5,4,video4_cred_fab,cred_fab,74,4,1.487703949,Male,No,1,1,0,0,0,0,1,4.5,9,9,Moderate,High,No,Male,3,1,1
1409,R_3lKCbCJ8XmhSgEl,Young Control,mae,5,6,video5_cred_mae,cred_mae,77,5,1.593199208,Male,No,1,1,0,0,0,0,1,5.5,11,9,Moderate,High,No,Male,3,1,1
1410,R_3lKCbCJ8XmhSgEl,Young Control,zanx,6,5,video6_cred_zanx,cred_zanx,77,6,1.593199208,Male,No,1,1,0,0,0,0,1,5.5,11,9,Moderate,High,No,Male,3,1,1
1411,R_3lRoYLtcIkKZTlD,Old Control,aby,0,0,video1_cred_aby,cred_aby,2,1,-1.044182276,Female,Yes,4,1,0,0,1,0,0,0,0,0,Low,Low,Yes,Female,1,0,0
1412,R_3lRoYLtcIkKZTlD,Old Control,anna,0,0,video2_cred_anna,cred_anna,3,2,-1.00901719,Female,Yes,4,1,0,0,1,0,0,0,0,0,Low,Low,Yes,Female,1,0,0
1413,R_3lRoYLtcIkKZTlD,Old Control,cham,0,0,video3_cred_cham,cred_cham,4,3,-0.973852103,Female,Yes,4,1,0,0,1,0,0,0,0,0,Low,Low,Yes,Female,1,0,0
1414,R_3lRoYLtcIkKZTlD,Old Control,fab,0,0,video4_cred_fab,cred_fab,3,4,-1.00901719,Female,Yes,4,1,0,0,1,0,0,0,0,0,Low,Low,Yes,Female,1,0,0
1415,R_3lRoYLtcIkKZTlD,Old Control,mae,0,0,video5_cred_mae,cred_mae,13,5,-0.657366325,Female,Yes,4,1,0,0,1,0,0,0,0,0,Low,Low,Yes,Female,1,0,0
1416,R_3lRoYLtcIkKZTlD,Old Control,zanx,0,0,video6_cred_zanx,cred_zanx,4,6,-0.973852103,Female,Yes,4,1,0,0,1,0,0,0,0,0,Low,Low,Yes,Female,1,0,0
1417,R_3lVU6SqsoYdjYen,Young Control,aby,3,3,video1_cred_aby,cred_aby,50,1,0.643741874,Female,No,4,1,1,0,0,0,1,3,6,7,Moderate,High,No,Female,1,1,1
1418,R_3lVU6SqsoYdjYen,Young Control,anna,1,1,video2_cred_anna,cred_anna,50,2,0.643741874,Female,No,4,1,1,0,0,0,1,1,2,7,Moderate,Moderate,No,Female,1,1,1
1419,R_3lVU6SqsoYdjYen,Young Control,cham,2,2,video3_cred_cham,cred_cham,50,3,0.643741874,Female,No,4,1,1,0,0,0,1,2,4,7,Moderate,High,No,Female,1,1,1
1420,R_3lVU6SqsoYdjYen,Young Control,fab,1,2,video4_cred_fab,cred_fab,50,4,0.643741874,Female,No,4,1,1,0,0,0,1,1.5,3,7,Moderate,Moderate,No,Female,1,1,1
1421,R_3lVU6SqsoYdjYen,Young Control,mae,2,3,video5_cred_mae,cred_mae,50,5,0.643741874,Female,No,4,1,1,0,0,0,1,2.5,5,7,Moderate,High,No,Female,1,1,1
1422,R_3lVU6SqsoYdjYen,Young Control,zanx,2,2,video6_cred_zanx,cred_zanx,50,6,0.643741874,Female,No,4,1,1,0,0,0,1,2,4,7,Moderate,High,No,Female,1,1,1
1423,R_3ltYvG3Gw9UZjWW,Young Control,aby,0,2,video1_cred_aby,cred_aby,5,1,-0.938687017,Male,No,3,0,1,0,0,0,0,1,2,1,Low,Moderate,No,Male,3,0,0
1424,R_3ltYvG3Gw9UZjWW,Young Control,anna,0,0,video2_cred_anna,cred_anna,0,2,-1.114512449,Male,No,3,0,1,0,0,0,0,0,0,1,Low,Low,No,Male,3,0,0
1425,R_3ltYvG3Gw9UZjWW,Young Control,cham,0,2,video3_cred_cham,cred_cham,1,3,-1.079347363,Male,No,3,0,1,0,0,0,0,1,2,1,Low,Moderate,No,Male,3,0,0
1426,R_3ltYvG3Gw9UZjWW,Young Control,fab,0,2,video4_cred_fab,cred_fab,6,4,-0.903521931,Male,No,3,0,1,0,0,0,0,1,2,1,Low,Moderate,No,Male,3,0,0
1427,R_3ltYvG3Gw9UZjWW,Young Control,mae,0,2,video5_cred_mae,cred_mae,1,5,-1.079347363,Male,No,3,0,1,0,0,0,0,1,2,1,Low,Moderate,No,Male,3,0,0
1428,R_3ltYvG3Gw9UZjWW,Young Control,zanx,0,2,video6_cred_zanx,cred_zanx,0,6,-1.114512449,Male,No,3,0,1,0,0,0,0,1,2,1,Low,Moderate,No,Male,3,0,0
1429,R_3luZntG3xwp4k0h,Old Control,aby,1,1,video1_cred_aby,cred_aby,57,1,0.889897479,Female,No,4,0,0,1,0,0,0,1,2,2,Low,Moderate,No,Female,1,0,1
1430,R_3luZntG3xwp4k0h,Old Control,anna,1,1,video2_cred_anna,cred_anna,44,2,0.432751355,Female,No,4,0,0,1,0,0,0,1,2,2,Low,Moderate,No,Female,1,0,1
1431,R_3luZntG3xwp4k0h,Old Control,cham,1,0,video3_cred_cham,cred_cham,45,3,0.467916441,Female,No,4,0,0,1,0,0,0,0.5,1,2,Low,Moderate,No,Female,1,0,1
1432,R_3luZntG3xwp4k0h,Old Control,fab,1,1,video4_cred_fab,cred_fab,48,4,0.573411701,Female,No,4,0,0,1,0,0,0,1,2,2,Low,Moderate,No,Female,1,0,1
1433,R_3luZntG3xwp4k0h,Old Control,mae,2,2,video5_cred_mae,cred_mae,50,5,0.643741874,Female,No,4,0,0,1,0,0,0,2,4,2,Low,High,No,Female,1,0,1
1434,R_3luZntG3xwp4k0h,Old Control,zanx,1,1,video6_cred_zanx,cred_zanx,12,6,-0.692531412,Female,No,4,0,0,1,0,0,0,1,2,2,Low,Moderate,No,Female,1,0,0
1435,R_3lxcLOHYl5tbFAt,Young Treat,aby,2,3,video1_cred_aby,cred_aby,26,1,-0.200220201,Male,Yes,4,0,0,0,0,1,0,2.5,5,8,Moderate,High,Yes,Male,1,0,1
1436,R_3lxcLOHYl5tbFAt,Young Treat,anna,2,6,video2_cred_anna,cred_anna,21,2,-0.376045634,Male,Yes,4,0,0,0,0,1,0,4,8,8,Moderate,High,Yes,Male,1,0,0
1437,R_3lxcLOHYl5tbFAt,Young Treat,cham,2,5,video3_cred_cham,cred_cham,47,3,0.538246614,Male,Yes,4,0,0,0,0,1,0,3.5,7,8,Moderate,High,Yes,Male,1,0,1
1438,R_3lxcLOHYl5tbFAt,Young Treat,fab,3,5,video4_cred_fab,cred_fab,27,4,-0.165055115,Male,Yes,4,0,0,0,0,1,0,4,8,8,Moderate,High,Yes,Male,1,0,1
1439,R_3lxcLOHYl5tbFAt,Young Treat,mae,5,7,video5_cred_mae,cred_mae,17,5,-0.516705979,Male,Yes,4,0,0,0,0,1,0,6,12,8,Moderate,High,Yes,Male,1,0,0
1440,R_3lxcLOHYl5tbFAt,Young Treat,zanx,2,1,video6_cred_zanx,cred_zanx,33,6,0.045935404,Male,Yes,4,0,0,0,0,1,0,1.5,3,8,Moderate,Moderate,Yes,Male,1,0,1
1441,R_3mf2RfK0RtxhvHB,Old Treat,aby,0,0,video1_cred_aby,cred_aby,50,1,0.643741874,Female,Yes,4,0,0,0,0,1,1,0,0,0,Low,Low,Yes,Female,1,0,1
1442,R_3mf2RfK0RtxhvHB,Old Treat,anna,0,0,video2_cred_anna,cred_anna,50,2,0.643741874,Female,Yes,4,0,0,0,0,1,1,0,0,0,Low,Low,Yes,Female,1,0,1
1443,R_3mf2RfK0RtxhvHB,Old Treat,cham,0,0,video3_cred_cham,cred_cham,50,3,0.643741874,Female,Yes,4,0,0,0,0,1,1,0,0,0,Low,Low,Yes,Female,1,0,1
1444,R_3mf2RfK0RtxhvHB,Old Treat,fab,0,0,video4_cred_fab,cred_fab,45,4,0.467916441,Female,Yes,4,0,0,0,0,1,1,0,0,0,Low,Low,Yes,Female,1,0,1
1445,R_3mf2RfK0RtxhvHB,Old Treat,mae,0,0,video5_cred_mae,cred_mae,50,5,0.643741874,Female,Yes,4,0,0,0,0,1,1,0,0,0,Low,Low,Yes,Female,1,0,1
1446,R_3mf2RfK0RtxhvHB,Old Treat,zanx,0,0,video6_cred_zanx,cred_zanx,50,6,0.643741874,Female,Yes,4,0,0,0,0,1,1,0,0,0,Low,Low,Yes,Female,1,0,1
1447,R_3n2wSZSdzR0mmCH,Young Control,aby,1,1,video1_cred_aby,cred_aby,26,1,-0.200220201,Female,Yes,2,0,0,0,0,0,0,1,2,3,Low,Moderate,Yes,Female,1,0,1
1448,R_3n2wSZSdzR0mmCH,Young Control,anna,1,1,video2_cred_anna,cred_anna,22,2,-0.340880547,Female,Yes,2,0,0,0,0,0,0,1,2,3,Low,Moderate,Yes,Female,1,0,0
1449,R_3n2wSZSdzR0mmCH,Young Control,cham,1,1,video3_cred_cham,cred_cham,15,3,-0.587036152,Female,Yes,2,0,0,0,0,0,0,1,2,3,Low,Moderate,Yes,Female,1,0,0
1450,R_3n2wSZSdzR0mmCH,Young Control,fab,1,1,video4_cred_fab,cred_fab,38,4,0.221760836,Female,Yes,2,0,0,0,0,0,0,1,2,3,Low,Moderate,Yes,Female,1,0,1
1451,R_3n2wSZSdzR0mmCH,Young Control,mae,1,2,video5_cred_mae,cred_mae,29,5,-0.094724942,Female,Yes,2,0,0,0,0,0,0,1.5,3,3,Low,Moderate,Yes,Female,1,0,1
1452,R_3n2wSZSdzR0mmCH,Young Control,zanx,1,1,video6_cred_zanx,cred_zanx,36,6,0.151430663,Female,Yes,2,0,0,0,0,0,0,1,2,3,Low,Moderate,Yes,Female,1,0,1
1453,R_3n3AXNJVpdveTxn,Old Control,aby,3,2,video1_cred_aby,cred_aby,42,1,0.362421182,Female,No,3,1,0,0,0,0,0,2.5,5,3,Low,High,No,Female,1,0,1
1454,R_3n3AXNJVpdveTxn,Old Control,anna,2,2,video2_cred_anna,cred_anna,40,2,0.292091009,Female,No,3,1,0,0,0,0,0,2,4,3,Low,High,No,Female,1,0,1
1455,R_3n3AXNJVpdveTxn,Old Control,cham,2,1,video3_cred_cham,cred_cham,50,3,0.643741874,Female,No,3,1,0,0,0,0,0,1.5,3,3,Low,Moderate,No,Female,1,0,1
1456,R_3n3AXNJVpdveTxn,Old Control,fab,3,2,video4_cred_fab,cred_fab,46,4,0.503081528,Female,No,3,1,0,0,0,0,0,2.5,5,3,Low,High,No,Female,1,0,1
1457,R_3n3AXNJVpdveTxn,Old Control,mae,1,1,video5_cred_mae,cred_mae,36,5,0.151430663,Female,No,3,1,0,0,0,0,0,1,2,3,Low,Moderate,No,Female,1,0,1
1458,R_3n3AXNJVpdveTxn,Old Control,zanx,3,1,video6_cred_zanx,cred_zanx,41,6,0.327256096,Female,No,3,1,0,0,0,0,0,2,4,3,Low,High,No,Female,1,0,1
1459,R_3nA9cUE0JL86ZsG,Old Control,aby,1,1,video1_cred_aby,cred_aby,19,1,-0.446375807,Male,Yes,3,0,0,0,0,1,0,1,2,0,Low,Moderate,Yes,Male,2,0,0
1460,R_3nA9cUE0JL86ZsG,Old Control,anna,1,1,video2_cred_anna,cred_anna,10,2,-0.762861585,Male,Yes,3,0,0,0,0,1,0,1,2,0,Low,Moderate,Yes,Male,2,0,0
1461,R_3nA9cUE0JL86ZsG,Old Control,cham,1,1,video3_cred_cham,cred_cham,10,3,-0.762861585,Male,Yes,3,0,0,0,0,1,0,1,2,0,Low,Moderate,Yes,Male,2,0,0
1462,R_3nA9cUE0JL86ZsG,Old Control,fab,1,1,video4_cred_fab,cred_fab,11,4,-0.727696498,Male,Yes,3,0,0,0,0,1,0,1,2,0,Low,Moderate,Yes,Male,2,0,0
1463,R_3nA9cUE0JL86ZsG,Old Control,mae,1,1,video5_cred_mae,cred_mae,8,5,-0.833191758,Male,Yes,3,0,0,0,0,1,0,1,2,0,Low,Moderate,Yes,Male,2,0,0
1464,R_3nA9cUE0JL86ZsG,Old Control,zanx,1,1,video6_cred_zanx,cred_zanx,13,6,-0.657366325,Male,Yes,3,0,0,0,0,1,0,1,2,0,Low,Moderate,Yes,Male,2,0,0
1465,R_3nV2YxUwgMNaAkI,Old Control,aby,7,0,video1_cred_aby,cred_aby,17,1,-0.516705979,Male,No,4,0,0,0,1,0,1,3.5,7,8,Moderate,High,No,Male,1,0,0
1466,R_3nV2YxUwgMNaAkI,Old Control,anna,7,7,video2_cred_anna,cred_anna,70,2,1.347043603,Male,No,4,0,0,0,1,0,1,7,14,8,Moderate,High,No,Male,1,0,1
1467,R_3nV2YxUwgMNaAkI,Old Control,cham,7,7,video3_cred_cham,cred_cham,81,3,1.733859554,Male,No,4,0,0,0,1,0,1,7,14,8,Moderate,High,No,Male,1,0,1
1468,R_3nV2YxUwgMNaAkI,Old Control,fab,7,5,video4_cred_fab,cred_fab,82,4,1.76902464,Male,No,4,0,0,0,1,0,1,6,12,8,Moderate,High,No,Male,1,0,1
1469,R_3nV2YxUwgMNaAkI,Old Control,mae,7,7,video5_cred_mae,cred_mae,92,5,2.120675505,Male,No,4,0,0,0,1,0,1,7,14,8,Moderate,High,No,Male,1,0,1
1470,R_3nV2YxUwgMNaAkI,Old Control,zanx,7,0,video6_cred_zanx,cred_zanx,45,6,0.467916441,Male,No,4,0,0,0,1,0,1,3.5,7,8,Moderate,High,No,Male,1,0,1
1471,R_3ncnUoA2XBnYb3y,Old Treat,aby,4,4,video1_cred_aby,cred_aby,30,1,-0.059559855,Male,No,2,1,0,0,0,1,1,4,8,0,Low,High,No,Male,1,0,1
1472,R_3ncnUoA2XBnYb3y,Old Treat,anna,0,0,video2_cred_anna,cred_anna,5,2,-0.938687017,Male,No,2,1,0,0,0,1,1,0,0,0,Low,Low,No,Male,1,0,0
1473,R_3ncnUoA2XBnYb3y,Old Treat,cham,2,2,video3_cred_cham,cred_cham,20,3,-0.41121072,Male,No,2,1,0,0,0,1,1,2,4,0,Low,High,No,Male,1,0,0
1474,R_3ncnUoA2XBnYb3y,Old Treat,fab,2,2,video4_cred_fab,cred_fab,20,4,-0.41121072,Male,No,2,1,0,0,0,1,1,2,4,0,Low,High,No,Male,1,0,0
1475,R_3ncnUoA2XBnYb3y,Old Treat,mae,2,2,video5_cred_mae,cred_mae,55,5,0.819567306,Male,No,2,1,0,0,0,1,1,2,4,0,Low,High,No,Male,1,0,1
1476,R_3ncnUoA2XBnYb3y,Old Treat,zanx,6,6,video6_cred_zanx,cred_zanx,10,6,-0.762861585,Male,No,2,1,0,0,0,1,1,6,12,0,Low,High,No,Male,1,0,0
1477,R_3oAsl4Bwt0VvzRX,Old Control,aby,2,1,video1_cred_aby,cred_aby,30,1,-0.059559855,Male,Yes,3,0,0,0,0,0,1,1.5,3,8,Moderate,Moderate,Yes,Male,1,0,1
1478,R_3oAsl4Bwt0VvzRX,Old Control,anna,1,1,video2_cred_anna,cred_anna,23,2,-0.305715461,Male,Yes,3,0,0,0,0,0,1,1,2,8,Moderate,Moderate,Yes,Male,1,0,1
1479,R_3oAsl4Bwt0VvzRX,Old Control,cham,1,3,video3_cred_cham,cred_cham,30,3,-0.059559855,Male,Yes,3,0,0,0,0,0,1,2,4,8,Moderate,High,Yes,Male,1,0,1
1480,R_3oAsl4Bwt0VvzRX,Old Control,fab,1,1,video4_cred_fab,cred_fab,10,4,-0.762861585,Male,Yes,3,0,0,0,0,0,1,1,2,8,Moderate,Moderate,Yes,Male,1,0,0
1481,R_3oAsl4Bwt0VvzRX,Old Control,mae,1,2,video5_cred_mae,cred_mae,21,5,-0.376045634,Male,Yes,3,0,0,0,0,0,1,1.5,3,8,Moderate,Moderate,Yes,Male,1,0,0
1482,R_3oAsl4Bwt0VvzRX,Old Control,zanx,1,1,video6_cred_zanx,cred_zanx,3,6,-1.00901719,Male,Yes,3,0,0,0,0,0,1,1,2,8,Moderate,Moderate,Yes,Male,1,0,0
1483,R_3oZa0fkWayTyhDX,Old Treat,aby,0,0,video1_cred_aby,cred_aby,2,1,-1.044182276,Female,Yes,2,0,0,0,1,1,0,0,0,0,Low,Low,Yes,Female,3,0,0
1484,R_3oZa0fkWayTyhDX,Old Treat,anna,0,0,video2_cred_anna,cred_anna,0,2,-1.114512449,Female,Yes,2,0,0,0,1,1,0,0,0,0,Low,Low,Yes,Female,3,0,0
1485,R_3oZa0fkWayTyhDX,Old Treat,cham,0,0,video3_cred_cham,cred_cham,1,3,-1.079347363,Female,Yes,2,0,0,0,1,1,0,0,0,0,Low,Low,Yes,Female,3,0,0
1486,R_3oZa0fkWayTyhDX,Old Treat,fab,0,0,video4_cred_fab,cred_fab,0,4,-1.114512449,Female,Yes,2,0,0,0,1,1,0,0,0,0,Low,Low,Yes,Female,3,0,0
1487,R_3oZa0fkWayTyhDX,Old Treat,mae,0,0,video5_cred_mae,cred_mae,0,5,-1.114512449,Female,Yes,2,0,0,0,1,1,0,0,0,0,Low,Low,Yes,Female,3,0,0
1488,R_3oZa0fkWayTyhDX,Old Treat,zanx,0,0,video6_cred_zanx,cred_zanx,1,6,-1.079347363,Female,Yes,2,0,0,0,1,1,0,0,0,0,Low,Low,Yes,Female,3,0,0
1489,R_3omPg0NHrDOPpsv,Young Treat,aby,0,0,video1_cred_aby,cred_aby,11,1,-0.727696498,Female,No,4,1,0,1,0,0,1,0,0,0,Low,Low,No,Female,1,0,0
1490,R_3omPg0NHrDOPpsv,Young Treat,anna,0,0,video2_cred_anna,cred_anna,0,2,-1.114512449,Female,No,4,1,0,1,0,0,1,0,0,0,Low,Low,No,Female,1,0,0
1491,R_3omPg0NHrDOPpsv,Young Treat,cham,0,0,video3_cred_cham,cred_cham,0,3,-1.114512449,Female,No,4,1,0,1,0,0,1,0,0,0,Low,Low,No,Female,1,0,0
1492,R_3omPg0NHrDOPpsv,Young Treat,fab,0,0,video4_cred_fab,cred_fab,0,4,-1.114512449,Female,No,4,1,0,1,0,0,1,0,0,0,Low,Low,No,Female,1,0,0
1493,R_3omPg0NHrDOPpsv,Young Treat,mae,0,0,video5_cred_mae,cred_mae,0,5,-1.114512449,Female,No,4,1,0,1,0,0,1,0,0,0,Low,Low,No,Female,1,0,0
1494,R_3omPg0NHrDOPpsv,Young Treat,zanx,0,0,video6_cred_zanx,cred_zanx,0,6,-1.114512449,Female,No,4,1,0,1,0,0,1,0,0,0,Low,Low,No,Female,1,0,0
1495,R_3ovVomIGS2yq26f,Old Control,aby,6,5,video1_cred_aby,cred_aby,81,1,1.733859554,Female,Yes,1,0,0,1,0,0,0,5.5,11,11,High,High,Yes,Female,2,1,1
1496,R_3ovVomIGS2yq26f,Old Control,anna,6,6,video2_cred_anna,cred_anna,75,2,1.522869035,Female,Yes,1,0,0,1,0,0,0,6,12,11,High,High,Yes,Female,2,1,1
1497,R_3ovVomIGS2yq26f,Old Control,cham,5,5,video3_cred_cham,cred_cham,81,3,1.733859554,Female,Yes,1,0,0,1,0,0,0,5,10,11,High,High,Yes,Female,2,1,1
1498,R_3ovVomIGS2yq26f,Old Control,fab,5,6,video4_cred_fab,cred_fab,82,4,1.76902464,Female,Yes,1,0,0,1,0,0,0,5.5,11,11,High,High,Yes,Female,2,1,1
1499,R_3ovVomIGS2yq26f,Old Control,mae,6,5,video5_cred_mae,cred_mae,80,5,1.698694468,Female,Yes,1,0,0,1,0,0,0,5.5,11,11,High,High,Yes,Female,2,1,1
1500,R_3ovVomIGS2yq26f,Old Control,zanx,5,5,video6_cred_zanx,cred_zanx,71,6,1.382208689,Female,Yes,1,0,0,1,0,0,0,5,10,11,High,High,Yes,Female,2,1,1
1501,R_3pKb20sQ2zPdOGK,Old Control,aby,4,4,video1_cred_aby,cred_aby,20,1,-0.41121072,Female,No,2,1,0,0,0,0,0,4,8,6,Moderate,High,No,Female,1,1,0
1502,R_3pKb20sQ2zPdOGK,Old Control,anna,2,2,video2_cred_anna,cred_anna,18,2,-0.481540893,Female,No,2,1,0,0,0,0,0,2,4,6,Moderate,High,No,Female,1,1,0
1503,R_3pKb20sQ2zPdOGK,Old Control,cham,3,4,video3_cred_cham,cred_cham,20,3,-0.41121072,Female,No,2,1,0,0,0,0,0,3.5,7,6,Moderate,High,No,Female,1,1,0
1504,R_3pKb20sQ2zPdOGK,Old Control,fab,3,3,video4_cred_fab,cred_fab,37,4,0.18659575,Female,No,2,1,0,0,0,0,0,3,6,6,Moderate,High,No,Female,1,1,1
1505,R_3pKb20sQ2zPdOGK,Old Control,mae,3,3,video5_cred_mae,cred_mae,13,5,-0.657366325,Female,No,2,1,0,0,0,0,0,3,6,6,Moderate,High,No,Female,1,1,0
1506,R_3pKb20sQ2zPdOGK,Old Control,zanx,3,3,video6_cred_zanx,cred_zanx,6,6,-0.903521931,Female,No,2,1,0,0,0,0,0,3,6,6,Moderate,High,No,Female,1,1,0
1507,R_3pRbxTxy7bZWirH,Young Control,aby,0,0,video1_cred_aby,cred_aby,69,1,1.311878516,Female,Yes,3,0,0,0,0,0,0,0,0,0,Low,Low,Yes,Female,1,0,1
1508,R_3pRbxTxy7bZWirH,Young Control,anna,0,0,video2_cred_anna,cred_anna,54.5,2,0.801984763,Female,Yes,3,0,0,0,0,0,0,0,0,0,Low,Low,Yes,Female,1,0,1
1509,R_3pRbxTxy7bZWirH,Young Control,cham,0,0,video3_cred_cham,cred_cham,58,3,0.925062565,Female,Yes,3,0,0,0,0,0,0,0,0,0,Low,Low,Yes,Female,1,0,1
1510,R_3pRbxTxy7bZWirH,Young Control,fab,0,0,video4_cred_fab,cred_fab,52.5,4,0.73165459,Female,Yes,3,0,0,0,0,0,0,0,0,0,Low,Low,Yes,Female,1,0,1
1511,R_3pRbxTxy7bZWirH,Young Control,mae,0,0,video5_cred_mae,cred_mae,57.5,5,0.907480022,Female,Yes,3,0,0,0,0,0,0,0,0,0,Low,Low,Yes,Female,1,0,1
1512,R_3pRbxTxy7bZWirH,Young Control,zanx,0,0,video6_cred_zanx,cred_zanx,65,6,1.171218171,Female,Yes,3,0,0,0,0,0,0,0,0,0,Low,Low,Yes,Female,1,0,1
1513,R_3pnctO7wz3yv7I0,Young Treat,aby,1,0,video1_cred_aby,cred_aby,0,1,-1.114512449,Female,Yes,4,0,0,0,0,0,0,0.5,1,0,Low,Moderate,Yes,Female,1,0,0
1514,R_3pnctO7wz3yv7I0,Young Treat,anna,1,0,video2_cred_anna,cred_anna,0,2,-1.114512449,Female,Yes,4,0,0,0,0,0,0,0.5,1,0,Low,Moderate,Yes,Female,1,0,0
1515,R_3pnctO7wz3yv7I0,Young Treat,cham,0,0,video3_cred_cham,cred_cham,0,3,-1.114512449,Female,Yes,4,0,0,0,0,0,0,0,0,0,Low,Low,Yes,Female,1,0,0
1516,R_3pnctO7wz3yv7I0,Young Treat,fab,7,7,video4_cred_fab,cred_fab,0,4,-1.114512449,Female,Yes,4,0,0,0,0,0,0,7,14,0,Low,High,Yes,Female,1,0,0
1517,R_3pnctO7wz3yv7I0,Young Treat,mae,0,7,video5_cred_mae,cred_mae,0,5,-1.114512449,Female,Yes,4,0,0,0,0,0,0,3.5,7,0,Low,High,Yes,Female,1,0,0
1518,R_3pnctO7wz3yv7I0,Young Treat,zanx,0,0,video6_cred_zanx,cred_zanx,0,6,-1.114512449,Female,Yes,4,0,0,0,0,0,0,0,0,0,Low,Low,Yes,Female,1,0,0
1519,R_3psjCulUwZWpZmh,Young Treat,aby,5,6,video1_cred_aby,cred_aby,74,1,1.487703949,Male,Yes,3,1,0,0,0,0,1,5.5,11,11,High,High,Yes,Male,3,1,1
1520,R_3psjCulUwZWpZmh,Young Treat,anna,6,6,video2_cred_anna,cred_anna,68,2,1.27671343,Male,Yes,3,1,0,0,0,0,1,6,12,11,High,High,Yes,Male,3,1,1
1521,R_3psjCulUwZWpZmh,Young Treat,cham,6,5,video3_cred_cham,cred_cham,77,3,1.593199208,Male,Yes,3,1,0,0,0,0,1,5.5,11,11,High,High,Yes,Male,3,1,1
1522,R_3psjCulUwZWpZmh,Young Treat,fab,4,5,video4_cred_fab,cred_fab,68,4,1.27671343,Male,Yes,3,1,0,0,0,0,1,4.5,9,11,High,High,Yes,Male,3,1,1
1523,R_3psjCulUwZWpZmh,Young Treat,mae,5,5,video5_cred_mae,cred_mae,71,5,1.382208689,Male,Yes,3,1,0,0,0,0,1,5,10,11,High,High,Yes,Male,3,1,1
1524,R_3psjCulUwZWpZmh,Young Treat,zanx,6,4,video6_cred_zanx,cred_zanx,78,6,1.628364295,Male,Yes,3,1,0,0,0,0,1,5,10,11,High,High,Yes,Male,3,1,1
1525,R_3q91YdWPIAt9stc,Young Control,aby,0,0,video1_cred_aby,cred_aby,61,1,1.030557825,Male,No,1,1,0,0,0,0,0,0,0,0,Low,Low,No,Male,1,0,1
1526,R_3q91YdWPIAt9stc,Young Control,anna,0,0,video2_cred_anna,cred_anna,51,2,0.67890696,Male,No,1,1,0,0,0,0,0,0,0,0,Low,Low,No,Male,1,0,1
1527,R_3q91YdWPIAt9stc,Young Control,cham,0,0,video3_cred_cham,cred_cham,43,3,0.397586269,Male,No,1,1,0,0,0,0,0,0,0,0,Low,Low,No,Male,1,0,1
1528,R_3q91YdWPIAt9stc,Young Control,fab,0,0,video4_cred_fab,cred_fab,44,4,0.432751355,Male,No,1,1,0,0,0,0,0,0,0,0,Low,Low,No,Male,1,0,1
1529,R_3q91YdWPIAt9stc,Young Control,mae,0,0,video5_cred_mae,cred_mae,50,5,0.643741874,Male,No,1,1,0,0,0,0,0,0,0,0,Low,Low,No,Male,1,0,1
1530,R_3q91YdWPIAt9stc,Young Control,zanx,0,0,video6_cred_zanx,cred_zanx,62,6,1.065722911,Male,No,1,1,0,0,0,0,0,0,0,0,Low,Low,No,Male,1,0,1
1531,R_3qEKsIze8ULgA9T,Old Treat,aby,4,2,video1_cred_aby,cred_aby,51,1,0.67890696,Female,Yes,2,0,0,0,0,0,0,3,6,6,Moderate,High,Yes,Female,1,1,1
1532,R_3qEKsIze8ULgA9T,Old Treat,anna,4,2,video2_cred_anna,cred_anna,56,2,0.854732392,Female,Yes,2,0,0,0,0,0,0,3,6,6,Moderate,High,Yes,Female,1,1,1
1533,R_3qEKsIze8ULgA9T,Old Treat,cham,4,2,video3_cred_cham,cred_cham,47,3,0.538246614,Female,Yes,2,0,0,0,0,0,0,3,6,6,Moderate,High,Yes,Female,1,1,1
1534,R_3qEKsIze8ULgA9T,Old Treat,fab,4,2,video4_cred_fab,cred_fab,48,4,0.573411701,Female,Yes,2,0,0,0,0,0,0,3,6,6,Moderate,High,Yes,Female,1,1,1
1535,R_3qEKsIze8ULgA9T,Old Treat,mae,4,1,video5_cred_mae,cred_mae,48,5,0.573411701,Female,Yes,2,0,0,0,0,0,0,2.5,5,6,Moderate,High,Yes,Female,1,1,1
1536,R_3qEKsIze8ULgA9T,Old Treat,zanx,4,1,video6_cred_zanx,cred_zanx,50,6,0.643741874,Female,Yes,2,0,0,0,0,0,0,2.5,5,6,Moderate,High,Yes,Female,1,1,1
1537,R_3qmmV5BMRpgfbHT,Young Treat,aby,NA,NA,video1_cred_aby,cred_aby,50,1,0.643741874,Female,Yes,4,0,0,0,1,0,1,NA,NA,NA,NA,NA,Yes,Female,1,0,1
1538,R_3qmmV5BMRpgfbHT,Young Treat,anna,NA,NA,video2_cred_anna,cred_anna,54,2,0.78440222,Female,Yes,4,0,0,0,1,0,1,NA,NA,NA,NA,NA,Yes,Female,1,0,1
1539,R_3qmmV5BMRpgfbHT,Young Treat,cham,NA,NA,video3_cred_cham,cred_cham,35,3,0.116265577,Female,Yes,4,0,0,0,1,0,1,NA,NA,NA,NA,NA,Yes,Female,1,0,1
1540,R_3qmmV5BMRpgfbHT,Young Treat,fab,NA,NA,video4_cred_fab,cred_fab,52,4,0.714072047,Female,Yes,4,0,0,0,1,0,1,NA,NA,NA,NA,NA,Yes,Female,1,0,1
1541,R_3qmmV5BMRpgfbHT,Young Treat,mae,NA,NA,video5_cred_mae,cred_mae,29,5,-0.094724942,Female,Yes,4,0,0,0,1,0,1,NA,NA,NA,NA,NA,Yes,Female,1,0,1
1542,R_3qmmV5BMRpgfbHT,Young Treat,zanx,NA,NA,video6_cred_zanx,cred_zanx,23,6,-0.305715461,Female,Yes,4,0,0,0,1,0,1,NA,NA,NA,NA,NA,Yes,Female,1,0,1
1543,R_3qxG2aFxKGUfqut,Old Treat,aby,0,0,video1_cred_aby,cred_aby,0,1,-1.114512449,Female,No,1,1,0,0,0,0,0,0,0,3,Low,Low,No,Female,3,0,0
1544,R_3qxG2aFxKGUfqut,Old Treat,anna,0,0,video2_cred_anna,cred_anna,50,2,0.643741874,Female,No,1,1,0,0,0,0,0,0,0,3,Low,Low,No,Female,3,0,1
1545,R_3qxG2aFxKGUfqut,Old Treat,cham,0,0,video3_cred_cham,cred_cham,0,3,-1.114512449,Female,No,1,1,0,0,0,0,0,0,0,3,Low,Low,No,Female,3,0,0
1546,R_3qxG2aFxKGUfqut,Old Treat,fab,0,0,video4_cred_fab,cred_fab,0,4,-1.114512449,Female,No,1,1,0,0,0,0,0,0,0,3,Low,Low,No,Female,3,0,0
1547,R_3qxG2aFxKGUfqut,Old Treat,mae,0,0,video5_cred_mae,cred_mae,4,5,-0.973852103,Female,No,1,1,0,0,0,0,0,0,0,3,Low,Low,No,Female,3,0,0
1548,R_3qxG2aFxKGUfqut,Old Treat,zanx,0,0,video6_cred_zanx,cred_zanx,0,6,-1.114512449,Female,No,1,1,0,0,0,0,0,0,0,3,Low,Low,No,Female,3,0,0
1549,R_3r0RHa0c99imB9b,Young Treat,aby,4,3,video1_cred_aby,cred_aby,59,1,0.960227652,Male,No,4,1,0,0,0,0,1,3.5,7,7,Moderate,High,No,Male,1,1,1
1550,R_3r0RHa0c99imB9b,Young Treat,anna,3,4,video2_cred_anna,cred_anna,62,2,1.065722911,Male,No,4,1,0,0,0,0,1,3.5,7,7,Moderate,High,No,Male,1,1,1
1551,R_3r0RHa0c99imB9b,Young Treat,cham,3,4,video3_cred_cham,cred_cham,58,3,0.925062565,Male,No,4,1,0,0,0,0,1,3.5,7,7,Moderate,High,No,Male,1,1,1
1552,R_3r0RHa0c99imB9b,Young Treat,fab,3,4,video4_cred_fab,cred_fab,45,4,0.467916441,Male,No,4,1,0,0,0,0,1,3.5,7,7,Moderate,High,No,Male,1,1,1
1553,R_3r0RHa0c99imB9b,Young Treat,mae,4,4,video5_cred_mae,cred_mae,56,5,0.854732392,Male,No,4,1,0,0,0,0,1,4,8,7,Moderate,High,No,Male,1,1,1
1554,R_3r0RHa0c99imB9b,Young Treat,zanx,4,4,video6_cred_zanx,cred_zanx,58,6,0.925062565,Male,No,4,1,0,0,0,0,1,4,8,7,Moderate,High,No,Male,1,1,1
1555,R_3rIG4lH6fK2gE2c,Young Treat,aby,0,0,video1_cred_aby,cred_aby,0,1,-1.114512449,Male,No,3,0,1,0,0,0,1,0,0,0,Low,Low,No,Male,1,0,0
1556,R_3rIG4lH6fK2gE2c,Young Treat,anna,0,0,video2_cred_anna,cred_anna,0,2,-1.114512449,Male,No,3,0,1,0,0,0,1,0,0,0,Low,Low,No,Male,1,0,0
1557,R_3rIG4lH6fK2gE2c,Young Treat,cham,0,0,video3_cred_cham,cred_cham,0,3,-1.114512449,Male,No,3,0,1,0,0,0,1,0,0,0,Low,Low,No,Male,1,0,0
1558,R_3rIG4lH6fK2gE2c,Young Treat,fab,0,0,video4_cred_fab,cred_fab,0,4,-1.114512449,Male,No,3,0,1,0,0,0,1,0,0,0,Low,Low,No,Male,1,0,0
1559,R_3rIG4lH6fK2gE2c,Young Treat,mae,0,0,video5_cred_mae,cred_mae,0,5,-1.114512449,Male,No,3,0,1,0,0,0,1,0,0,0,Low,Low,No,Male,1,0,0
1560,R_3rIG4lH6fK2gE2c,Young Treat,zanx,0,0,video6_cred_zanx,cred_zanx,5,6,-0.938687017,Male,No,3,0,1,0,0,0,1,0,0,0,Low,Low,No,Male,1,0,0
1561,R_3rYfhQhJGZ4oHzS,Old Control,aby,5,4,video1_cred_aby,cred_aby,73,1,1.452538862,Female,No,2,1,0,0,0,0,0,4.5,9,10,High,High,No,Female,1,1,1
1562,R_3rYfhQhJGZ4oHzS,Old Control,anna,5,5,video2_cred_anna,cred_anna,66,2,1.206383257,Female,No,2,1,0,0,0,0,0,5,10,10,High,High,No,Female,1,1,1
1563,R_3rYfhQhJGZ4oHzS,Old Control,cham,4,5,video3_cred_cham,cred_cham,76,3,1.558034122,Female,No,2,1,0,0,0,0,0,4.5,9,10,High,High,No,Female,1,1,1
1564,R_3rYfhQhJGZ4oHzS,Old Control,fab,5,6,video4_cred_fab,cred_fab,75,4,1.522869035,Female,No,2,1,0,0,0,0,0,5.5,11,10,High,High,No,Female,1,1,1
1565,R_3rYfhQhJGZ4oHzS,Old Control,mae,6,5,video5_cred_mae,cred_mae,76,5,1.558034122,Female,No,2,1,0,0,0,0,0,5.5,11,10,High,High,No,Female,1,1,1
1566,R_3rYfhQhJGZ4oHzS,Old Control,zanx,4,6,video6_cred_zanx,cred_zanx,70,6,1.347043603,Female,No,2,1,0,0,0,0,0,5,10,10,High,High,No,Female,1,1,1
1567,R_3rcSf23n1DnMsXB,Young Treat,aby,1,1,video1_cred_aby,cred_aby,15,1,-0.587036152,Male,No,4,1,0,0,0,0,1,1,2,0,Low,Moderate,No,Male,1,0,0
1568,R_3rcSf23n1DnMsXB,Young Treat,anna,0,0,video2_cred_anna,cred_anna,2,2,-1.044182276,Male,No,4,1,0,0,0,0,1,0,0,0,Low,Low,No,Male,1,0,0
1569,R_3rcSf23n1DnMsXB,Young Treat,cham,1,1,video3_cred_cham,cred_cham,20,3,-0.41121072,Male,No,4,1,0,0,0,0,1,1,2,0,Low,Moderate,No,Male,1,0,0
1570,R_3rcSf23n1DnMsXB,Young Treat,fab,0,0,video4_cred_fab,cred_fab,30,4,-0.059559855,Male,No,4,1,0,0,0,0,1,0,0,0,Low,Low,No,Male,1,0,1
1571,R_3rcSf23n1DnMsXB,Young Treat,mae,2,2,video5_cred_mae,cred_mae,35,5,0.116265577,Male,No,4,1,0,0,0,0,1,2,4,0,Low,High,No,Male,1,0,1
1572,R_3rcSf23n1DnMsXB,Young Treat,zanx,0,0,video6_cred_zanx,cred_zanx,1,6,-1.079347363,Male,No,4,1,0,0,0,0,1,0,0,0,Low,Low,No,Male,1,0,0
1573,R_3s6auboRWempPYo,Young Control,aby,NA,NA,video1_cred_aby,cred_aby,NA,1,NA,Male,Yes,2,0,0,1,0,0,1,NA,NA,NA,NA,NA,Yes,Male,2,1,NA
1574,R_3s6auboRWempPYo,Young Control,anna,NA,NA,video2_cred_anna,cred_anna,NA,2,NA,Male,Yes,2,0,0,1,0,0,1,NA,NA,NA,NA,NA,Yes,Male,2,1,NA
1575,R_3s6auboRWempPYo,Young Control,cham,NA,NA,video3_cred_cham,cred_cham,NA,3,NA,Male,Yes,2,0,0,1,0,0,1,NA,NA,NA,NA,NA,Yes,Male,2,1,NA
1576,R_3s6auboRWempPYo,Young Control,fab,NA,NA,video4_cred_fab,cred_fab,NA,4,NA,Male,Yes,2,0,0,1,0,0,1,NA,NA,NA,NA,NA,Yes,Male,2,1,NA
1577,R_3s6auboRWempPYo,Young Control,mae,NA,NA,video5_cred_mae,cred_mae,NA,5,NA,Male,Yes,2,0,0,1,0,0,1,NA,NA,NA,NA,NA,Yes,Male,2,1,NA
1578,R_3s6auboRWempPYo,Young Control,zanx,NA,NA,video6_cred_zanx,cred_zanx,NA,6,NA,Male,Yes,2,0,0,1,0,0,1,NA,NA,NA,NA,NA,Yes,Male,2,1,NA
1579,R_3s7uFfKvREJgPxM,Old Treat,aby,0,0,video1_cred_aby,cred_aby,0,1,-1.114512449,Female,No,4,0,1,0,0,0,0,0,0,0,Low,Low,No,Female,3,0,0
1580,R_3s7uFfKvREJgPxM,Old Treat,anna,0,0,video2_cred_anna,cred_anna,0,2,-1.114512449,Female,No,4,0,1,0,0,0,0,0,0,0,Low,Low,No,Female,3,0,0
1581,R_3s7uFfKvREJgPxM,Old Treat,cham,0,0,video3_cred_cham,cred_cham,0,3,-1.114512449,Female,No,4,0,1,0,0,0,0,0,0,0,Low,Low,No,Female,3,0,0
1582,R_3s7uFfKvREJgPxM,Old Treat,fab,0,0,video4_cred_fab,cred_fab,0,4,-1.114512449,Female,No,4,0,1,0,0,0,0,0,0,0,Low,Low,No,Female,3,0,0
1583,R_3s7uFfKvREJgPxM,Old Treat,mae,0,0,video5_cred_mae,cred_mae,0,5,-1.114512449,Female,No,4,0,1,0,0,0,0,0,0,0,Low,Low,No,Female,3,0,0
1584,R_3s7uFfKvREJgPxM,Old Treat,zanx,0,0,video6_cred_zanx,cred_zanx,0,6,-1.114512449,Female,No,4,0,1,0,0,0,0,0,0,0,Low,Low,No,Female,3,0,0
1585,R_3sjIsXsvUCJVHYD,Old Control,aby,1,1,video1_cred_aby,cred_aby,45,1,0.467916441,Female,No,3,0,1,0,0,0,0,1,2,5,Moderate,Moderate,No,Female,1,0,1
1586,R_3sjIsXsvUCJVHYD,Old Control,anna,2,1,video2_cred_anna,cred_anna,60,2,0.995392738,Female,No,3,0,1,0,0,0,0,1.5,3,5,Moderate,Moderate,No,Female,1,0,1
1587,R_3sjIsXsvUCJVHYD,Old Control,cham,3,2,video3_cred_cham,cred_cham,42,3,0.362421182,Female,No,3,0,1,0,0,0,0,2.5,5,5,Moderate,High,No,Female,1,0,1
1588,R_3sjIsXsvUCJVHYD,Old Control,fab,3,1,video4_cred_fab,cred_fab,35,4,0.116265577,Female,No,3,0,1,0,0,0,0,2,4,5,Moderate,High,No,Female,1,0,1
1589,R_3sjIsXsvUCJVHYD,Old Control,mae,2,1,video5_cred_mae,cred_mae,47,5,0.538246614,Female,No,3,0,1,0,0,0,0,1.5,3,5,Moderate,Moderate,No,Female,1,0,1
1590,R_3sjIsXsvUCJVHYD,Old Control,zanx,1,1,video6_cred_zanx,cred_zanx,41,6,0.327256096,Female,No,3,0,1,0,0,0,0,1,2,5,Moderate,Moderate,No,Female,1,0,1
1591,R_3tV3YApxz6zRXaN,Young Control,aby,3,3,video1_cred_aby,cred_aby,50,1,0.643741874,Male,Yes,4,0,0,0,0,1,1,3,6,4,Low,High,Yes,Male,1,1,1
1592,R_3tV3YApxz6zRXaN,Young Control,anna,3,3,video2_cred_anna,cred_anna,45,2,0.467916441,Male,Yes,4,0,0,0,0,1,1,3,6,4,Low,High,Yes,Male,1,1,1
1593,R_3tV3YApxz6zRXaN,Young Control,cham,3,3,video3_cred_cham,cred_cham,45,3,0.467916441,Male,Yes,4,0,0,0,0,1,1,3,6,4,Low,High,Yes,Male,1,1,1
1594,R_3tV3YApxz6zRXaN,Young Control,fab,3,3,video4_cred_fab,cred_fab,45,4,0.467916441,Male,Yes,4,0,0,0,0,1,1,3,6,4,Low,High,Yes,Male,1,1,1
1595,R_3tV3YApxz6zRXaN,Young Control,mae,3,3,video5_cred_mae,cred_mae,45,5,0.467916441,Male,Yes,4,0,0,0,0,1,1,3,6,4,Low,High,Yes,Male,1,1,1
1596,R_3tV3YApxz6zRXaN,Young Control,zanx,3,3,video6_cred_zanx,cred_zanx,50,6,0.643741874,Male,Yes,4,0,0,0,0,1,1,3,6,4,Low,High,Yes,Male,1,1,1
1597,R_3tujmrurcrPAqMs,Young Control,aby,1,1,video1_cred_aby,cred_aby,19,1,-0.446375807,Female,Yes,4,0,0,0,0,1,0,1,2,2,Low,Moderate,Yes,Female,1,0,0
1598,R_3tujmrurcrPAqMs,Young Control,anna,1,1,video2_cred_anna,cred_anna,7,2,-0.868356844,Female,Yes,4,0,0,0,0,1,0,1,2,2,Low,Moderate,Yes,Female,1,0,0
1599,R_3tujmrurcrPAqMs,Young Control,cham,2,2,video3_cred_cham,cred_cham,15,3,-0.587036152,Female,Yes,4,0,0,0,0,1,0,2,4,2,Low,High,Yes,Female,1,0,0
1600,R_3tujmrurcrPAqMs,Young Control,fab,1,1,video4_cred_fab,cred_fab,13,4,-0.657366325,Female,Yes,4,0,0,0,0,1,0,1,2,2,Low,Moderate,Yes,Female,1,0,0
1601,R_3tujmrurcrPAqMs,Young Control,mae,1,1,video5_cred_mae,cred_mae,16,5,-0.551871066,Female,Yes,4,0,0,0,0,1,0,1,2,2,Low,Moderate,Yes,Female,1,0,0
1602,R_3tujmrurcrPAqMs,Young Control,zanx,1,1,video6_cred_zanx,cred_zanx,8,6,-0.833191758,Female,Yes,4,0,0,0,0,1,0,1,2,2,Low,Moderate,Yes,Female,1,0,0
1603,R_3uXuE01WRSRlPYl,Old Control,aby,4,2,video1_cred_aby,cred_aby,NA,1,NA,Female,Yes,2,0,0,1,0,0,1,3,6,NA,NA,High,Yes,Female,3,1,NA
1604,R_3uXuE01WRSRlPYl,Old Control,anna,NA,NA,video2_cred_anna,cred_anna,61,2,1.030557825,Female,Yes,2,0,0,1,0,0,1,NA,NA,NA,NA,NA,Yes,Female,3,1,1
1605,R_3uXuE01WRSRlPYl,Old Control,cham,4,NA,video3_cred_cham,cred_cham,52,3,0.714072047,Female,Yes,2,0,0,1,0,0,1,4,NA,NA,NA,NA,Yes,Female,3,1,1
1606,R_3uXuE01WRSRlPYl,Old Control,fab,5,5,video4_cred_fab,cred_fab,72,4,1.417373776,Female,Yes,2,0,0,1,0,0,1,5,10,NA,NA,High,Yes,Female,3,1,1
1607,R_3uXuE01WRSRlPYl,Old Control,mae,5,4,video5_cred_mae,cred_mae,56,5,0.854732392,Female,Yes,2,0,0,1,0,0,1,4.5,9,NA,NA,High,Yes,Female,3,1,1
1608,R_3uXuE01WRSRlPYl,Old Control,zanx,NA,4,video6_cred_zanx,cred_zanx,65.5,6,1.188800714,Female,Yes,2,0,0,1,0,0,1,4,NA,NA,NA,NA,Yes,Female,3,1,1
1609,R_3uZPJB225dqf3rP,Old Control,aby,1,2,video1_cred_aby,cred_aby,15,1,-0.587036152,Male,Yes,4,0,0,0,0,1,1,1.5,3,2,Low,Moderate,Yes,Male,1,1,0
1610,R_3uZPJB225dqf3rP,Old Control,anna,1,1,video2_cred_anna,cred_anna,51,2,0.67890696,Male,Yes,4,0,0,0,0,1,1,1,2,2,Low,Moderate,Yes,Male,1,1,1
1611,R_3uZPJB225dqf3rP,Old Control,cham,1,2,video3_cred_cham,cred_cham,21,3,-0.376045634,Male,Yes,4,0,0,0,0,1,1,1.5,3,2,Low,Moderate,Yes,Male,1,1,0
1612,R_3uZPJB225dqf3rP,Old Control,fab,1,1,video4_cred_fab,cred_fab,16,4,-0.551871066,Male,Yes,4,0,0,0,0,1,1,1,2,2,Low,Moderate,Yes,Male,1,1,0
1613,R_3uZPJB225dqf3rP,Old Control,mae,1,1,video5_cred_mae,cred_mae,23,5,-0.305715461,Male,Yes,4,0,0,0,0,1,1,1,2,2,Low,Moderate,Yes,Male,1,1,1
1614,R_3uZPJB225dqf3rP,Old Control,zanx,1,1,video6_cred_zanx,cred_zanx,10,6,-0.762861585,Male,Yes,4,0,0,0,0,1,1,1,2,2,Low,Moderate,Yes,Male,1,1,0
1615,R_3v9a4AybgT3iNfP,Young Control,aby,3,3,video1_cred_aby,cred_aby,NA,1,NA,Male,No,4,0,0,1,0,0,0,3,6,0,Low,High,No,Male,3,1,NA
1616,R_3v9a4AybgT3iNfP,Young Control,anna,NA,NA,video2_cred_anna,cred_anna,NA,2,NA,Male,No,4,0,0,1,0,0,0,NA,NA,0,Low,NA,No,Male,3,1,NA
1617,R_3v9a4AybgT3iNfP,Young Control,cham,0,0,video3_cred_cham,cred_cham,NA,3,NA,Male,No,4,0,0,1,0,0,0,0,0,0,Low,Low,No,Male,3,1,NA
1618,R_3v9a4AybgT3iNfP,Young Control,fab,NA,NA,video4_cred_fab,cred_fab,NA,4,NA,Male,No,4,0,0,1,0,0,0,NA,NA,0,Low,NA,No,Male,3,1,NA
1619,R_3v9a4AybgT3iNfP,Young Control,mae,NA,NA,video5_cred_mae,cred_mae,NA,5,NA,Male,No,4,0,0,1,0,0,0,NA,NA,0,Low,NA,No,Male,3,1,NA
1620,R_3v9a4AybgT3iNfP,Young Control,zanx,0,0,video6_cred_zanx,cred_zanx,NA,6,NA,Male,No,4,0,0,1,0,0,0,0,0,0,Low,Low,No,Male,3,1,NA
1621,R_3wGEX9THZyEMI7M,Young Control,aby,0,0,video1_cred_aby,cred_aby,0,1,-1.114512449,Female,Yes,4,1,0,0,0,0,1,0,0,0,Low,Low,Yes,Female,1,0,0
1622,R_3wGEX9THZyEMI7M,Young Control,anna,0,0,video2_cred_anna,cred_anna,0,2,-1.114512449,Female,Yes,4,1,0,0,0,0,1,0,0,0,Low,Low,Yes,Female,1,0,0
1623,R_3wGEX9THZyEMI7M,Young Control,cham,0,0,video3_cred_cham,cred_cham,0,3,-1.114512449,Female,Yes,4,1,0,0,0,0,1,0,0,0,Low,Low,Yes,Female,1,0,0
1624,R_3wGEX9THZyEMI7M,Young Control,fab,1,2,video4_cred_fab,cred_fab,0,4,-1.114512449,Female,Yes,4,1,0,0,0,0,1,1.5,3,0,Low,Moderate,Yes,Female,1,0,0
1625,R_3wGEX9THZyEMI7M,Young Control,mae,0,1,video5_cred_mae,cred_mae,0,5,-1.114512449,Female,Yes,4,1,0,0,0,0,1,0.5,1,0,Low,Moderate,Yes,Female,1,0,0
1626,R_3wGEX9THZyEMI7M,Young Control,zanx,0,0,video6_cred_zanx,cred_zanx,0,6,-1.114512449,Female,Yes,4,1,0,0,0,0,1,0,0,0,Low,Low,Yes,Female,1,0,0
1627,R_3xY7ATkPpjhQMt9,Young Control,aby,5,4,video1_cred_aby,cred_aby,50,1,0.643741874,Male,No,4,1,0,0,0,0,1,4.5,9,9,Moderate,High,No,Male,3,0,1
1628,R_3xY7ATkPpjhQMt9,Young Control,anna,4,3,video2_cred_anna,cred_anna,40,2,0.292091009,Male,No,4,1,0,0,0,0,1,3.5,7,9,Moderate,High,No,Male,3,0,1
1629,R_3xY7ATkPpjhQMt9,Young Control,cham,5,4,video3_cred_cham,cred_cham,63,3,1.100887998,Male,No,4,1,0,0,0,0,1,4.5,9,9,Moderate,High,No,Male,3,0,1
1630,R_3xY7ATkPpjhQMt9,Young Control,fab,6,4,video4_cred_fab,cred_fab,57,4,0.889897479,Male,No,4,1,0,0,0,0,1,5,10,9,Moderate,High,No,Male,3,0,1
1631,R_3xY7ATkPpjhQMt9,Young Control,mae,7,4,video5_cred_mae,cred_mae,62,5,1.065722911,Male,No,4,1,0,0,0,0,1,5.5,11,9,Moderate,High,No,Male,3,0,1
1632,R_3xY7ATkPpjhQMt9,Young Control,zanx,4,3,video6_cred_zanx,cred_zanx,42,6,0.362421182,Male,No,4,1,0,0,0,0,1,3.5,7,9,Moderate,High,No,Male,3,0,1
1633,R_3yl5n8LNtCc18vT,Old Control,aby,1,1,video1_cred_aby,cred_aby,24,1,-0.270550374,Female,No,4,1,0,0,0,0,1,1,2,2,Low,Moderate,No,Female,1,0,1
1634,R_3yl5n8LNtCc18vT,Old Control,anna,1,1,video2_cred_anna,cred_anna,27,2,-0.165055115,Female,No,4,1,0,0,0,0,1,1,2,2,Low,Moderate,No,Female,1,0,1
1635,R_3yl5n8LNtCc18vT,Old Control,cham,1,1,video3_cred_cham,cred_cham,31,3,-0.024394769,Female,No,4,1,0,0,0,0,1,1,2,2,Low,Moderate,No,Female,1,0,1
1636,R_3yl5n8LNtCc18vT,Old Control,fab,1,1,video4_cred_fab,cred_fab,27,4,-0.165055115,Female,No,4,1,0,0,0,0,1,1,2,2,Low,Moderate,No,Female,1,0,1
1637,R_3yl5n8LNtCc18vT,Old Control,mae,1,1,video5_cred_mae,cred_mae,38,5,0.221760836,Female,No,4,1,0,0,0,0,1,1,2,2,Low,Moderate,No,Female,1,0,1
1638,R_3yl5n8LNtCc18vT,Old Control,zanx,1,1,video6_cred_zanx,cred_zanx,40,6,0.292091009,Female,No,4,1,0,0,0,0,1,1,2,2,Low,Moderate,No,Female,1,0,1
1639,R_3zjYxNuWgM2W23O,Old Control,aby,0,0,video1_cred_aby,cred_aby,30,1,-0.059559855,Female,Yes,4,1,0,0,0,0,0,0,0,0,Low,Low,Yes,Female,1,0,1
1640,R_3zjYxNuWgM2W23O,Old Control,anna,0,0,video2_cred_anna,cred_anna,20,2,-0.41121072,Female,Yes,4,1,0,0,0,0,0,0,0,0,Low,Low,Yes,Female,1,0,0
1641,R_3zjYxNuWgM2W23O,Old Control,cham,0,0,video3_cred_cham,cred_cham,30,3,-0.059559855,Female,Yes,4,1,0,0,0,0,0,0,0,0,Low,Low,Yes,Female,1,0,1
1642,R_3zjYxNuWgM2W23O,Old Control,fab,0,0,video4_cred_fab,cred_fab,2,4,-1.044182276,Female,Yes,4,1,0,0,0,0,0,0,0,0,Low,Low,Yes,Female,1,0,0
1643,R_3zjYxNuWgM2W23O,Old Control,mae,0,0,video5_cred_mae,cred_mae,21,5,-0.376045634,Female,Yes,4,1,0,0,0,0,0,0,0,0,Low,Low,Yes,Female,1,0,0
1644,R_3zjYxNuWgM2W23O,Old Control,zanx,0,0,video6_cred_zanx,cred_zanx,2,6,-1.044182276,Female,Yes,4,1,0,0,0,0,0,0,0,0,Low,Low,Yes,Female,1,0,0
1645,R_3zrFQNTFWRRqphL,Young Treat,aby,5,7,video1_cred_aby,cred_aby,82,1,1.76902464,Male,No,4,1,0,0,0,0,1,6,12,12,High,High,No,Male,1,1,1
1646,R_3zrFQNTFWRRqphL,Young Treat,anna,5,7,video2_cred_anna,cred_anna,78,2,1.628364295,Male,No,4,1,0,0,0,0,1,6,12,12,High,High,No,Male,1,1,1
1647,R_3zrFQNTFWRRqphL,Young Treat,cham,6,6,video3_cred_cham,cred_cham,82,3,1.76902464,Male,No,4,1,0,0,0,0,1,6,12,12,High,High,No,Male,1,1,1
1648,R_3zrFQNTFWRRqphL,Young Treat,fab,5,7,video4_cred_fab,cred_fab,82,4,1.76902464,Male,No,4,1,0,0,0,0,1,6,12,12,High,High,No,Male,1,1,1
1649,R_3zrFQNTFWRRqphL,Young Treat,mae,5,7,video5_cred_mae,cred_mae,73,5,1.452538862,Male,No,4,1,0,0,0,0,1,6,12,12,High,High,No,Male,1,1,1
1650,R_3zrFQNTFWRRqphL,Young Treat,zanx,6,7,video6_cred_zanx,cred_zanx,80,6,1.698694468,Male,No,4,1,0,0,0,0,1,6.5,13,12,High,High,No,Male,1,1,1
1651,R_50UnuoiZOAMcgTL,Old Control,aby,6,6,video1_cred_aby,cred_aby,87,1,1.944850073,Male,Yes,4,1,0,0,0,0,0,6,12,12,High,High,Yes,Male,2,1,1
1652,R_50UnuoiZOAMcgTL,Old Control,anna,6,6,video2_cred_anna,cred_anna,92,2,2.120675505,Male,Yes,4,1,0,0,0,0,0,6,12,12,High,High,Yes,Male,2,1,1
1653,R_50UnuoiZOAMcgTL,Old Control,cham,5,6,video3_cred_cham,cred_cham,83,3,1.804189727,Male,Yes,4,1,0,0,0,0,0,5.5,11,12,High,High,Yes,Male,2,1,1
1654,R_50UnuoiZOAMcgTL,Old Control,fab,6,6,video4_cred_fab,cred_fab,96,4,2.261335851,Male,Yes,4,1,0,0,0,0,0,6,12,12,High,High,Yes,Male,2,1,1
1655,R_50UnuoiZOAMcgTL,Old Control,mae,7,5,video5_cred_mae,cred_mae,93,5,2.155840591,Male,Yes,4,1,0,0,0,0,0,6,12,12,High,High,Yes,Male,2,1,1
1656,R_50UnuoiZOAMcgTL,Old Control,zanx,5,6,video6_cred_zanx,cred_zanx,82,6,1.76902464,Male,Yes,4,1,0,0,0,0,0,5.5,11,12,High,High,Yes,Male,2,1,1
1657,R_50juKUu1TO6SZZD,Young Control,aby,0,0,video1_cred_aby,cred_aby,0,1,-1.114512449,Female,Yes,4,0,0,0,0,0,1,0,0,0,Low,Low,Yes,Female,1,0,0
1658,R_50juKUu1TO6SZZD,Young Control,anna,0,0,video2_cred_anna,cred_anna,0,2,-1.114512449,Female,Yes,4,0,0,0,0,0,1,0,0,0,Low,Low,Yes,Female,1,0,0
1659,R_50juKUu1TO6SZZD,Young Control,cham,0,0,video3_cred_cham,cred_cham,7,3,-0.868356844,Female,Yes,4,0,0,0,0,0,1,0,0,0,Low,Low,Yes,Female,1,0,0
1660,R_50juKUu1TO6SZZD,Young Control,fab,0,0,video4_cred_fab,cred_fab,0,4,-1.114512449,Female,Yes,4,0,0,0,0,0,1,0,0,0,Low,Low,Yes,Female,1,0,0
1661,R_50juKUu1TO6SZZD,Young Control,mae,0,0,video5_cred_mae,cred_mae,0,5,-1.114512449,Female,Yes,4,0,0,0,0,0,1,0,0,0,Low,Low,Yes,Female,1,0,0
1662,R_50juKUu1TO6SZZD,Young Control,zanx,1,1,video6_cred_zanx,cred_zanx,12,6,-0.692531412,Female,Yes,4,0,0,0,0,0,1,1,2,0,Low,Moderate,Yes,Female,1,0,0
1663,R_517MbUGNtH4eD5x,Old Control,aby,1,1,video1_cred_aby,cred_aby,15,1,-0.587036152,Male,Yes,1,1,0,0,0,0,1,1,2,8,Moderate,Moderate,Yes,Male,1,0,0
1664,R_517MbUGNtH4eD5x,Old Control,anna,1,1,video2_cred_anna,cred_anna,20,2,-0.41121072,Male,Yes,1,1,0,0,0,0,1,1,2,8,Moderate,Moderate,Yes,Male,1,0,0
1665,R_517MbUGNtH4eD5x,Old Control,cham,2,0,video3_cred_cham,cred_cham,38,3,0.221760836,Male,Yes,1,1,0,0,0,0,1,1,2,8,Moderate,Moderate,Yes,Male,1,0,1
1666,R_517MbUGNtH4eD5x,Old Control,fab,1,1,video4_cred_fab,cred_fab,6,4,-0.903521931,Male,Yes,1,1,0,0,0,0,1,1,2,8,Moderate,Moderate,Yes,Male,1,0,0
1667,R_517MbUGNtH4eD5x,Old Control,mae,1,1,video5_cred_mae,cred_mae,7,5,-0.868356844,Male,Yes,1,1,0,0,0,0,1,1,2,8,Moderate,Moderate,Yes,Male,1,0,0
1668,R_517MbUGNtH4eD5x,Old Control,zanx,1,1,video6_cred_zanx,cred_zanx,14,6,-0.622201239,Male,Yes,1,1,0,0,0,0,1,1,2,8,Moderate,Moderate,Yes,Male,1,0,0
1669,R_51gCGfZWh3aRSYR,Young Control,aby,0,0,video1_cred_aby,cred_aby,0,1,-1.114512449,Female,Yes,3,0,0,0,0,1,0,0,0,0,Low,Low,Yes,Female,3,0,0
1670,R_51gCGfZWh3aRSYR,Young Control,anna,0,0,video2_cred_anna,cred_anna,1,2,-1.079347363,Female,Yes,3,0,0,0,0,1,0,0,0,0,Low,Low,Yes,Female,3,0,0
1671,R_51gCGfZWh3aRSYR,Young Control,cham,0,0,video3_cred_cham,cred_cham,0,3,-1.114512449,Female,Yes,3,0,0,0,0,1,0,0,0,0,Low,Low,Yes,Female,3,0,0
1672,R_51gCGfZWh3aRSYR,Young Control,fab,0,0,video4_cred_fab,cred_fab,0,4,-1.114512449,Female,Yes,3,0,0,0,0,1,0,0,0,0,Low,Low,Yes,Female,3,0,0
1673,R_51gCGfZWh3aRSYR,Young Control,mae,0,0,video5_cred_mae,cred_mae,1,5,-1.079347363,Female,Yes,3,0,0,0,0,1,0,0,0,0,Low,Low,Yes,Female,3,0,0
1674,R_51gCGfZWh3aRSYR,Young Control,zanx,0,0,video6_cred_zanx,cred_zanx,0,6,-1.114512449,Female,Yes,3,0,0,0,0,1,0,0,0,0,Low,Low,Yes,Female,3,0,0
1675,R_51gPQg8K4Fkmtng,Young Treat,aby,6,5,video1_cred_aby,cred_aby,76,1,1.558034122,Male,Yes,2,0,0,1,0,0,0,5.5,11,10,High,High,Yes,Male,2,1,1
1676,R_51gPQg8K4Fkmtng,Young Treat,anna,7,7,video2_cred_anna,cred_anna,100,2,2.401996197,Male,Yes,2,0,0,1,0,0,0,7,14,10,High,High,Yes,Male,2,1,1
1677,R_51gPQg8K4Fkmtng,Young Treat,cham,5,4,video3_cred_cham,cred_cham,58,3,0.925062565,Male,Yes,2,0,0,1,0,0,0,4.5,9,10,High,High,Yes,Male,2,1,1
1678,R_51gPQg8K4Fkmtng,Young Treat,fab,7,7,video4_cred_fab,cred_fab,100,4,2.401996197,Male,Yes,2,0,0,1,0,0,0,7,14,10,High,High,Yes,Male,2,1,1
1679,R_51gPQg8K4Fkmtng,Young Treat,mae,6,6,video5_cred_mae,cred_mae,95,5,2.226170764,Male,Yes,2,0,0,1,0,0,0,6,12,10,High,High,Yes,Male,2,1,1
1680,R_51gPQg8K4Fkmtng,Young Treat,zanx,7,7,video6_cred_zanx,cred_zanx,100,6,2.401996197,Male,Yes,2,0,0,1,0,0,0,7,14,10,High,High,Yes,Male,2,1,1
1681,R_52RwzzbSktuiJML,Old Control,aby,7,6,video1_cred_aby,cred_aby,70,1,1.347043603,Male,Yes,4,1,0,0,0,0,1,6.5,13,11,High,High,Yes,Male,3,1,1
1682,R_52RwzzbSktuiJML,Old Control,anna,5,6,video2_cred_anna,cred_anna,67,2,1.241548344,Male,Yes,4,1,0,0,0,0,1,5.5,11,11,High,High,Yes,Male,3,1,1
1683,R_52RwzzbSktuiJML,Old Control,cham,5,6,video3_cred_cham,cred_cham,81,3,1.733859554,Male,Yes,4,1,0,0,0,0,1,5.5,11,11,High,High,Yes,Male,3,1,1
1684,R_52RwzzbSktuiJML,Old Control,fab,6,4,video4_cred_fab,cred_fab,62,4,1.065722911,Male,Yes,4,1,0,0,0,0,1,5,10,11,High,High,Yes,Male,3,1,1
1685,R_52RwzzbSktuiJML,Old Control,mae,6,6,video5_cred_mae,cred_mae,83,5,1.804189727,Male,Yes,4,1,0,0,0,0,1,6,12,11,High,High,Yes,Male,3,1,1
1686,R_52RwzzbSktuiJML,Old Control,zanx,5,3,video6_cred_zanx,cred_zanx,92,6,2.120675505,Male,Yes,4,1,0,0,0,0,1,4,8,11,High,High,Yes,Male,3,1,1
1687,R_537n1xE2L3JON4R,Old Control,aby,0,0,video1_cred_aby,cred_aby,49,1,0.608576787,Female,Yes,2,0,0,1,1,0,1,0,0,10,High,Low,Yes,Female,1,0,1
1688,R_537n1xE2L3JON4R,Old Control,anna,5,5,video2_cred_anna,cred_anna,50,2,0.643741874,Female,Yes,2,0,0,1,1,0,1,5,10,10,High,High,Yes,Female,1,0,1
1689,R_537n1xE2L3JON4R,Old Control,cham,3,4,video3_cred_cham,cred_cham,53,3,0.749237133,Female,Yes,2,0,0,1,1,0,1,3.5,7,10,High,High,Yes,Female,1,0,1
1690,R_537n1xE2L3JON4R,Old Control,fab,0,5,video4_cred_fab,cred_fab,20,4,-0.41121072,Female,Yes,2,0,0,1,1,0,1,2.5,5,10,High,High,Yes,Female,1,0,0
1691,R_537n1xE2L3JON4R,Old Control,mae,6,5,video5_cred_mae,cred_mae,54,5,0.78440222,Female,Yes,2,0,0,1,1,0,1,5.5,11,10,High,High,Yes,Female,1,0,1
1692,R_537n1xE2L3JON4R,Old Control,zanx,4,1,video6_cred_zanx,cred_zanx,91,6,2.085510419,Female,Yes,2,0,0,1,1,0,1,2.5,5,10,High,High,Yes,Female,1,0,1
1693,R_53VPuX0DAjVVvFr,Young Control,aby,0,0,video1_cred_aby,cred_aby,40,1,0.292091009,Female,Yes,4,0,0,0,0,1,0,0,0,0,Low,Low,Yes,Female,1,1,1
1694,R_53VPuX0DAjVVvFr,Young Control,anna,0,0,video2_cred_anna,cred_anna,64,2,1.136053084,Female,Yes,4,0,0,0,0,1,0,0,0,0,Low,Low,Yes,Female,1,1,1
1695,R_53VPuX0DAjVVvFr,Young Control,cham,0,0,video3_cred_cham,cred_cham,40,3,0.292091009,Female,Yes,4,0,0,0,0,1,0,0,0,0,Low,Low,Yes,Female,1,1,1
1696,R_53VPuX0DAjVVvFr,Young Control,fab,0,0,video4_cred_fab,cred_fab,5,4,-0.938687017,Female,Yes,4,0,0,0,0,1,0,0,0,0,Low,Low,Yes,Female,1,1,0
1697,R_53VPuX0DAjVVvFr,Young Control,mae,0,0,video5_cred_mae,cred_mae,22,5,-0.340880547,Female,Yes,4,0,0,0,0,1,0,0,0,0,Low,Low,Yes,Female,1,1,0
1698,R_53VPuX0DAjVVvFr,Young Control,zanx,0,0,video6_cred_zanx,cred_zanx,16,6,-0.551871066,Female,Yes,4,0,0,0,0,1,0,0,0,0,Low,Low,Yes,Female,1,1,0
1699,R_54dAbrATi367all,Old Control,aby,1,1,video1_cred_aby,cred_aby,25,1,-0.235385288,Female,Yes,4,0,0,0,0,0,1,1,2,2,Low,Moderate,Yes,Female,1,0,1
1700,R_54dAbrATi367all,Old Control,anna,0,1,video2_cred_anna,cred_anna,19,2,-0.446375807,Female,Yes,4,0,0,0,0,0,1,0.5,1,2,Low,Moderate,Yes,Female,1,0,0
1701,R_54dAbrATi367all,Old Control,cham,1,1,video3_cred_cham,cred_cham,13,3,-0.657366325,Female,Yes,4,0,0,0,0,0,1,1,2,2,Low,Moderate,Yes,Female,1,0,0
1702,R_54dAbrATi367all,Old Control,fab,1,1,video4_cred_fab,cred_fab,32,4,0.010770317,Female,Yes,4,0,0,0,0,0,1,1,2,2,Low,Moderate,Yes,Female,1,0,1
1703,R_54dAbrATi367all,Old Control,mae,0,1,video5_cred_mae,cred_mae,39,5,0.256925923,Female,Yes,4,0,0,0,0,0,1,0.5,1,2,Low,Moderate,Yes,Female,1,0,1
1704,R_54dAbrATi367all,Old Control,zanx,1,1,video6_cred_zanx,cred_zanx,11,6,-0.727696498,Female,Yes,4,0,0,0,0,0,1,1,2,2,Low,Moderate,Yes,Female,1,0,0
1705,R_553kyiXQdrrDV9D,Old Treat,aby,5,5,video1_cred_aby,cred_aby,78,1,1.628364295,Male,Yes,3,0,0,1,0,0,1,5,10,10,High,High,Yes,Male,2,1,1
1706,R_553kyiXQdrrDV9D,Old Treat,anna,5,5,video2_cred_anna,cred_anna,76,2,1.558034122,Male,Yes,3,0,0,1,0,0,1,5,10,10,High,High,Yes,Male,2,1,1
1707,R_553kyiXQdrrDV9D,Old Treat,cham,6,6,video3_cred_cham,cred_cham,83,3,1.804189727,Male,Yes,3,0,0,1,0,0,1,6,12,10,High,High,Yes,Male,2,1,1
1708,R_553kyiXQdrrDV9D,Old Treat,fab,5,6,video4_cred_fab,cred_fab,79,4,1.663529381,Male,Yes,3,0,0,1,0,0,1,5.5,11,10,High,High,Yes,Male,2,1,1
1709,R_553kyiXQdrrDV9D,Old Treat,mae,5,5,video5_cred_mae,cred_mae,74,5,1.487703949,Male,Yes,3,0,0,1,0,0,1,5,10,10,High,High,Yes,Male,2,1,1
1710,R_553kyiXQdrrDV9D,Old Treat,zanx,6,6,video6_cred_zanx,cred_zanx,79,6,1.663529381,Male,Yes,3,0,0,1,0,0,1,6,12,10,High,High,Yes,Male,2,1,1
1711,R_563aFlaOQrSP6EJ,Old Control,aby,0,0,video1_cred_aby,cred_aby,41,1,0.327256096,Female,Yes,4,0,0,0,1,0,0,0,0,0,Low,Low,Yes,Female,1,0,1
1712,R_563aFlaOQrSP6EJ,Old Control,anna,0,0,video2_cred_anna,cred_anna,35,2,0.116265577,Female,Yes,4,0,0,0,1,0,0,0,0,0,Low,Low,Yes,Female,1,0,1
1713,R_563aFlaOQrSP6EJ,Old Control,cham,0,0,video3_cred_cham,cred_cham,42,3,0.362421182,Female,Yes,4,0,0,0,1,0,0,0,0,0,Low,Low,Yes,Female,1,0,1
1714,R_563aFlaOQrSP6EJ,Old Control,fab,0,0,video4_cred_fab,cred_fab,39,4,0.256925923,Female,Yes,4,0,0,0,1,0,0,0,0,0,Low,Low,Yes,Female,1,0,1
1715,R_563aFlaOQrSP6EJ,Old Control,mae,0,0,video5_cred_mae,cred_mae,41,5,0.327256096,Female,Yes,4,0,0,0,1,0,0,0,0,0,Low,Low,Yes,Female,1,0,1
1716,R_563aFlaOQrSP6EJ,Old Control,zanx,0,0,video6_cred_zanx,cred_zanx,40,6,0.292091009,Female,Yes,4,0,0,0,1,0,0,0,0,0,Low,Low,Yes,Female,1,0,1
1717,R_56Nwh7RI2sqieSR,Young Control,aby,5,4,video1_cred_aby,cred_aby,41.5,1,0.344838639,Female,No,4,1,0,0,0,0,0,4.5,9,10,High,High,No,Female,2,1,1
1718,R_56Nwh7RI2sqieSR,Young Control,anna,4,4,video2_cred_anna,cred_anna,52,2,0.714072047,Female,No,4,1,0,0,0,0,0,4,8,10,High,High,No,Female,2,1,1
1719,R_56Nwh7RI2sqieSR,Young Control,cham,6,6,video3_cred_cham,cred_cham,38,3,0.221760836,Female,No,4,1,0,0,0,0,0,6,12,10,High,High,No,Female,2,1,1
1720,R_56Nwh7RI2sqieSR,Young Control,fab,5,5,video4_cred_fab,cred_fab,40,4,0.292091009,Female,No,4,1,0,0,0,0,0,5,10,10,High,High,No,Female,2,1,1
1721,R_56Nwh7RI2sqieSR,Young Control,mae,5,6,video5_cred_mae,cred_mae,17.5,5,-0.499123436,Female,No,4,1,0,0,0,0,0,5.5,11,10,High,High,No,Female,2,1,0
1722,R_56Nwh7RI2sqieSR,Young Control,zanx,6,6,video6_cred_zanx,cred_zanx,45,6,0.467916441,Female,No,4,1,0,0,0,0,0,6,12,10,High,High,No,Female,2,1,1
1723,R_56jKXsOvkgCnchr,Old Control,aby,5,4,video1_cred_aby,cred_aby,74,1,1.487703949,Female,No,2,1,0,0,0,0,0,4.5,9,11,High,High,No,Female,1,1,1
1724,R_56jKXsOvkgCnchr,Old Control,anna,4,6,video2_cred_anna,cred_anna,70,2,1.347043603,Female,No,2,1,0,0,0,0,0,5,10,11,High,High,No,Female,1,1,1
1725,R_56jKXsOvkgCnchr,Old Control,cham,5,4,video3_cred_cham,cred_cham,60,3,0.995392738,Female,No,2,1,0,0,0,0,0,4.5,9,11,High,High,No,Female,1,1,1
1726,R_56jKXsOvkgCnchr,Old Control,fab,4,5,video4_cred_fab,cred_fab,69,4,1.311878516,Female,No,2,1,0,0,0,0,0,4.5,9,11,High,High,No,Female,1,1,1
1727,R_56jKXsOvkgCnchr,Old Control,mae,3,3,video5_cred_mae,cred_mae,56,5,0.854732392,Female,No,2,1,0,0,0,0,0,3,6,11,High,High,No,Female,1,1,1
1728,R_56jKXsOvkgCnchr,Old Control,zanx,5,4,video6_cred_zanx,cred_zanx,63,6,1.100887998,Female,No,2,1,0,0,0,0,0,4.5,9,11,High,High,No,Female,1,1,1
1729,R_57jshpoqVOIFHeM,Young Control,aby,NA,NA,video1_cred_aby,cred_aby,0,1,-1.114512449,Female,No,2,1,0,0,0,1,0,NA,NA,NA,NA,NA,No,Female,2,0,0
1730,R_57jshpoqVOIFHeM,Young Control,anna,NA,4,video2_cred_anna,cred_anna,17,2,-0.516705979,Female,No,2,1,0,0,0,1,0,4,NA,NA,NA,NA,No,Female,2,0,0
1731,R_57jshpoqVOIFHeM,Young Control,cham,NA,NA,video3_cred_cham,cred_cham,23,3,-0.305715461,Female,No,2,1,0,0,0,1,0,NA,NA,NA,NA,NA,No,Female,2,0,1
1732,R_57jshpoqVOIFHeM,Young Control,fab,NA,4,video4_cred_fab,cred_fab,0,4,-1.114512449,Female,No,2,1,0,0,0,1,0,4,NA,NA,NA,NA,No,Female,2,0,0
1733,R_57jshpoqVOIFHeM,Young Control,mae,NA,NA,video5_cred_mae,cred_mae,12,5,-0.692531412,Female,No,2,1,0,0,0,1,0,NA,NA,NA,NA,NA,No,Female,2,0,0
1734,R_57jshpoqVOIFHeM,Young Control,zanx,NA,NA,video6_cred_zanx,cred_zanx,16,6,-0.551871066,Female,No,2,1,0,0,0,1,0,NA,NA,NA,NA,NA,No,Female,2,0,0
1735,R_57vVczC5TqLxb2E,Young Control,aby,0,0,video1_cred_aby,cred_aby,0,1,-1.114512449,Female,No,1,1,0,0,0,0,1,0,0,0,Low,Low,No,Female,1,0,0
1736,R_57vVczC5TqLxb2E,Young Control,anna,0,0,video2_cred_anna,cred_anna,0,2,-1.114512449,Female,No,1,1,0,0,0,0,1,0,0,0,Low,Low,No,Female,1,0,0
1737,R_57vVczC5TqLxb2E,Young Control,cham,0,0,video3_cred_cham,cred_cham,0,3,-1.114512449,Female,No,1,1,0,0,0,0,1,0,0,0,Low,Low,No,Female,1,0,0
1738,R_57vVczC5TqLxb2E,Young Control,fab,0,0,video4_cred_fab,cred_fab,0,4,-1.114512449,Female,No,1,1,0,0,0,0,1,0,0,0,Low,Low,No,Female,1,0,0
1739,R_57vVczC5TqLxb2E,Young Control,mae,0,0,video5_cred_mae,cred_mae,6,5,-0.903521931,Female,No,1,1,0,0,0,0,1,0,0,0,Low,Low,No,Female,1,0,0
1740,R_57vVczC5TqLxb2E,Young Control,zanx,0,0,video6_cred_zanx,cred_zanx,0,6,-1.114512449,Female,No,1,1,0,0,0,0,1,0,0,0,Low,Low,No,Female,1,0,0
1741,R_58M8ShSdDD2W0zi,Young Control,aby,NA,NA,video1_cred_aby,cred_aby,NA,1,NA,Male,Yes,3,0,0,0,0,1,0,NA,NA,0,Low,NA,Yes,Male,1,0,NA
1742,R_58M8ShSdDD2W0zi,Young Control,anna,NA,NA,video2_cred_anna,cred_anna,NA,2,NA,Male,Yes,3,0,0,0,0,1,0,NA,NA,0,Low,NA,Yes,Male,1,0,NA
1743,R_58M8ShSdDD2W0zi,Young Control,cham,NA,NA,video3_cred_cham,cred_cham,NA,3,NA,Male,Yes,3,0,0,0,0,1,0,NA,NA,0,Low,NA,Yes,Male,1,0,NA
1744,R_58M8ShSdDD2W0zi,Young Control,fab,NA,NA,video4_cred_fab,cred_fab,NA,4,NA,Male,Yes,3,0,0,0,0,1,0,NA,NA,0,Low,NA,Yes,Male,1,0,NA
1745,R_58M8ShSdDD2W0zi,Young Control,mae,NA,NA,video5_cred_mae,cred_mae,0,5,-1.114512449,Male,Yes,3,0,0,0,0,1,0,NA,NA,0,Low,NA,Yes,Male,1,0,0
1746,R_58M8ShSdDD2W0zi,Young Control,zanx,NA,NA,video6_cred_zanx,cred_zanx,NA,6,NA,Male,Yes,3,0,0,0,0,1,0,NA,NA,0,Low,NA,Yes,Male,1,0,NA
1747,R_59nBf4THZmBJpjI,Old Treat,aby,0,0,video1_cred_aby,cred_aby,50,1,0.643741874,Male,No,4,1,0,0,0,0,0,0,0,0,Low,Low,No,Male,1,0,1
1748,R_59nBf4THZmBJpjI,Old Treat,anna,0,0,video2_cred_anna,cred_anna,10,2,-0.762861585,Male,No,4,1,0,0,0,0,0,0,0,0,Low,Low,No,Male,1,0,0
1749,R_59nBf4THZmBJpjI,Old Treat,cham,0,0,video3_cred_cham,cred_cham,0,3,-1.114512449,Male,No,4,1,0,0,0,0,0,0,0,0,Low,Low,No,Male,1,0,0
1750,R_59nBf4THZmBJpjI,Old Treat,fab,0,0,video4_cred_fab,cred_fab,0,4,-1.114512449,Male,No,4,1,0,0,0,0,0,0,0,0,Low,Low,No,Male,1,0,0
1751,R_59nBf4THZmBJpjI,Old Treat,mae,0,0,video5_cred_mae,cred_mae,50,5,0.643741874,Male,No,4,1,0,0,0,0,0,0,0,0,Low,Low,No,Male,1,0,1
1752,R_59nBf4THZmBJpjI,Old Treat,zanx,0,0,video6_cred_zanx,cred_zanx,0,6,-1.114512449,Male,No,4,1,0,0,0,0,0,0,0,0,Low,Low,No,Male,1,0,0
1753,R_5BA4yEYbfIl5vDb,Young Treat,aby,0,0,video1_cred_aby,cred_aby,0,1,-1.114512449,Female,No,3,0,1,0,0,0,0,0,0,0,Low,Low,No,Female,3,0,0
1754,R_5BA4yEYbfIl5vDb,Young Treat,anna,0,0,video2_cred_anna,cred_anna,10,2,-0.762861585,Female,No,3,0,1,0,0,0,0,0,0,0,Low,Low,No,Female,3,0,0
1755,R_5BA4yEYbfIl5vDb,Young Treat,cham,0,0,video3_cred_cham,cred_cham,51,3,0.67890696,Female,No,3,0,1,0,0,0,0,0,0,0,Low,Low,No,Female,3,0,1
1756,R_5BA4yEYbfIl5vDb,Young Treat,fab,0,0,video4_cred_fab,cred_fab,0,4,-1.114512449,Female,No,3,0,1,0,0,0,0,0,0,0,Low,Low,No,Female,3,0,0
1757,R_5BA4yEYbfIl5vDb,Young Treat,mae,0,0,video5_cred_mae,cred_mae,19,5,-0.446375807,Female,No,3,0,1,0,0,0,0,0,0,0,Low,Low,No,Female,3,0,0
1758,R_5BA4yEYbfIl5vDb,Young Treat,zanx,0,0,video6_cred_zanx,cred_zanx,0,6,-1.114512449,Female,No,3,0,1,0,0,0,0,0,0,0,Low,Low,No,Female,3,0,0
1759,R_5C2bpIMhbD2Fns1,Young Control,aby,NA,NA,video1_cred_aby,cred_aby,NA,1,NA,Male,No,2,0,0,1,0,0,0,NA,NA,12,High,NA,No,Male,NA,1,NA
1760,R_5C2bpIMhbD2Fns1,Young Control,anna,6,5,video2_cred_anna,cred_anna,NA,2,NA,Male,No,2,0,0,1,0,0,0,5.5,11,12,High,High,No,Male,NA,1,NA
1761,R_5C2bpIMhbD2Fns1,Young Control,cham,NA,NA,video3_cred_cham,cred_cham,NA,3,NA,Male,No,2,0,0,1,0,0,0,NA,NA,12,High,NA,No,Male,NA,1,NA
1762,R_5C2bpIMhbD2Fns1,Young Control,fab,NA,NA,video4_cred_fab,cred_fab,NA,4,NA,Male,No,2,0,0,1,0,0,0,NA,NA,12,High,NA,No,Male,NA,1,NA
1763,R_5C2bpIMhbD2Fns1,Young Control,mae,NA,NA,video5_cred_mae,cred_mae,NA,5,NA,Male,No,2,0,0,1,0,0,0,NA,NA,12,High,NA,No,Male,NA,1,NA
1764,R_5C2bpIMhbD2Fns1,Young Control,zanx,NA,NA,video6_cred_zanx,cred_zanx,NA,6,NA,Male,No,2,0,0,1,0,0,0,NA,NA,12,High,NA,No,Male,NA,1,NA
1765,R_5CO2m7gXj1xeUqT,Young Treat,aby,0,0,video1_cred_aby,cred_aby,29,1,-0.094724942,Female,Yes,4,1,1,1,1,0,0,0,0,1,Low,Low,Yes,Female,1,1,1
1766,R_5CO2m7gXj1xeUqT,Young Treat,anna,0,0,video2_cred_anna,cred_anna,55,2,0.819567306,Female,Yes,4,1,1,1,1,0,0,0,0,1,Low,Low,Yes,Female,1,1,1
1767,R_5CO2m7gXj1xeUqT,Young Treat,cham,0,0,video3_cred_cham,cred_cham,67,3,1.241548344,Female,Yes,4,1,1,1,1,0,0,0,0,1,Low,Low,Yes,Female,1,1,1
1768,R_5CO2m7gXj1xeUqT,Young Treat,fab,0,0,video4_cred_fab,cred_fab,60,4,0.995392738,Female,Yes,4,1,1,1,1,0,0,0,0,1,Low,Low,Yes,Female,1,1,1
1769,R_5CO2m7gXj1xeUqT,Young Treat,mae,0,0,video5_cred_mae,cred_mae,40,5,0.292091009,Female,Yes,4,1,1,1,1,0,0,0,0,1,Low,Low,Yes,Female,1,1,1
1770,R_5CO2m7gXj1xeUqT,Young Treat,zanx,0,0,video6_cred_zanx,cred_zanx,50,6,0.643741874,Female,Yes,4,1,1,1,1,0,0,0,0,1,Low,Low,Yes,Female,1,1,1
1771,R_5CZNTwo4I76Qm8R,Young Control,aby,0,0,video1_cred_aby,cred_aby,0,1,-1.114512449,Female,No,2,1,0,0,0,0,0,0,0,0,Low,Low,No,Female,1,0,0
1772,R_5CZNTwo4I76Qm8R,Young Control,anna,0,0,video2_cred_anna,cred_anna,0,2,-1.114512449,Female,No,2,1,0,0,0,0,0,0,0,0,Low,Low,No,Female,1,0,0
1773,R_5CZNTwo4I76Qm8R,Young Control,cham,0,0,video3_cred_cham,cred_cham,0,3,-1.114512449,Female,No,2,1,0,0,0,0,0,0,0,0,Low,Low,No,Female,1,0,0
1774,R_5CZNTwo4I76Qm8R,Young Control,fab,0,0,video4_cred_fab,cred_fab,4,4,-0.973852103,Female,No,2,1,0,0,0,0,0,0,0,0,Low,Low,No,Female,1,0,0
1775,R_5CZNTwo4I76Qm8R,Young Control,mae,0,0,video5_cred_mae,cred_mae,0,5,-1.114512449,Female,No,2,1,0,0,0,0,0,0,0,0,Low,Low,No,Female,1,0,0
1776,R_5CZNTwo4I76Qm8R,Young Control,zanx,0,0,video6_cred_zanx,cred_zanx,0,6,-1.114512449,Female,No,2,1,0,0,0,0,0,0,0,0,Low,Low,No,Female,1,0,0
1777,R_5CqpsvHiKgIbmCi,Old Treat,aby,0,0,video1_cred_aby,cred_aby,0,1,-1.114512449,Female,Yes,1,1,1,0,0,1,0,0,0,3,Low,Low,Yes,Female,1,0,0
1778,R_5CqpsvHiKgIbmCi,Old Treat,anna,0,0,video2_cred_anna,cred_anna,0,2,-1.114512449,Female,Yes,1,1,1,0,0,1,0,0,0,3,Low,Low,Yes,Female,1,0,0
1779,R_5CqpsvHiKgIbmCi,Old Treat,cham,0,0,video3_cred_cham,cred_cham,0,3,-1.114512449,Female,Yes,1,1,1,0,0,1,0,0,0,3,Low,Low,Yes,Female,1,0,0
1780,R_5CqpsvHiKgIbmCi,Old Treat,fab,0,0,video4_cred_fab,cred_fab,0,4,-1.114512449,Female,Yes,1,1,1,0,0,1,0,0,0,3,Low,Low,Yes,Female,1,0,0
1781,R_5CqpsvHiKgIbmCi,Old Treat,mae,0,0,video5_cred_mae,cred_mae,0,5,-1.114512449,Female,Yes,1,1,1,0,0,1,0,0,0,3,Low,Low,Yes,Female,1,0,0
1782,R_5CqpsvHiKgIbmCi,Old Treat,zanx,0,0,video6_cred_zanx,cred_zanx,0,6,-1.114512449,Female,Yes,1,1,1,0,0,1,0,0,0,3,Low,Low,Yes,Female,1,0,0
1783,R_5Cv3SaGbheEnOmK,Old Control,aby,0,0,video1_cred_aby,cred_aby,7,1,-0.868356844,Male,Yes,4,0,0,0,0,1,0,0,0,0,Low,Low,Yes,Male,1,0,0
1784,R_5Cv3SaGbheEnOmK,Old Control,anna,0,0,video2_cred_anna,cred_anna,8,2,-0.833191758,Male,Yes,4,0,0,0,0,1,0,0,0,0,Low,Low,Yes,Male,1,0,0
1785,R_5Cv3SaGbheEnOmK,Old Control,cham,0,0,video3_cred_cham,cred_cham,17,3,-0.516705979,Male,Yes,4,0,0,0,0,1,0,0,0,0,Low,Low,Yes,Male,1,0,0
1786,R_5Cv3SaGbheEnOmK,Old Control,fab,0,0,video4_cred_fab,cred_fab,0,4,-1.114512449,Male,Yes,4,0,0,0,0,1,0,0,0,0,Low,Low,Yes,Male,1,0,0
1787,R_5Cv3SaGbheEnOmK,Old Control,mae,0,0,video5_cred_mae,cred_mae,12,5,-0.692531412,Male,Yes,4,0,0,0,0,1,0,0,0,0,Low,Low,Yes,Male,1,0,0
1788,R_5Cv3SaGbheEnOmK,Old Control,zanx,0,0,video6_cred_zanx,cred_zanx,28,6,-0.129890028,Male,Yes,4,0,0,0,0,1,0,0,0,0,Low,Low,Yes,Male,1,0,1
1789,R_5DM4OTe3tWClldu,Old Control,aby,5,6,video1_cred_aby,cred_aby,77,1,1.593199208,Male,No,4,1,0,0,0,0,1,5.5,11,11,High,High,No,Male,3,0,1
1790,R_5DM4OTe3tWClldu,Old Control,anna,5,6,video2_cred_anna,cred_anna,85,2,1.8745199,Male,No,4,1,0,0,0,0,1,5.5,11,11,High,High,No,Male,3,0,1
1791,R_5DM4OTe3tWClldu,Old Control,cham,5,6,video3_cred_cham,cred_cham,71,3,1.382208689,Male,No,4,1,0,0,0,0,1,5.5,11,11,High,High,No,Male,3,0,1
1792,R_5DM4OTe3tWClldu,Old Control,fab,5,6,video4_cred_fab,cred_fab,75,4,1.522869035,Male,No,4,1,0,0,0,0,1,5.5,11,11,High,High,No,Male,3,0,1
1793,R_5DM4OTe3tWClldu,Old Control,mae,5,7,video5_cred_mae,cred_mae,83,5,1.804189727,Male,No,4,1,0,0,0,0,1,6,12,11,High,High,No,Male,3,0,1
1794,R_5DM4OTe3tWClldu,Old Control,zanx,5,6,video6_cred_zanx,cred_zanx,74,6,1.487703949,Male,No,4,1,0,0,0,0,1,5.5,11,11,High,High,No,Male,3,0,1
1795,R_5DZNgudTM5gyb0D,Old Treat,aby,4,6,video1_cred_aby,cred_aby,65,1,1.171218171,Female,No,2,1,0,0,0,0,0,5,10,11,High,High,No,Female,1,1,1
1796,R_5DZNgudTM5gyb0D,Old Treat,anna,6,5,video2_cred_anna,cred_anna,69,2,1.311878516,Female,No,2,1,0,0,0,0,0,5.5,11,11,High,High,No,Female,1,1,1
1797,R_5DZNgudTM5gyb0D,Old Treat,cham,4,7,video3_cred_cham,cred_cham,75,3,1.522869035,Female,No,2,1,0,0,0,0,0,5.5,11,11,High,High,No,Female,1,1,1
1798,R_5DZNgudTM5gyb0D,Old Treat,fab,4,5,video4_cred_fab,cred_fab,72,4,1.417373776,Female,No,2,1,0,0,0,0,0,4.5,9,11,High,High,No,Female,1,1,1
1799,R_5DZNgudTM5gyb0D,Old Treat,mae,5,5,video5_cred_mae,cred_mae,68,5,1.27671343,Female,No,2,1,0,0,0,0,0,5,10,11,High,High,No,Female,1,1,1
1800,R_5DZNgudTM5gyb0D,Old Treat,zanx,5,4,video6_cred_zanx,cred_zanx,71,6,1.382208689,Female,No,2,1,0,0,0,0,0,4.5,9,11,High,High,No,Female,1,1,1
1801,R_5DsXBxyHtMjuSfn,Old Treat,aby,5,5,video1_cred_aby,cred_aby,74,1,1.487703949,Male,Yes,3,0,0,1,0,0,1,5,10,12,High,High,Yes,Male,2,1,1
1802,R_5DsXBxyHtMjuSfn,Old Treat,anna,5,5,video2_cred_anna,cred_anna,74,2,1.487703949,Male,Yes,3,0,0,1,0,0,1,5,10,12,High,High,Yes,Male,2,1,1
1803,R_5DsXBxyHtMjuSfn,Old Treat,cham,6,6,video3_cred_cham,cred_cham,92,3,2.120675505,Male,Yes,3,0,0,1,0,0,1,6,12,12,High,High,Yes,Male,2,1,1
1804,R_5DsXBxyHtMjuSfn,Old Treat,fab,6,7,video4_cred_fab,cred_fab,92,4,2.120675505,Male,Yes,3,0,0,1,0,0,1,6.5,13,12,High,High,Yes,Male,2,1,1
1805,R_5DsXBxyHtMjuSfn,Old Treat,mae,5,6,video5_cred_mae,cred_mae,77,5,1.593199208,Male,Yes,3,0,0,1,0,0,1,5.5,11,12,High,High,Yes,Male,2,1,1
1806,R_5DsXBxyHtMjuSfn,Old Treat,zanx,6,6,video6_cred_zanx,cred_zanx,92,6,2.120675505,Male,Yes,3,0,0,1,0,0,1,6,12,12,High,High,Yes,Male,2,1,1
1807,R_5E06eAFcaWcn2BL,Old Control,aby,6,6,video1_cred_aby,cred_aby,79,1,1.663529381,Female,Yes,1,0,0,1,0,0,0,6,12,10,High,High,Yes,Female,3,1,1
1808,R_5E06eAFcaWcn2BL,Old Control,anna,4,4,video2_cred_anna,cred_anna,78,2,1.628364295,Female,Yes,1,0,0,1,0,0,0,4,8,10,High,High,Yes,Female,3,1,1
1809,R_5E06eAFcaWcn2BL,Old Control,cham,5,5,video3_cred_cham,cred_cham,81,3,1.733859554,Female,Yes,1,0,0,1,0,0,0,5,10,10,High,High,Yes,Female,3,1,1
1810,R_5E06eAFcaWcn2BL,Old Control,fab,5,5,video4_cred_fab,cred_fab,74,4,1.487703949,Female,Yes,1,0,0,1,0,0,0,5,10,10,High,High,Yes,Female,3,1,1
1811,R_5E06eAFcaWcn2BL,Old Control,mae,6,6,video5_cred_mae,cred_mae,82,5,1.76902464,Female,Yes,1,0,0,1,0,0,0,6,12,10,High,High,Yes,Female,3,1,1
1812,R_5E06eAFcaWcn2BL,Old Control,zanx,5,6,video6_cred_zanx,cred_zanx,77,6,1.593199208,Female,Yes,1,0,0,1,0,0,0,5.5,11,10,High,High,Yes,Female,3,1,1
1813,R_5E0jNOijr3OQVeo,Old Control,aby,1,1,video1_cred_aby,cred_aby,5,1,-0.938687017,Female,Yes,3,0,0,0,0,1,0,1,2,10,High,Moderate,Yes,Female,1,0,0
1814,R_5E0jNOijr3OQVeo,Old Control,anna,0,0,video2_cred_anna,cred_anna,10,2,-0.762861585,Female,Yes,3,0,0,0,0,1,0,0,0,10,High,Low,Yes,Female,1,0,0
1815,R_5E0jNOijr3OQVeo,Old Control,cham,0,0,video3_cred_cham,cred_cham,0,3,-1.114512449,Female,Yes,3,0,0,0,0,1,0,0,0,10,High,Low,Yes,Female,1,0,0
1816,R_5E0jNOijr3OQVeo,Old Control,fab,0,0,video4_cred_fab,cred_fab,0,4,-1.114512449,Female,Yes,3,0,0,0,0,1,0,0,0,10,High,Low,Yes,Female,1,0,0
1817,R_5E0jNOijr3OQVeo,Old Control,mae,0,0,video5_cred_mae,cred_mae,7,5,-0.868356844,Female,Yes,3,0,0,0,0,1,0,0,0,10,High,Low,Yes,Female,1,0,0
1818,R_5E0jNOijr3OQVeo,Old Control,zanx,0,0,video6_cred_zanx,cred_zanx,0,6,-1.114512449,Female,Yes,3,0,0,0,0,1,0,0,0,10,High,Low,Yes,Female,1,0,0
1819,R_5EGdko2NEPS2D8m,Old Treat,aby,0,1,video1_cred_aby,cred_aby,23,1,-0.305715461,Male,Yes,4,0,0,0,1,0,0,0.5,1,2,Low,Moderate,Yes,Male,1,0,1
1820,R_5EGdko2NEPS2D8m,Old Treat,anna,1,2,video2_cred_anna,cred_anna,14,2,-0.622201239,Male,Yes,4,0,0,0,1,0,0,1.5,3,2,Low,Moderate,Yes,Male,1,0,0
1821,R_5EGdko2NEPS2D8m,Old Treat,cham,1,1,video3_cred_cham,cred_cham,22,3,-0.340880547,Male,Yes,4,0,0,0,1,0,0,1,2,2,Low,Moderate,Yes,Male,1,0,0
1822,R_5EGdko2NEPS2D8m,Old Treat,fab,1,1,video4_cred_fab,cred_fab,5,4,-0.938687017,Male,Yes,4,0,0,0,1,0,0,1,2,2,Low,Moderate,Yes,Male,1,0,0
1823,R_5EGdko2NEPS2D8m,Old Treat,mae,1,1,video5_cred_mae,cred_mae,6,5,-0.903521931,Male,Yes,4,0,0,0,1,0,0,1,2,2,Low,Moderate,Yes,Male,1,0,0
1824,R_5EGdko2NEPS2D8m,Old Treat,zanx,1,1,video6_cred_zanx,cred_zanx,1,6,-1.079347363,Male,Yes,4,0,0,0,1,0,0,1,2,2,Low,Moderate,Yes,Male,1,0,0
1825,R_5EVokIc3i4PH7Wh,Young Control,aby,0,0,video1_cred_aby,cred_aby,0,1,-1.114512449,Male,Yes,4,0,0,0,0,0,0,0,0,0,Low,Low,Yes,Male,NA,0,0
1826,R_5EVokIc3i4PH7Wh,Young Control,anna,0,0,video2_cred_anna,cred_anna,0,2,-1.114512449,Male,Yes,4,0,0,0,0,0,0,0,0,0,Low,Low,Yes,Male,NA,0,0
1827,R_5EVokIc3i4PH7Wh,Young Control,cham,0,0,video3_cred_cham,cred_cham,0,3,-1.114512449,Male,Yes,4,0,0,0,0,0,0,0,0,0,Low,Low,Yes,Male,NA,0,0
1828,R_5EVokIc3i4PH7Wh,Young Control,fab,0,0,video4_cred_fab,cred_fab,0,4,-1.114512449,Male,Yes,4,0,0,0,0,0,0,0,0,0,Low,Low,Yes,Male,NA,0,0
1829,R_5EVokIc3i4PH7Wh,Young Control,mae,0,0,video5_cred_mae,cred_mae,0,5,-1.114512449,Male,Yes,4,0,0,0,0,0,0,0,0,0,Low,Low,Yes,Male,NA,0,0
1830,R_5EVokIc3i4PH7Wh,Young Control,zanx,0,0,video6_cred_zanx,cred_zanx,0,6,-1.114512449,Male,Yes,4,0,0,0,0,0,0,0,0,0,Low,Low,Yes,Male,NA,0,0
1831,R_5EiheJUi7d4YYtF,Old Control,aby,5,5,video1_cred_aby,cred_aby,73,1,1.452538862,Male,Yes,3,0,0,1,0,0,1,5,10,10,High,High,Yes,Male,2,1,1
1832,R_5EiheJUi7d4YYtF,Old Control,anna,5,5,video2_cred_anna,cred_anna,78,2,1.628364295,Male,Yes,3,0,0,1,0,0,1,5,10,10,High,High,Yes,Male,2,1,1
1833,R_5EiheJUi7d4YYtF,Old Control,cham,5,5,video3_cred_cham,cred_cham,65,3,1.171218171,Male,Yes,3,0,0,1,0,0,1,5,10,10,High,High,Yes,Male,2,1,1
1834,R_5EiheJUi7d4YYtF,Old Control,fab,6,5,video4_cred_fab,cred_fab,69,4,1.311878516,Male,Yes,3,0,0,1,0,0,1,5.5,11,10,High,High,Yes,Male,2,1,1
1835,R_5EiheJUi7d4YYtF,Old Control,mae,5,5,video5_cred_mae,cred_mae,64,5,1.136053084,Male,Yes,3,0,0,1,0,0,1,5,10,10,High,High,Yes,Male,2,1,1
1836,R_5EiheJUi7d4YYtF,Old Control,zanx,5,5,video6_cred_zanx,cred_zanx,61,6,1.030557825,Male,Yes,3,0,0,1,0,0,1,5,10,10,High,High,Yes,Male,2,1,1
1837,R_5EqUibn54fE2Wvn,Old Treat,aby,2,2,video1_cred_aby,cred_aby,55,1,0.819567306,Female,No,4,1,0,0,0,0,0,2,4,2,Low,High,No,Female,2,0,1
1838,R_5EqUibn54fE2Wvn,Old Treat,anna,2,2,video2_cred_anna,cred_anna,31,2,-0.024394769,Female,No,4,1,0,0,0,0,0,2,4,2,Low,High,No,Female,2,0,1
1839,R_5EqUibn54fE2Wvn,Old Treat,cham,2,1,video3_cred_cham,cred_cham,43,3,0.397586269,Female,No,4,1,0,0,0,0,0,1.5,3,2,Low,Moderate,No,Female,2,0,1
1840,R_5EqUibn54fE2Wvn,Old Treat,fab,1,1,video4_cred_fab,cred_fab,48,4,0.573411701,Female,No,4,1,0,0,0,0,0,1,2,2,Low,Moderate,No,Female,2,0,1
1841,R_5EqUibn54fE2Wvn,Old Treat,mae,1,2,video5_cred_mae,cred_mae,41,5,0.327256096,Female,No,4,1,0,0,0,0,0,1.5,3,2,Low,Moderate,No,Female,2,0,1
1842,R_5EqUibn54fE2Wvn,Old Treat,zanx,2,2,video6_cred_zanx,cred_zanx,38,6,0.221760836,Female,No,4,1,0,0,0,0,0,2,4,2,Low,High,No,Female,2,0,1
1843,R_5F5H6zWRCfhRGkj,Young Control,aby,0,0,video1_cred_aby,cred_aby,1,1,-1.079347363,Female,Yes,2,0,0,0,0,1,0,0,0,2,Low,Low,Yes,Female,1,1,0
1844,R_5F5H6zWRCfhRGkj,Young Control,anna,0,0,video2_cred_anna,cred_anna,1,2,-1.079347363,Female,Yes,2,0,0,0,0,1,0,0,0,2,Low,Low,Yes,Female,1,1,0
1845,R_5F5H6zWRCfhRGkj,Young Control,cham,0,0,video3_cred_cham,cred_cham,4,3,-0.973852103,Female,Yes,2,0,0,0,0,1,0,0,0,2,Low,Low,Yes,Female,1,1,0
1846,R_5F5H6zWRCfhRGkj,Young Control,fab,0,0,video4_cred_fab,cred_fab,3,4,-1.00901719,Female,Yes,2,0,0,0,0,1,0,0,0,2,Low,Low,Yes,Female,1,1,0
1847,R_5F5H6zWRCfhRGkj,Young Control,mae,0,1,video5_cred_mae,cred_mae,1,5,-1.079347363,Female,Yes,2,0,0,0,0,1,0,0.5,1,2,Low,Moderate,Yes,Female,1,1,0
1848,R_5F5H6zWRCfhRGkj,Young Control,zanx,0,0,video6_cred_zanx,cred_zanx,14,6,-0.622201239,Female,Yes,2,0,0,0,0,1,0,0,0,2,Low,Low,Yes,Female,1,1,0
1849,R_5FCJRru2TtZc3Yw,Old Control,aby,NA,NA,video1_cred_aby,cred_aby,NA,1,NA,Male,No,2,0,0,1,0,0,0,NA,NA,NA,NA,NA,No,Male,1,1,NA
1850,R_5FCJRru2TtZc3Yw,Old Control,anna,NA,NA,video2_cred_anna,cred_anna,NA,2,NA,Male,No,2,0,0,1,0,0,0,NA,NA,NA,NA,NA,No,Male,1,1,NA
1851,R_5FCJRru2TtZc3Yw,Old Control,cham,NA,NA,video3_cred_cham,cred_cham,NA,3,NA,Male,No,2,0,0,1,0,0,0,NA,NA,NA,NA,NA,No,Male,1,1,NA
1852,R_5FCJRru2TtZc3Yw,Old Control,fab,NA,NA,video4_cred_fab,cred_fab,82.5,4,1.786607184,Male,No,2,0,0,1,0,0,0,NA,NA,NA,NA,NA,No,Male,1,1,1
1853,R_5FCJRru2TtZc3Yw,Old Control,mae,NA,NA,video5_cred_mae,cred_mae,NA,5,NA,Male,No,2,0,0,1,0,0,0,NA,NA,NA,NA,NA,No,Male,1,1,NA
1854,R_5FCJRru2TtZc3Yw,Old Control,zanx,NA,NA,video6_cred_zanx,cred_zanx,75,6,1.522869035,Male,No,2,0,0,1,0,0,0,NA,NA,NA,NA,NA,No,Male,1,1,1
1855,R_5FLC8aH327PhnGB,Young Control,aby,2,0,video1_cred_aby,cred_aby,30,1,-0.059559855,Female,No,3,1,0,0,0,0,0,1,2,0,Low,Moderate,No,Female,1,0,1
1856,R_5FLC8aH327PhnGB,Young Control,anna,0,0,video2_cred_anna,cred_anna,0,2,-1.114512449,Female,No,3,1,0,0,0,0,0,0,0,0,Low,Low,No,Female,1,0,0
1857,R_5FLC8aH327PhnGB,Young Control,cham,0,0,video3_cred_cham,cred_cham,9,3,-0.798026671,Female,No,3,1,0,0,0,0,0,0,0,0,Low,Low,No,Female,1,0,0
1858,R_5FLC8aH327PhnGB,Young Control,fab,0,0,video4_cred_fab,cred_fab,0,4,-1.114512449,Female,No,3,1,0,0,0,0,0,0,0,0,Low,Low,No,Female,1,0,0
1859,R_5FLC8aH327PhnGB,Young Control,mae,0,0,video5_cred_mae,cred_mae,9,5,-0.798026671,Female,No,3,1,0,0,0,0,0,0,0,0,Low,Low,No,Female,1,0,0
1860,R_5FLC8aH327PhnGB,Young Control,zanx,0,0,video6_cred_zanx,cred_zanx,0,6,-1.114512449,Female,No,3,1,0,0,0,0,0,0,0,0,Low,Low,No,Female,1,0,0
1861,R_5GD1bfKHu3I5hp7,Old Control,aby,NA,NA,video1_cred_aby,cred_aby,NA,1,NA,Female,I prefer not to answer,3,0,0,1,0,0,0,NA,NA,NA,NA,NA,NA,Female,3,0,NA
1862,R_5GD1bfKHu3I5hp7,Old Control,anna,NA,NA,video2_cred_anna,cred_anna,11,2,-0.727696498,Female,I prefer not to answer,3,0,0,1,0,0,0,NA,NA,NA,NA,NA,NA,Female,3,0,0
1863,R_5GD1bfKHu3I5hp7,Old Control,cham,NA,NA,video3_cred_cham,cred_cham,NA,3,NA,Female,I prefer not to answer,3,0,0,1,0,0,0,NA,NA,NA,NA,NA,NA,Female,3,0,NA
1864,R_5GD1bfKHu3I5hp7,Old Control,fab,4,0,video4_cred_fab,cred_fab,53,4,0.749237133,Female,I prefer not to answer,3,0,0,1,0,0,0,2,4,NA,NA,High,NA,Female,3,0,1
1865,R_5GD1bfKHu3I5hp7,Old Control,mae,NA,NA,video5_cred_mae,cred_mae,NA,5,NA,Female,I prefer not to answer,3,0,0,1,0,0,0,NA,NA,NA,NA,NA,NA,Female,3,0,NA
1866,R_5GD1bfKHu3I5hp7,Old Control,zanx,1,1,video6_cred_zanx,cred_zanx,51,6,0.67890696,Female,I prefer not to answer,3,0,0,1,0,0,0,1,2,NA,NA,Moderate,NA,Female,3,0,1
1867,R_5GxiVwIq04W0Rrj,Old Control,aby,0,0,video1_cred_aby,cred_aby,0,1,-1.114512449,Female,Yes,2,1,1,0,1,0,0,0,0,2,Low,Low,Yes,Female,1,0,0
1868,R_5GxiVwIq04W0Rrj,Old Control,anna,0,0,video2_cred_anna,cred_anna,0,2,-1.114512449,Female,Yes,2,1,1,0,1,0,0,0,0,2,Low,Low,Yes,Female,1,0,0
1869,R_5GxiVwIq04W0Rrj,Old Control,cham,1,1,video3_cred_cham,cred_cham,22,3,-0.340880547,Female,Yes,2,1,1,0,1,0,0,1,2,2,Low,Moderate,Yes,Female,1,0,0
1870,R_5GxiVwIq04W0Rrj,Old Control,fab,1,0,video4_cred_fab,cred_fab,23,4,-0.305715461,Female,Yes,2,1,1,0,1,0,0,0.5,1,2,Low,Moderate,Yes,Female,1,0,1
1871,R_5GxiVwIq04W0Rrj,Old Control,mae,1,1,video5_cred_mae,cred_mae,12,5,-0.692531412,Female,Yes,2,1,1,0,1,0,0,1,2,2,Low,Moderate,Yes,Female,1,0,0
1872,R_5GxiVwIq04W0Rrj,Old Control,zanx,1,1,video6_cred_zanx,cred_zanx,20,6,-0.41121072,Female,Yes,2,1,1,0,1,0,0,1,2,2,Low,Moderate,Yes,Female,1,0,0
1873,R_5H05vaBl8kn6KwF,Young Treat,aby,1,1,video1_cred_aby,cred_aby,10,1,-0.762861585,Female,No,1,0,1,0,0,0,0,1,2,4,Low,Moderate,No,Female,1,0,0
1874,R_5H05vaBl8kn6KwF,Young Treat,anna,2,1,video2_cred_anna,cred_anna,12,2,-0.692531412,Female,No,1,0,1,0,0,0,0,1.5,3,4,Low,Moderate,No,Female,1,0,0
1875,R_5H05vaBl8kn6KwF,Young Treat,cham,1,1,video3_cred_cham,cred_cham,10,3,-0.762861585,Female,No,1,0,1,0,0,0,0,1,2,4,Low,Moderate,No,Female,1,0,0
1876,R_5H05vaBl8kn6KwF,Young Treat,fab,3,1,video4_cred_fab,cred_fab,29,4,-0.094724942,Female,No,1,0,1,0,0,0,0,2,4,4,Low,High,No,Female,1,0,1
1877,R_5H05vaBl8kn6KwF,Young Treat,mae,1,1,video5_cred_mae,cred_mae,3,5,-1.00901719,Female,No,1,0,1,0,0,0,0,1,2,4,Low,Moderate,No,Female,1,0,0
1878,R_5H05vaBl8kn6KwF,Young Treat,zanx,1,2,video6_cred_zanx,cred_zanx,14,6,-0.622201239,Female,No,1,0,1,0,0,0,0,1.5,3,4,Low,Moderate,No,Female,1,0,0
1879,R_5HvvFG2IM4fAPSA,Young Control,aby,0,0,video1_cred_aby,cred_aby,48,1,0.573411701,Male,Yes,4,1,0,0,1,0,0,0,0,0,Low,Low,Yes,Male,1,0,1
1880,R_5HvvFG2IM4fAPSA,Young Control,anna,0,0,video2_cred_anna,cred_anna,52,2,0.714072047,Male,Yes,4,1,0,0,1,0,0,0,0,0,Low,Low,Yes,Male,1,0,1
1881,R_5HvvFG2IM4fAPSA,Young Control,cham,0,0,video3_cred_cham,cred_cham,55,3,0.819567306,Male,Yes,4,1,0,0,1,0,0,0,0,0,Low,Low,Yes,Male,1,0,1
1882,R_5HvvFG2IM4fAPSA,Young Control,fab,0,0,video4_cred_fab,cred_fab,45,4,0.467916441,Male,Yes,4,1,0,0,1,0,0,0,0,0,Low,Low,Yes,Male,1,0,1
1883,R_5HvvFG2IM4fAPSA,Young Control,mae,0,0,video5_cred_mae,cred_mae,53,5,0.749237133,Male,Yes,4,1,0,0,1,0,0,0,0,0,Low,Low,Yes,Male,1,0,1
1884,R_5HvvFG2IM4fAPSA,Young Control,zanx,0,0,video6_cred_zanx,cred_zanx,47,6,0.538246614,Male,Yes,4,1,0,0,1,0,0,0,0,0,Low,Low,Yes,Male,1,0,1
1885,R_5HzSbNK3YayoOZe,Old Treat,aby,0,0,video1_cred_aby,cred_aby,0,1,-1.114512449,Female,No,3,0,1,0,0,0,0,0,0,0,Low,Low,No,Female,3,0,0
1886,R_5HzSbNK3YayoOZe,Old Treat,anna,0,0,video2_cred_anna,cred_anna,0,2,-1.114512449,Female,No,3,0,1,0,0,0,0,0,0,0,Low,Low,No,Female,3,0,0
1887,R_5HzSbNK3YayoOZe,Old Treat,cham,0,0,video3_cred_cham,cred_cham,0,3,-1.114512449,Female,No,3,0,1,0,0,0,0,0,0,0,Low,Low,No,Female,3,0,0
1888,R_5HzSbNK3YayoOZe,Old Treat,fab,0,0,video4_cred_fab,cred_fab,0,4,-1.114512449,Female,No,3,0,1,0,0,0,0,0,0,0,Low,Low,No,Female,3,0,0
1889,R_5HzSbNK3YayoOZe,Old Treat,mae,0,0,video5_cred_mae,cred_mae,0,5,-1.114512449,Female,No,3,0,1,0,0,0,0,0,0,0,Low,Low,No,Female,3,0,0
1890,R_5HzSbNK3YayoOZe,Old Treat,zanx,0,0,video6_cred_zanx,cred_zanx,0,6,-1.114512449,Female,No,3,0,1,0,0,0,0,0,0,0,Low,Low,No,Female,3,0,0
1891,R_5Iz7nS2ovLcqSg9,Young Treat,aby,0,0,video1_cred_aby,cred_aby,28,1,-0.129890028,Female,No,3,0,0,1,0,0,0,0,0,0,Low,Low,No,Female,1,0,1
1892,R_5Iz7nS2ovLcqSg9,Young Treat,anna,0,0,video2_cred_anna,cred_anna,25,2,-0.235385288,Female,No,3,0,0,1,0,0,0,0,0,0,Low,Low,No,Female,1,0,1
1893,R_5Iz7nS2ovLcqSg9,Young Treat,cham,0,0,video3_cred_cham,cred_cham,13,3,-0.657366325,Female,No,3,0,0,1,0,0,0,0,0,0,Low,Low,No,Female,1,0,0
1894,R_5Iz7nS2ovLcqSg9,Young Treat,fab,0,0,video4_cred_fab,cred_fab,19,4,-0.446375807,Female,No,3,0,0,1,0,0,0,0,0,0,Low,Low,No,Female,1,0,0
1895,R_5Iz7nS2ovLcqSg9,Young Treat,mae,0,0,video5_cred_mae,cred_mae,62,5,1.065722911,Female,No,3,0,0,1,0,0,0,0,0,0,Low,Low,No,Female,1,0,1
1896,R_5Iz7nS2ovLcqSg9,Young Treat,zanx,0,0,video6_cred_zanx,cred_zanx,36,6,0.151430663,Female,No,3,0,0,1,0,0,0,0,0,0,Low,Low,No,Female,1,0,1
1897,R_5JDxlsFAkBplYsY,Old Control,aby,3,2,video1_cred_aby,cred_aby,30,1,-0.059559855,Male,Yes,2,1,0,0,0,0,1,2.5,5,5,Moderate,High,Yes,Male,1,0,1
1898,R_5JDxlsFAkBplYsY,Old Control,anna,1,1,video2_cred_anna,cred_anna,63,2,1.100887998,Male,Yes,2,1,0,0,0,0,1,1,2,5,Moderate,Moderate,Yes,Male,1,0,1
1899,R_5JDxlsFAkBplYsY,Old Control,cham,1,3,video3_cred_cham,cred_cham,71,3,1.382208689,Male,Yes,2,1,0,0,0,0,1,2,4,5,Moderate,High,Yes,Male,1,0,1
1900,R_5JDxlsFAkBplYsY,Old Control,fab,3,2,video4_cred_fab,cred_fab,43,4,0.397586269,Male,Yes,2,1,0,0,0,0,1,2.5,5,5,Moderate,High,Yes,Male,1,0,1
1901,R_5JDxlsFAkBplYsY,Old Control,mae,3,4,video5_cred_mae,cred_mae,50,5,0.643741874,Male,Yes,2,1,0,0,0,0,1,3.5,7,5,Moderate,High,Yes,Male,1,0,1
1902,R_5JDxlsFAkBplYsY,Old Control,zanx,0,1,video6_cred_zanx,cred_zanx,24,6,-0.270550374,Male,Yes,2,1,0,0,0,0,1,0.5,1,5,Moderate,Moderate,Yes,Male,1,0,1
1903,R_5JEHHD4B1ps09ey,Old Control,aby,0,0,video1_cred_aby,cred_aby,49,1,0.608576787,Male,Yes,2,0,0,0,0,0,1,0,0,0,Low,Low,Yes,Male,1,0,1
1904,R_5JEHHD4B1ps09ey,Old Control,anna,0,0,video2_cred_anna,cred_anna,46,2,0.503081528,Male,Yes,2,0,0,0,0,0,1,0,0,0,Low,Low,Yes,Male,1,0,1
1905,R_5JEHHD4B1ps09ey,Old Control,cham,0,0,video3_cred_cham,cred_cham,47,3,0.538246614,Male,Yes,2,0,0,0,0,0,1,0,0,0,Low,Low,Yes,Male,1,0,1
1906,R_5JEHHD4B1ps09ey,Old Control,fab,0,0,video4_cred_fab,cred_fab,45,4,0.467916441,Male,Yes,2,0,0,0,0,0,1,0,0,0,Low,Low,Yes,Male,1,0,1
1907,R_5JEHHD4B1ps09ey,Old Control,mae,0,0,video5_cred_mae,cred_mae,56,5,0.854732392,Male,Yes,2,0,0,0,0,0,1,0,0,0,Low,Low,Yes,Male,1,0,1
1908,R_5JEHHD4B1ps09ey,Old Control,zanx,0,0,video6_cred_zanx,cred_zanx,37,6,0.18659575,Male,Yes,2,0,0,0,0,0,1,0,0,0,Low,Low,Yes,Male,1,0,1
1909,R_5JQP6RdsE3Xrc4w,Old Control,aby,1,2,video1_cred_aby,cred_aby,25,1,-0.235385288,Female,Yes,4,1,0,0,0,0,0,1.5,3,5,Moderate,Moderate,Yes,Female,2,1,1
1910,R_5JQP6RdsE3Xrc4w,Old Control,anna,2,3,video2_cred_anna,cred_anna,41,2,0.327256096,Female,Yes,4,1,0,0,0,0,0,2.5,5,5,Moderate,High,Yes,Female,2,1,1
1911,R_5JQP6RdsE3Xrc4w,Old Control,cham,1,0,video3_cred_cham,cred_cham,43,3,0.397586269,Female,Yes,4,1,0,0,0,0,0,0.5,1,5,Moderate,Moderate,Yes,Female,2,1,1
1912,R_5JQP6RdsE3Xrc4w,Old Control,fab,2,1,video4_cred_fab,cred_fab,30,4,-0.059559855,Female,Yes,4,1,0,0,0,0,0,1.5,3,5,Moderate,Moderate,Yes,Female,2,1,1
1913,R_5JQP6RdsE3Xrc4w,Old Control,mae,2,1,video5_cred_mae,cred_mae,52,5,0.714072047,Female,Yes,4,1,0,0,0,0,0,1.5,3,5,Moderate,Moderate,Yes,Female,2,1,1
1914,R_5JQP6RdsE3Xrc4w,Old Control,zanx,1,1,video6_cred_zanx,cred_zanx,24,6,-0.270550374,Female,Yes,4,1,0,0,0,0,0,1,2,5,Moderate,Moderate,Yes,Female,2,1,1
1915,R_5JmcCAfMJE2mJTH,Old Treat,aby,0,0,video1_cred_aby,cred_aby,0,1,-1.114512449,Female,No,2,0,1,0,0,0,1,0,0,0,Low,Low,No,Female,1,0,0
1916,R_5JmcCAfMJE2mJTH,Old Treat,anna,0,0,video2_cred_anna,cred_anna,0,2,-1.114512449,Female,No,2,0,1,0,0,0,1,0,0,0,Low,Low,No,Female,1,0,0
1917,R_5JmcCAfMJE2mJTH,Old Treat,cham,0,0,video3_cred_cham,cred_cham,15,3,-0.587036152,Female,No,2,0,1,0,0,0,1,0,0,0,Low,Low,No,Female,1,0,0
1918,R_5JmcCAfMJE2mJTH,Old Treat,fab,0,0,video4_cred_fab,cred_fab,0,4,-1.114512449,Female,No,2,0,1,0,0,0,1,0,0,0,Low,Low,No,Female,1,0,0
1919,R_5JmcCAfMJE2mJTH,Old Treat,mae,0,0,video5_cred_mae,cred_mae,0,5,-1.114512449,Female,No,2,0,1,0,0,0,1,0,0,0,Low,Low,No,Female,1,0,0
1920,R_5JmcCAfMJE2mJTH,Old Treat,zanx,0,0,video6_cred_zanx,cred_zanx,10,6,-0.762861585,Female,No,2,0,1,0,0,0,1,0,0,0,Low,Low,No,Female,1,0,0
1921,R_5KBkeDW48ey4BWh,Young Control,aby,5,5,video1_cred_aby,cred_aby,77,1,1.593199208,Male,Yes,3,0,0,1,0,0,1,5,10,10,High,High,Yes,Male,2,1,1
1922,R_5KBkeDW48ey4BWh,Young Control,anna,5,5,video2_cred_anna,cred_anna,80,2,1.698694468,Male,Yes,3,0,0,1,0,0,1,5,10,10,High,High,Yes,Male,2,1,1
1923,R_5KBkeDW48ey4BWh,Young Control,cham,6,5,video3_cred_cham,cred_cham,82,3,1.76902464,Male,Yes,3,0,0,1,0,0,1,5.5,11,10,High,High,Yes,Male,2,1,1
1924,R_5KBkeDW48ey4BWh,Young Control,fab,5,6,video4_cred_fab,cred_fab,79,4,1.663529381,Male,Yes,3,0,0,1,0,0,1,5.5,11,10,High,High,Yes,Male,2,1,1
1925,R_5KBkeDW48ey4BWh,Young Control,mae,6,6,video5_cred_mae,cred_mae,79,5,1.663529381,Male,Yes,3,0,0,1,0,0,1,6,12,10,High,High,Yes,Male,2,1,1
1926,R_5KBkeDW48ey4BWh,Young Control,zanx,5,5,video6_cred_zanx,cred_zanx,80,6,1.698694468,Male,Yes,3,0,0,1,0,0,1,5,10,10,High,High,Yes,Male,2,1,1
1927,R_5L2b3sWZXyzE1Wz,Old Treat,aby,1,1,video1_cred_aby,cred_aby,32,1,0.010770317,Male,Yes,4,0,0,1,0,0,1,1,2,4,Low,Moderate,Yes,Male,1,0,1
1928,R_5L2b3sWZXyzE1Wz,Old Treat,anna,1,1,video2_cred_anna,cred_anna,50,2,0.643741874,Male,Yes,4,0,0,1,0,0,1,1,2,4,Low,Moderate,Yes,Male,1,0,1
1929,R_5L2b3sWZXyzE1Wz,Old Treat,cham,1,1,video3_cred_cham,cred_cham,40,3,0.292091009,Male,Yes,4,0,0,1,0,0,1,1,2,4,Low,Moderate,Yes,Male,1,0,1
1930,R_5L2b3sWZXyzE1Wz,Old Treat,fab,3,2,video4_cred_fab,cred_fab,54,4,0.78440222,Male,Yes,4,0,0,1,0,0,1,2.5,5,4,Low,High,Yes,Male,1,0,1
1931,R_5L2b3sWZXyzE1Wz,Old Treat,mae,1,1,video5_cred_mae,cred_mae,21,5,-0.376045634,Male,Yes,4,0,0,1,0,0,1,1,2,4,Low,Moderate,Yes,Male,1,0,0
1932,R_5L2b3sWZXyzE1Wz,Old Treat,zanx,1,2,video6_cred_zanx,cred_zanx,53,6,0.749237133,Male,Yes,4,0,0,1,0,0,1,1.5,3,4,Low,Moderate,Yes,Male,1,0,1
1933,R_5LIkGEsF1nmAH0K,Old Treat,aby,3,4,video1_cred_aby,cred_aby,48,1,0.573411701,Female,No,3,0,0,1,0,0,1,3.5,7,10,High,High,No,Female,1,0,1
1934,R_5LIkGEsF1nmAH0K,Old Treat,anna,4,3,video2_cred_anna,cred_anna,50,2,0.643741874,Female,No,3,0,0,1,0,0,1,3.5,7,10,High,High,No,Female,1,0,1
1935,R_5LIkGEsF1nmAH0K,Old Treat,cham,4,3,video3_cred_cham,cred_cham,55,3,0.819567306,Female,No,3,0,0,1,0,0,1,3.5,7,10,High,High,No,Female,1,0,1
1936,R_5LIkGEsF1nmAH0K,Old Treat,fab,3,3,video4_cred_fab,cred_fab,37,4,0.18659575,Female,No,3,0,0,1,0,0,1,3,6,10,High,High,No,Female,1,0,1
1937,R_5LIkGEsF1nmAH0K,Old Treat,mae,5,6,video5_cred_mae,cred_mae,50,5,0.643741874,Female,No,3,0,0,1,0,0,1,5.5,11,10,High,High,No,Female,1,0,1
1938,R_5LIkGEsF1nmAH0K,Old Treat,zanx,3,1,video6_cred_zanx,cred_zanx,21,6,-0.376045634,Female,No,3,0,0,1,0,0,1,2,4,10,High,High,No,Female,1,0,0
1939,R_5LMNL88BUVCKHrW,Old Control,aby,0,0,video1_cred_aby,cred_aby,0,1,-1.114512449,Male,No,3,1,0,0,0,1,1,0,0,0,Low,Low,No,Male,1,0,0
1940,R_5LMNL88BUVCKHrW,Old Control,anna,0,0,video2_cred_anna,cred_anna,0,2,-1.114512449,Male,No,3,1,0,0,0,1,1,0,0,0,Low,Low,No,Male,1,0,0
1941,R_5LMNL88BUVCKHrW,Old Control,cham,0,0,video3_cred_cham,cred_cham,0,3,-1.114512449,Male,No,3,1,0,0,0,1,1,0,0,0,Low,Low,No,Male,1,0,0
1942,R_5LMNL88BUVCKHrW,Old Control,fab,0,0,video4_cred_fab,cred_fab,0,4,-1.114512449,Male,No,3,1,0,0,0,1,1,0,0,0,Low,Low,No,Male,1,0,0
1943,R_5LMNL88BUVCKHrW,Old Control,mae,0,0,video5_cred_mae,cred_mae,0,5,-1.114512449,Male,No,3,1,0,0,0,1,1,0,0,0,Low,Low,No,Male,1,0,0
1944,R_5LMNL88BUVCKHrW,Old Control,zanx,0,0,video6_cred_zanx,cred_zanx,0,6,-1.114512449,Male,No,3,1,0,0,0,1,1,0,0,0,Low,Low,No,Male,1,0,0
1945,R_5M07eYaDmOdjTzv,Young Control,aby,1,3,video1_cred_aby,cred_aby,34,1,0.08110049,Female,Yes,4,0,0,0,0,1,1,2,4,0,Low,High,Yes,Female,2,0,1
1946,R_5M07eYaDmOdjTzv,Young Control,anna,1,2,video2_cred_anna,cred_anna,48,2,0.573411701,Female,Yes,4,0,0,0,0,1,1,1.5,3,0,Low,Moderate,Yes,Female,2,0,1
1947,R_5M07eYaDmOdjTzv,Young Control,cham,1,0,video3_cred_cham,cred_cham,34,3,0.08110049,Female,Yes,4,0,0,0,0,1,1,0.5,1,0,Low,Moderate,Yes,Female,2,0,1
1948,R_5M07eYaDmOdjTzv,Young Control,fab,1,1,video4_cred_fab,cred_fab,20,4,-0.41121072,Female,Yes,4,0,0,0,0,1,1,1,2,0,Low,Moderate,Yes,Female,2,0,0
1949,R_5M07eYaDmOdjTzv,Young Control,mae,1,1,video5_cred_mae,cred_mae,49,5,0.608576787,Female,Yes,4,0,0,0,0,1,1,1,2,0,Low,Moderate,Yes,Female,2,0,1
1950,R_5M07eYaDmOdjTzv,Young Control,zanx,1,1,video6_cred_zanx,cred_zanx,18,6,-0.481540893,Female,Yes,4,0,0,0,0,1,1,1,2,0,Low,Moderate,Yes,Female,2,0,0
1951,R_5Mq4klA1bh22XXH,Young Treat,aby,0,1,video1_cred_aby,cred_aby,13,1,-0.657366325,Female,No,4,0,0,0,0,1,0,0.5,1,2,Low,Moderate,No,Female,1,0,0
1952,R_5Mq4klA1bh22XXH,Young Treat,anna,1,1,video2_cred_anna,cred_anna,13,2,-0.657366325,Female,No,4,0,0,0,0,1,0,1,2,2,Low,Moderate,No,Female,1,0,0
1953,R_5Mq4klA1bh22XXH,Young Treat,cham,1,1,video3_cred_cham,cred_cham,41,3,0.327256096,Female,No,4,0,0,0,0,1,0,1,2,2,Low,Moderate,No,Female,1,0,1
1954,R_5Mq4klA1bh22XXH,Young Treat,fab,0,0,video4_cred_fab,cred_fab,4,4,-0.973852103,Female,No,4,0,0,0,0,1,0,0,0,2,Low,Low,No,Female,1,0,0
1955,R_5Mq4klA1bh22XXH,Young Treat,mae,0,0,video5_cred_mae,cred_mae,10,5,-0.762861585,Female,No,4,0,0,0,0,1,0,0,0,2,Low,Low,No,Female,1,0,0
1956,R_5Mq4klA1bh22XXH,Young Treat,zanx,0,0,video6_cred_zanx,cred_zanx,5,6,-0.938687017,Female,No,4,0,0,0,0,1,0,0,0,2,Low,Low,No,Female,1,0,0
1957,R_5Oc4tTn71C2AFFt,Young Control,aby,1,1,video1_cred_aby,cred_aby,45,1,0.467916441,Male,I prefer not to answer,3,0,0,0,1,0,0,1,2,3,Low,Moderate,NA,Male,3,0,1
1958,R_5Oc4tTn71C2AFFt,Young Control,anna,1,1,video2_cred_anna,cred_anna,9,2,-0.798026671,Male,I prefer not to answer,3,0,0,0,1,0,0,1,2,3,Low,Moderate,NA,Male,3,0,0
1959,R_5Oc4tTn71C2AFFt,Young Control,cham,1,1,video3_cred_cham,cred_cham,10,3,-0.762861585,Male,I prefer not to answer,3,0,0,0,1,0,0,1,2,3,Low,Moderate,NA,Male,3,0,0
1960,R_5Oc4tTn71C2AFFt,Young Control,fab,1,1,video4_cred_fab,cred_fab,9,4,-0.798026671,Male,I prefer not to answer,3,0,0,0,1,0,0,1,2,3,Low,Moderate,NA,Male,3,0,0
1961,R_5Oc4tTn71C2AFFt,Young Control,mae,1,1,video5_cred_mae,cred_mae,11,5,-0.727696498,Male,I prefer not to answer,3,0,0,0,1,0,0,1,2,3,Low,Moderate,NA,Male,3,0,0
1962,R_5Oc4tTn71C2AFFt,Young Control,zanx,1,1,video6_cred_zanx,cred_zanx,13,6,-0.657366325,Male,I prefer not to answer,3,0,0,0,1,0,0,1,2,3,Low,Moderate,NA,Male,3,0,0
1963,R_5P04BaJQS650mqR,Young Treat,aby,0,0,video1_cred_aby,cred_aby,0,1,-1.114512449,Female,Yes,3,1,1,0,0,1,0,0,0,0,Low,Low,Yes,Female,1,0,0
1964,R_5P04BaJQS650mqR,Young Treat,anna,0,0,video2_cred_anna,cred_anna,0,2,-1.114512449,Female,Yes,3,1,1,0,0,1,0,0,0,0,Low,Low,Yes,Female,1,0,0
1965,R_5P04BaJQS650mqR,Young Treat,cham,0,0,video3_cred_cham,cred_cham,20,3,-0.41121072,Female,Yes,3,1,1,0,0,1,0,0,0,0,Low,Low,Yes,Female,1,0,0
1966,R_5P04BaJQS650mqR,Young Treat,fab,0,0,video4_cred_fab,cred_fab,2,4,-1.044182276,Female,Yes,3,1,1,0,0,1,0,0,0,0,Low,Low,Yes,Female,1,0,0
1967,R_5P04BaJQS650mqR,Young Treat,mae,0,0,video5_cred_mae,cred_mae,35,5,0.116265577,Female,Yes,3,1,1,0,0,1,0,0,0,0,Low,Low,Yes,Female,1,0,1
1968,R_5P04BaJQS650mqR,Young Treat,zanx,0,0,video6_cred_zanx,cred_zanx,4,6,-0.973852103,Female,Yes,3,1,1,0,0,1,0,0,0,0,Low,Low,Yes,Female,1,0,0
1969,R_5P7V9n0zZpzel8I,Old Control,aby,0,0,video1_cred_aby,cred_aby,1,1,-1.079347363,Female,Yes,2,0,0,0,0,0,0,0,0,NA,NA,Low,Yes,Female,1,0,0
1970,R_5P7V9n0zZpzel8I,Old Control,anna,NA,NA,video2_cred_anna,cred_anna,30,2,-0.059559855,Female,Yes,2,0,0,0,0,0,0,NA,NA,NA,NA,NA,Yes,Female,1,0,1
1971,R_5P7V9n0zZpzel8I,Old Control,cham,NA,NA,video3_cred_cham,cred_cham,17,3,-0.516705979,Female,Yes,2,0,0,0,0,0,0,NA,NA,NA,NA,NA,Yes,Female,1,0,0
1972,R_5P7V9n0zZpzel8I,Old Control,fab,0,0,video4_cred_fab,cred_fab,7,4,-0.868356844,Female,Yes,2,0,0,0,0,0,0,0,0,NA,NA,Low,Yes,Female,1,0,0
1973,R_5P7V9n0zZpzel8I,Old Control,mae,0,0,video5_cred_mae,cred_mae,22,5,-0.340880547,Female,Yes,2,0,0,0,0,0,0,0,0,NA,NA,Low,Yes,Female,1,0,0
1974,R_5P7V9n0zZpzel8I,Old Control,zanx,0,0,video6_cred_zanx,cred_zanx,1,6,-1.079347363,Female,Yes,2,0,0,0,0,0,0,0,0,NA,NA,Low,Yes,Female,1,0,0
1975,R_5PMDBGGyVgwO0hj,Old Control,aby,0,0,video1_cred_aby,cred_aby,50,1,0.643741874,Female,No,3,1,0,1,0,0,0,0,0,0,Low,Low,No,Female,1,0,1
1976,R_5PMDBGGyVgwO0hj,Old Control,anna,0,0,video2_cred_anna,cred_anna,50,2,0.643741874,Female,No,3,1,0,1,0,0,0,0,0,0,Low,Low,No,Female,1,0,1
1977,R_5PMDBGGyVgwO0hj,Old Control,cham,0,0,video3_cred_cham,cred_cham,50,3,0.643741874,Female,No,3,1,0,1,0,0,0,0,0,0,Low,Low,No,Female,1,0,1
1978,R_5PMDBGGyVgwO0hj,Old Control,fab,0,0,video4_cred_fab,cred_fab,50,4,0.643741874,Female,No,3,1,0,1,0,0,0,0,0,0,Low,Low,No,Female,1,0,1
1979,R_5PMDBGGyVgwO0hj,Old Control,mae,7,0,video5_cred_mae,cred_mae,50,5,0.643741874,Female,No,3,1,0,1,0,0,0,3.5,7,0,Low,High,No,Female,1,0,1
1980,R_5PMDBGGyVgwO0hj,Old Control,zanx,0,0,video6_cred_zanx,cred_zanx,50,6,0.643741874,Female,No,3,1,0,1,0,0,0,0,0,0,Low,Low,No,Female,1,0,1
1981,R_5PQTID5KVPChcZi,Young Control,aby,3,3,video1_cred_aby,cred_aby,20,1,-0.41121072,Male,No,4,0,1,0,0,0,1,3,6,7,Moderate,High,No,Male,1,1,0
1982,R_5PQTID5KVPChcZi,Young Control,anna,4,4,video2_cred_anna,cred_anna,80,2,1.698694468,Male,No,4,0,1,0,0,0,1,4,8,7,Moderate,High,No,Male,1,1,1
1983,R_5PQTID5KVPChcZi,Young Control,cham,5,6,video3_cred_cham,cred_cham,70,3,1.347043603,Male,No,4,0,1,0,0,0,1,5.5,11,7,Moderate,High,No,Male,1,1,1
1984,R_5PQTID5KVPChcZi,Young Control,fab,3,3,video4_cred_fab,cred_fab,40,4,0.292091009,Male,No,4,0,1,0,0,0,1,3,6,7,Moderate,High,No,Male,1,1,1
1985,R_5PQTID5KVPChcZi,Young Control,mae,5,5,video5_cred_mae,cred_mae,80,5,1.698694468,Male,No,4,0,1,0,0,0,1,5,10,7,Moderate,High,No,Male,1,1,1
1986,R_5PQTID5KVPChcZi,Young Control,zanx,0,0,video6_cred_zanx,cred_zanx,0,6,-1.114512449,Male,No,4,0,1,0,0,0,1,0,0,7,Moderate,Low,No,Male,1,1,0
1987,R_5PifGTCW93iIuN4,Old Control,aby,0,0,video1_cred_aby,cred_aby,4,1,-0.973852103,Female,Yes,2,0,0,0,0,1,0,0,0,1,Low,Low,Yes,Female,2,0,0
1988,R_5PifGTCW93iIuN4,Old Control,anna,0,0,video2_cred_anna,cred_anna,7,2,-0.868356844,Female,Yes,2,0,0,0,0,1,0,0,0,1,Low,Low,Yes,Female,2,0,0
1989,R_5PifGTCW93iIuN4,Old Control,cham,0,0,video3_cred_cham,cred_cham,11,3,-0.727696498,Female,Yes,2,0,0,0,0,1,0,0,0,1,Low,Low,Yes,Female,2,0,0
1990,R_5PifGTCW93iIuN4,Old Control,fab,0,0,video4_cred_fab,cred_fab,12,4,-0.692531412,Female,Yes,2,0,0,0,0,1,0,0,0,1,Low,Low,Yes,Female,2,0,0
1991,R_5PifGTCW93iIuN4,Old Control,mae,0,0,video5_cred_mae,cred_mae,50,5,0.643741874,Female,Yes,2,0,0,0,0,1,0,0,0,1,Low,Low,Yes,Female,2,0,1
1992,R_5PifGTCW93iIuN4,Old Control,zanx,0,0,video6_cred_zanx,cred_zanx,14,6,-0.622201239,Female,Yes,2,0,0,0,0,1,0,0,0,1,Low,Low,Yes,Female,2,0,0
1993,R_5PvmbUBnQoWVN72,Old Treat,aby,4,0,video1_cred_aby,cred_aby,9,1,-0.798026671,Female,Yes,3,0,0,0,1,0,1,2,4,4,Low,High,Yes,Female,3,0,0
1994,R_5PvmbUBnQoWVN72,Old Treat,anna,0,2,video2_cred_anna,cred_anna,0,2,-1.114512449,Female,Yes,3,0,0,0,1,0,1,1,2,4,Low,Moderate,Yes,Female,3,0,0
1995,R_5PvmbUBnQoWVN72,Old Treat,cham,6,6,video3_cred_cham,cred_cham,68.5,3,1.294295973,Female,Yes,3,0,0,0,1,0,1,6,12,4,Low,High,Yes,Female,3,0,1
1996,R_5PvmbUBnQoWVN72,Old Treat,fab,7,7,video4_cred_fab,cred_fab,80,4,1.698694468,Female,Yes,3,0,0,0,1,0,1,7,14,4,Low,High,Yes,Female,3,0,1
1997,R_5PvmbUBnQoWVN72,Old Treat,mae,0,5,video5_cred_mae,cred_mae,0,5,-1.114512449,Female,Yes,3,0,0,0,1,0,1,2.5,5,4,Low,High,Yes,Female,3,0,0
1998,R_5PvmbUBnQoWVN72,Old Treat,zanx,7,6,video6_cred_zanx,cred_zanx,66,6,1.206383257,Female,Yes,3,0,0,0,1,0,1,6.5,13,4,Low,High,Yes,Female,3,0,1
1999,R_5QGvjg3C1zOR2zw,Young Treat,aby,1,1,video1_cred_aby,cred_aby,20,1,-0.41121072,Male,Yes,3,1,0,0,0,0,1,1,2,2,Low,Moderate,Yes,Male,1,0,0
2000,R_5QGvjg3C1zOR2zw,Young Treat,anna,1,1,video2_cred_anna,cred_anna,9,2,-0.798026671,Male,Yes,3,1,0,0,0,0,1,1,2,2,Low,Moderate,Yes,Male,1,0,0
2001,R_5QGvjg3C1zOR2zw,Young Treat,cham,1,1,video3_cred_cham,cred_cham,51,3,0.67890696,Male,Yes,3,1,0,0,0,0,1,1,2,2,Low,Moderate,Yes,Male,1,0,1
2002,R_5QGvjg3C1zOR2zw,Young Treat,fab,1,1,video4_cred_fab,cred_fab,34,4,0.08110049,Male,Yes,3,1,0,0,0,0,1,1,2,2,Low,Moderate,Yes,Male,1,0,1
2003,R_5QGvjg3C1zOR2zw,Young Treat,mae,1,1,video5_cred_mae,cred_mae,9,5,-0.798026671,Male,Yes,3,1,0,0,0,0,1,1,2,2,Low,Moderate,Yes,Male,1,0,0
2004,R_5QGvjg3C1zOR2zw,Young Treat,zanx,1,1,video6_cred_zanx,cred_zanx,5,6,-0.938687017,Male,Yes,3,1,0,0,0,0,1,1,2,2,Low,Moderate,Yes,Male,1,0,0
2005,R_5ReJIZG2ddEeU1z,Old Treat,aby,NA,NA,video1_cred_aby,cred_aby,NA,1,NA,Male,No,2,0,0,1,0,0,0,NA,NA,12,High,NA,No,Male,1,1,NA
2006,R_5ReJIZG2ddEeU1z,Old Treat,anna,NA,NA,video2_cred_anna,cred_anna,NA,2,NA,Male,No,2,0,0,1,0,0,0,NA,NA,12,High,NA,No,Male,1,1,NA
2007,R_5ReJIZG2ddEeU1z,Old Treat,cham,6,6,video3_cred_cham,cred_cham,NA,3,NA,Male,No,2,0,0,1,0,0,0,6,12,12,High,High,No,Male,1,1,NA
2008,R_5ReJIZG2ddEeU1z,Old Treat,fab,NA,NA,video4_cred_fab,cred_fab,NA,4,NA,Male,No,2,0,0,1,0,0,0,NA,NA,12,High,NA,No,Male,1,1,NA
2009,R_5ReJIZG2ddEeU1z,Old Treat,mae,NA,NA,video5_cred_mae,cred_mae,NA,5,NA,Male,No,2,0,0,1,0,0,0,NA,NA,12,High,NA,No,Male,1,1,NA
2010,R_5ReJIZG2ddEeU1z,Old Treat,zanx,NA,NA,video6_cred_zanx,cred_zanx,NA,6,NA,Male,No,2,0,0,1,0,0,0,NA,NA,12,High,NA,No,Male,1,1,NA
2011,R_5SR4LP1zTBVBdCx,Old Control,aby,0,0,video1_cred_aby,cred_aby,10,1,-0.762861585,Female,Yes,1,1,0,0,0,1,0,0,0,0,Low,Low,Yes,Female,1,0,0
2012,R_5SR4LP1zTBVBdCx,Old Control,anna,0,0,video2_cred_anna,cred_anna,0,2,-1.114512449,Female,Yes,1,1,0,0,0,1,0,0,0,0,Low,Low,Yes,Female,1,0,0
2013,R_5SR4LP1zTBVBdCx,Old Control,cham,0,0,video3_cred_cham,cred_cham,0,3,-1.114512449,Female,Yes,1,1,0,0,0,1,0,0,0,0,Low,Low,Yes,Female,1,0,0
2014,R_5SR4LP1zTBVBdCx,Old Control,fab,0,1,video4_cred_fab,cred_fab,6,4,-0.903521931,Female,Yes,1,1,0,0,0,1,0,0.5,1,0,Low,Moderate,Yes,Female,1,0,0
2015,R_5SR4LP1zTBVBdCx,Old Control,mae,1,2,video5_cred_mae,cred_mae,23,5,-0.305715461,Female,Yes,1,1,0,0,0,1,0,1.5,3,0,Low,Moderate,Yes,Female,1,0,1
2016,R_5SR4LP1zTBVBdCx,Old Control,zanx,0,0,video6_cred_zanx,cred_zanx,1,6,-1.079347363,Female,Yes,1,1,0,0,0,1,0,0,0,0,Low,Low,Yes,Female,1,0,0
2017,R_5SeEp1j0YlMcYIE,Old Treat,aby,0,0,video1_cred_aby,cred_aby,12,1,-0.692531412,Female,No,1,1,0,0,0,0,0,0,0,0,Low,Low,No,Female,3,0,0
2018,R_5SeEp1j0YlMcYIE,Old Treat,anna,0,0,video2_cred_anna,cred_anna,17,2,-0.516705979,Female,No,1,1,0,0,0,0,0,0,0,0,Low,Low,No,Female,3,0,0
2019,R_5SeEp1j0YlMcYIE,Old Treat,cham,0,0,video3_cred_cham,cred_cham,11,3,-0.727696498,Female,No,1,1,0,0,0,0,0,0,0,0,Low,Low,No,Female,3,0,0
2020,R_5SeEp1j0YlMcYIE,Old Treat,fab,0,0,video4_cred_fab,cred_fab,11,4,-0.727696498,Female,No,1,1,0,0,0,0,0,0,0,0,Low,Low,No,Female,3,0,0
2021,R_5SeEp1j0YlMcYIE,Old Treat,mae,0,0,video5_cred_mae,cred_mae,13,5,-0.657366325,Female,No,1,1,0,0,0,0,0,0,0,0,Low,Low,No,Female,3,0,0
2022,R_5SeEp1j0YlMcYIE,Old Treat,zanx,0,0,video6_cred_zanx,cred_zanx,20,6,-0.41121072,Female,No,1,1,0,0,0,0,0,0,0,0,Low,Low,No,Female,3,0,0
2023,R_5SlbKiMBfxY3i2r,Old Control,aby,3,5,video1_cred_aby,cred_aby,66,1,1.206383257,Male,No,4,1,0,0,0,0,1,4,8,9,Moderate,High,No,Male,1,1,1
2024,R_5SlbKiMBfxY3i2r,Old Control,anna,4,5,video2_cred_anna,cred_anna,64,2,1.136053084,Male,No,4,1,0,0,0,0,1,4.5,9,9,Moderate,High,No,Male,1,1,1
2025,R_5SlbKiMBfxY3i2r,Old Control,cham,4,5,video3_cred_cham,cred_cham,64,3,1.136053084,Male,No,4,1,0,0,0,0,1,4.5,9,9,Moderate,High,No,Male,1,1,1
2026,R_5SlbKiMBfxY3i2r,Old Control,fab,5,4,video4_cred_fab,cred_fab,66,4,1.206383257,Male,No,4,1,0,0,0,0,1,4.5,9,9,Moderate,High,No,Male,1,1,1
2027,R_5SlbKiMBfxY3i2r,Old Control,mae,4,5,video5_cred_mae,cred_mae,59,5,0.960227652,Male,No,4,1,0,0,0,0,1,4.5,9,9,Moderate,High,No,Male,1,1,1
2028,R_5SlbKiMBfxY3i2r,Old Control,zanx,4,5,video6_cred_zanx,cred_zanx,66,6,1.206383257,Male,No,4,1,0,0,0,0,1,4.5,9,9,Moderate,High,No,Male,1,1,1
2029,R_5TMDOpa7JoEep0N,Young Control,aby,1,1,video1_cred_aby,cred_aby,9,1,-0.798026671,Female,Yes,1,0,0,0,0,1,1,1,2,1,Low,Moderate,Yes,Female,2,0,0
2030,R_5TMDOpa7JoEep0N,Young Control,anna,1,1,video2_cred_anna,cred_anna,14,2,-0.622201239,Female,Yes,1,0,0,0,0,1,1,1,2,1,Low,Moderate,Yes,Female,2,0,0
2031,R_5TMDOpa7JoEep0N,Young Control,cham,1,1,video3_cred_cham,cred_cham,16,3,-0.551871066,Female,Yes,1,0,0,0,0,1,1,1,2,1,Low,Moderate,Yes,Female,2,0,0
2032,R_5TMDOpa7JoEep0N,Young Control,fab,0,0,video4_cred_fab,cred_fab,10,4,-0.762861585,Female,Yes,1,0,0,0,0,1,1,0,0,1,Low,Low,Yes,Female,2,0,0
2033,R_5TMDOpa7JoEep0N,Young Control,mae,1,1,video5_cred_mae,cred_mae,9,5,-0.798026671,Female,Yes,1,0,0,0,0,1,1,1,2,1,Low,Moderate,Yes,Female,2,0,0
2034,R_5TMDOpa7JoEep0N,Young Control,zanx,0,0,video6_cred_zanx,cred_zanx,6,6,-0.903521931,Female,Yes,1,0,0,0,0,1,1,0,0,1,Low,Low,Yes,Female,2,0,0
2035,R_5TYTWKo05Gren3U,Old Treat,aby,4,3,video1_cred_aby,cred_aby,51,1,0.67890696,Male,No,3,1,0,0,0,0,1,3.5,7,7,Moderate,High,No,Male,2,1,1
2036,R_5TYTWKo05Gren3U,Old Treat,anna,4,3,video2_cred_anna,cred_anna,31,2,-0.024394769,Male,No,3,1,0,0,0,0,1,3.5,7,7,Moderate,High,No,Male,2,1,1
2037,R_5TYTWKo05Gren3U,Old Treat,cham,4,3,video3_cred_cham,cred_cham,49,3,0.608576787,Male,No,3,1,0,0,0,0,1,3.5,7,7,Moderate,High,No,Male,2,1,1
2038,R_5TYTWKo05Gren3U,Old Treat,fab,3,3,video4_cred_fab,cred_fab,60,4,0.995392738,Male,No,3,1,0,0,0,0,1,3,6,7,Moderate,High,No,Male,2,1,1
2039,R_5TYTWKo05Gren3U,Old Treat,mae,3,4,video5_cred_mae,cred_mae,47,5,0.538246614,Male,No,3,1,0,0,0,0,1,3.5,7,7,Moderate,High,No,Male,2,1,1
2040,R_5TYTWKo05Gren3U,Old Treat,zanx,4,3,video6_cred_zanx,cred_zanx,52,6,0.714072047,Male,No,3,1,0,0,0,0,1,3.5,7,7,Moderate,High,No,Male,2,1,1
2041,R_5TuAldYJ4LGtS9E,Young Control,aby,1,0,video1_cred_aby,cred_aby,45,1,0.467916441,Female,Yes,3,0,0,1,0,0,0,0.5,1,1,Low,Moderate,Yes,Female,1,0,1
2042,R_5TuAldYJ4LGtS9E,Young Control,anna,0,1,video2_cred_anna,cred_anna,10,2,-0.762861585,Female,Yes,3,0,0,1,0,0,0,0.5,1,1,Low,Moderate,Yes,Female,1,0,0
2043,R_5TuAldYJ4LGtS9E,Young Control,cham,0,0,video3_cred_cham,cred_cham,7,3,-0.868356844,Female,Yes,3,0,0,1,0,0,0,0,0,1,Low,Low,Yes,Female,1,0,0
2044,R_5TuAldYJ4LGtS9E,Young Control,fab,0,0,video4_cred_fab,cred_fab,3,4,-1.00901719,Female,Yes,3,0,0,1,0,0,0,0,0,1,Low,Low,Yes,Female,1,0,0
2045,R_5TuAldYJ4LGtS9E,Young Control,mae,0,0,video5_cred_mae,cred_mae,0,5,-1.114512449,Female,Yes,3,0,0,1,0,0,0,0,0,1,Low,Low,Yes,Female,1,0,0
2046,R_5TuAldYJ4LGtS9E,Young Control,zanx,1,0,video6_cred_zanx,cred_zanx,34,6,0.08110049,Female,Yes,3,0,0,1,0,0,0,0.5,1,1,Low,Moderate,Yes,Female,1,0,1
2047,R_5U6qZ0o0TJAG53s,Old Treat,aby,0,0,video1_cred_aby,cred_aby,26,1,-0.200220201,Female,Yes,4,1,0,0,0,0,0,0,0,0,Low,Low,Yes,Female,1,0,1
2048,R_5U6qZ0o0TJAG53s,Old Treat,anna,0,0,video2_cred_anna,cred_anna,15,2,-0.587036152,Female,Yes,4,1,0,0,0,0,0,0,0,0,Low,Low,Yes,Female,1,0,0
2049,R_5U6qZ0o0TJAG53s,Old Treat,cham,0,0,video3_cred_cham,cred_cham,13,3,-0.657366325,Female,Yes,4,1,0,0,0,0,0,0,0,0,Low,Low,Yes,Female,1,0,0
2050,R_5U6qZ0o0TJAG53s,Old Treat,fab,0,0,video4_cred_fab,cred_fab,0,4,-1.114512449,Female,Yes,4,1,0,0,0,0,0,0,0,0,Low,Low,Yes,Female,1,0,0
2051,R_5U6qZ0o0TJAG53s,Old Treat,mae,0,0,video5_cred_mae,cred_mae,4,5,-0.973852103,Female,Yes,4,1,0,0,0,0,0,0,0,0,Low,Low,Yes,Female,1,0,0
2052,R_5U6qZ0o0TJAG53s,Old Treat,zanx,0,0,video6_cred_zanx,cred_zanx,0,6,-1.114512449,Female,Yes,4,1,0,0,0,0,0,0,0,0,Low,Low,Yes,Female,1,0,0
2053,R_5Ueqx49qz9Y5xbH,Young Control,aby,0,0,video1_cred_aby,cred_aby,0,1,-1.114512449,Female,Yes,4,1,0,0,0,0,0,0,0,2,Low,Low,Yes,Female,1,0,0
2054,R_5Ueqx49qz9Y5xbH,Young Control,anna,0,0,video2_cred_anna,cred_anna,0,2,-1.114512449,Female,Yes,4,1,0,0,0,0,0,0,0,2,Low,Low,Yes,Female,1,0,0
2055,R_5Ueqx49qz9Y5xbH,Young Control,cham,0,0,video3_cred_cham,cred_cham,8,3,-0.833191758,Female,Yes,4,1,0,0,0,0,0,0,0,2,Low,Low,Yes,Female,1,0,0
2056,R_5Ueqx49qz9Y5xbH,Young Control,fab,0,0,video4_cred_fab,cred_fab,44,4,0.432751355,Female,Yes,4,1,0,0,0,0,0,0,0,2,Low,Low,Yes,Female,1,0,1
2057,R_5Ueqx49qz9Y5xbH,Young Control,mae,0,1,video5_cred_mae,cred_mae,39,5,0.256925923,Female,Yes,4,1,0,0,0,0,0,0.5,1,2,Low,Moderate,Yes,Female,1,0,1
2058,R_5Ueqx49qz9Y5xbH,Young Control,zanx,0,0,video6_cred_zanx,cred_zanx,0,6,-1.114512449,Female,Yes,4,1,0,0,0,0,0,0,0,2,Low,Low,Yes,Female,1,0,0
2059,R_5VIgQm6GlAbwgIV,Young Treat,aby,0,0,video1_cred_aby,cred_aby,10,1,-0.762861585,Female,Yes,2,0,0,0,1,0,0,0,0,0,Low,Low,Yes,Female,1,0,0
2060,R_5VIgQm6GlAbwgIV,Young Treat,anna,0,0,video2_cred_anna,cred_anna,11,2,-0.727696498,Female,Yes,2,0,0,0,1,0,0,0,0,0,Low,Low,Yes,Female,1,0,0
2061,R_5VIgQm6GlAbwgIV,Young Treat,cham,0,0,video3_cred_cham,cred_cham,10,3,-0.762861585,Female,Yes,2,0,0,0,1,0,0,0,0,0,Low,Low,Yes,Female,1,0,0
2062,R_5VIgQm6GlAbwgIV,Young Treat,fab,0,0,video4_cred_fab,cred_fab,10,4,-0.762861585,Female,Yes,2,0,0,0,1,0,0,0,0,0,Low,Low,Yes,Female,1,0,0
2063,R_5VIgQm6GlAbwgIV,Young Treat,mae,0,0,video5_cred_mae,cred_mae,10,5,-0.762861585,Female,Yes,2,0,0,0,1,0,0,0,0,0,Low,Low,Yes,Female,1,0,0
2064,R_5VIgQm6GlAbwgIV,Young Treat,zanx,0,0,video6_cred_zanx,cred_zanx,10,6,-0.762861585,Female,Yes,2,0,0,0,1,0,0,0,0,0,Low,Low,Yes,Female,1,0,0
2065,R_5VZy2JXTXqSKZvH,Young Treat,aby,0,0,video1_cred_aby,cred_aby,0,1,-1.114512449,Male,No,1,0,1,0,0,1,0,0,0,0,Low,Low,No,Male,3,0,0
2066,R_5VZy2JXTXqSKZvH,Young Treat,anna,0,0,video2_cred_anna,cred_anna,0,2,-1.114512449,Male,No,1,0,1,0,0,1,0,0,0,0,Low,Low,No,Male,3,0,0
2067,R_5VZy2JXTXqSKZvH,Young Treat,cham,0,0,video3_cred_cham,cred_cham,2,3,-1.044182276,Male,No,1,0,1,0,0,1,0,0,0,0,Low,Low,No,Male,3,0,0
2068,R_5VZy2JXTXqSKZvH,Young Treat,fab,0,0,video4_cred_fab,cred_fab,0,4,-1.114512449,Male,No,1,0,1,0,0,1,0,0,0,0,Low,Low,No,Male,3,0,0
2069,R_5VZy2JXTXqSKZvH,Young Treat,mae,0,0,video5_cred_mae,cred_mae,0,5,-1.114512449,Male,No,1,0,1,0,0,1,0,0,0,0,Low,Low,No,Male,3,0,0
2070,R_5VZy2JXTXqSKZvH,Young Treat,zanx,0,0,video6_cred_zanx,cred_zanx,0,6,-1.114512449,Male,No,1,0,1,0,0,1,0,0,0,0,Low,Low,No,Male,3,0,0
2071,R_5Vw04HG4XnX5ELD,Young Control,aby,0,0,video1_cred_aby,cred_aby,6,1,-0.903521931,Male,No,3,1,0,0,0,0,0,0,0,0,Low,Low,No,Male,3,0,0
2072,R_5Vw04HG4XnX5ELD,Young Control,anna,0,0,video2_cred_anna,cred_anna,17,2,-0.516705979,Male,No,3,1,0,0,0,0,0,0,0,0,Low,Low,No,Male,3,0,0
2073,R_5Vw04HG4XnX5ELD,Young Control,cham,0,0,video3_cred_cham,cred_cham,0,3,-1.114512449,Male,No,3,1,0,0,0,0,0,0,0,0,Low,Low,No,Male,3,0,0
2074,R_5Vw04HG4XnX5ELD,Young Control,fab,0,0,video4_cred_fab,cred_fab,4,4,-0.973852103,Male,No,3,1,0,0,0,0,0,0,0,0,Low,Low,No,Male,3,0,0
2075,R_5Vw04HG4XnX5ELD,Young Control,mae,0,0,video5_cred_mae,cred_mae,25,5,-0.235385288,Male,No,3,1,0,0,0,0,0,0,0,0,Low,Low,No,Male,3,0,1
2076,R_5Vw04HG4XnX5ELD,Young Control,zanx,0,0,video6_cred_zanx,cred_zanx,0,6,-1.114512449,Male,No,3,1,0,0,0,0,0,0,0,0,Low,Low,No,Male,3,0,0
2077,R_5WS73oq2Ma856ZJ,Old Control,aby,6,6,video1_cred_aby,cred_aby,85,1,1.8745199,Female,Yes,3,0,0,1,0,0,0,6,12,11,High,High,Yes,Female,2,1,1
2078,R_5WS73oq2Ma856ZJ,Old Control,anna,5,6,video2_cred_anna,cred_anna,84,2,1.839354813,Female,Yes,3,0,0,1,0,0,0,5.5,11,11,High,High,Yes,Female,2,1,1
2079,R_5WS73oq2Ma856ZJ,Old Control,cham,6,5,video3_cred_cham,cred_cham,86,3,1.909684986,Female,Yes,3,0,0,1,0,0,0,5.5,11,11,High,High,Yes,Female,2,1,1
2080,R_5WS73oq2Ma856ZJ,Old Control,fab,5,5,video4_cred_fab,cred_fab,79,4,1.663529381,Female,Yes,3,0,0,1,0,0,0,5,10,11,High,High,Yes,Female,2,1,1
2081,R_5WS73oq2Ma856ZJ,Old Control,mae,6,6,video5_cred_mae,cred_mae,83,5,1.804189727,Female,Yes,3,0,0,1,0,0,0,6,12,11,High,High,Yes,Female,2,1,1
2082,R_5WS73oq2Ma856ZJ,Old Control,zanx,6,5,video6_cred_zanx,cred_zanx,85,6,1.8745199,Female,Yes,3,0,0,1,0,0,0,5.5,11,11,High,High,Yes,Female,2,1,1
2083,R_5XiqlqKgbjoJ5gB,Old Control,aby,0,0,video1_cred_aby,cred_aby,40,1,0.292091009,Female,Yes,1,0,0,0,0,1,1,0,0,0,Low,Low,Yes,Female,2,0,1
2084,R_5XiqlqKgbjoJ5gB,Old Control,anna,0,0,video2_cred_anna,cred_anna,41,2,0.327256096,Female,Yes,1,0,0,0,0,1,1,0,0,0,Low,Low,Yes,Female,2,0,1
2085,R_5XiqlqKgbjoJ5gB,Old Control,cham,0,0,video3_cred_cham,cred_cham,20,3,-0.41121072,Female,Yes,1,0,0,0,0,1,1,0,0,0,Low,Low,Yes,Female,2,0,0
2086,R_5XiqlqKgbjoJ5gB,Old Control,fab,0,0,video4_cred_fab,cred_fab,20,4,-0.41121072,Female,Yes,1,0,0,0,0,1,1,0,0,0,Low,Low,Yes,Female,2,0,0
2087,R_5XiqlqKgbjoJ5gB,Old Control,mae,0,0,video5_cred_mae,cred_mae,20,5,-0.41121072,Female,Yes,1,0,0,0,0,1,1,0,0,0,Low,Low,Yes,Female,2,0,0
2088,R_5XiqlqKgbjoJ5gB,Old Control,zanx,0,0,video6_cred_zanx,cred_zanx,10,6,-0.762861585,Female,Yes,1,0,0,0,0,1,1,0,0,0,Low,Low,Yes,Female,2,0,0
2089,R_5Xiw76Mg1ra7M6l,Old Treat,aby,0,0,video1_cred_aby,cred_aby,9,1,-0.798026671,Female,No,3,0,1,0,0,0,0,0,0,0,Low,Low,No,Female,1,0,0
2090,R_5Xiw76Mg1ra7M6l,Old Treat,anna,0,0,video2_cred_anna,cred_anna,0,2,-1.114512449,Female,No,3,0,1,0,0,0,0,0,0,0,Low,Low,No,Female,1,0,0
2091,R_5Xiw76Mg1ra7M6l,Old Treat,cham,0,0,video3_cred_cham,cred_cham,10,3,-0.762861585,Female,No,3,0,1,0,0,0,0,0,0,0,Low,Low,No,Female,1,0,0
2092,R_5Xiw76Mg1ra7M6l,Old Treat,fab,0,0,video4_cred_fab,cred_fab,13,4,-0.657366325,Female,No,3,0,1,0,0,0,0,0,0,0,Low,Low,No,Female,1,0,0
2093,R_5Xiw76Mg1ra7M6l,Old Treat,mae,0,0,video5_cred_mae,cred_mae,20,5,-0.41121072,Female,No,3,0,1,0,0,0,0,0,0,0,Low,Low,No,Female,1,0,0
2094,R_5Xiw76Mg1ra7M6l,Old Treat,zanx,0,0,video6_cred_zanx,cred_zanx,19,6,-0.446375807,Female,No,3,0,1,0,0,0,0,0,0,0,Low,Low,No,Female,1,0,0
2095,R_5Xn8wFWI98Yig6M,Young Control,aby,1,1,video1_cred_aby,cred_aby,28,1,-0.129890028,Female,No,4,1,0,0,0,0,1,1,2,4,Low,Moderate,No,Female,1,0,1
2096,R_5Xn8wFWI98Yig6M,Young Control,anna,1,1,video2_cred_anna,cred_anna,40,2,0.292091009,Female,No,4,1,0,0,0,0,1,1,2,4,Low,Moderate,No,Female,1,0,1
2097,R_5Xn8wFWI98Yig6M,Young Control,cham,1,1,video3_cred_cham,cred_cham,9,3,-0.798026671,Female,No,4,1,0,0,0,0,1,1,2,4,Low,Moderate,No,Female,1,0,0
2098,R_5Xn8wFWI98Yig6M,Young Control,fab,1,1,video4_cred_fab,cred_fab,3,4,-1.00901719,Female,No,4,1,0,0,0,0,1,1,2,4,Low,Moderate,No,Female,1,0,0
2099,R_5Xn8wFWI98Yig6M,Young Control,mae,1,1,video5_cred_mae,cred_mae,6,5,-0.903521931,Female,No,4,1,0,0,0,0,1,1,2,4,Low,Moderate,No,Female,1,0,0
2100,R_5Xn8wFWI98Yig6M,Young Control,zanx,1,1,video6_cred_zanx,cred_zanx,7,6,-0.868356844,Female,No,4,1,0,0,0,0,1,1,2,4,Low,Moderate,No,Female,1,0,0
2101,R_5Y5j8vLyrjUpL33,Old Control,aby,0,0,video1_cred_aby,cred_aby,52,1,0.714072047,Female,Yes,4,0,0,0,0,1,0,0,0,0,Low,Low,Yes,Female,1,0,1
2102,R_5Y5j8vLyrjUpL33,Old Control,anna,0,1,video2_cred_anna,cred_anna,40,2,0.292091009,Female,Yes,4,0,0,0,0,1,0,0.5,1,0,Low,Moderate,Yes,Female,1,0,1
2103,R_5Y5j8vLyrjUpL33,Old Control,cham,0,0,video3_cred_cham,cred_cham,51,3,0.67890696,Female,Yes,4,0,0,0,0,1,0,0,0,0,Low,Low,Yes,Female,1,0,1
2104,R_5Y5j8vLyrjUpL33,Old Control,fab,0,0,video4_cred_fab,cred_fab,59,4,0.960227652,Female,Yes,4,0,0,0,0,1,0,0,0,0,Low,Low,Yes,Female,1,0,1
2105,R_5Y5j8vLyrjUpL33,Old Control,mae,0,0,video5_cred_mae,cred_mae,41,5,0.327256096,Female,Yes,4,0,0,0,0,1,0,0,0,0,Low,Low,Yes,Female,1,0,1
2106,R_5Y5j8vLyrjUpL33,Old Control,zanx,0,0,video6_cred_zanx,cred_zanx,29,6,-0.094724942,Female,Yes,4,0,0,0,0,1,0,0,0,0,Low,Low,Yes,Female,1,0,1
2107,R_5YGYIVYN8aJgJ1f,Old Treat,aby,4,3,video1_cred_aby,cred_aby,39,1,0.256925923,Male,Yes,3,0,0,0,1,0,1,3.5,7,4,Low,High,Yes,Male,1,0,1
2108,R_5YGYIVYN8aJgJ1f,Old Treat,anna,2,1,video2_cred_anna,cred_anna,40,2,0.292091009,Male,Yes,3,0,0,0,1,0,1,1.5,3,4,Low,Moderate,Yes,Male,1,0,1
2109,R_5YGYIVYN8aJgJ1f,Old Treat,cham,2,1,video3_cred_cham,cred_cham,40,3,0.292091009,Male,Yes,3,0,0,0,1,0,1,1.5,3,4,Low,Moderate,Yes,Male,1,0,1
2110,R_5YGYIVYN8aJgJ1f,Old Treat,fab,1,1,video4_cred_fab,cred_fab,10,4,-0.762861585,Male,Yes,3,0,0,0,1,0,1,1,2,4,Low,Moderate,Yes,Male,1,0,0
2111,R_5YGYIVYN8aJgJ1f,Old Treat,mae,2,1,video5_cred_mae,cred_mae,17,5,-0.516705979,Male,Yes,3,0,0,0,1,0,1,1.5,3,4,Low,Moderate,Yes,Male,1,0,0
2112,R_5YGYIVYN8aJgJ1f,Old Treat,zanx,3,1,video6_cred_zanx,cred_zanx,10,6,-0.762861585,Male,Yes,3,0,0,0,1,0,1,2,4,4,Low,High,Yes,Male,1,0,0
2113,R_5ZTAvZ8k0Nti1X7,Old Treat,aby,1,1,video1_cred_aby,cred_aby,9,1,-0.798026671,Female,No,4,1,0,1,1,0,0,1,2,2,Low,Moderate,No,Female,2,0,0
2114,R_5ZTAvZ8k0Nti1X7,Old Treat,anna,1,1,video2_cred_anna,cred_anna,11,2,-0.727696498,Female,No,4,1,0,1,1,0,0,1,2,2,Low,Moderate,No,Female,2,0,0
2115,R_5ZTAvZ8k0Nti1X7,Old Treat,cham,1,1,video3_cred_cham,cred_cham,3,3,-1.00901719,Female,No,4,1,0,1,1,0,0,1,2,2,Low,Moderate,No,Female,2,0,0
2116,R_5ZTAvZ8k0Nti1X7,Old Treat,fab,1,1,video4_cred_fab,cred_fab,9,4,-0.798026671,Female,No,4,1,0,1,1,0,0,1,2,2,Low,Moderate,No,Female,2,0,0
2117,R_5ZTAvZ8k0Nti1X7,Old Treat,mae,1,1,video5_cred_mae,cred_mae,8,5,-0.833191758,Female,No,4,1,0,1,1,0,0,1,2,2,Low,Moderate,No,Female,2,0,0
2118,R_5ZTAvZ8k0Nti1X7,Old Treat,zanx,1,1,video6_cred_zanx,cred_zanx,4,6,-0.973852103,Female,No,4,1,0,1,1,0,0,1,2,2,Low,Moderate,No,Female,2,0,0
2119,R_5Zjr821pbFY7s65,Old Treat,aby,0,1,video1_cred_aby,cred_aby,9,1,-0.798026671,Female,Yes,2,0,0,0,1,0,1,0.5,1,0,Low,Moderate,Yes,Female,1,0,0
2120,R_5Zjr821pbFY7s65,Old Treat,anna,0,0,video2_cred_anna,cred_anna,5,2,-0.938687017,Female,Yes,2,0,0,0,1,0,1,0,0,0,Low,Low,Yes,Female,1,0,0
2121,R_5Zjr821pbFY7s65,Old Treat,cham,0,0,video3_cred_cham,cred_cham,8,3,-0.833191758,Female,Yes,2,0,0,0,1,0,1,0,0,0,Low,Low,Yes,Female,1,0,0
2122,R_5Zjr821pbFY7s65,Old Treat,fab,0,0,video4_cred_fab,cred_fab,7,4,-0.868356844,Female,Yes,2,0,0,0,1,0,1,0,0,0,Low,Low,Yes,Female,1,0,0
2123,R_5Zjr821pbFY7s65,Old Treat,mae,0,0,video5_cred_mae,cred_mae,5,5,-0.938687017,Female,Yes,2,0,0,0,1,0,1,0,0,0,Low,Low,Yes,Female,1,0,0
2124,R_5Zjr821pbFY7s65,Old Treat,zanx,0,0,video6_cred_zanx,cred_zanx,11,6,-0.727696498,Female,Yes,2,0,0,0,1,0,1,0,0,0,Low,Low,Yes,Female,1,0,0
2125,R_5aitFxipFtwoWWZ,Young Control,aby,0,0,video1_cred_aby,cred_aby,0,1,-1.114512449,Female,Yes,4,0,0,0,0,0,0,0,0,0,Low,Low,Yes,Female,1,0,0
2126,R_5aitFxipFtwoWWZ,Young Control,anna,0,0,video2_cred_anna,cred_anna,12,2,-0.692531412,Female,Yes,4,0,0,0,0,0,0,0,0,0,Low,Low,Yes,Female,1,0,0
2127,R_5aitFxipFtwoWWZ,Young Control,cham,NA,NA,video3_cred_cham,cred_cham,NA,3,NA,Female,Yes,4,0,0,0,0,0,0,NA,NA,0,Low,NA,Yes,Female,1,0,NA
2128,R_5aitFxipFtwoWWZ,Young Control,fab,0,0,video4_cred_fab,cred_fab,0,4,-1.114512449,Female,Yes,4,0,0,0,0,0,0,0,0,0,Low,Low,Yes,Female,1,0,0
2129,R_5aitFxipFtwoWWZ,Young Control,mae,0,0,video5_cred_mae,cred_mae,13,5,-0.657366325,Female,Yes,4,0,0,0,0,0,0,0,0,0,Low,Low,Yes,Female,1,0,0
2130,R_5aitFxipFtwoWWZ,Young Control,zanx,0,0,video6_cred_zanx,cred_zanx,2,6,-1.044182276,Female,Yes,4,0,0,0,0,0,0,0,0,0,Low,Low,Yes,Female,1,0,0
2131,R_5an0NIReTweSICC,Young Treat,aby,0,0,video1_cred_aby,cred_aby,20,1,-0.41121072,Female,No,1,0,1,0,0,0,0,0,0,0,Low,Low,No,Female,2,0,0
2132,R_5an0NIReTweSICC,Young Treat,anna,0,0,video2_cred_anna,cred_anna,15,2,-0.587036152,Female,No,1,0,1,0,0,0,0,0,0,0,Low,Low,No,Female,2,0,0
2133,R_5an0NIReTweSICC,Young Treat,cham,0,0,video3_cred_cham,cred_cham,14,3,-0.622201239,Female,No,1,0,1,0,0,0,0,0,0,0,Low,Low,No,Female,2,0,0
2134,R_5an0NIReTweSICC,Young Treat,fab,0,0,video4_cred_fab,cred_fab,19,4,-0.446375807,Female,No,1,0,1,0,0,0,0,0,0,0,Low,Low,No,Female,2,0,0
2135,R_5an0NIReTweSICC,Young Treat,mae,0,0,video5_cred_mae,cred_mae,18,5,-0.481540893,Female,No,1,0,1,0,0,0,0,0,0,0,Low,Low,No,Female,2,0,0
2136,R_5an0NIReTweSICC,Young Treat,zanx,0,0,video6_cred_zanx,cred_zanx,23,6,-0.305715461,Female,No,1,0,1,0,0,0,0,0,0,0,Low,Low,No,Female,2,0,1
2137,R_5awU0XnEFslgOOH,Young Treat,aby,0,0,video1_cred_aby,cred_aby,38,1,0.221760836,Female,Yes,4,0,0,0,0,1,0,0,0,0,Low,Low,Yes,Female,1,0,1
2138,R_5awU0XnEFslgOOH,Young Treat,anna,0,0,video2_cred_anna,cred_anna,0,2,-1.114512449,Female,Yes,4,0,0,0,0,1,0,0,0,0,Low,Low,Yes,Female,1,0,0
2139,R_5awU0XnEFslgOOH,Young Treat,cham,0,0,video3_cred_cham,cred_cham,0,3,-1.114512449,Female,Yes,4,0,0,0,0,1,0,0,0,0,Low,Low,Yes,Female,1,0,0
2140,R_5awU0XnEFslgOOH,Young Treat,fab,0,0,video4_cred_fab,cred_fab,13,4,-0.657366325,Female,Yes,4,0,0,0,0,1,0,0,0,0,Low,Low,Yes,Female,1,0,0
2141,R_5awU0XnEFslgOOH,Young Treat,mae,0,0,video5_cred_mae,cred_mae,19,5,-0.446375807,Female,Yes,4,0,0,0,0,1,0,0,0,0,Low,Low,Yes,Female,1,0,0
2142,R_5awU0XnEFslgOOH,Young Treat,zanx,0,0,video6_cred_zanx,cred_zanx,0,6,-1.114512449,Female,Yes,4,0,0,0,0,1,0,0,0,0,Low,Low,Yes,Female,1,0,0
2143,R_5bPyKX9wpJO6ByN,Old Treat,aby,0,0,video1_cred_aby,cred_aby,50,1,0.643741874,Female,Yes,4,0,0,0,0,0,1,0,0,1,Low,Low,Yes,Female,2,0,1
2144,R_5bPyKX9wpJO6ByN,Old Treat,anna,0,0,video2_cred_anna,cred_anna,50,2,0.643741874,Female,Yes,4,0,0,0,0,0,1,0,0,1,Low,Low,Yes,Female,2,0,1
2145,R_5bPyKX9wpJO6ByN,Old Treat,cham,1,0,video3_cred_cham,cred_cham,NA,3,NA,Female,Yes,4,0,0,0,0,0,1,0.5,1,1,Low,Moderate,Yes,Female,2,0,NA
2146,R_5bPyKX9wpJO6ByN,Old Treat,fab,0,0,video4_cred_fab,cred_fab,50,4,0.643741874,Female,Yes,4,0,0,0,0,0,1,0,0,1,Low,Low,Yes,Female,2,0,1
2147,R_5bPyKX9wpJO6ByN,Old Treat,mae,0,0,video5_cred_mae,cred_mae,50,5,0.643741874,Female,Yes,4,0,0,0,0,0,1,0,0,1,Low,Low,Yes,Female,2,0,1
2148,R_5bPyKX9wpJO6ByN,Old Treat,zanx,0,0,video6_cred_zanx,cred_zanx,50,6,0.643741874,Female,Yes,4,0,0,0,0,0,1,0,0,1,Low,Low,Yes,Female,2,0,1
2149,R_5bfGBnOObqmC3bH,Young Treat,aby,0,0,video1_cred_aby,cred_aby,12,1,-0.692531412,Female,Yes,1,0,0,0,0,1,1,0,0,3,Low,Low,Yes,Female,1,0,0
2150,R_5bfGBnOObqmC3bH,Young Treat,anna,1,2,video2_cred_anna,cred_anna,34,2,0.08110049,Female,Yes,1,0,0,0,0,1,1,1.5,3,3,Low,Moderate,Yes,Female,1,0,1
2151,R_5bfGBnOObqmC3bH,Young Treat,cham,1,2,video3_cred_cham,cred_cham,35,3,0.116265577,Female,Yes,1,0,0,0,0,1,1,1.5,3,3,Low,Moderate,Yes,Female,1,0,1
2152,R_5bfGBnOObqmC3bH,Young Treat,fab,0,1,video4_cred_fab,cred_fab,16,4,-0.551871066,Female,Yes,1,0,0,0,0,1,1,0.5,1,3,Low,Moderate,Yes,Female,1,0,0
2153,R_5bfGBnOObqmC3bH,Young Treat,mae,3,2,video5_cred_mae,cred_mae,50,5,0.643741874,Female,Yes,1,0,0,0,0,1,1,2.5,5,3,Low,High,Yes,Female,1,0,1
2154,R_5bfGBnOObqmC3bH,Young Treat,zanx,3,2,video6_cred_zanx,cred_zanx,7,6,-0.868356844,Female,Yes,1,0,0,0,0,1,1,2.5,5,3,Low,High,Yes,Female,1,0,0
2155,R_5cA9gvqYCe2tUFj,Young Treat,aby,0,0,video1_cred_aby,cred_aby,73,1,1.452538862,Female,No,4,1,0,0,0,0,1,0,0,0,Low,Low,No,Female,3,0,1
2156,R_5cA9gvqYCe2tUFj,Young Treat,anna,0,0,video2_cred_anna,cred_anna,71,2,1.382208689,Female,No,4,1,0,0,0,0,1,0,0,0,Low,Low,No,Female,3,0,1
2157,R_5cA9gvqYCe2tUFj,Young Treat,cham,0,0,video3_cred_cham,cred_cham,18,3,-0.481540893,Female,No,4,1,0,0,0,0,1,0,0,0,Low,Low,No,Female,3,0,0
2158,R_5cA9gvqYCe2tUFj,Young Treat,fab,0,0,video4_cred_fab,cred_fab,39,4,0.256925923,Female,No,4,1,0,0,0,0,1,0,0,0,Low,Low,No,Female,3,0,1
2159,R_5cA9gvqYCe2tUFj,Young Treat,mae,0,0,video5_cred_mae,cred_mae,9,5,-0.798026671,Female,No,4,1,0,0,0,0,1,0,0,0,Low,Low,No,Female,3,0,0
2160,R_5cA9gvqYCe2tUFj,Young Treat,zanx,0,0,video6_cred_zanx,cred_zanx,23,6,-0.305715461,Female,No,4,1,0,0,0,0,1,0,0,0,Low,Low,No,Female,3,0,1
2161,R_5clTphJbuLPHrBT,Young Control,aby,6,6,video1_cred_aby,cred_aby,86,1,1.909684986,Male,No,4,1,0,0,0,0,0,6,12,12,High,High,No,Male,3,1,1
2162,R_5clTphJbuLPHrBT,Young Control,anna,6,6,video2_cred_anna,cred_anna,81,2,1.733859554,Male,No,4,1,0,0,0,0,0,6,12,12,High,High,No,Male,3,1,1
2163,R_5clTphJbuLPHrBT,Young Control,cham,5,6,video3_cred_cham,cred_cham,77,3,1.593199208,Male,No,4,1,0,0,0,0,0,5.5,11,12,High,High,No,Male,3,1,1
2164,R_5clTphJbuLPHrBT,Young Control,fab,6,6,video4_cred_fab,cred_fab,88,4,1.980015159,Male,No,4,1,0,0,0,0,0,6,12,12,High,High,No,Male,3,1,1
2165,R_5clTphJbuLPHrBT,Young Control,mae,6,6,video5_cred_mae,cred_mae,86,5,1.909684986,Male,No,4,1,0,0,0,0,0,6,12,12,High,High,No,Male,3,1,1
2166,R_5clTphJbuLPHrBT,Young Control,zanx,6,5,video6_cred_zanx,cred_zanx,84,6,1.839354813,Male,No,4,1,0,0,0,0,0,5.5,11,12,High,High,No,Male,3,1,1
2167,R_5dGjotStp3rKsx4,Young Treat,aby,4,4,video1_cred_aby,cred_aby,65,1,1.171218171,Female,Yes,3,1,0,0,0,0,0,4,8,7,Moderate,High,Yes,Female,1,0,1
2168,R_5dGjotStp3rKsx4,Young Treat,anna,3,3,video2_cred_anna,cred_anna,62,2,1.065722911,Female,Yes,3,1,0,0,0,0,0,3,6,7,Moderate,High,Yes,Female,1,0,1
2169,R_5dGjotStp3rKsx4,Young Treat,cham,3,3,video3_cred_cham,cred_cham,77,3,1.593199208,Female,Yes,3,1,0,0,0,0,0,3,6,7,Moderate,High,Yes,Female,1,0,1
2170,R_5dGjotStp3rKsx4,Young Treat,fab,4,4,video4_cred_fab,cred_fab,66,4,1.206383257,Female,Yes,3,1,0,0,0,0,0,4,8,7,Moderate,High,Yes,Female,1,0,1
2171,R_5dGjotStp3rKsx4,Young Treat,mae,3,3,video5_cred_mae,cred_mae,68,5,1.27671343,Female,Yes,3,1,0,0,0,0,0,3,6,7,Moderate,High,Yes,Female,1,0,1
2172,R_5dGjotStp3rKsx4,Young Treat,zanx,4,3,video6_cred_zanx,cred_zanx,76,6,1.558034122,Female,Yes,3,1,0,0,0,0,0,3.5,7,7,Moderate,High,Yes,Female,1,0,1
2173,R_5dGuTBCibV6TMNR,Young Treat,aby,0,0,video1_cred_aby,cred_aby,12,1,-0.692531412,Female,No,3,0,1,0,0,0,0,0,0,3,Low,Low,No,Female,3,0,0
2174,R_5dGuTBCibV6TMNR,Young Treat,anna,0,0,video2_cred_anna,cred_anna,11,2,-0.727696498,Female,No,3,0,1,0,0,0,0,0,0,3,Low,Low,No,Female,3,0,0
2175,R_5dGuTBCibV6TMNR,Young Treat,cham,0,0,video3_cred_cham,cred_cham,7,3,-0.868356844,Female,No,3,0,1,0,0,0,0,0,0,3,Low,Low,No,Female,3,0,0
2176,R_5dGuTBCibV6TMNR,Young Treat,fab,0,0,video4_cred_fab,cred_fab,4,4,-0.973852103,Female,No,3,0,1,0,0,0,0,0,0,3,Low,Low,No,Female,3,0,0
2177,R_5dGuTBCibV6TMNR,Young Treat,mae,0,2,video5_cred_mae,cred_mae,55,5,0.819567306,Female,No,3,0,1,0,0,0,0,1,2,3,Low,Moderate,No,Female,3,0,1
2178,R_5dGuTBCibV6TMNR,Young Treat,zanx,0,0,video6_cred_zanx,cred_zanx,7,6,-0.868356844,Female,No,3,0,1,0,0,0,0,0,0,3,Low,Low,No,Female,3,0,0
2179,R_5dnAkGEog1s1vIJ,Young Control,aby,1,1,video1_cred_aby,cred_aby,46,1,0.503081528,Male,Yes,4,0,0,0,1,0,1,1,2,4,Low,Moderate,Yes,Male,1,1,1
2180,R_5dnAkGEog1s1vIJ,Young Control,anna,2,1,video2_cred_anna,cred_anna,35,2,0.116265577,Male,Yes,4,0,0,0,1,0,1,1.5,3,4,Low,Moderate,Yes,Male,1,1,1
2181,R_5dnAkGEog1s1vIJ,Young Control,cham,0,0,video3_cred_cham,cred_cham,9,3,-0.798026671,Male,Yes,4,0,0,0,1,0,1,0,0,4,Low,Low,Yes,Male,1,1,0
2182,R_5dnAkGEog1s1vIJ,Young Control,fab,1,1,video4_cred_fab,cred_fab,8,4,-0.833191758,Male,Yes,4,0,0,0,1,0,1,1,2,4,Low,Moderate,Yes,Male,1,1,0
2183,R_5dnAkGEog1s1vIJ,Young Control,mae,1,1,video5_cred_mae,cred_mae,33,5,0.045935404,Male,Yes,4,0,0,0,1,0,1,1,2,4,Low,Moderate,Yes,Male,1,1,1
2184,R_5dnAkGEog1s1vIJ,Young Control,zanx,2,2,video6_cred_zanx,cred_zanx,50,6,0.643741874,Male,Yes,4,0,0,0,1,0,1,2,4,4,Low,High,Yes,Male,1,1,1
2185,R_5dt6uCHyNt9M0pz,Young Treat,aby,0,0,video1_cred_aby,cred_aby,0,1,-1.114512449,Female,Yes,1,0,0,0,0,1,0,0,0,0,Low,Low,Yes,Female,1,0,0
2186,R_5dt6uCHyNt9M0pz,Young Treat,anna,0,0,video2_cred_anna,cred_anna,2,2,-1.044182276,Female,Yes,1,0,0,0,0,1,0,0,0,0,Low,Low,Yes,Female,1,0,0
2187,R_5dt6uCHyNt9M0pz,Young Treat,cham,0,0,video3_cred_cham,cred_cham,18,3,-0.481540893,Female,Yes,1,0,0,0,0,1,0,0,0,0,Low,Low,Yes,Female,1,0,0
2188,R_5dt6uCHyNt9M0pz,Young Treat,fab,0,0,video4_cred_fab,cred_fab,100,4,2.401996197,Female,Yes,1,0,0,0,0,1,0,0,0,0,Low,Low,Yes,Female,1,0,1
2189,R_5dt6uCHyNt9M0pz,Young Treat,mae,0,0,video5_cred_mae,cred_mae,28,5,-0.129890028,Female,Yes,1,0,0,0,0,1,0,0,0,0,Low,Low,Yes,Female,1,0,1
2190,R_5dt6uCHyNt9M0pz,Young Treat,zanx,0,0,video6_cred_zanx,cred_zanx,10,6,-0.762861585,Female,Yes,1,0,0,0,0,1,0,0,0,0,Low,Low,Yes,Female,1,0,0
2191,R_5eDGBWOhyYL59WT,Young Control,aby,2,3,video1_cred_aby,cred_aby,61,1,1.030557825,Male,No,4,1,0,0,0,0,1,2.5,5,5,Moderate,High,No,Male,1,1,1
2192,R_5eDGBWOhyYL59WT,Young Control,anna,3,3,video2_cred_anna,cred_anna,59,2,0.960227652,Male,No,4,1,0,0,0,0,1,3,6,5,Moderate,High,No,Male,1,1,1
2193,R_5eDGBWOhyYL59WT,Young Control,cham,3,3,video3_cred_cham,cred_cham,63,3,1.100887998,Male,No,4,1,0,0,0,0,1,3,6,5,Moderate,High,No,Male,1,1,1
2194,R_5eDGBWOhyYL59WT,Young Control,fab,4,3,video4_cred_fab,cred_fab,58,4,0.925062565,Male,No,4,1,0,0,0,0,1,3.5,7,5,Moderate,High,No,Male,1,1,1
2195,R_5eDGBWOhyYL59WT,Young Control,mae,4,4,video5_cred_mae,cred_mae,56,5,0.854732392,Male,No,4,1,0,0,0,0,1,4,8,5,Moderate,High,No,Male,1,1,1
2196,R_5eDGBWOhyYL59WT,Young Control,zanx,3,3,video6_cred_zanx,cred_zanx,68,6,1.27671343,Male,No,4,1,0,0,0,0,1,3,6,5,Moderate,High,No,Male,1,1,1
2197,R_5eKyjCGmlqGmi4k,Old Treat,aby,3,3,video1_cred_aby,cred_aby,38,1,0.221760836,Female,No,3,1,0,0,0,0,1,3,6,2,Low,High,No,Female,1,1,1
2198,R_5eKyjCGmlqGmi4k,Old Treat,anna,5,6,video2_cred_anna,cred_anna,83,2,1.804189727,Female,No,3,1,0,0,0,0,1,5.5,11,2,Low,High,No,Female,1,1,1
2199,R_5eKyjCGmlqGmi4k,Old Treat,cham,4,5,video3_cred_cham,cred_cham,78,3,1.628364295,Female,No,3,1,0,0,0,0,1,4.5,9,2,Low,High,No,Female,1,1,1
2200,R_5eKyjCGmlqGmi4k,Old Treat,fab,1,1,video4_cred_fab,cred_fab,14,4,-0.622201239,Female,No,3,1,0,0,0,0,1,1,2,2,Low,Moderate,No,Female,1,1,0
2201,R_5eKyjCGmlqGmi4k,Old Treat,mae,2,4,video5_cred_mae,cred_mae,42,5,0.362421182,Female,No,3,1,0,0,0,0,1,3,6,2,Low,High,No,Female,1,1,1
2202,R_5eKyjCGmlqGmi4k,Old Treat,zanx,2,3,video6_cred_zanx,cred_zanx,35,6,0.116265577,Female,No,3,1,0,0,0,0,1,2.5,5,2,Low,High,No,Female,1,1,1
2203,R_5eYodEub4ZKi7SN,Young Treat,aby,0,0,video1_cred_aby,cred_aby,33,1,0.045935404,Female,Yes,4,1,0,0,0,0,1,0,0,1,Low,Low,Yes,Female,1,0,1
2204,R_5eYodEub4ZKi7SN,Young Treat,anna,0,0,video2_cred_anna,cred_anna,43,2,0.397586269,Female,Yes,4,1,0,0,0,0,1,0,0,1,Low,Low,Yes,Female,1,0,1
2205,R_5eYodEub4ZKi7SN,Young Treat,cham,0,1,video3_cred_cham,cred_cham,32,3,0.010770317,Female,Yes,4,1,0,0,0,0,1,0.5,1,1,Low,Moderate,Yes,Female,1,0,1
2206,R_5eYodEub4ZKi7SN,Young Treat,fab,0,0,video4_cred_fab,cred_fab,51,4,0.67890696,Female,Yes,4,1,0,0,0,0,1,0,0,1,Low,Low,Yes,Female,1,0,1
2207,R_5eYodEub4ZKi7SN,Young Treat,mae,0,0,video5_cred_mae,cred_mae,65,5,1.171218171,Female,Yes,4,1,0,0,0,0,1,0,0,1,Low,Low,Yes,Female,1,0,1
2208,R_5eYodEub4ZKi7SN,Young Treat,zanx,0,0,video6_cred_zanx,cred_zanx,18,6,-0.481540893,Female,Yes,4,1,0,0,0,0,1,0,0,1,Low,Low,Yes,Female,1,0,0
2209,R_5efa2gtX8pazgir,Old Treat,aby,1,1,video1_cred_aby,cred_aby,50,1,0.643741874,Female,Yes,2,0,0,0,1,0,0,1,2,2,Low,Moderate,Yes,Female,1,0,1
2210,R_5efa2gtX8pazgir,Old Treat,anna,1,1,video2_cred_anna,cred_anna,50,2,0.643741874,Female,Yes,2,0,0,0,1,0,0,1,2,2,Low,Moderate,Yes,Female,1,0,1
2211,R_5efa2gtX8pazgir,Old Treat,cham,1,1,video3_cred_cham,cred_cham,50,3,0.643741874,Female,Yes,2,0,0,0,1,0,0,1,2,2,Low,Moderate,Yes,Female,1,0,1
2212,R_5efa2gtX8pazgir,Old Treat,fab,1,1,video4_cred_fab,cred_fab,50,4,0.643741874,Female,Yes,2,0,0,0,1,0,0,1,2,2,Low,Moderate,Yes,Female,1,0,1
2213,R_5efa2gtX8pazgir,Old Treat,mae,1,1,video5_cred_mae,cred_mae,50,5,0.643741874,Female,Yes,2,0,0,0,1,0,0,1,2,2,Low,Moderate,Yes,Female,1,0,1
2214,R_5efa2gtX8pazgir,Old Treat,zanx,1,1,video6_cred_zanx,cred_zanx,50,6,0.643741874,Female,Yes,2,0,0,0,1,0,0,1,2,2,Low,Moderate,Yes,Female,1,0,1
2215,R_5ek9COJ0JpTMUqo,Old Control,aby,0,0,video1_cred_aby,cred_aby,0,1,-1.114512449,Female,No,4,1,0,0,0,0,1,0,0,0,Low,Low,No,Female,1,0,0
2216,R_5ek9COJ0JpTMUqo,Old Control,anna,0,0,video2_cred_anna,cred_anna,0,2,-1.114512449,Female,No,4,1,0,0,0,0,1,0,0,0,Low,Low,No,Female,1,0,0
2217,R_5ek9COJ0JpTMUqo,Old Control,cham,0,0,video3_cred_cham,cred_cham,0,3,-1.114512449,Female,No,4,1,0,0,0,0,1,0,0,0,Low,Low,No,Female,1,0,0
2218,R_5ek9COJ0JpTMUqo,Old Control,fab,0,0,video4_cred_fab,cred_fab,0,4,-1.114512449,Female,No,4,1,0,0,0,0,1,0,0,0,Low,Low,No,Female,1,0,0
2219,R_5ek9COJ0JpTMUqo,Old Control,mae,0,0,video5_cred_mae,cred_mae,0,5,-1.114512449,Female,No,4,1,0,0,0,0,1,0,0,0,Low,Low,No,Female,1,0,0
2220,R_5ek9COJ0JpTMUqo,Old Control,zanx,0,0,video6_cred_zanx,cred_zanx,3,6,-1.00901719,Female,No,4,1,0,0,0,0,1,0,0,0,Low,Low,No,Female,1,0,0
2221,R_5ep2jU8XxExoppf,Old Treat,aby,4,3,video1_cred_aby,cred_aby,57,1,0.889897479,Male,No,4,1,0,0,0,0,1,3.5,7,6,Moderate,High,No,Male,1,0,1
2222,R_5ep2jU8XxExoppf,Old Treat,anna,4,3,video2_cred_anna,cred_anna,55,2,0.819567306,Male,No,4,1,0,0,0,0,1,3.5,7,6,Moderate,High,No,Male,1,0,1
2223,R_5ep2jU8XxExoppf,Old Treat,cham,4,3,video3_cred_cham,cred_cham,61,3,1.030557825,Male,No,4,1,0,0,0,0,1,3.5,7,6,Moderate,High,No,Male,1,0,1
2224,R_5ep2jU8XxExoppf,Old Treat,fab,3,4,video4_cred_fab,cred_fab,53,4,0.749237133,Male,No,4,1,0,0,0,0,1,3.5,7,6,Moderate,High,No,Male,1,0,1
2225,R_5ep2jU8XxExoppf,Old Treat,mae,4,3,video5_cred_mae,cred_mae,55,5,0.819567306,Male,No,4,1,0,0,0,0,1,3.5,7,6,Moderate,High,No,Male,1,0,1
2226,R_5ep2jU8XxExoppf,Old Treat,zanx,5,4,video6_cred_zanx,cred_zanx,49,6,0.608576787,Male,No,4,1,0,0,0,0,1,4.5,9,6,Moderate,High,No,Male,1,0,1
2227,R_5fPFnX7AthR7apz,Young Treat,aby,6,5,video1_cred_aby,cred_aby,86,1,1.909684986,Male,No,2,0,0,1,0,0,0,5.5,11,12,High,High,No,Male,3,1,1
2228,R_5fPFnX7AthR7apz,Young Treat,anna,6,6,video2_cred_anna,cred_anna,82,2,1.76902464,Male,No,2,0,0,1,0,0,0,6,12,12,High,High,No,Male,3,1,1
2229,R_5fPFnX7AthR7apz,Young Treat,cham,5,5,video3_cred_cham,cred_cham,84,3,1.839354813,Male,No,2,0,0,1,0,0,0,5,10,12,High,High,No,Male,3,1,1
2230,R_5fPFnX7AthR7apz,Young Treat,fab,6,6,video4_cred_fab,cred_fab,85,4,1.8745199,Male,No,2,0,0,1,0,0,0,6,12,12,High,High,No,Male,3,1,1
2231,R_5fPFnX7AthR7apz,Young Treat,mae,6,6,video5_cred_mae,cred_mae,83,5,1.804189727,Male,No,2,0,0,1,0,0,0,6,12,12,High,High,No,Male,3,1,1
2232,R_5fPFnX7AthR7apz,Young Treat,zanx,5,5,video6_cred_zanx,cred_zanx,84,6,1.839354813,Male,No,2,0,0,1,0,0,0,5,10,12,High,High,No,Male,3,1,1
2233,R_5fbDHQl6bRPUo2B,Young Treat,aby,0,0,video1_cred_aby,cred_aby,3,1,-1.00901719,Male,No,4,0,0,0,0,1,0,0,0,0,Low,Low,No,Male,1,0,0
2234,R_5fbDHQl6bRPUo2B,Young Treat,anna,0,1,video2_cred_anna,cred_anna,0,2,-1.114512449,Male,No,4,0,0,0,0,1,0,0.5,1,0,Low,Moderate,No,Male,1,0,0
2235,R_5fbDHQl6bRPUo2B,Young Treat,cham,0,1,video3_cred_cham,cred_cham,9,3,-0.798026671,Male,No,4,0,0,0,0,1,0,0.5,1,0,Low,Moderate,No,Male,1,0,0
2236,R_5fbDHQl6bRPUo2B,Young Treat,fab,0,0,video4_cred_fab,cred_fab,0,4,-1.114512449,Male,No,4,0,0,0,0,1,0,0,0,0,Low,Low,No,Male,1,0,0
2237,R_5fbDHQl6bRPUo2B,Young Treat,mae,0,0,video5_cred_mae,cred_mae,12,5,-0.692531412,Male,No,4,0,0,0,0,1,0,0,0,0,Low,Low,No,Male,1,0,0
2238,R_5fbDHQl6bRPUo2B,Young Treat,zanx,0,0,video6_cred_zanx,cred_zanx,0,6,-1.114512449,Male,No,4,0,0,0,0,1,0,0,0,0,Low,Low,No,Male,1,0,0
2239,R_5ffl7x9DkTR1BCo,Young Control,aby,0,0,video1_cred_aby,cred_aby,5,1,-0.938687017,Female,No,1,0,0,0,0,0,0,0,0,0,Low,Low,No,Female,1,0,0
2240,R_5ffl7x9DkTR1BCo,Young Control,anna,0,0,video2_cred_anna,cred_anna,4,2,-0.973852103,Female,No,1,0,0,0,0,0,0,0,0,0,Low,Low,No,Female,1,0,0
2241,R_5ffl7x9DkTR1BCo,Young Control,cham,0,0,video3_cred_cham,cred_cham,2,3,-1.044182276,Female,No,1,0,0,0,0,0,0,0,0,0,Low,Low,No,Female,1,0,0
2242,R_5ffl7x9DkTR1BCo,Young Control,fab,0,0,video4_cred_fab,cred_fab,2,4,-1.044182276,Female,No,1,0,0,0,0,0,0,0,0,0,Low,Low,No,Female,1,0,0
2243,R_5ffl7x9DkTR1BCo,Young Control,mae,0,0,video5_cred_mae,cred_mae,1,5,-1.079347363,Female,No,1,0,0,0,0,0,0,0,0,0,Low,Low,No,Female,1,0,0
2244,R_5ffl7x9DkTR1BCo,Young Control,zanx,0,0,video6_cred_zanx,cred_zanx,3,6,-1.00901719,Female,No,1,0,0,0,0,0,0,0,0,0,Low,Low,No,Female,1,0,0
2245,R_5gijlfE0UnnNo6l,Old Treat,aby,0,0,video1_cred_aby,cred_aby,0,1,-1.114512449,Male,No,1,0,1,0,0,0,1,0,0,0,Low,Low,No,Male,1,0,0
2246,R_5gijlfE0UnnNo6l,Old Treat,anna,0,0,video2_cred_anna,cred_anna,0,2,-1.114512449,Male,No,1,0,1,0,0,0,1,0,0,0,Low,Low,No,Male,1,0,0
2247,R_5gijlfE0UnnNo6l,Old Treat,cham,0,0,video3_cred_cham,cred_cham,9,3,-0.798026671,Male,No,1,0,1,0,0,0,1,0,0,0,Low,Low,No,Male,1,0,0
2248,R_5gijlfE0UnnNo6l,Old Treat,fab,0,0,video4_cred_fab,cred_fab,8,4,-0.833191758,Male,No,1,0,1,0,0,0,1,0,0,0,Low,Low,No,Male,1,0,0
2249,R_5gijlfE0UnnNo6l,Old Treat,mae,0,0,video5_cred_mae,cred_mae,0,5,-1.114512449,Male,No,1,0,1,0,0,0,1,0,0,0,Low,Low,No,Male,1,0,0
2250,R_5gijlfE0UnnNo6l,Old Treat,zanx,0,0,video6_cred_zanx,cred_zanx,0,6,-1.114512449,Male,No,1,0,1,0,0,0,1,0,0,0,Low,Low,No,Male,1,0,0
2251,R_5h3MLmXYmHyvN6h,Young Treat,aby,4,3,video1_cred_aby,cred_aby,30,1,-0.059559855,Male,No,3,1,0,0,0,0,1,3.5,7,8,Moderate,High,No,Male,2,1,1
2252,R_5h3MLmXYmHyvN6h,Young Treat,anna,3,3,video2_cred_anna,cred_anna,42,2,0.362421182,Male,No,3,1,0,0,0,0,1,3,6,8,Moderate,High,No,Male,2,1,1
2253,R_5h3MLmXYmHyvN6h,Young Treat,cham,4,4,video3_cred_cham,cred_cham,46,3,0.503081528,Male,No,3,1,0,0,0,0,1,4,8,8,Moderate,High,No,Male,2,1,1
2254,R_5h3MLmXYmHyvN6h,Young Treat,fab,4,4,video4_cred_fab,cred_fab,30,4,-0.059559855,Male,No,3,1,0,0,0,0,1,4,8,8,Moderate,High,No,Male,2,1,1
2255,R_5h3MLmXYmHyvN6h,Young Treat,mae,3,3,video5_cred_mae,cred_mae,36,5,0.151430663,Male,No,3,1,0,0,0,0,1,3,6,8,Moderate,High,No,Male,2,1,1
2256,R_5h3MLmXYmHyvN6h,Young Treat,zanx,3,3,video6_cred_zanx,cred_zanx,45,6,0.467916441,Male,No,3,1,0,0,0,0,1,3,6,8,Moderate,High,No,Male,2,1,1
2257,R_5hcmwFUmN5wDiuu,Old Control,aby,1,0,video1_cred_aby,cred_aby,14,1,-0.622201239,Female,Yes,3,0,0,0,0,0,0,0.5,1,NA,NA,Moderate,Yes,Female,1,0,0
2258,R_5hcmwFUmN5wDiuu,Old Control,anna,NA,0,video2_cred_anna,cred_anna,41.5,2,0.344838639,Female,Yes,3,0,0,0,0,0,0,0,NA,NA,NA,NA,Yes,Female,1,0,1
2259,R_5hcmwFUmN5wDiuu,Old Control,cham,0,2,video3_cred_cham,cred_cham,24,3,-0.270550374,Female,Yes,3,0,0,0,0,0,0,1,2,NA,NA,Moderate,Yes,Female,1,0,1
2260,R_5hcmwFUmN5wDiuu,Old Control,fab,NA,NA,video4_cred_fab,cred_fab,33,4,0.045935404,Female,Yes,3,0,0,0,0,0,0,NA,NA,NA,NA,NA,Yes,Female,1,0,1
2261,R_5hcmwFUmN5wDiuu,Old Control,mae,1,2,video5_cred_mae,cred_mae,10,5,-0.762861585,Female,Yes,3,0,0,0,0,0,0,1.5,3,NA,NA,Moderate,Yes,Female,1,0,0
2262,R_5hcmwFUmN5wDiuu,Old Control,zanx,0,0,video6_cred_zanx,cred_zanx,41,6,0.327256096,Female,Yes,3,0,0,0,0,0,0,0,0,NA,NA,Low,Yes,Female,1,0,1
2263,R_5idyd6Yb33aD5WF,Young Control,aby,1,2,video1_cred_aby,cred_aby,7,1,-0.868356844,Female,No,4,1,0,0,0,0,1,1.5,3,3,Low,Moderate,No,Female,1,0,0
2264,R_5idyd6Yb33aD5WF,Young Control,anna,1,1,video2_cred_anna,cred_anna,27,2,-0.165055115,Female,No,4,1,0,0,0,0,1,1,2,3,Low,Moderate,No,Female,1,0,1
2265,R_5idyd6Yb33aD5WF,Young Control,cham,1,1,video3_cred_cham,cred_cham,29,3,-0.094724942,Female,No,4,1,0,0,0,0,1,1,2,3,Low,Moderate,No,Female,1,0,1
2266,R_5idyd6Yb33aD5WF,Young Control,fab,3,2,video4_cred_fab,cred_fab,45,4,0.467916441,Female,No,4,1,0,0,0,0,1,2.5,5,3,Low,High,No,Female,1,0,1
2267,R_5idyd6Yb33aD5WF,Young Control,mae,2,3,video5_cred_mae,cred_mae,50,5,0.643741874,Female,No,4,1,0,0,0,0,1,2.5,5,3,Low,High,No,Female,1,0,1
2268,R_5idyd6Yb33aD5WF,Young Control,zanx,0,0,video6_cred_zanx,cred_zanx,9,6,-0.798026671,Female,No,4,1,0,0,0,0,1,0,0,3,Low,Low,No,Female,1,0,0
2269,R_5ikEXqMcW80tpbX,Old Control,aby,NA,NA,video1_cred_aby,cred_aby,NA,1,NA,Male,No,2,0,0,1,0,0,0,NA,NA,NA,NA,NA,No,Male,1,1,NA
2270,R_5ikEXqMcW80tpbX,Old Control,anna,NA,NA,video2_cred_anna,cred_anna,NA,2,NA,Male,No,2,0,0,1,0,0,0,NA,NA,NA,NA,NA,No,Male,1,1,NA
2271,R_5ikEXqMcW80tpbX,Old Control,cham,NA,NA,video3_cred_cham,cred_cham,NA,3,NA,Male,No,2,0,0,1,0,0,0,NA,NA,NA,NA,NA,No,Male,1,1,NA
2272,R_5ikEXqMcW80tpbX,Old Control,fab,NA,NA,video4_cred_fab,cred_fab,NA,4,NA,Male,No,2,0,0,1,0,0,0,NA,NA,NA,NA,NA,No,Male,1,1,NA
2273,R_5ikEXqMcW80tpbX,Old Control,mae,6,NA,video5_cred_mae,cred_mae,NA,5,NA,Male,No,2,0,0,1,0,0,0,6,NA,NA,NA,NA,No,Male,1,1,NA
2274,R_5ikEXqMcW80tpbX,Old Control,zanx,NA,NA,video6_cred_zanx,cred_zanx,NA,6,NA,Male,No,2,0,0,1,0,0,0,NA,NA,NA,NA,NA,No,Male,1,1,NA
2275,R_5j3bslNbmyMNqdz,Old Treat,aby,0,0,video1_cred_aby,cred_aby,0,1,-1.114512449,I prefer not to answer,No,4,0,1,0,0,0,1,0,0,3,Low,Low,No,NA,1,0,0
2276,R_5j3bslNbmyMNqdz,Old Treat,anna,0,0,video2_cred_anna,cred_anna,11,2,-0.727696498,I prefer not to answer,No,4,0,1,0,0,0,1,0,0,3,Low,Low,No,NA,1,0,0
2277,R_5j3bslNbmyMNqdz,Old Treat,cham,0,0,video3_cred_cham,cred_cham,0,3,-1.114512449,I prefer not to answer,No,4,0,1,0,0,0,1,0,0,3,Low,Low,No,NA,1,0,0
2278,R_5j3bslNbmyMNqdz,Old Treat,fab,0,0,video4_cred_fab,cred_fab,0,4,-1.114512449,I prefer not to answer,No,4,0,1,0,0,0,1,0,0,3,Low,Low,No,NA,1,0,0
2279,R_5j3bslNbmyMNqdz,Old Treat,mae,0,0,video5_cred_mae,cred_mae,0,5,-1.114512449,I prefer not to answer,No,4,0,1,0,0,0,1,0,0,3,Low,Low,No,NA,1,0,0
2280,R_5j3bslNbmyMNqdz,Old Treat,zanx,0,NA,video6_cred_zanx,cred_zanx,0,6,-1.114512449,I prefer not to answer,No,4,0,1,0,0,0,1,0,NA,3,Low,NA,No,NA,1,0,0
2281,R_5j6jcmYQQi6oKW7,Young Treat,aby,0,0,video1_cred_aby,cred_aby,6,1,-0.903521931,Female,Yes,1,0,0,0,1,0,0,0,0,1,Low,Low,Yes,Female,1,0,0
2282,R_5j6jcmYQQi6oKW7,Young Treat,anna,0,0,video2_cred_anna,cred_anna,0,2,-1.114512449,Female,Yes,1,0,0,0,1,0,0,0,0,1,Low,Low,Yes,Female,1,0,0
2283,R_5j6jcmYQQi6oKW7,Young Treat,cham,0,0,video3_cred_cham,cred_cham,4,3,-0.973852103,Female,Yes,1,0,0,0,1,0,0,0,0,1,Low,Low,Yes,Female,1,0,0
2284,R_5j6jcmYQQi6oKW7,Young Treat,fab,0,0,video4_cred_fab,cred_fab,0,4,-1.114512449,Female,Yes,1,0,0,0,1,0,0,0,0,1,Low,Low,Yes,Female,1,0,0
2285,R_5j6jcmYQQi6oKW7,Young Treat,mae,0,0,video5_cred_mae,cred_mae,10,5,-0.762861585,Female,Yes,1,0,0,0,1,0,0,0,0,1,Low,Low,Yes,Female,1,0,0
2286,R_5j6jcmYQQi6oKW7,Young Treat,zanx,0,0,video6_cred_zanx,cred_zanx,8,6,-0.833191758,Female,Yes,1,0,0,0,1,0,0,0,0,1,Low,Low,Yes,Female,1,0,0
2287,R_5j8SjEXvZ6ww4NJ,Young Control,aby,4,NA,video1_cred_aby,cred_aby,66,1,1.206383257,Female,Yes,2,0,0,1,0,0,1,4,NA,10,High,NA,Yes,Female,2,1,1
2288,R_5j8SjEXvZ6ww4NJ,Young Control,anna,4,4,video2_cred_anna,cred_anna,65,2,1.171218171,Female,Yes,2,0,0,1,0,0,1,4,8,10,High,High,Yes,Female,2,1,1
2289,R_5j8SjEXvZ6ww4NJ,Young Control,cham,NA,4,video3_cred_cham,cred_cham,68,3,1.27671343,Female,Yes,2,0,0,1,0,0,1,4,NA,10,High,NA,Yes,Female,2,1,1
2290,R_5j8SjEXvZ6ww4NJ,Young Control,fab,5,4,video4_cred_fab,cred_fab,64.5,4,1.153635627,Female,Yes,2,0,0,1,0,0,1,4.5,9,10,High,High,Yes,Female,2,1,1
2291,R_5j8SjEXvZ6ww4NJ,Young Control,mae,4,5,video5_cred_mae,cred_mae,66,5,1.206383257,Female,Yes,2,0,0,1,0,0,1,4.5,9,10,High,High,Yes,Female,2,1,1
2292,R_5j8SjEXvZ6ww4NJ,Young Control,zanx,4,4,video6_cred_zanx,cred_zanx,NA,6,NA,Female,Yes,2,0,0,1,0,0,1,4,8,10,High,High,Yes,Female,2,1,NA
2293,R_5jRPmjzP0q43vnr,Young Control,aby,0,0,video1_cred_aby,cred_aby,56,1,0.854732392,Male,I prefer not to answer,3,0,0,0,0,0,0,0,0,0,Low,Low,NA,Male,2,0,1
2294,R_5jRPmjzP0q43vnr,Young Control,anna,0,0,video2_cred_anna,cred_anna,59,2,0.960227652,Male,I prefer not to answer,3,0,0,0,0,0,0,0,0,0,Low,Low,NA,Male,2,0,1
2295,R_5jRPmjzP0q43vnr,Young Control,cham,0,0,video3_cred_cham,cred_cham,59,3,0.960227652,Male,I prefer not to answer,3,0,0,0,0,0,0,0,0,0,Low,Low,NA,Male,2,0,1
2296,R_5jRPmjzP0q43vnr,Young Control,fab,0,0,video4_cred_fab,cred_fab,52,4,0.714072047,Male,I prefer not to answer,3,0,0,0,0,0,0,0,0,0,Low,Low,NA,Male,2,0,1
2297,R_5jRPmjzP0q43vnr,Young Control,mae,0,0,video5_cred_mae,cred_mae,56,5,0.854732392,Male,I prefer not to answer,3,0,0,0,0,0,0,0,0,0,Low,Low,NA,Male,2,0,1
2298,R_5jRPmjzP0q43vnr,Young Control,zanx,0,0,video6_cred_zanx,cred_zanx,42,6,0.362421182,Male,I prefer not to answer,3,0,0,0,0,0,0,0,0,0,Low,Low,NA,Male,2,0,1
2299,R_5jTdGq7knmflixx,Young Treat,aby,0,0,video1_cred_aby,cred_aby,26,1,-0.200220201,Male,Yes,1,0,0,0,1,0,0,0,0,0,Low,Low,Yes,Male,1,0,1
2300,R_5jTdGq7knmflixx,Young Treat,anna,0,2,video2_cred_anna,cred_anna,24,2,-0.270550374,Male,Yes,1,0,0,0,1,0,0,1,2,0,Low,Moderate,Yes,Male,1,0,1
2301,R_5jTdGq7knmflixx,Young Treat,cham,0,0,video3_cred_cham,cred_cham,21,3,-0.376045634,Male,Yes,1,0,0,0,1,0,0,0,0,0,Low,Low,Yes,Male,1,0,0
2302,R_5jTdGq7knmflixx,Young Treat,fab,1,0,video4_cred_fab,cred_fab,7,4,-0.868356844,Male,Yes,1,0,0,0,1,0,0,0.5,1,0,Low,Moderate,Yes,Male,1,0,0
2303,R_5jTdGq7knmflixx,Young Treat,mae,0,2,video5_cred_mae,cred_mae,5,5,-0.938687017,Male,Yes,1,0,0,0,1,0,0,1,2,0,Low,Moderate,Yes,Male,1,0,0
2304,R_5jTdGq7knmflixx,Young Treat,zanx,0,1,video6_cred_zanx,cred_zanx,8,6,-0.833191758,Male,Yes,1,0,0,0,1,0,0,0.5,1,0,Low,Moderate,Yes,Male,1,0,0
2305,R_5jTkSCxKsEpjpio,Young Control,aby,3,2,video1_cred_aby,cred_aby,68,1,1.27671343,Female,Yes,2,0,0,0,0,1,1,2.5,5,5,Moderate,High,Yes,Female,1,0,1
2306,R_5jTkSCxKsEpjpio,Young Control,anna,2,2,video2_cred_anna,cred_anna,43,2,0.397586269,Female,Yes,2,0,0,0,0,1,1,2,4,5,Moderate,High,Yes,Female,1,0,1
2307,R_5jTkSCxKsEpjpio,Young Control,cham,2,1,video3_cred_cham,cred_cham,44,3,0.432751355,Female,Yes,2,0,0,0,0,1,1,1.5,3,5,Moderate,Moderate,Yes,Female,1,0,1
2308,R_5jTkSCxKsEpjpio,Young Control,fab,2,1,video4_cred_fab,cred_fab,41,4,0.327256096,Female,Yes,2,0,0,0,0,1,1,1.5,3,5,Moderate,Moderate,Yes,Female,1,0,1
2309,R_5jTkSCxKsEpjpio,Young Control,mae,2,3,video5_cred_mae,cred_mae,34,5,0.08110049,Female,Yes,2,0,0,0,0,1,1,2.5,5,5,Moderate,High,Yes,Female,1,0,1
2310,R_5jTkSCxKsEpjpio,Young Control,zanx,2,1,video6_cred_zanx,cred_zanx,32,6,0.010770317,Female,Yes,2,0,0,0,0,1,1,1.5,3,5,Moderate,Moderate,Yes,Female,1,0,1
2311,R_5jUTOnXEddD2tZP,Young Treat,aby,1,2,video1_cred_aby,cred_aby,14,1,-0.622201239,Female,No,2,1,0,0,0,1,0,1.5,3,7,Moderate,Moderate,No,Female,1,1,0
2312,R_5jUTOnXEddD2tZP,Young Treat,anna,5,6,video2_cred_anna,cred_anna,0,2,-1.114512449,Female,No,2,1,0,0,0,1,0,5.5,11,7,Moderate,High,No,Female,1,1,0
2313,R_5jUTOnXEddD2tZP,Young Treat,cham,5,5,video3_cred_cham,cred_cham,45,3,0.467916441,Female,No,2,1,0,0,0,1,0,5,10,7,Moderate,High,No,Female,1,1,1
2314,R_5jUTOnXEddD2tZP,Young Treat,fab,0,0,video4_cred_fab,cred_fab,1,4,-1.079347363,Female,No,2,1,0,0,0,1,0,0,0,7,Moderate,Low,No,Female,1,1,0
2315,R_5jUTOnXEddD2tZP,Young Treat,mae,6,7,video5_cred_mae,cred_mae,41,5,0.327256096,Female,No,2,1,0,0,0,1,0,6.5,13,7,Moderate,High,No,Female,1,1,1
2316,R_5jUTOnXEddD2tZP,Young Treat,zanx,5,3,video6_cred_zanx,cred_zanx,11,6,-0.727696498,Female,No,2,1,0,0,0,1,0,4,8,7,Moderate,High,No,Female,1,1,0
2317,R_5jdIgxnFl4WK1R2,Old Control,aby,0,0,video1_cred_aby,cred_aby,10,1,-0.762861585,Female,Yes,2,1,0,0,1,1,0,0,0,0,Low,Low,Yes,Female,3,0,0
2318,R_5jdIgxnFl4WK1R2,Old Control,anna,0,0,video2_cred_anna,cred_anna,50,2,0.643741874,Female,Yes,2,1,0,0,1,1,0,0,0,0,Low,Low,Yes,Female,3,0,1
2319,R_5jdIgxnFl4WK1R2,Old Control,cham,0,0,video3_cred_cham,cred_cham,50,3,0.643741874,Female,Yes,2,1,0,0,1,1,0,0,0,0,Low,Low,Yes,Female,3,0,1
2320,R_5jdIgxnFl4WK1R2,Old Control,fab,1,1,video4_cred_fab,cred_fab,50,4,0.643741874,Female,Yes,2,1,0,0,1,1,0,1,2,0,Low,Moderate,Yes,Female,3,0,1
2321,R_5jdIgxnFl4WK1R2,Old Control,mae,5,5,video5_cred_mae,cred_mae,0,5,-1.114512449,Female,Yes,2,1,0,0,1,1,0,5,10,0,Low,High,Yes,Female,3,0,0
2322,R_5jdIgxnFl4WK1R2,Old Control,zanx,0,0,video6_cred_zanx,cred_zanx,8,6,-0.833191758,Female,Yes,2,1,0,0,1,1,0,0,0,0,Low,Low,Yes,Female,3,0,0
2323,R_5kM8yFH3bwxRVN3,Old Treat,aby,1,0,video1_cred_aby,cred_aby,28,1,-0.129890028,Female,No,3,0,1,0,0,0,0,0.5,1,0,Low,Moderate,No,Female,1,0,1
2324,R_5kM8yFH3bwxRVN3,Old Treat,anna,3,2,video2_cred_anna,cred_anna,36,2,0.151430663,Female,No,3,0,1,0,0,0,0,2.5,5,0,Low,High,No,Female,1,0,1
2325,R_5kM8yFH3bwxRVN3,Old Treat,cham,2,1,video3_cred_cham,cred_cham,47,3,0.538246614,Female,No,3,0,1,0,0,0,0,1.5,3,0,Low,Moderate,No,Female,1,0,1
2326,R_5kM8yFH3bwxRVN3,Old Treat,fab,2,0,video4_cred_fab,cred_fab,29,4,-0.094724942,Female,No,3,0,1,0,0,0,0,1,2,0,Low,Moderate,No,Female,1,0,1
2327,R_5kM8yFH3bwxRVN3,Old Treat,mae,1,3,video5_cred_mae,cred_mae,20,5,-0.41121072,Female,No,3,0,1,0,0,0,0,2,4,0,Low,High,No,Female,1,0,0
2328,R_5kM8yFH3bwxRVN3,Old Treat,zanx,2,0,video6_cred_zanx,cred_zanx,41,6,0.327256096,Female,No,3,0,1,0,0,0,0,1,2,0,Low,Moderate,No,Female,1,0,1
2329,R_5kQfa97OG1EJVWF,Young Treat,aby,0,0,video1_cred_aby,cred_aby,0,1,-1.114512449,Male,Yes,4,1,0,0,0,0,0,0,0,0,Low,Low,Yes,Male,1,0,0
2330,R_5kQfa97OG1EJVWF,Young Treat,anna,1,2,video2_cred_anna,cred_anna,22,2,-0.340880547,Male,Yes,4,1,0,0,0,0,0,1.5,3,0,Low,Moderate,Yes,Male,1,0,0
2331,R_5kQfa97OG1EJVWF,Young Treat,cham,0,0,video3_cred_cham,cred_cham,0,3,-1.114512449,Male,Yes,4,1,0,0,0,0,0,0,0,0,Low,Low,Yes,Male,1,0,0
2332,R_5kQfa97OG1EJVWF,Young Treat,fab,1,1,video4_cred_fab,cred_fab,14,4,-0.622201239,Male,Yes,4,1,0,0,0,0,0,1,2,0,Low,Moderate,Yes,Male,1,0,0
2333,R_5kQfa97OG1EJVWF,Young Treat,mae,0,0,video5_cred_mae,cred_mae,0,5,-1.114512449,Male,Yes,4,1,0,0,0,0,0,0,0,0,Low,Low,Yes,Male,1,0,0
2334,R_5kQfa97OG1EJVWF,Young Treat,zanx,0,0,video6_cred_zanx,cred_zanx,0,6,-1.114512449,Male,Yes,4,1,0,0,0,0,0,0,0,0,Low,Low,Yes,Male,1,0,0
2335,R_5ko3nW0IyZQuk4p,Old Treat,aby,0,0,video1_cred_aby,cred_aby,50,1,0.643741874,Female,Yes,1,0,0,0,0,0,1,0,0,4,Low,Low,Yes,Female,1,0,1
2336,R_5ko3nW0IyZQuk4p,Old Treat,anna,2,3,video2_cred_anna,cred_anna,51,2,0.67890696,Female,Yes,1,0,0,0,0,0,1,2.5,5,4,Low,High,Yes,Female,1,0,1
2337,R_5ko3nW0IyZQuk4p,Old Treat,cham,2,3,video3_cred_cham,cred_cham,39,3,0.256925923,Female,Yes,1,0,0,0,0,0,1,2.5,5,4,Low,High,Yes,Female,1,0,1
2338,R_5ko3nW0IyZQuk4p,Old Treat,fab,0,0,video4_cred_fab,cred_fab,40,4,0.292091009,Female,Yes,1,0,0,0,0,0,1,0,0,4,Low,Low,Yes,Female,1,0,1
2339,R_5ko3nW0IyZQuk4p,Old Treat,mae,4,4,video5_cred_mae,cred_mae,73,5,1.452538862,Female,Yes,1,0,0,0,0,0,1,4,8,4,Low,High,Yes,Female,1,0,1
2340,R_5ko3nW0IyZQuk4p,Old Treat,zanx,0,0,video6_cred_zanx,cred_zanx,39,6,0.256925923,Female,Yes,1,0,0,0,0,0,1,0,0,4,Low,Low,Yes,Female,1,0,1
2341,R_5l5m1GptmiER9Rt,Old Control,aby,0,0,video1_cred_aby,cred_aby,10,1,-0.762861585,Female,Yes,3,1,0,0,0,0,0,0,0,1,Low,Low,Yes,Female,1,0,0
2342,R_5l5m1GptmiER9Rt,Old Control,anna,0,0,video2_cred_anna,cred_anna,35,2,0.116265577,Female,Yes,3,1,0,0,0,0,0,0,0,1,Low,Low,Yes,Female,1,0,1
2343,R_5l5m1GptmiER9Rt,Old Control,cham,0,0,video3_cred_cham,cred_cham,16,3,-0.551871066,Female,Yes,3,1,0,0,0,0,0,0,0,1,Low,Low,Yes,Female,1,0,0
2344,R_5l5m1GptmiER9Rt,Old Control,fab,0,0,video4_cred_fab,cred_fab,7,4,-0.868356844,Female,Yes,3,1,0,0,0,0,0,0,0,1,Low,Low,Yes,Female,1,0,0
2345,R_5l5m1GptmiER9Rt,Old Control,mae,0,1,video5_cred_mae,cred_mae,32,5,0.010770317,Female,Yes,3,1,0,0,0,0,0,0.5,1,1,Low,Moderate,Yes,Female,1,0,1
2346,R_5l5m1GptmiER9Rt,Old Control,zanx,0,0,video6_cred_zanx,cred_zanx,8,6,-0.833191758,Female,Yes,3,1,0,0,0,0,0,0,0,1,Low,Low,Yes,Female,1,0,0
2347,R_5li653RibNBPh96,Young Treat,aby,0,0,video1_cred_aby,cred_aby,40,1,0.292091009,Female,Yes,3,1,0,0,0,0,0,0,0,0,Low,Low,Yes,Female,1,0,1
2348,R_5li653RibNBPh96,Young Treat,anna,0,0,video2_cred_anna,cred_anna,10,2,-0.762861585,Female,Yes,3,1,0,0,0,0,0,0,0,0,Low,Low,Yes,Female,1,0,0
2349,R_5li653RibNBPh96,Young Treat,cham,0,0,video3_cred_cham,cred_cham,10,3,-0.762861585,Female,Yes,3,1,0,0,0,0,0,0,0,0,Low,Low,Yes,Female,1,0,0
2350,R_5li653RibNBPh96,Young Treat,fab,0,0,video4_cred_fab,cred_fab,50,4,0.643741874,Female,Yes,3,1,0,0,0,0,0,0,0,0,Low,Low,Yes,Female,1,0,1
2351,R_5li653RibNBPh96,Young Treat,mae,0,0,video5_cred_mae,cred_mae,50,5,0.643741874,Female,Yes,3,1,0,0,0,0,0,0,0,0,Low,Low,Yes,Female,1,0,1
2352,R_5li653RibNBPh96,Young Treat,zanx,0,0,video6_cred_zanx,cred_zanx,30,6,-0.059559855,Female,Yes,3,1,0,0,0,0,0,0,0,0,Low,Low,Yes,Female,1,0,1
2353,R_5luL7nbSlKgIdYu,Old Treat,aby,2,2,video1_cred_aby,cred_aby,25,1,-0.235385288,Female,Yes,3,0,0,0,0,0,1,2,4,2,Low,High,Yes,Female,1,1,1
2354,R_5luL7nbSlKgIdYu,Old Treat,anna,2,1,video2_cred_anna,cred_anna,57,2,0.889897479,Female,Yes,3,0,0,0,0,0,1,1.5,3,2,Low,Moderate,Yes,Female,1,1,1
2355,R_5luL7nbSlKgIdYu,Old Treat,cham,1,2,video3_cred_cham,cred_cham,73,3,1.452538862,Female,Yes,3,0,0,0,0,0,1,1.5,3,2,Low,Moderate,Yes,Female,1,1,1
2356,R_5luL7nbSlKgIdYu,Old Treat,fab,2,3,video4_cred_fab,cred_fab,39,4,0.256925923,Female,Yes,3,0,0,0,0,0,1,2.5,5,2,Low,High,Yes,Female,1,1,1
2357,R_5luL7nbSlKgIdYu,Old Treat,mae,1,2,video5_cred_mae,cred_mae,81,5,1.733859554,Female,Yes,3,0,0,0,0,0,1,1.5,3,2,Low,Moderate,Yes,Female,1,1,1
2358,R_5luL7nbSlKgIdYu,Old Treat,zanx,1,2,video6_cred_zanx,cred_zanx,25,6,-0.235385288,Female,Yes,3,0,0,0,0,0,1,1.5,3,2,Low,Moderate,Yes,Female,1,1,1
2359,R_5m0nmamunEp8UHT,Young Control,aby,1,1,video1_cred_aby,cred_aby,51,1,0.67890696,Female,Yes,4,0,0,0,0,0,0,1,2,2,Low,Moderate,Yes,Female,3,0,1
2360,R_5m0nmamunEp8UHT,Young Control,anna,1,1,video2_cred_anna,cred_anna,71,2,1.382208689,Female,Yes,4,0,0,0,0,0,0,1,2,2,Low,Moderate,Yes,Female,3,0,1
2361,R_5m0nmamunEp8UHT,Young Control,cham,1,2,video3_cred_cham,cred_cham,52,3,0.714072047,Female,Yes,4,0,0,0,0,0,0,1.5,3,2,Low,Moderate,Yes,Female,3,0,1
2362,R_5m0nmamunEp8UHT,Young Control,fab,2,3,video4_cred_fab,cred_fab,50,4,0.643741874,Female,Yes,4,0,0,0,0,0,0,2.5,5,2,Low,High,Yes,Female,3,0,1
2363,R_5m0nmamunEp8UHT,Young Control,mae,1,1,video5_cred_mae,cred_mae,50,5,0.643741874,Female,Yes,4,0,0,0,0,0,0,1,2,2,Low,Moderate,Yes,Female,3,0,1
2364,R_5m0nmamunEp8UHT,Young Control,zanx,1,1,video6_cred_zanx,cred_zanx,50,6,0.643741874,Female,Yes,4,0,0,0,0,0,0,1,2,2,Low,Moderate,Yes,Female,3,0,1
2365,R_5n6j3dJhyEIt64G,Young Treat,aby,0,0,video1_cred_aby,cred_aby,NA,1,NA,Female,No,3,0,1,1,0,0,1,0,0,2,Low,Low,No,Female,1,0,NA
2366,R_5n6j3dJhyEIt64G,Young Treat,anna,0,0,video2_cred_anna,cred_anna,20,2,-0.41121072,Female,No,3,0,1,1,0,0,1,0,0,2,Low,Low,No,Female,1,0,0
2367,R_5n6j3dJhyEIt64G,Young Treat,cham,0,0,video3_cred_cham,cred_cham,13,3,-0.657366325,Female,No,3,0,1,1,0,0,1,0,0,2,Low,Low,No,Female,1,0,0
2368,R_5n6j3dJhyEIt64G,Young Treat,fab,0,0,video4_cred_fab,cred_fab,12,4,-0.692531412,Female,No,3,0,1,1,0,0,1,0,0,2,Low,Low,No,Female,1,0,0
2369,R_5n6j3dJhyEIt64G,Young Treat,mae,0,0,video5_cred_mae,cred_mae,15,5,-0.587036152,Female,No,3,0,1,1,0,0,1,0,0,2,Low,Low,No,Female,1,0,0
2370,R_5n6j3dJhyEIt64G,Young Treat,zanx,0,0,video6_cred_zanx,cred_zanx,8,6,-0.833191758,Female,No,3,0,1,1,0,0,1,0,0,2,Low,Low,No,Female,1,0,0
2371,R_5n8XhrCtOpeNkSZ,Young Control,aby,4,3,video1_cred_aby,cred_aby,48,1,0.573411701,Male,Yes,3,1,0,0,0,0,1,3.5,7,7,Moderate,High,Yes,Male,1,1,1
2372,R_5n8XhrCtOpeNkSZ,Young Control,anna,4,3,video2_cred_anna,cred_anna,41,2,0.327256096,Male,Yes,3,1,0,0,0,0,1,3.5,7,7,Moderate,High,Yes,Male,1,1,1
2373,R_5n8XhrCtOpeNkSZ,Young Control,cham,3,3,video3_cred_cham,cred_cham,44,3,0.432751355,Male,Yes,3,1,0,0,0,0,1,3,6,7,Moderate,High,Yes,Male,1,1,1
2374,R_5n8XhrCtOpeNkSZ,Young Control,fab,4,3,video4_cred_fab,cred_fab,37,4,0.18659575,Male,Yes,3,1,0,0,0,0,1,3.5,7,7,Moderate,High,Yes,Male,1,1,1
2375,R_5n8XhrCtOpeNkSZ,Young Control,mae,3,3,video5_cred_mae,cred_mae,17,5,-0.516705979,Male,Yes,3,1,0,0,0,0,1,3,6,7,Moderate,High,Yes,Male,1,1,0
2376,R_5n8XhrCtOpeNkSZ,Young Control,zanx,4,3,video6_cred_zanx,cred_zanx,47,6,0.538246614,Male,Yes,3,1,0,0,0,0,1,3.5,7,7,Moderate,High,Yes,Male,1,1,1
2377,R_5nMzDiHOoKp6m89,Old Control,aby,4,5,video1_cred_aby,cred_aby,64,1,1.136053084,Male,Yes,2,0,0,0,0,1,1,4.5,9,10,High,High,Yes,Male,1,1,1
2378,R_5nMzDiHOoKp6m89,Old Control,anna,6,4,video2_cred_anna,cred_anna,67,2,1.241548344,Male,Yes,2,0,0,0,0,1,1,5,10,10,High,High,Yes,Male,1,1,1
2379,R_5nMzDiHOoKp6m89,Old Control,cham,5,5,video3_cred_cham,cred_cham,67,3,1.241548344,Male,Yes,2,0,0,0,0,1,1,5,10,10,High,High,Yes,Male,1,1,1
2380,R_5nMzDiHOoKp6m89,Old Control,fab,NA,NA,video4_cred_fab,cred_fab,68.5,4,1.294295973,Male,Yes,2,0,0,0,0,1,1,NA,NA,10,High,NA,Yes,Male,1,1,1
2381,R_5nMzDiHOoKp6m89,Old Control,mae,5,5,video5_cred_mae,cred_mae,70,5,1.347043603,Male,Yes,2,0,0,0,0,1,1,5,10,10,High,High,Yes,Male,1,1,1
2382,R_5nMzDiHOoKp6m89,Old Control,zanx,5,4,video6_cred_zanx,cred_zanx,71,6,1.382208689,Male,Yes,2,0,0,0,0,1,1,4.5,9,10,High,High,Yes,Male,1,1,1
2383,R_5nPalHU2N6ZsUoQ,Old Control,aby,1,1,video1_cred_aby,cred_aby,18,1,-0.481540893,Female,No,4,0,0,1,0,0,0,1,2,5,Moderate,Moderate,No,Female,1,0,0
2384,R_5nPalHU2N6ZsUoQ,Old Control,anna,1,1,video2_cred_anna,cred_anna,24,2,-0.270550374,Female,No,4,0,0,1,0,0,0,1,2,5,Moderate,Moderate,No,Female,1,0,1
2385,R_5nPalHU2N6ZsUoQ,Old Control,cham,3,1,video3_cred_cham,cred_cham,18,3,-0.481540893,Female,No,4,0,0,1,0,0,0,2,4,5,Moderate,High,No,Female,1,0,0
2386,R_5nPalHU2N6ZsUoQ,Old Control,fab,1,1,video4_cred_fab,cred_fab,30,4,-0.059559855,Female,No,4,0,0,1,0,0,0,1,2,5,Moderate,Moderate,No,Female,1,0,1
2387,R_5nPalHU2N6ZsUoQ,Old Control,mae,3,1,video5_cred_mae,cred_mae,31,5,-0.024394769,Female,No,4,0,0,1,0,0,0,2,4,5,Moderate,High,No,Female,1,0,1
2388,R_5nPalHU2N6ZsUoQ,Old Control,zanx,1,1,video6_cred_zanx,cred_zanx,18,6,-0.481540893,Female,No,4,0,0,1,0,0,0,1,2,5,Moderate,Moderate,No,Female,1,0,0
2389,R_5nr2GXLcm7Vvt8b,Young Control,aby,1,1,video1_cred_aby,cred_aby,12,1,-0.692531412,Male,I prefer not to answer,2,0,0,0,0,1,1,1,2,2,Low,Moderate,NA,Male,3,0,0
2390,R_5nr2GXLcm7Vvt8b,Young Control,anna,1,1,video2_cred_anna,cred_anna,14,2,-0.622201239,Male,I prefer not to answer,2,0,0,0,0,1,1,1,2,2,Low,Moderate,NA,Male,3,0,0
2391,R_5nr2GXLcm7Vvt8b,Young Control,cham,1,1,video3_cred_cham,cred_cham,11,3,-0.727696498,Male,I prefer not to answer,2,0,0,0,0,1,1,1,2,2,Low,Moderate,NA,Male,3,0,0
2392,R_5nr2GXLcm7Vvt8b,Young Control,fab,1,1,video4_cred_fab,cred_fab,9,4,-0.798026671,Male,I prefer not to answer,2,0,0,0,0,1,1,1,2,2,Low,Moderate,NA,Male,3,0,0
2393,R_5nr2GXLcm7Vvt8b,Young Control,mae,1,1,video5_cred_mae,cred_mae,12,5,-0.692531412,Male,I prefer not to answer,2,0,0,0,0,1,1,1,2,2,Low,Moderate,NA,Male,3,0,0
2394,R_5nr2GXLcm7Vvt8b,Young Control,zanx,1,1,video6_cred_zanx,cred_zanx,13,6,-0.657366325,Male,I prefer not to answer,2,0,0,0,0,1,1,1,2,2,Low,Moderate,NA,Male,3,0,0
2395,R_5nr6r5bQ18oVKhQ,Old Treat,aby,7,4,video1_cred_aby,cred_aby,76,1,1.558034122,Female,Yes,3,1,0,0,0,0,1,5.5,11,9,Moderate,High,Yes,Female,1,1,1
2396,R_5nr6r5bQ18oVKhQ,Old Treat,anna,3,4,video2_cred_anna,cred_anna,8,2,-0.833191758,Female,Yes,3,1,0,0,0,0,1,3.5,7,9,Moderate,High,Yes,Female,1,1,0
2397,R_5nr6r5bQ18oVKhQ,Old Treat,cham,1,1,video3_cred_cham,cred_cham,37,3,0.18659575,Female,Yes,3,1,0,0,0,0,1,1,2,9,Moderate,Moderate,Yes,Female,1,1,1
2398,R_5nr6r5bQ18oVKhQ,Old Treat,fab,5,5,video4_cred_fab,cred_fab,32,4,0.010770317,Female,Yes,3,1,0,0,0,0,1,5,10,9,Moderate,High,Yes,Female,1,1,1
2399,R_5nr6r5bQ18oVKhQ,Old Treat,mae,2,1,video5_cred_mae,cred_mae,20,5,-0.41121072,Female,Yes,3,1,0,0,0,0,1,1.5,3,9,Moderate,Moderate,Yes,Female,1,1,0
2400,R_5nr6r5bQ18oVKhQ,Old Treat,zanx,5,4,video6_cred_zanx,cred_zanx,61,6,1.030557825,Female,Yes,3,1,0,0,0,0,1,4.5,9,9,Moderate,High,Yes,Female,1,1,1
2401,R_5o7rf9Jnn2f9xoT,Old Control,aby,0,0,video1_cred_aby,cred_aby,1,1,-1.079347363,Female,Yes,1,0,0,0,1,0,0,0,0,NA,NA,Low,Yes,Female,1,0,0
2402,R_5o7rf9Jnn2f9xoT,Old Control,anna,0,0,video2_cred_anna,cred_anna,1.5,2,-1.06176482,Female,Yes,1,0,0,0,1,0,0,0,0,NA,NA,Low,Yes,Female,1,0,0
2403,R_5o7rf9Jnn2f9xoT,Old Control,cham,0,0,video3_cred_cham,cred_cham,1,3,-1.079347363,Female,Yes,1,0,0,0,1,0,0,0,0,NA,NA,Low,Yes,Female,1,0,0
2404,R_5o7rf9Jnn2f9xoT,Old Control,fab,0,0,video4_cred_fab,cred_fab,1,4,-1.079347363,Female,Yes,1,0,0,0,1,0,0,0,0,NA,NA,Low,Yes,Female,1,0,0
2405,R_5o7rf9Jnn2f9xoT,Old Control,mae,0,0,video5_cred_mae,cred_mae,1,5,-1.079347363,Female,Yes,1,0,0,0,1,0,0,0,0,NA,NA,Low,Yes,Female,1,0,0
2406,R_5o7rf9Jnn2f9xoT,Old Control,zanx,0,0,video6_cred_zanx,cred_zanx,0,6,-1.114512449,Female,Yes,1,0,0,0,1,0,0,0,0,NA,NA,Low,Yes,Female,1,0,0
2407,R_5oHWW2RHyheomxX,Young Control,aby,4,5,video1_cred_aby,cred_aby,65,1,1.171218171,Female,No,3,1,0,0,0,0,1,4.5,9,9,Moderate,High,No,Female,3,1,1
2408,R_5oHWW2RHyheomxX,Young Control,anna,4,5,video2_cred_anna,cred_anna,58,2,0.925062565,Female,No,3,1,0,0,0,0,1,4.5,9,9,Moderate,High,No,Female,3,1,1
2409,R_5oHWW2RHyheomxX,Young Control,cham,5,4,video3_cred_cham,cred_cham,64,3,1.136053084,Female,No,3,1,0,0,0,0,1,4.5,9,9,Moderate,High,No,Female,3,1,1
2410,R_5oHWW2RHyheomxX,Young Control,fab,4,5,video4_cred_fab,cred_fab,65,4,1.171218171,Female,No,3,1,0,0,0,0,1,4.5,9,9,Moderate,High,No,Female,3,1,1
2411,R_5oHWW2RHyheomxX,Young Control,mae,5,4,video5_cred_mae,cred_mae,72,5,1.417373776,Female,No,3,1,0,0,0,0,1,4.5,9,9,Moderate,High,No,Female,3,1,1
2412,R_5oHWW2RHyheomxX,Young Control,zanx,4,5,video6_cred_zanx,cred_zanx,65,6,1.171218171,Female,No,3,1,0,0,0,0,1,4.5,9,9,Moderate,High,No,Female,3,1,1
2413,R_5ot2j4A77g1DDKO,Old Treat,aby,NA,NA,video1_cred_aby,cred_aby,83,1,1.804189727,Male,No,2,0,0,1,0,0,0,NA,NA,10,High,NA,No,Male,1,1,1
2414,R_5ot2j4A77g1DDKO,Old Treat,anna,NA,NA,video2_cred_anna,cred_anna,NA,2,NA,Male,No,2,0,0,1,0,0,0,NA,NA,10,High,NA,No,Male,1,1,NA
2415,R_5ot2j4A77g1DDKO,Old Treat,cham,5,5,video3_cred_cham,cred_cham,NA,3,NA,Male,No,2,0,0,1,0,0,0,5,10,10,High,High,No,Male,1,1,NA
2416,R_5ot2j4A77g1DDKO,Old Treat,fab,NA,5,video4_cred_fab,cred_fab,79,4,1.663529381,Male,No,2,0,0,1,0,0,0,5,NA,10,High,NA,No,Male,1,1,1
2417,R_5ot2j4A77g1DDKO,Old Treat,mae,NA,NA,video5_cred_mae,cred_mae,NA,5,NA,Male,No,2,0,0,1,0,0,0,NA,NA,10,High,NA,No,Male,1,1,NA
2418,R_5ot2j4A77g1DDKO,Old Treat,zanx,NA,NA,video6_cred_zanx,cred_zanx,NA,6,NA,Male,No,2,0,0,1,0,0,0,NA,NA,10,High,NA,No,Male,1,1,NA
2419,R_5pPrrqfNkOJOabY,Young Control,aby,0,0,video1_cred_aby,cred_aby,7,1,-0.868356844,Male,Yes,4,1,0,0,0,0,0,0,0,0,Low,Low,Yes,Male,1,0,0
2420,R_5pPrrqfNkOJOabY,Young Control,anna,0,0,video2_cred_anna,cred_anna,1,2,-1.079347363,Male,Yes,4,1,0,0,0,0,0,0,0,0,Low,Low,Yes,Male,1,0,0
2421,R_5pPrrqfNkOJOabY,Young Control,cham,0,0,video3_cred_cham,cred_cham,3,3,-1.00901719,Male,Yes,4,1,0,0,0,0,0,0,0,0,Low,Low,Yes,Male,1,0,0
2422,R_5pPrrqfNkOJOabY,Young Control,fab,0,0,video4_cred_fab,cred_fab,6,4,-0.903521931,Male,Yes,4,1,0,0,0,0,0,0,0,0,Low,Low,Yes,Male,1,0,0
2423,R_5pPrrqfNkOJOabY,Young Control,mae,1,1,video5_cred_mae,cred_mae,25,5,-0.235385288,Male,Yes,4,1,0,0,0,0,0,1,2,0,Low,Moderate,Yes,Male,1,0,1
2424,R_5pPrrqfNkOJOabY,Young Control,zanx,0,0,video6_cred_zanx,cred_zanx,1,6,-1.079347363,Male,Yes,4,1,0,0,0,0,0,0,0,0,Low,Low,Yes,Male,1,0,0
2425,R_5pnZxjsvI52mh1v,Young Treat,aby,0,0,video1_cred_aby,cred_aby,30,1,-0.059559855,Female,Yes,2,0,0,0,0,1,1,0,0,0,Low,Low,Yes,Female,1,0,1
2426,R_5pnZxjsvI52mh1v,Young Treat,anna,0,0,video2_cred_anna,cred_anna,24,2,-0.270550374,Female,Yes,2,0,0,0,0,1,1,0,0,0,Low,Low,Yes,Female,1,0,1
2427,R_5pnZxjsvI52mh1v,Young Treat,cham,0,0,video3_cred_cham,cred_cham,15,3,-0.587036152,Female,Yes,2,0,0,0,0,1,1,0,0,0,Low,Low,Yes,Female,1,0,0
2428,R_5pnZxjsvI52mh1v,Young Treat,fab,0,0,video4_cred_fab,cred_fab,20,4,-0.41121072,Female,Yes,2,0,0,0,0,1,1,0,0,0,Low,Low,Yes,Female,1,0,0
2429,R_5pnZxjsvI52mh1v,Young Treat,mae,0,0,video5_cred_mae,cred_mae,25,5,-0.235385288,Female,Yes,2,0,0,0,0,1,1,0,0,0,Low,Low,Yes,Female,1,0,1
2430,R_5pnZxjsvI52mh1v,Young Treat,zanx,0,0,video6_cred_zanx,cred_zanx,20,6,-0.41121072,Female,Yes,2,0,0,0,0,1,1,0,0,0,Low,Low,Yes,Female,1,0,0
2431,R_5q1zObvm5cmXah3,Young Treat,aby,0,0,video1_cred_aby,cred_aby,0,1,-1.114512449,Female,Yes,3,1,0,0,0,0,0,0,0,0,Low,Low,Yes,Female,3,0,0
2432,R_5q1zObvm5cmXah3,Young Treat,anna,0,0,video2_cred_anna,cred_anna,0,2,-1.114512449,Female,Yes,3,1,0,0,0,0,0,0,0,0,Low,Low,Yes,Female,3,0,0
2433,R_5q1zObvm5cmXah3,Young Treat,cham,0,0,video3_cred_cham,cred_cham,10,3,-0.762861585,Female,Yes,3,1,0,0,0,0,0,0,0,0,Low,Low,Yes,Female,3,0,0
2434,R_5q1zObvm5cmXah3,Young Treat,fab,0,0,video4_cred_fab,cred_fab,0,4,-1.114512449,Female,Yes,3,1,0,0,0,0,0,0,0,0,Low,Low,Yes,Female,3,0,0
2435,R_5q1zObvm5cmXah3,Young Treat,mae,0,0,video5_cred_mae,cred_mae,40,5,0.292091009,Female,Yes,3,1,0,0,0,0,0,0,0,0,Low,Low,Yes,Female,3,0,1
2436,R_5q1zObvm5cmXah3,Young Treat,zanx,0,0,video6_cred_zanx,cred_zanx,0,6,-1.114512449,Female,Yes,3,1,0,0,0,0,0,0,0,0,Low,Low,Yes,Female,3,0,0
2437,R_5q39BZTf5ebWXJD,Young Control,aby,4,4,video1_cred_aby,cred_aby,56,1,0.854732392,Male,No,4,1,0,0,0,0,1,4,8,5,Moderate,High,No,Male,2,1,1
2438,R_5q39BZTf5ebWXJD,Young Control,anna,3,4,video2_cred_anna,cred_anna,52,2,0.714072047,Male,No,4,1,0,0,0,0,1,3.5,7,5,Moderate,High,No,Male,2,1,1
2439,R_5q39BZTf5ebWXJD,Young Control,cham,3,4,video3_cred_cham,cred_cham,61,3,1.030557825,Male,No,4,1,0,0,0,0,1,3.5,7,5,Moderate,High,No,Male,2,1,1
2440,R_5q39BZTf5ebWXJD,Young Control,fab,4,4,video4_cred_fab,cred_fab,54,4,0.78440222,Male,No,4,1,0,0,0,0,1,4,8,5,Moderate,High,No,Male,2,1,1
2441,R_5q39BZTf5ebWXJD,Young Control,mae,5,4,video5_cred_mae,cred_mae,50,5,0.643741874,Male,No,4,1,0,0,0,0,1,4.5,9,5,Moderate,High,No,Male,2,1,1
2442,R_5q39BZTf5ebWXJD,Young Control,zanx,3,4,video6_cred_zanx,cred_zanx,57,6,0.889897479,Male,No,4,1,0,0,0,0,1,3.5,7,5,Moderate,High,No,Male,2,1,1
2443,R_5qNWwPkKyzCJY7m,Young Treat,aby,NA,NA,video1_cred_aby,cred_aby,NA,1,NA,Female,Yes,1,0,0,0,0,0,0,NA,NA,2,Low,NA,Yes,Female,NA,0,NA
2444,R_5qNWwPkKyzCJY7m,Young Treat,anna,NA,NA,video2_cred_anna,cred_anna,NA,2,NA,Female,Yes,1,0,0,0,0,0,0,NA,NA,2,Low,NA,Yes,Female,NA,0,NA
2445,R_5qNWwPkKyzCJY7m,Young Treat,cham,NA,NA,video3_cred_cham,cred_cham,NA,3,NA,Female,Yes,1,0,0,0,0,0,0,NA,NA,2,Low,NA,Yes,Female,NA,0,NA
2446,R_5qNWwPkKyzCJY7m,Young Treat,fab,NA,NA,video4_cred_fab,cred_fab,NA,4,NA,Female,Yes,1,0,0,0,0,0,0,NA,NA,2,Low,NA,Yes,Female,NA,0,NA
2447,R_5qNWwPkKyzCJY7m,Young Treat,mae,1,1,video5_cred_mae,cred_mae,NA,5,NA,Female,Yes,1,0,0,0,0,0,0,1,2,2,Low,Moderate,Yes,Female,NA,0,NA
2448,R_5qNWwPkKyzCJY7m,Young Treat,zanx,NA,NA,video6_cred_zanx,cred_zanx,NA,6,NA,Female,Yes,1,0,0,0,0,0,0,NA,NA,2,Low,NA,Yes,Female,NA,0,NA
2449,R_5qdYqYOGOxHetmK,Old Control,aby,6,7,video1_cred_aby,cred_aby,93,1,2.155840591,Male,Yes,3,1,0,0,0,0,1,6.5,13,11,High,High,Yes,Male,1,0,1
2450,R_5qdYqYOGOxHetmK,Old Control,anna,7,6,video2_cred_anna,cred_anna,89,2,2.015180246,Male,Yes,3,1,0,0,0,0,1,6.5,13,11,High,High,Yes,Male,1,0,1
2451,R_5qdYqYOGOxHetmK,Old Control,cham,6,7,video3_cred_cham,cred_cham,97,3,2.296500937,Male,Yes,3,1,0,0,0,0,1,6.5,13,11,High,High,Yes,Male,1,0,1
2452,R_5qdYqYOGOxHetmK,Old Control,fab,6,7,video4_cred_fab,cred_fab,96,4,2.261335851,Male,Yes,3,1,0,0,0,0,1,6.5,13,11,High,High,Yes,Male,1,0,1
2453,R_5qdYqYOGOxHetmK,Old Control,mae,6,6,video5_cred_mae,cred_mae,84,5,1.839354813,Male,Yes,3,1,0,0,0,0,1,6,12,11,High,High,Yes,Male,1,0,1
2454,R_5qdYqYOGOxHetmK,Old Control,zanx,7,6,video6_cred_zanx,cred_zanx,94,6,2.191005678,Male,Yes,3,1,0,0,0,0,1,6.5,13,11,High,High,Yes,Male,1,0,1
2455,R_5qfl0b8ekiBFfLM,Old Control,aby,0,0,video1_cred_aby,cred_aby,1,1,-1.079347363,Male,No,1,0,1,0,0,0,0,0,0,0,Low,Low,No,Male,1,0,0
2456,R_5qfl0b8ekiBFfLM,Old Control,anna,0,0,video2_cred_anna,cred_anna,1,2,-1.079347363,Male,No,1,0,1,0,0,0,0,0,0,0,Low,Low,No,Male,1,0,0
2457,R_5qfl0b8ekiBFfLM,Old Control,cham,0,0,video3_cred_cham,cred_cham,1,3,-1.079347363,Male,No,1,0,1,0,0,0,0,0,0,0,Low,Low,No,Male,1,0,0
2458,R_5qfl0b8ekiBFfLM,Old Control,fab,0,0,video4_cred_fab,cred_fab,1,4,-1.079347363,Male,No,1,0,1,0,0,0,0,0,0,0,Low,Low,No,Male,1,0,0
2459,R_5qfl0b8ekiBFfLM,Old Control,mae,0,0,video5_cred_mae,cred_mae,4,5,-0.973852103,Male,No,1,0,1,0,0,0,0,0,0,0,Low,Low,No,Male,1,0,0
2460,R_5qfl0b8ekiBFfLM,Old Control,zanx,0,0,video6_cred_zanx,cred_zanx,2,6,-1.044182276,Male,No,1,0,1,0,0,0,0,0,0,0,Low,Low,No,Male,1,0,0
2461,R_5qk54FS3vBVp6uB,Young Treat,aby,0,0,video1_cred_aby,cred_aby,62,1,1.065722911,Female,Yes,1,0,0,0,0,1,1,0,0,0,Low,Low,Yes,Female,1,0,1
2462,R_5qk54FS3vBVp6uB,Young Treat,anna,0,0,video2_cred_anna,cred_anna,0,2,-1.114512449,Female,Yes,1,0,0,0,0,1,1,0,0,0,Low,Low,Yes,Female,1,0,0
2463,R_5qk54FS3vBVp6uB,Young Treat,cham,0,0,video3_cred_cham,cred_cham,49,3,0.608576787,Female,Yes,1,0,0,0,0,1,1,0,0,0,Low,Low,Yes,Female,1,0,1
2464,R_5qk54FS3vBVp6uB,Young Treat,fab,0,0,video4_cred_fab,cred_fab,0,4,-1.114512449,Female,Yes,1,0,0,0,0,1,1,0,0,0,Low,Low,Yes,Female,1,0,0
2465,R_5qk54FS3vBVp6uB,Young Treat,mae,0,0,video5_cred_mae,cred_mae,0,5,-1.114512449,Female,Yes,1,0,0,0,0,1,1,0,0,0,Low,Low,Yes,Female,1,0,0
2466,R_5qk54FS3vBVp6uB,Young Treat,zanx,0,0,video6_cred_zanx,cred_zanx,0,6,-1.114512449,Female,Yes,1,0,0,0,0,1,1,0,0,0,Low,Low,Yes,Female,1,0,0
2467,R_5qkEOQiiQiSWZ1t,Young Treat,aby,0,0,video1_cred_aby,cred_aby,0,1,-1.114512449,Female,No,3,1,0,0,0,0,1,0,0,0,Low,Low,No,Female,1,0,0
2468,R_5qkEOQiiQiSWZ1t,Young Treat,anna,0,0,video2_cred_anna,cred_anna,0,2,-1.114512449,Female,No,3,1,0,0,0,0,1,0,0,0,Low,Low,No,Female,1,0,0
2469,R_5qkEOQiiQiSWZ1t,Young Treat,cham,0,0,video3_cred_cham,cred_cham,0,3,-1.114512449,Female,No,3,1,0,0,0,0,1,0,0,0,Low,Low,No,Female,1,0,0
2470,R_5qkEOQiiQiSWZ1t,Young Treat,fab,0,0,video4_cred_fab,cred_fab,0,4,-1.114512449,Female,No,3,1,0,0,0,0,1,0,0,0,Low,Low,No,Female,1,0,0
2471,R_5qkEOQiiQiSWZ1t,Young Treat,mae,0,0,video5_cred_mae,cred_mae,0,5,-1.114512449,Female,No,3,1,0,0,0,0,1,0,0,0,Low,Low,No,Female,1,0,0
2472,R_5qkEOQiiQiSWZ1t,Young Treat,zanx,0,0,video6_cred_zanx,cred_zanx,0,6,-1.114512449,Female,No,3,1,0,0,0,0,1,0,0,0,Low,Low,No,Female,1,0,0
2473,R_5qlg72uEVFc3EbO,Old Control,aby,0,0,video1_cred_aby,cred_aby,1,1,-1.079347363,Female,Yes,2,0,0,0,0,1,0,0,0,3,Low,Low,Yes,Female,1,0,0
2474,R_5qlg72uEVFc3EbO,Old Control,anna,1,2,video2_cred_anna,cred_anna,5,2,-0.938687017,Female,Yes,2,0,0,0,0,1,0,1.5,3,3,Low,Moderate,Yes,Female,1,0,0
2475,R_5qlg72uEVFc3EbO,Old Control,cham,0,3,video3_cred_cham,cred_cham,20,3,-0.41121072,Female,Yes,2,0,0,0,0,1,0,1.5,3,3,Low,Moderate,Yes,Female,1,0,0
2476,R_5qlg72uEVFc3EbO,Old Control,fab,0,0,video4_cred_fab,cred_fab,50,4,0.643741874,Female,Yes,2,0,0,0,0,1,0,0,0,3,Low,Low,Yes,Female,1,0,1
2477,R_5qlg72uEVFc3EbO,Old Control,mae,0,2,video5_cred_mae,cred_mae,5,5,-0.938687017,Female,Yes,2,0,0,0,0,1,0,1,2,3,Low,Moderate,Yes,Female,1,0,0
2478,R_5qlg72uEVFc3EbO,Old Control,zanx,0,0,video6_cred_zanx,cred_zanx,10,6,-0.762861585,Female,Yes,2,0,0,0,0,1,0,0,0,3,Low,Low,Yes,Female,1,0,0
2479,R_5qmDmCSmDLdJxtM,Young Control,aby,0,0,video1_cred_aby,cred_aby,0,1,-1.114512449,Female,Yes,2,0,0,0,0,1,0,0,0,0,Low,Low,Yes,Female,1,0,0
2480,R_5qmDmCSmDLdJxtM,Young Control,anna,0,0,video2_cred_anna,cred_anna,0,2,-1.114512449,Female,Yes,2,0,0,0,0,1,0,0,0,0,Low,Low,Yes,Female,1,0,0
2481,R_5qmDmCSmDLdJxtM,Young Control,cham,0,0,video3_cred_cham,cred_cham,0,3,-1.114512449,Female,Yes,2,0,0,0,0,1,0,0,0,0,Low,Low,Yes,Female,1,0,0
2482,R_5qmDmCSmDLdJxtM,Young Control,fab,0,0,video4_cred_fab,cred_fab,0,4,-1.114512449,Female,Yes,2,0,0,0,0,1,0,0,0,0,Low,Low,Yes,Female,1,0,0
2483,R_5qmDmCSmDLdJxtM,Young Control,mae,0,0,video5_cred_mae,cred_mae,0,5,-1.114512449,Female,Yes,2,0,0,0,0,1,0,0,0,0,Low,Low,Yes,Female,1,0,0
2484,R_5qmDmCSmDLdJxtM,Young Control,zanx,0,0,video6_cred_zanx,cred_zanx,0,6,-1.114512449,Female,Yes,2,0,0,0,0,1,0,0,0,0,Low,Low,Yes,Female,1,0,0
2485,R_5qx4LJme9H1QxQB,Old Control,aby,1,1,video1_cred_aby,cred_aby,100,1,2.401996197,Female,Yes,4,0,0,0,0,1,0,1,2,0,Low,Moderate,Yes,Female,1,0,1
2486,R_5qx4LJme9H1QxQB,Old Control,anna,1,1,video2_cred_anna,cred_anna,50,2,0.643741874,Female,Yes,4,0,0,0,0,1,0,1,2,0,Low,Moderate,Yes,Female,1,0,1
2487,R_5qx4LJme9H1QxQB,Old Control,cham,1,1,video3_cred_cham,cred_cham,72,3,1.417373776,Female,Yes,4,0,0,0,0,1,0,1,2,0,Low,Moderate,Yes,Female,1,0,1
2488,R_5qx4LJme9H1QxQB,Old Control,fab,1,1,video4_cred_fab,cred_fab,100,4,2.401996197,Female,Yes,4,0,0,0,0,1,0,1,2,0,Low,Moderate,Yes,Female,1,0,1
2489,R_5qx4LJme9H1QxQB,Old Control,mae,1,1,video5_cred_mae,cred_mae,53,5,0.749237133,Female,Yes,4,0,0,0,0,1,0,1,2,0,Low,Moderate,Yes,Female,1,0,1
2490,R_5qx4LJme9H1QxQB,Old Control,zanx,1,1,video6_cred_zanx,cred_zanx,50,6,0.643741874,Female,Yes,4,0,0,0,0,1,0,1,2,0,Low,Moderate,Yes,Female,1,0,1
2491,R_5rJ3tm4jDxlTGh0,Old Treat,aby,0,0,video1_cred_aby,cred_aby,4,1,-0.973852103,Female,No,2,0,1,0,0,0,0,0,0,0,Low,Low,No,Female,1,0,0
2492,R_5rJ3tm4jDxlTGh0,Old Treat,anna,0,0,video2_cred_anna,cred_anna,4,2,-0.973852103,Female,No,2,0,1,0,0,0,0,0,0,0,Low,Low,No,Female,1,0,0
2493,R_5rJ3tm4jDxlTGh0,Old Treat,cham,0,0,video3_cred_cham,cred_cham,5,3,-0.938687017,Female,No,2,0,1,0,0,0,0,0,0,0,Low,Low,No,Female,1,0,0
2494,R_5rJ3tm4jDxlTGh0,Old Treat,fab,0,0,video4_cred_fab,cred_fab,2,4,-1.044182276,Female,No,2,0,1,0,0,0,0,0,0,0,Low,Low,No,Female,1,0,0
2495,R_5rJ3tm4jDxlTGh0,Old Treat,mae,0,0,video5_cred_mae,cred_mae,4,5,-0.973852103,Female,No,2,0,1,0,0,0,0,0,0,0,Low,Low,No,Female,1,0,0
2496,R_5rJ3tm4jDxlTGh0,Old Treat,zanx,0,0,video6_cred_zanx,cred_zanx,1,6,-1.079347363,Female,No,2,0,1,0,0,0,0,0,0,0,Low,Low,No,Female,1,0,0
2497,R_5rNIcZXLrt0YPx7,Young Treat,aby,0,0,video1_cred_aby,cred_aby,0,1,-1.114512449,Female,No,4,1,0,0,0,0,0,0,0,0,Low,Low,No,Female,1,1,0
2498,R_5rNIcZXLrt0YPx7,Young Treat,anna,0,0,video2_cred_anna,cred_anna,6,2,-0.903521931,Female,No,4,1,0,0,0,0,0,0,0,0,Low,Low,No,Female,1,1,0
2499,R_5rNIcZXLrt0YPx7,Young Treat,cham,0,0,video3_cred_cham,cred_cham,4,3,-0.973852103,Female,No,4,1,0,0,0,0,0,0,0,0,Low,Low,No,Female,1,1,0
2500,R_5rNIcZXLrt0YPx7,Young Treat,fab,0,0,video4_cred_fab,cred_fab,13,4,-0.657366325,Female,No,4,1,0,0,0,0,0,0,0,0,Low,Low,No,Female,1,1,0
2501,R_5rNIcZXLrt0YPx7,Young Treat,mae,0,0,video5_cred_mae,cred_mae,20,5,-0.41121072,Female,No,4,1,0,0,0,0,0,0,0,0,Low,Low,No,Female,1,1,0
2502,R_5rNIcZXLrt0YPx7,Young Treat,zanx,0,0,video6_cred_zanx,cred_zanx,14,6,-0.622201239,Female,No,4,1,0,0,0,0,0,0,0,0,Low,Low,No,Female,1,1,0
2503,R_5rO87PCxKOFJbmm,Young Control,aby,4,4,video1_cred_aby,cred_aby,67,1,1.241548344,Female,No,4,0,1,0,0,0,0,4,8,8,Moderate,High,No,Female,1,1,1
2504,R_5rO87PCxKOFJbmm,Young Control,anna,5,5,video2_cred_anna,cred_anna,61,2,1.030557825,Female,No,4,0,1,0,0,0,0,5,10,8,Moderate,High,No,Female,1,1,1
2505,R_5rO87PCxKOFJbmm,Young Control,cham,5,5,video3_cred_cham,cred_cham,72,3,1.417373776,Female,No,4,0,1,0,0,0,0,5,10,8,Moderate,High,No,Female,1,1,1
2506,R_5rO87PCxKOFJbmm,Young Control,fab,4,5,video4_cred_fab,cred_fab,57,4,0.889897479,Female,No,4,0,1,0,0,0,0,4.5,9,8,Moderate,High,No,Female,1,1,1
2507,R_5rO87PCxKOFJbmm,Young Control,mae,5,5,video5_cred_mae,cred_mae,79,5,1.663529381,Female,No,4,0,1,0,0,0,0,5,10,8,Moderate,High,No,Female,1,1,1
2508,R_5rO87PCxKOFJbmm,Young Control,zanx,4,5,video6_cred_zanx,cred_zanx,67,6,1.241548344,Female,No,4,0,1,0,0,0,0,4.5,9,8,Moderate,High,No,Female,1,1,1
2509,R_5rP6K9ig4tBxGFm,Young Control,aby,NA,NA,video1_cred_aby,cred_aby,4,1,-0.973852103,Female,No,4,0,0,1,0,1,1,NA,NA,NA,NA,NA,No,Female,1,0,0
2510,R_5rP6K9ig4tBxGFm,Young Control,anna,NA,NA,video2_cred_anna,cred_anna,NA,2,NA,Female,No,4,0,0,1,0,1,1,NA,NA,NA,NA,NA,No,Female,1,0,NA
2511,R_5rP6K9ig4tBxGFm,Young Control,cham,NA,NA,video3_cred_cham,cred_cham,NA,3,NA,Female,No,4,0,0,1,0,1,1,NA,NA,NA,NA,NA,No,Female,1,0,NA
2512,R_5rP6K9ig4tBxGFm,Young Control,fab,NA,NA,video4_cred_fab,cred_fab,NA,4,NA,Female,No,4,0,0,1,0,1,1,NA,NA,NA,NA,NA,No,Female,1,0,NA
2513,R_5rP6K9ig4tBxGFm,Young Control,mae,NA,NA,video5_cred_mae,cred_mae,NA,5,NA,Female,No,4,0,0,1,0,1,1,NA,NA,NA,NA,NA,No,Female,1,0,NA
2514,R_5rP6K9ig4tBxGFm,Young Control,zanx,NA,NA,video6_cred_zanx,cred_zanx,9,6,-0.798026671,Female,No,4,0,0,1,0,1,1,NA,NA,NA,NA,NA,No,Female,1,0,0
2515,R_5rkbVgb0cEHSOAv,Old Treat,aby,NA,NA,video1_cred_aby,cred_aby,NA,1,NA,Male,Yes,2,0,0,0,1,1,0,NA,NA,1,Low,NA,Yes,Male,2,0,NA
2516,R_5rkbVgb0cEHSOAv,Old Treat,anna,NA,NA,video2_cred_anna,cred_anna,11.5,2,-0.710113955,Male,Yes,2,0,0,0,1,1,0,NA,NA,1,Low,NA,Yes,Male,2,0,0
2517,R_5rkbVgb0cEHSOAv,Old Treat,cham,1,1,video3_cred_cham,cred_cham,17,3,-0.516705979,Male,Yes,2,0,0,0,1,1,0,1,2,1,Low,Moderate,Yes,Male,2,0,0
2518,R_5rkbVgb0cEHSOAv,Old Treat,fab,0,1,video4_cred_fab,cred_fab,9,4,-0.798026671,Male,Yes,2,0,0,0,1,1,0,0.5,1,1,Low,Moderate,Yes,Male,2,0,0
2519,R_5rkbVgb0cEHSOAv,Old Treat,mae,1,1,video5_cred_mae,cred_mae,17,5,-0.516705979,Male,Yes,2,0,0,0,1,1,0,1,2,1,Low,Moderate,Yes,Male,2,0,0
2520,R_5rkbVgb0cEHSOAv,Old Treat,zanx,NA,NA,video6_cred_zanx,cred_zanx,NA,6,NA,Male,Yes,2,0,0,0,1,1,0,NA,NA,1,Low,NA,Yes,Male,2,0,NA
2521,R_5sLYH6kSMMAMPJv,Young Control,aby,0,0,video1_cred_aby,cred_aby,30,1,-0.059559855,Male,No,3,1,0,0,0,0,1,0,0,1,Low,Low,No,Male,2,0,1
2522,R_5sLYH6kSMMAMPJv,Young Control,anna,1,1,video2_cred_anna,cred_anna,20,2,-0.41121072,Male,No,3,1,0,0,0,0,1,1,2,1,Low,Moderate,No,Male,2,0,0
2523,R_5sLYH6kSMMAMPJv,Young Control,cham,0,3,video3_cred_cham,cred_cham,40,3,0.292091009,Male,No,3,1,0,0,0,0,1,1.5,3,1,Low,Moderate,No,Male,2,0,1
2524,R_5sLYH6kSMMAMPJv,Young Control,fab,3,2,video4_cred_fab,cred_fab,13,4,-0.657366325,Male,No,3,1,0,0,0,0,1,2.5,5,1,Low,High,No,Male,2,0,0
2525,R_5sLYH6kSMMAMPJv,Young Control,mae,0,1,video5_cred_mae,cred_mae,10,5,-0.762861585,Male,No,3,1,0,0,0,0,1,0.5,1,1,Low,Moderate,No,Male,2,0,0
2526,R_5sLYH6kSMMAMPJv,Young Control,zanx,1,2,video6_cred_zanx,cred_zanx,20,6,-0.41121072,Male,No,3,1,0,0,0,0,1,1.5,3,1,Low,Moderate,No,Male,2,0,0
2527,R_5t2PN1qJ4dCR7Zn,Old Treat,aby,0,0,video1_cred_aby,cred_aby,0,1,-1.114512449,Female,Yes,3,0,0,0,0,0,0,0,0,0,Low,Low,Yes,Female,1,0,0
2528,R_5t2PN1qJ4dCR7Zn,Old Treat,anna,0,0,video2_cred_anna,cred_anna,0,2,-1.114512449,Female,Yes,3,0,0,0,0,0,0,0,0,0,Low,Low,Yes,Female,1,0,0
2529,R_5t2PN1qJ4dCR7Zn,Old Treat,cham,0,0,video3_cred_cham,cred_cham,0,3,-1.114512449,Female,Yes,3,0,0,0,0,0,0,0,0,0,Low,Low,Yes,Female,1,0,0
2530,R_5t2PN1qJ4dCR7Zn,Old Treat,fab,0,0,video4_cred_fab,cred_fab,0,4,-1.114512449,Female,Yes,3,0,0,0,0,0,0,0,0,0,Low,Low,Yes,Female,1,0,0
2531,R_5t2PN1qJ4dCR7Zn,Old Treat,mae,0,0,video5_cred_mae,cred_mae,0,5,-1.114512449,Female,Yes,3,0,0,0,0,0,0,0,0,0,Low,Low,Yes,Female,1,0,0
2532,R_5t2PN1qJ4dCR7Zn,Old Treat,zanx,0,0,video6_cred_zanx,cred_zanx,0,6,-1.114512449,Female,Yes,3,0,0,0,0,0,0,0,0,0,Low,Low,Yes,Female,1,0,0
2533,R_5t9lWYwM5dx4Kpv,Young Control,aby,6,6,video1_cred_aby,cred_aby,86,1,1.909684986,Male,Yes,2,0,0,1,0,0,0,6,12,12,High,High,Yes,Male,2,1,1
2534,R_5t9lWYwM5dx4Kpv,Young Control,anna,6,5,video2_cred_anna,cred_anna,86,2,1.909684986,Male,Yes,2,0,0,1,0,0,0,5.5,11,12,High,High,Yes,Male,2,1,1
2535,R_5t9lWYwM5dx4Kpv,Young Control,cham,6,6,video3_cred_cham,cred_cham,88,3,1.980015159,Male,Yes,2,0,0,1,0,0,0,6,12,12,High,High,Yes,Male,2,1,1
2536,R_5t9lWYwM5dx4Kpv,Young Control,fab,6,6,video4_cred_fab,cred_fab,87,4,1.944850073,Male,Yes,2,0,0,1,0,0,0,6,12,12,High,High,Yes,Male,2,1,1
2537,R_5t9lWYwM5dx4Kpv,Young Control,mae,6,6,video5_cred_mae,cred_mae,82,5,1.76902464,Male,Yes,2,0,0,1,0,0,0,6,12,12,High,High,Yes,Male,2,1,1
2538,R_5t9lWYwM5dx4Kpv,Young Control,zanx,6,6,video6_cred_zanx,cred_zanx,84,6,1.839354813,Male,Yes,2,0,0,1,0,0,0,6,12,12,High,High,Yes,Male,2,1,1
2539,R_5tKEhIzhpGkt8DZ,Old Control,aby,0,0,video1_cred_aby,cred_aby,10,1,-0.762861585,Female,Yes,3,0,0,0,0,1,0,0,0,0,Low,Low,Yes,Female,1,0,0
2540,R_5tKEhIzhpGkt8DZ,Old Control,anna,0,0,video2_cred_anna,cred_anna,20,2,-0.41121072,Female,Yes,3,0,0,0,0,1,0,0,0,0,Low,Low,Yes,Female,1,0,0
2541,R_5tKEhIzhpGkt8DZ,Old Control,cham,0,0,video3_cred_cham,cred_cham,11,3,-0.727696498,Female,Yes,3,0,0,0,0,1,0,0,0,0,Low,Low,Yes,Female,1,0,0
2542,R_5tKEhIzhpGkt8DZ,Old Control,fab,0,0,video4_cred_fab,cred_fab,10,4,-0.762861585,Female,Yes,3,0,0,0,0,1,0,0,0,0,Low,Low,Yes,Female,1,0,0
2543,R_5tKEhIzhpGkt8DZ,Old Control,mae,0,0,video5_cred_mae,cred_mae,20,5,-0.41121072,Female,Yes,3,0,0,0,0,1,0,0,0,0,Low,Low,Yes,Female,1,0,0
2544,R_5tKEhIzhpGkt8DZ,Old Control,zanx,0,0,video6_cred_zanx,cred_zanx,11,6,-0.727696498,Female,Yes,3,0,0,0,0,1,0,0,0,0,Low,Low,Yes,Female,1,0,0
2545,R_5uKkgJpW8i6zlWm,Old Treat,aby,NA,NA,video1_cred_aby,cred_aby,NA,1,NA,Male,Yes,2,0,0,0,0,1,0,NA,NA,0,Low,NA,Yes,Male,1,0,NA
2546,R_5uKkgJpW8i6zlWm,Old Treat,anna,NA,NA,video2_cred_anna,cred_anna,NA,2,NA,Male,Yes,2,0,0,0,0,1,0,NA,NA,0,Low,NA,Yes,Male,1,0,NA
2547,R_5uKkgJpW8i6zlWm,Old Treat,cham,NA,NA,video3_cred_cham,cred_cham,NA,3,NA,Male,Yes,2,0,0,0,0,1,0,NA,NA,0,Low,NA,Yes,Male,1,0,NA
2548,R_5uKkgJpW8i6zlWm,Old Treat,fab,NA,NA,video4_cred_fab,cred_fab,NA,4,NA,Male,Yes,2,0,0,0,0,1,0,NA,NA,0,Low,NA,Yes,Male,1,0,NA
2549,R_5uKkgJpW8i6zlWm,Old Treat,mae,NA,NA,video5_cred_mae,cred_mae,NA,5,NA,Male,Yes,2,0,0,0,0,1,0,NA,NA,0,Low,NA,Yes,Male,1,0,NA
2550,R_5uKkgJpW8i6zlWm,Old Treat,zanx,NA,NA,video6_cred_zanx,cred_zanx,NA,6,NA,Male,Yes,2,0,0,0,0,1,0,NA,NA,0,Low,NA,Yes,Male,1,0,NA
2551,R_5uvNg9D2CEkiGIh,Old Control,aby,0,0,video1_cred_aby,cred_aby,0,1,-1.114512449,Female,No,4,0,0,1,0,0,0,0,0,2,Low,Low,No,Female,1,0,0
2552,R_5uvNg9D2CEkiGIh,Old Control,anna,1,0,video2_cred_anna,cred_anna,24,2,-0.270550374,Female,No,4,0,0,1,0,0,0,0.5,1,2,Low,Moderate,No,Female,1,0,1
2553,R_5uvNg9D2CEkiGIh,Old Control,cham,1,1,video3_cred_cham,cred_cham,14,3,-0.622201239,Female,No,4,0,0,1,0,0,0,1,2,2,Low,Moderate,No,Female,1,0,0
2554,R_5uvNg9D2CEkiGIh,Old Control,fab,0,0,video4_cred_fab,cred_fab,47,4,0.538246614,Female,No,4,0,0,1,0,0,0,0,0,2,Low,Low,No,Female,1,0,1
2555,R_5uvNg9D2CEkiGIh,Old Control,mae,0,0,video5_cred_mae,cred_mae,3,5,-1.00901719,Female,No,4,0,0,1,0,0,0,0,0,2,Low,Low,No,Female,1,0,0
2556,R_5uvNg9D2CEkiGIh,Old Control,zanx,0,0,video6_cred_zanx,cred_zanx,0,6,-1.114512449,Female,No,4,0,0,1,0,0,0,0,0,2,Low,Low,No,Female,1,0,0
2557,R_5wFwqpAxGrZ9J11,Old Control,aby,6,6,video1_cred_aby,cred_aby,84,1,1.839354813,Female,Yes,3,0,0,1,0,0,0,6,12,10,High,High,Yes,Female,3,1,1
2558,R_5wFwqpAxGrZ9J11,Old Control,anna,6,5,video2_cred_anna,cred_anna,85,2,1.8745199,Female,Yes,3,0,0,1,0,0,0,5.5,11,10,High,High,Yes,Female,3,1,1
2559,R_5wFwqpAxGrZ9J11,Old Control,cham,6,6,video3_cred_cham,cred_cham,80,3,1.698694468,Female,Yes,3,0,0,1,0,0,0,6,12,10,High,High,Yes,Female,3,1,1
2560,R_5wFwqpAxGrZ9J11,Old Control,fab,5,5,video4_cred_fab,cred_fab,79,4,1.663529381,Female,Yes,3,0,0,1,0,0,0,5,10,10,High,High,Yes,Female,3,1,1
2561,R_5wFwqpAxGrZ9J11,Old Control,mae,6,6,video5_cred_mae,cred_mae,79,5,1.663529381,Female,Yes,3,0,0,1,0,0,0,6,12,10,High,High,Yes,Female,3,1,1
2562,R_5wFwqpAxGrZ9J11,Old Control,zanx,6,6,video6_cred_zanx,cred_zanx,83,6,1.804189727,Female,Yes,3,0,0,1,0,0,0,6,12,10,High,High,Yes,Female,3,1,1
2563,R_5xRelK21FGuU4zi,Old Treat,aby,4,3,video1_cred_aby,cred_aby,42,1,0.362421182,Male,Yes,3,1,0,0,0,0,1,3.5,7,7,Moderate,High,Yes,Male,1,1,1
2564,R_5xRelK21FGuU4zi,Old Treat,anna,4,3,video2_cred_anna,cred_anna,45,2,0.467916441,Male,Yes,3,1,0,0,0,0,1,3.5,7,7,Moderate,High,Yes,Male,1,1,1
2565,R_5xRelK21FGuU4zi,Old Treat,cham,3,3,video3_cred_cham,cred_cham,45,3,0.467916441,Male,Yes,3,1,0,0,0,0,1,3,6,7,Moderate,High,Yes,Male,1,1,1
2566,R_5xRelK21FGuU4zi,Old Treat,fab,4,3,video4_cred_fab,cred_fab,38,4,0.221760836,Male,Yes,3,1,0,0,0,0,1,3.5,7,7,Moderate,High,Yes,Male,1,1,1
2567,R_5xRelK21FGuU4zi,Old Treat,mae,4,3,video5_cred_mae,cred_mae,42,5,0.362421182,Male,Yes,3,1,0,0,0,0,1,3.5,7,7,Moderate,High,Yes,Male,1,1,1
2568,R_5xRelK21FGuU4zi,Old Treat,zanx,3,4,video6_cred_zanx,cred_zanx,53,6,0.749237133,Male,Yes,3,1,0,0,0,0,1,3.5,7,7,Moderate,High,Yes,Male,1,1,1
2569,R_5xYpiVqKi091GWk,Young Control,aby,0,0,video1_cred_aby,cred_aby,50,1,0.643741874,Female,No,3,0,1,0,0,0,1,0,0,1,Low,Low,No,Female,1,0,1
2570,R_5xYpiVqKi091GWk,Young Control,anna,0,0,video2_cred_anna,cred_anna,50,2,0.643741874,Female,No,3,0,1,0,0,0,1,0,0,1,Low,Low,No,Female,1,0,1
2571,R_5xYpiVqKi091GWk,Young Control,cham,1,0,video3_cred_cham,cred_cham,30,3,-0.059559855,Female,No,3,0,1,0,0,0,1,0.5,1,1,Low,Moderate,No,Female,1,0,1
2572,R_5xYpiVqKi091GWk,Young Control,fab,0,0,video4_cred_fab,cred_fab,10,4,-0.762861585,Female,No,3,0,1,0,0,0,1,0,0,1,Low,Low,No,Female,1,0,0
2573,R_5xYpiVqKi091GWk,Young Control,mae,0,0,video5_cred_mae,cred_mae,60,5,0.995392738,Female,No,3,0,1,0,0,0,1,0,0,1,Low,Low,No,Female,1,0,1
2574,R_5xYpiVqKi091GWk,Young Control,zanx,0,0,video6_cred_zanx,cred_zanx,11,6,-0.727696498,Female,No,3,0,1,0,0,0,1,0,0,1,Low,Low,No,Female,1,0,0
2575,R_61gcvXsnrAthsdG,Old Treat,aby,0,2,video1_cred_aby,cred_aby,40,1,0.292091009,Female,Yes,4,0,0,0,1,0,1,1,2,2,Low,Moderate,Yes,Female,1,1,1
2576,R_61gcvXsnrAthsdG,Old Treat,anna,0,2,video2_cred_anna,cred_anna,40,2,0.292091009,Female,Yes,4,0,0,0,1,0,1,1,2,2,Low,Moderate,Yes,Female,1,1,1
2577,R_61gcvXsnrAthsdG,Old Treat,cham,0,2,video3_cred_cham,cred_cham,60,3,0.995392738,Female,Yes,4,0,0,0,1,0,1,1,2,2,Low,Moderate,Yes,Female,1,1,1
2578,R_61gcvXsnrAthsdG,Old Treat,fab,0,2,video4_cred_fab,cred_fab,NA,4,NA,Female,Yes,4,0,0,0,1,0,1,1,2,2,Low,Moderate,Yes,Female,1,1,NA
2579,R_61gcvXsnrAthsdG,Old Treat,mae,0,2,video5_cred_mae,cred_mae,NA,5,NA,Female,Yes,4,0,0,0,1,0,1,1,2,2,Low,Moderate,Yes,Female,1,1,NA
2580,R_61gcvXsnrAthsdG,Old Treat,zanx,0,2,video6_cred_zanx,cred_zanx,80,6,1.698694468,Female,Yes,4,0,0,0,1,0,1,1,2,2,Low,Moderate,Yes,Female,1,1,1
2581,R_61n5Q78iBGLzXmA,Old Control,aby,0,0,video1_cred_aby,cred_aby,35,1,0.116265577,Female,Yes,4,0,1,0,0,0,1,0,0,0,Low,Low,Yes,Female,1,0,1
2582,R_61n5Q78iBGLzXmA,Old Control,anna,0,0,video2_cred_anna,cred_anna,26,2,-0.200220201,Female,Yes,4,0,1,0,0,0,1,0,0,0,Low,Low,Yes,Female,1,0,1
2583,R_61n5Q78iBGLzXmA,Old Control,cham,0,0,video3_cred_cham,cred_cham,44,3,0.432751355,Female,Yes,4,0,1,0,0,0,1,0,0,0,Low,Low,Yes,Female,1,0,1
2584,R_61n5Q78iBGLzXmA,Old Control,fab,0,0,video4_cred_fab,cred_fab,33,4,0.045935404,Female,Yes,4,0,1,0,0,0,1,0,0,0,Low,Low,Yes,Female,1,0,1
2585,R_61n5Q78iBGLzXmA,Old Control,mae,0,0,video5_cred_mae,cred_mae,22,5,-0.340880547,Female,Yes,4,0,1,0,0,0,1,0,0,0,Low,Low,Yes,Female,1,0,0
2586,R_61n5Q78iBGLzXmA,Old Control,zanx,0,0,video6_cred_zanx,cred_zanx,16,6,-0.551871066,Female,Yes,4,0,1,0,0,0,1,0,0,0,Low,Low,Yes,Female,1,0,0
2587,R_623L7ddTYPfMxzh,Old Control,aby,3,4,video1_cred_aby,cred_aby,30,1,-0.059559855,Female,Yes,4,0,0,0,1,1,1,3.5,7,7,Moderate,High,Yes,Female,1,1,1
2588,R_623L7ddTYPfMxzh,Old Control,anna,3,4,video2_cred_anna,cred_anna,33,2,0.045935404,Female,Yes,4,0,0,0,1,1,1,3.5,7,7,Moderate,High,Yes,Female,1,1,1
2589,R_623L7ddTYPfMxzh,Old Control,cham,3,4,video3_cred_cham,cred_cham,31,3,-0.024394769,Female,Yes,4,0,0,0,1,1,1,3.5,7,7,Moderate,High,Yes,Female,1,1,1
2590,R_623L7ddTYPfMxzh,Old Control,fab,3,4,video4_cred_fab,cred_fab,42,4,0.362421182,Female,Yes,4,0,0,0,1,1,1,3.5,7,7,Moderate,High,Yes,Female,1,1,1
2591,R_623L7ddTYPfMxzh,Old Control,mae,3,4,video5_cred_mae,cred_mae,48,5,0.573411701,Female,Yes,4,0,0,0,1,1,1,3.5,7,7,Moderate,High,Yes,Female,1,1,1
2592,R_623L7ddTYPfMxzh,Old Control,zanx,3,4,video6_cred_zanx,cred_zanx,21,6,-0.376045634,Female,Yes,4,0,0,0,1,1,1,3.5,7,7,Moderate,High,Yes,Female,1,1,0
2593,R_62798iphSgF6eFb,Old Treat,aby,6,5,video1_cred_aby,cred_aby,81,1,1.733859554,Male,No,4,1,0,0,0,0,0,5.5,11,12,High,High,No,Male,1,0,1
2594,R_62798iphSgF6eFb,Old Treat,anna,5,6,video2_cred_anna,cred_anna,67,2,1.241548344,Male,No,4,1,0,0,0,0,0,5.5,11,12,High,High,No,Male,1,0,1
2595,R_62798iphSgF6eFb,Old Treat,cham,5,6,video3_cred_cham,cred_cham,80,3,1.698694468,Male,No,4,1,0,0,0,0,0,5.5,11,12,High,High,No,Male,1,0,1
2596,R_62798iphSgF6eFb,Old Treat,fab,5,6,video4_cred_fab,cred_fab,75,4,1.522869035,Male,No,4,1,0,0,0,0,0,5.5,11,12,High,High,No,Male,1,0,1
2597,R_62798iphSgF6eFb,Old Treat,mae,5,6,video5_cred_mae,cred_mae,79,5,1.663529381,Male,No,4,1,0,0,0,0,0,5.5,11,12,High,High,No,Male,1,0,1
2598,R_62798iphSgF6eFb,Old Treat,zanx,5,6,video6_cred_zanx,cred_zanx,73,6,1.452538862,Male,No,4,1,0,0,0,0,0,5.5,11,12,High,High,No,Male,1,0,1
2599,R_62LuMrKeuofdQUT,Young Treat,aby,1,1,video1_cred_aby,cred_aby,20,1,-0.41121072,Female,Yes,3,0,0,1,1,0,1,1,2,2,Low,Moderate,Yes,Female,1,0,0
2600,R_62LuMrKeuofdQUT,Young Treat,anna,1,1,video2_cred_anna,cred_anna,7,2,-0.868356844,Female,Yes,3,0,0,1,1,0,1,1,2,2,Low,Moderate,Yes,Female,1,0,0
2601,R_62LuMrKeuofdQUT,Young Treat,cham,1,1,video3_cred_cham,cred_cham,33,3,0.045935404,Female,Yes,3,0,0,1,1,0,1,1,2,2,Low,Moderate,Yes,Female,1,0,1
2602,R_62LuMrKeuofdQUT,Young Treat,fab,1,1,video4_cred_fab,cred_fab,7,4,-0.868356844,Female,Yes,3,0,0,1,1,0,1,1,2,2,Low,Moderate,Yes,Female,1,0,0
2603,R_62LuMrKeuofdQUT,Young Treat,mae,1,1,video5_cred_mae,cred_mae,11,5,-0.727696498,Female,Yes,3,0,0,1,1,0,1,1,2,2,Low,Moderate,Yes,Female,1,0,0
2604,R_62LuMrKeuofdQUT,Young Treat,zanx,1,1,video6_cred_zanx,cred_zanx,17,6,-0.516705979,Female,Yes,3,0,0,1,1,0,1,1,2,2,Low,Moderate,Yes,Female,1,0,0
2605,R_62MfLXxTN0P8K71,Young Treat,aby,3,4,video1_cred_aby,cred_aby,53,1,0.749237133,Female,No,3,1,0,0,0,0,0,3.5,7,1,Low,High,No,Female,3,0,1
2606,R_62MfLXxTN0P8K71,Young Treat,anna,3,3,video2_cred_anna,cred_anna,41,2,0.327256096,Female,No,3,1,0,0,0,0,0,3,6,1,Low,High,No,Female,3,0,1
2607,R_62MfLXxTN0P8K71,Young Treat,cham,2,2,video3_cred_cham,cred_cham,61,3,1.030557825,Female,No,3,1,0,0,0,0,0,2,4,1,Low,High,No,Female,3,0,1
2608,R_62MfLXxTN0P8K71,Young Treat,fab,2,2,video4_cred_fab,cred_fab,33,4,0.045935404,Female,No,3,1,0,0,0,0,0,2,4,1,Low,High,No,Female,3,0,1
2609,R_62MfLXxTN0P8K71,Young Treat,mae,2,3,video5_cred_mae,cred_mae,40,5,0.292091009,Female,No,3,1,0,0,0,0,0,2.5,5,1,Low,High,No,Female,3,0,1
2610,R_62MfLXxTN0P8K71,Young Treat,zanx,1,3,video6_cred_zanx,cred_zanx,41,6,0.327256096,Female,No,3,1,0,0,0,0,0,2,4,1,Low,High,No,Female,3,0,1
2611,R_62Rw1MkOmG9mu5Y,Young Treat,aby,0,0,video1_cred_aby,cred_aby,19,1,-0.446375807,Female,Yes,2,1,0,0,0,1,1,0,0,2,Low,Low,Yes,Female,2,0,0
2612,R_62Rw1MkOmG9mu5Y,Young Treat,anna,0,0,video2_cred_anna,cred_anna,13,2,-0.657366325,Female,Yes,2,1,0,0,0,1,1,0,0,2,Low,Low,Yes,Female,2,0,0
2613,R_62Rw1MkOmG9mu5Y,Young Treat,cham,0,0,video3_cred_cham,cred_cham,15,3,-0.587036152,Female,Yes,2,1,0,0,0,1,1,0,0,2,Low,Low,Yes,Female,2,0,0
2614,R_62Rw1MkOmG9mu5Y,Young Treat,fab,0,0,video4_cred_fab,cred_fab,25,4,-0.235385288,Female,Yes,2,1,0,0,0,1,1,0,0,2,Low,Low,Yes,Female,2,0,1
2615,R_62Rw1MkOmG9mu5Y,Young Treat,mae,1,1,video5_cred_mae,cred_mae,22,5,-0.340880547,Female,Yes,2,1,0,0,0,1,1,1,2,2,Low,Moderate,Yes,Female,2,0,0
2616,R_62Rw1MkOmG9mu5Y,Young Treat,zanx,0,0,video6_cred_zanx,cred_zanx,40,6,0.292091009,Female,Yes,2,1,0,0,0,1,1,0,0,2,Low,Low,Yes,Female,2,0,1
2617,R_62aL7c0H0mR0xFB,Old Treat,aby,1,1,video1_cred_aby,cred_aby,55,1,0.819567306,Female,Yes,2,0,0,0,0,0,0,1,2,2,Low,Moderate,Yes,Female,1,0,1
2618,R_62aL7c0H0mR0xFB,Old Treat,anna,1,1,video2_cred_anna,cred_anna,NA,2,NA,Female,Yes,2,0,0,0,0,0,0,1,2,2,Low,Moderate,Yes,Female,1,0,NA
2619,R_62aL7c0H0mR0xFB,Old Treat,cham,1,1,video3_cred_cham,cred_cham,NA,3,NA,Female,Yes,2,0,0,0,0,0,0,1,2,2,Low,Moderate,Yes,Female,1,0,NA
2620,R_62aL7c0H0mR0xFB,Old Treat,fab,1,1,video4_cred_fab,cred_fab,NA,4,NA,Female,Yes,2,0,0,0,0,0,0,1,2,2,Low,Moderate,Yes,Female,1,0,NA
2621,R_62aL7c0H0mR0xFB,Old Treat,mae,1,1,video5_cred_mae,cred_mae,NA,5,NA,Female,Yes,2,0,0,0,0,0,0,1,2,2,Low,Moderate,Yes,Female,1,0,NA
2622,R_62aL7c0H0mR0xFB,Old Treat,zanx,1,1,video6_cred_zanx,cred_zanx,NA,6,NA,Female,Yes,2,0,0,0,0,0,0,1,2,2,Low,Moderate,Yes,Female,1,0,NA
2623,R_647QxrUJw8hkzVa,Old Treat,aby,0,0,video1_cred_aby,cred_aby,50,1,0.643741874,Female,Yes,2,1,0,0,0,0,0,0,0,5,Moderate,Low,Yes,Female,1,0,1
2624,R_647QxrUJw8hkzVa,Old Treat,anna,1,0,video2_cred_anna,cred_anna,25,2,-0.235385288,Female,Yes,2,1,0,0,0,0,0,0.5,1,5,Moderate,Moderate,Yes,Female,1,0,1
2625,R_647QxrUJw8hkzVa,Old Treat,cham,1,1,video3_cred_cham,cred_cham,46,3,0.503081528,Female,Yes,2,1,0,0,0,0,0,1,2,5,Moderate,Moderate,Yes,Female,1,0,1
2626,R_647QxrUJw8hkzVa,Old Treat,fab,1,0,video4_cred_fab,cred_fab,29,4,-0.094724942,Female,Yes,2,1,0,0,0,0,0,0.5,1,5,Moderate,Moderate,Yes,Female,1,0,1
2627,R_647QxrUJw8hkzVa,Old Treat,mae,2,1,video5_cred_mae,cred_mae,37,5,0.18659575,Female,Yes,2,1,0,0,0,0,0,1.5,3,5,Moderate,Moderate,Yes,Female,1,0,1
2628,R_647QxrUJw8hkzVa,Old Treat,zanx,0,0,video6_cred_zanx,cred_zanx,40,6,0.292091009,Female,Yes,2,1,0,0,0,0,0,0,0,5,Moderate,Low,Yes,Female,1,0,1
2629,R_64sn6myMrezmXO9,Old Control,aby,5,4,video1_cred_aby,cred_aby,64,1,1.136053084,Male,Yes,2,0,0,0,0,1,1,4.5,9,9,Moderate,High,Yes,Male,1,1,1
2630,R_64sn6myMrezmXO9,Old Control,anna,5,4,video2_cred_anna,cred_anna,70,2,1.347043603,Male,Yes,2,0,0,0,0,1,1,4.5,9,9,Moderate,High,Yes,Male,1,1,1
2631,R_64sn6myMrezmXO9,Old Control,cham,NA,4,video3_cred_cham,cred_cham,70.5,3,1.364626146,Male,Yes,2,0,0,0,0,1,1,4,NA,9,Moderate,NA,Yes,Male,1,1,1
2632,R_64sn6myMrezmXO9,Old Control,fab,5,4,video4_cred_fab,cred_fab,67,4,1.241548344,Male,Yes,2,0,0,0,0,1,1,4.5,9,9,Moderate,High,Yes,Male,1,1,1
2633,R_64sn6myMrezmXO9,Old Control,mae,5,NA,video5_cred_mae,cred_mae,63,5,1.100887998,Male,Yes,2,0,0,0,0,1,1,5,NA,9,Moderate,NA,Yes,Male,1,1,1
2634,R_64sn6myMrezmXO9,Old Control,zanx,5,4,video6_cred_zanx,cred_zanx,63,6,1.100887998,Male,Yes,2,0,0,0,0,1,1,4.5,9,9,Moderate,High,Yes,Male,1,1,1
2635,R_65zP8sz0rhlHqrB,Young Control,aby,0,0,video1_cred_aby,cred_aby,12,1,-0.692531412,Male,No,4,0,1,0,0,0,1,0,0,0,Low,Low,No,Male,1,0,0
2636,R_65zP8sz0rhlHqrB,Young Control,anna,1,1,video2_cred_anna,cred_anna,6,2,-0.903521931,Male,No,4,0,1,0,0,0,1,1,2,0,Low,Moderate,No,Male,1,0,0
2637,R_65zP8sz0rhlHqrB,Young Control,cham,1,2,video3_cred_cham,cred_cham,7,3,-0.868356844,Male,No,4,0,1,0,0,0,1,1.5,3,0,Low,Moderate,No,Male,1,0,0
2638,R_65zP8sz0rhlHqrB,Young Control,fab,4,1,video4_cred_fab,cred_fab,6,4,-0.903521931,Male,No,4,0,1,0,0,0,1,2.5,5,0,Low,High,No,Male,1,0,0
2639,R_65zP8sz0rhlHqrB,Young Control,mae,0,3,video5_cred_mae,cred_mae,10,5,-0.762861585,Male,No,4,0,1,0,0,0,1,1.5,3,0,Low,Moderate,No,Male,1,0,0
2640,R_65zP8sz0rhlHqrB,Young Control,zanx,1,1,video6_cred_zanx,cred_zanx,9,6,-0.798026671,Male,No,4,0,1,0,0,0,1,1,2,0,Low,Moderate,No,Male,1,0,0
2641,R_664GesTxyeI46c9,Old Treat,aby,3,3,video1_cred_aby,cred_aby,50,1,0.643741874,Female,No,3,0,0,1,0,0,1,3,6,6,Moderate,High,No,Female,1,1,1
2642,R_664GesTxyeI46c9,Old Treat,anna,3,3,video2_cred_anna,cred_anna,NA,2,NA,Female,No,3,0,0,1,0,0,1,3,6,6,Moderate,High,No,Female,1,1,NA
2643,R_664GesTxyeI46c9,Old Treat,cham,3,3,video3_cred_cham,cred_cham,50,3,0.643741874,Female,No,3,0,0,1,0,0,1,3,6,6,Moderate,High,No,Female,1,1,1
2644,R_664GesTxyeI46c9,Old Treat,fab,3,3,video4_cred_fab,cred_fab,50,4,0.643741874,Female,No,3,0,0,1,0,0,1,3,6,6,Moderate,High,No,Female,1,1,1
2645,R_664GesTxyeI46c9,Old Treat,mae,3,3,video5_cred_mae,cred_mae,50,5,0.643741874,Female,No,3,0,0,1,0,0,1,3,6,6,Moderate,High,No,Female,1,1,1
2646,R_664GesTxyeI46c9,Old Treat,zanx,3,3,video6_cred_zanx,cred_zanx,49,6,0.608576787,Female,No,3,0,0,1,0,0,1,3,6,6,Moderate,High,No,Female,1,1,1
2647,R_67edP9oKXxC5iuJ,Old Treat,aby,2,0,video1_cred_aby,cred_aby,21,1,-0.376045634,Female,Yes,4,0,1,0,0,0,1,1,2,5,Moderate,Moderate,Yes,Female,1,0,0
2648,R_67edP9oKXxC5iuJ,Old Treat,anna,1,1,video2_cred_anna,cred_anna,11,2,-0.727696498,Female,Yes,4,0,1,0,0,0,1,1,2,5,Moderate,Moderate,Yes,Female,1,0,0
2649,R_67edP9oKXxC5iuJ,Old Treat,cham,1,1,video3_cred_cham,cred_cham,9,3,-0.798026671,Female,Yes,4,0,1,0,0,0,1,1,2,5,Moderate,Moderate,Yes,Female,1,0,0
2650,R_67edP9oKXxC5iuJ,Old Treat,fab,1,1,video4_cred_fab,cred_fab,8,4,-0.833191758,Female,Yes,4,0,1,0,0,0,1,1,2,5,Moderate,Moderate,Yes,Female,1,0,0
2651,R_67edP9oKXxC5iuJ,Old Treat,mae,1,1,video5_cred_mae,cred_mae,20,5,-0.41121072,Female,Yes,4,0,1,0,0,0,1,1,2,5,Moderate,Moderate,Yes,Female,1,0,0
2652,R_67edP9oKXxC5iuJ,Old Treat,zanx,1,1,video6_cred_zanx,cred_zanx,10,6,-0.762861585,Female,Yes,4,0,1,0,0,0,1,1,2,5,Moderate,Moderate,Yes,Female,1,0,0
2653,R_68NIH9tinfozGJj,Young Control,aby,1,1,video1_cred_aby,cred_aby,15,1,-0.587036152,Female,No,1,1,0,0,0,0,0,1,2,7,Moderate,Moderate,No,Female,1,0,0
2654,R_68NIH9tinfozGJj,Young Control,anna,1,1,video2_cred_anna,cred_anna,15,2,-0.587036152,Female,No,1,1,0,0,0,0,0,1,2,7,Moderate,Moderate,No,Female,1,0,0
2655,R_68NIH9tinfozGJj,Young Control,cham,2,3,video3_cred_cham,cred_cham,8,3,-0.833191758,Female,No,1,1,0,0,0,0,0,2.5,5,7,Moderate,High,No,Female,1,0,0
2656,R_68NIH9tinfozGJj,Young Control,fab,1,1,video4_cred_fab,cred_fab,11,4,-0.727696498,Female,No,1,1,0,0,0,0,0,1,2,7,Moderate,Moderate,No,Female,1,0,0
2657,R_68NIH9tinfozGJj,Young Control,mae,4,3,video5_cred_mae,cred_mae,19,5,-0.446375807,Female,No,1,1,0,0,0,0,0,3.5,7,7,Moderate,High,No,Female,1,0,0
2658,R_68NIH9tinfozGJj,Young Control,zanx,3,2,video6_cred_zanx,cred_zanx,16,6,-0.551871066,Female,No,1,1,0,0,0,0,0,2.5,5,7,Moderate,High,No,Female,1,0,0
2659,R_6968sxWufyKMH4d,Young Control,aby,5,5,video1_cred_aby,cred_aby,NA,1,NA,Male,No,2,0,0,1,0,0,0,5,10,10,High,High,No,Male,1,1,NA
2660,R_6968sxWufyKMH4d,Young Control,anna,5,5,video2_cred_anna,cred_anna,NA,2,NA,Male,No,2,0,0,1,0,0,0,5,10,10,High,High,No,Male,1,1,NA
2661,R_6968sxWufyKMH4d,Young Control,cham,6,6,video3_cred_cham,cred_cham,NA,3,NA,Male,No,2,0,0,1,0,0,0,6,12,10,High,High,No,Male,1,1,NA
2662,R_6968sxWufyKMH4d,Young Control,fab,NA,NA,video4_cred_fab,cred_fab,NA,4,NA,Male,No,2,0,0,1,0,0,0,NA,NA,10,High,NA,No,Male,1,1,NA
2663,R_6968sxWufyKMH4d,Young Control,mae,NA,NA,video5_cred_mae,cred_mae,73,5,1.452538862,Male,No,2,0,0,1,0,0,0,NA,NA,10,High,NA,No,Male,1,1,1
2664,R_6968sxWufyKMH4d,Young Control,zanx,5,5,video6_cred_zanx,cred_zanx,NA,6,NA,Male,No,2,0,0,1,0,0,0,5,10,10,High,High,No,Male,1,1,NA
2665,R_69z1ajCIuTdy4xz,Old Control,aby,NA,NA,video1_cred_aby,cred_aby,NA,1,NA,Female,No,2,0,0,1,0,0,0,NA,NA,6,Moderate,NA,No,Female,1,0,NA
2666,R_69z1ajCIuTdy4xz,Old Control,anna,1,1,video2_cred_anna,cred_anna,38,2,0.221760836,Female,No,2,0,0,1,0,0,0,1,2,6,Moderate,Moderate,No,Female,1,0,1
2667,R_69z1ajCIuTdy4xz,Old Control,cham,0,0,video3_cred_cham,cred_cham,0,3,-1.114512449,Female,No,2,0,0,1,0,0,0,0,0,6,Moderate,Low,No,Female,1,0,0
2668,R_69z1ajCIuTdy4xz,Old Control,fab,1,1,video4_cred_fab,cred_fab,18,4,-0.481540893,Female,No,2,0,0,1,0,0,0,1,2,6,Moderate,Moderate,No,Female,1,0,0
2669,R_69z1ajCIuTdy4xz,Old Control,mae,2,2,video5_cred_mae,cred_mae,20,5,-0.41121072,Female,No,2,0,0,1,0,0,0,2,4,6,Moderate,High,No,Female,1,0,0
2670,R_69z1ajCIuTdy4xz,Old Control,zanx,1,2,video6_cred_zanx,cred_zanx,24,6,-0.270550374,Female,No,2,0,0,1,0,0,0,1.5,3,6,Moderate,Moderate,No,Female,1,0,1
2671,R_6CCTLqHbRjUoEAL,Young Treat,aby,1,3,video1_cred_aby,cred_aby,68,1,1.27671343,Female,Yes,2,1,0,0,0,1,1,2,4,4,Low,High,Yes,Female,1,0,1
2672,R_6CCTLqHbRjUoEAL,Young Treat,anna,1,1,video2_cred_anna,cred_anna,26,2,-0.200220201,Female,Yes,2,1,0,0,0,1,1,1,2,4,Low,Moderate,Yes,Female,1,0,1
2673,R_6CCTLqHbRjUoEAL,Young Treat,cham,1,2,video3_cred_cham,cred_cham,38,3,0.221760836,Female,Yes,2,1,0,0,0,1,1,1.5,3,4,Low,Moderate,Yes,Female,1,0,1
2674,R_6CCTLqHbRjUoEAL,Young Treat,fab,1,2,video4_cred_fab,cred_fab,34,4,0.08110049,Female,Yes,2,1,0,0,0,1,1,1.5,3,4,Low,Moderate,Yes,Female,1,0,1
2675,R_6CCTLqHbRjUoEAL,Young Treat,mae,2,2,video5_cred_mae,cred_mae,37,5,0.18659575,Female,Yes,2,1,0,0,0,1,1,2,4,4,Low,High,Yes,Female,1,0,1
2676,R_6CCTLqHbRjUoEAL,Young Treat,zanx,2,1,video6_cred_zanx,cred_zanx,38,6,0.221760836,Female,Yes,2,1,0,0,0,1,1,1.5,3,4,Low,Moderate,Yes,Female,1,0,1
2677,R_6CEpKQComKuOlgp,Old Treat,aby,6,5,video1_cred_aby,cred_aby,73,1,1.452538862,Male,No,1,1,0,0,0,0,1,5.5,11,10,High,High,No,Male,3,1,1
2678,R_6CEpKQComKuOlgp,Old Treat,anna,6,5,video2_cred_anna,cred_anna,77,2,1.593199208,Male,No,1,1,0,0,0,0,1,5.5,11,10,High,High,No,Male,3,1,1
2679,R_6CEpKQComKuOlgp,Old Treat,cham,5,6,video3_cred_cham,cred_cham,75,3,1.522869035,Male,No,1,1,0,0,0,0,1,5.5,11,10,High,High,No,Male,3,1,1
2680,R_6CEpKQComKuOlgp,Old Treat,fab,5,4,video4_cred_fab,cred_fab,75,4,1.522869035,Male,No,1,1,0,0,0,0,1,4.5,9,10,High,High,No,Male,3,1,1
2681,R_6CEpKQComKuOlgp,Old Treat,mae,5,4,video5_cred_mae,cred_mae,71,5,1.382208689,Male,No,1,1,0,0,0,0,1,4.5,9,10,High,High,No,Male,3,1,1
2682,R_6CEpKQComKuOlgp,Old Treat,zanx,5,6,video6_cred_zanx,cred_zanx,83,6,1.804189727,Male,No,1,1,0,0,0,0,1,5.5,11,10,High,High,No,Male,3,1,1
2683,R_6CIZPSNyU3WNRtt,Young Treat,aby,0,0,video1_cred_aby,cred_aby,0,1,-1.114512449,Female,Yes,4,0,0,0,1,0,0,0,0,0,Low,Low,Yes,Female,2,0,0
2684,R_6CIZPSNyU3WNRtt,Young Treat,anna,0,0,video2_cred_anna,cred_anna,20,2,-0.41121072,Female,Yes,4,0,0,0,1,0,0,0,0,0,Low,Low,Yes,Female,2,0,0
2685,R_6CIZPSNyU3WNRtt,Young Treat,cham,0,0,video3_cred_cham,cred_cham,0,3,-1.114512449,Female,Yes,4,0,0,0,1,0,0,0,0,0,Low,Low,Yes,Female,2,0,0
2686,R_6CIZPSNyU3WNRtt,Young Treat,fab,0,0,video4_cred_fab,cred_fab,0,4,-1.114512449,Female,Yes,4,0,0,0,1,0,0,0,0,0,Low,Low,Yes,Female,2,0,0
2687,R_6CIZPSNyU3WNRtt,Young Treat,mae,0,0,video5_cred_mae,cred_mae,0,5,-1.114512449,Female,Yes,4,0,0,0,1,0,0,0,0,0,Low,Low,Yes,Female,2,0,0
2688,R_6CIZPSNyU3WNRtt,Young Treat,zanx,0,0,video6_cred_zanx,cred_zanx,0,6,-1.114512449,Female,Yes,4,0,0,0,1,0,0,0,0,0,Low,Low,Yes,Female,2,0,0
2689,R_6CUVD5weuQxwVMj,Young Treat,aby,2,2,video1_cred_aby,cred_aby,0,1,-1.114512449,Female,No,1,1,0,0,0,1,0,2,4,0,Low,High,No,Female,3,0,0
2690,R_6CUVD5weuQxwVMj,Young Treat,anna,2,6,video2_cred_anna,cred_anna,0,2,-1.114512449,Female,No,1,1,0,0,0,1,0,4,8,0,Low,High,No,Female,3,0,0
2691,R_6CUVD5weuQxwVMj,Young Treat,cham,0,6,video3_cred_cham,cred_cham,0,3,-1.114512449,Female,No,1,1,0,0,0,1,0,3,6,0,Low,High,No,Female,3,0,0
2692,R_6CUVD5weuQxwVMj,Young Treat,fab,7,7,video4_cred_fab,cred_fab,0,4,-1.114512449,Female,No,1,1,0,0,0,1,0,7,14,0,Low,High,No,Female,3,0,0
2693,R_6CUVD5weuQxwVMj,Young Treat,mae,0,0,video5_cred_mae,cred_mae,0,5,-1.114512449,Female,No,1,1,0,0,0,1,0,0,0,0,Low,Low,No,Female,3,0,0
2694,R_6CUVD5weuQxwVMj,Young Treat,zanx,0,0,video6_cred_zanx,cred_zanx,0,6,-1.114512449,Female,No,1,1,0,0,0,1,0,0,0,0,Low,Low,No,Female,3,0,0
2695,R_6Cdqq8KMb0Nc52Y,Old Treat,aby,0,0,video1_cred_aby,cred_aby,17,1,-0.516705979,Female,Yes,4,1,0,0,0,0,1,0,0,0,Low,Low,Yes,Female,1,0,0
2696,R_6Cdqq8KMb0Nc52Y,Old Treat,anna,0,0,video2_cred_anna,cred_anna,38,2,0.221760836,Female,Yes,4,1,0,0,0,0,1,0,0,0,Low,Low,Yes,Female,1,0,1
2697,R_6Cdqq8KMb0Nc52Y,Old Treat,cham,0,0,video3_cred_cham,cred_cham,50,3,0.643741874,Female,Yes,4,1,0,0,0,0,1,0,0,0,Low,Low,Yes,Female,1,0,1
2698,R_6Cdqq8KMb0Nc52Y,Old Treat,fab,0,0,video4_cred_fab,cred_fab,27,4,-0.165055115,Female,Yes,4,1,0,0,0,0,1,0,0,0,Low,Low,Yes,Female,1,0,1
2699,R_6Cdqq8KMb0Nc52Y,Old Treat,mae,0,0,video5_cred_mae,cred_mae,30,5,-0.059559855,Female,Yes,4,1,0,0,0,0,1,0,0,0,Low,Low,Yes,Female,1,0,1
2700,R_6Cdqq8KMb0Nc52Y,Old Treat,zanx,0,0,video6_cred_zanx,cred_zanx,40,6,0.292091009,Female,Yes,4,1,0,0,0,0,1,0,0,0,Low,Low,Yes,Female,1,0,1
2701,R_6CfUlB4RS59ARmP,Young Control,aby,6,5,video1_cred_aby,cred_aby,75,1,1.522869035,Male,Yes,2,0,0,1,0,0,0,5.5,11,9,Moderate,High,Yes,Male,3,1,1
2702,R_6CfUlB4RS59ARmP,Young Control,anna,4,6,video2_cred_anna,cred_anna,82,2,1.76902464,Male,Yes,2,0,0,1,0,0,0,5,10,9,Moderate,High,Yes,Male,3,1,1
2703,R_6CfUlB4RS59ARmP,Young Control,cham,5,5,video3_cred_cham,cred_cham,44,3,0.432751355,Male,Yes,2,0,0,1,0,0,0,5,10,9,Moderate,High,Yes,Male,3,1,1
2704,R_6CfUlB4RS59ARmP,Young Control,fab,7,7,video4_cred_fab,cred_fab,97,4,2.296500937,Male,Yes,2,0,0,1,0,0,0,7,14,9,Moderate,High,Yes,Male,3,1,1
2705,R_6CfUlB4RS59ARmP,Young Control,mae,5,6,video5_cred_mae,cred_mae,100,5,2.401996197,Male,Yes,2,0,0,1,0,0,0,5.5,11,9,Moderate,High,Yes,Male,3,1,1
2706,R_6CfUlB4RS59ARmP,Young Control,zanx,3,5,video6_cred_zanx,cred_zanx,32,6,0.010770317,Male,Yes,2,0,0,1,0,0,0,4,8,9,Moderate,High,Yes,Male,3,1,1
2707,R_6Cjrwo2Y6KLsJqh,Old Treat,aby,0,0,video1_cred_aby,cred_aby,7,1,-0.868356844,Female,Yes,2,0,0,0,1,0,0,0,0,0,Low,Low,Yes,Female,1,0,0
2708,R_6Cjrwo2Y6KLsJqh,Old Treat,anna,0,0,video2_cred_anna,cred_anna,36,2,0.151430663,Female,Yes,2,0,0,0,1,0,0,0,0,0,Low,Low,Yes,Female,1,0,1
2709,R_6Cjrwo2Y6KLsJqh,Old Treat,cham,0,6,video3_cred_cham,cred_cham,10,3,-0.762861585,Female,Yes,2,0,0,0,1,0,0,3,6,0,Low,High,Yes,Female,1,0,0
2710,R_6Cjrwo2Y6KLsJqh,Old Treat,fab,0,0,video4_cred_fab,cred_fab,20,4,-0.41121072,Female,Yes,2,0,0,0,1,0,0,0,0,0,Low,Low,Yes,Female,1,0,0
2711,R_6Cjrwo2Y6KLsJqh,Old Treat,mae,0,0,video5_cred_mae,cred_mae,8,5,-0.833191758,Female,Yes,2,0,0,0,1,0,0,0,0,0,Low,Low,Yes,Female,1,0,0
2712,R_6Cjrwo2Y6KLsJqh,Old Treat,zanx,0,0,video6_cred_zanx,cred_zanx,8,6,-0.833191758,Female,Yes,2,0,0,0,1,0,0,0,0,0,Low,Low,Yes,Female,1,0,0
2713,R_6CrnPhrIVqTqVZz,Young Control,aby,4,2,video1_cred_aby,cred_aby,14,1,-0.622201239,Female,Yes,3,1,0,0,0,0,0,3,6,0,Low,High,Yes,Female,1,0,0
2714,R_6CrnPhrIVqTqVZz,Young Control,anna,5,7,video2_cred_anna,cred_anna,23,2,-0.305715461,Female,Yes,3,1,0,0,0,0,0,6,12,0,Low,High,Yes,Female,1,0,1
2715,R_6CrnPhrIVqTqVZz,Young Control,cham,5,4,video3_cred_cham,cred_cham,16,3,-0.551871066,Female,Yes,3,1,0,0,0,0,0,4.5,9,0,Low,High,Yes,Female,1,0,0
2716,R_6CrnPhrIVqTqVZz,Young Control,fab,1,2,video4_cred_fab,cred_fab,16,4,-0.551871066,Female,Yes,3,1,0,0,0,0,0,1.5,3,0,Low,Moderate,Yes,Female,1,0,0
2717,R_6CrnPhrIVqTqVZz,Young Control,mae,5,2,video5_cred_mae,cred_mae,13,5,-0.657366325,Female,Yes,3,1,0,0,0,0,0,3.5,7,0,Low,High,Yes,Female,1,0,0
2718,R_6CrnPhrIVqTqVZz,Young Control,zanx,5,2,video6_cred_zanx,cred_zanx,19,6,-0.446375807,Female,Yes,3,1,0,0,0,0,0,3.5,7,0,Low,High,Yes,Female,1,0,0
2719,R_6CvTjQ1kmWp2Clz,Old Control,aby,0,0,video1_cred_aby,cred_aby,21,1,-0.376045634,Female,No,1,0,1,1,0,1,0,0,0,0,Low,Low,No,Female,1,0,0
2720,R_6CvTjQ1kmWp2Clz,Old Control,anna,1,0,video2_cred_anna,cred_anna,36,2,0.151430663,Female,No,1,0,1,1,0,1,0,0.5,1,0,Low,Moderate,No,Female,1,0,1
2721,R_6CvTjQ1kmWp2Clz,Old Control,cham,2,2,video3_cred_cham,cred_cham,62,3,1.065722911,Female,No,1,0,1,1,0,1,0,2,4,0,Low,High,No,Female,1,0,1
2722,R_6CvTjQ1kmWp2Clz,Old Control,fab,4,1,video4_cred_fab,cred_fab,44,4,0.432751355,Female,No,1,0,1,1,0,1,0,2.5,5,0,Low,High,No,Female,1,0,1
2723,R_6CvTjQ1kmWp2Clz,Old Control,mae,0,0,video5_cred_mae,cred_mae,40,5,0.292091009,Female,No,1,0,1,1,0,1,0,0,0,0,Low,Low,No,Female,1,0,1
2724,R_6CvTjQ1kmWp2Clz,Old Control,zanx,1,0,video6_cred_zanx,cred_zanx,21,6,-0.376045634,Female,No,1,0,1,1,0,1,0,0.5,1,0,Low,Moderate,No,Female,1,0,0
2725,R_6GP0y4O2LoXS9et,Young Control,aby,0,0,video1_cred_aby,cred_aby,20,1,-0.41121072,Female,No,1,0,0,0,1,0,0,0,0,0,Low,Low,No,Female,3,0,0
2726,R_6GP0y4O2LoXS9et,Young Control,anna,0,0,video2_cred_anna,cred_anna,20,2,-0.41121072,Female,No,1,0,0,0,1,0,0,0,0,0,Low,Low,No,Female,3,0,0
2727,R_6GP0y4O2LoXS9et,Young Control,cham,0,0,video3_cred_cham,cred_cham,10,3,-0.762861585,Female,No,1,0,0,0,1,0,0,0,0,0,Low,Low,No,Female,3,0,0
2728,R_6GP0y4O2LoXS9et,Young Control,fab,0,0,video4_cred_fab,cred_fab,20,4,-0.41121072,Female,No,1,0,0,0,1,0,0,0,0,0,Low,Low,No,Female,3,0,0
2729,R_6GP0y4O2LoXS9et,Young Control,mae,0,0,video5_cred_mae,cred_mae,10,5,-0.762861585,Female,No,1,0,0,0,1,0,0,0,0,0,Low,Low,No,Female,3,0,0
2730,R_6GP0y4O2LoXS9et,Young Control,zanx,0,0,video6_cred_zanx,cred_zanx,10,6,-0.762861585,Female,No,1,0,0,0,1,0,0,0,0,0,Low,Low,No,Female,3,0,0
2731,R_6H737vNXffMbOYV,Old Treat,aby,0,0,video1_cred_aby,cred_aby,4,1,-0.973852103,Male,Yes,3,0,0,0,0,0,0,0,0,2,Low,Low,Yes,Male,1,0,0
2732,R_6H737vNXffMbOYV,Old Treat,anna,0,0,video2_cred_anna,cred_anna,3,2,-1.00901719,Male,Yes,3,0,0,0,0,0,0,0,0,2,Low,Low,Yes,Male,1,0,0
2733,R_6H737vNXffMbOYV,Old Treat,cham,0,0,video3_cred_cham,cred_cham,5,3,-0.938687017,Male,Yes,3,0,0,0,0,0,0,0,0,2,Low,Low,Yes,Male,1,0,0
2734,R_6H737vNXffMbOYV,Old Treat,fab,0,1,video4_cred_fab,cred_fab,2,4,-1.044182276,Male,Yes,3,0,0,0,0,0,0,0.5,1,2,Low,Moderate,Yes,Male,1,0,0
2735,R_6H737vNXffMbOYV,Old Treat,mae,1,0,video5_cred_mae,cred_mae,3,5,-1.00901719,Male,Yes,3,0,0,0,0,0,0,0.5,1,2,Low,Moderate,Yes,Male,1,0,0
2736,R_6H737vNXffMbOYV,Old Treat,zanx,0,0,video6_cred_zanx,cred_zanx,6,6,-0.903521931,Male,Yes,3,0,0,0,0,0,0,0,0,2,Low,Low,Yes,Male,1,0,0
2737,R_6HA2Tb6q3iT62RO,Young Control,aby,0,0,video1_cred_aby,cred_aby,6,1,-0.903521931,Male,No,3,1,0,0,0,0,0,0,0,0,Low,Low,No,Male,1,0,0
2738,R_6HA2Tb6q3iT62RO,Young Control,anna,0,0,video2_cred_anna,cred_anna,3,2,-1.00901719,Male,No,3,1,0,0,0,0,0,0,0,0,Low,Low,No,Male,1,0,0
2739,R_6HA2Tb6q3iT62RO,Young Control,cham,0,0,video3_cred_cham,cred_cham,5,3,-0.938687017,Male,No,3,1,0,0,0,0,0,0,0,0,Low,Low,No,Male,1,0,0
2740,R_6HA2Tb6q3iT62RO,Young Control,fab,0,0,video4_cred_fab,cred_fab,6,4,-0.903521931,Male,No,3,1,0,0,0,0,0,0,0,0,Low,Low,No,Male,1,0,0
2741,R_6HA2Tb6q3iT62RO,Young Control,mae,0,0,video5_cred_mae,cred_mae,6,5,-0.903521931,Male,No,3,1,0,0,0,0,0,0,0,0,Low,Low,No,Male,1,0,0
2742,R_6HA2Tb6q3iT62RO,Young Control,zanx,0,0,video6_cred_zanx,cred_zanx,25,6,-0.235385288,Male,No,3,1,0,0,0,0,0,0,0,0,Low,Low,No,Male,1,0,1
2743,R_6HT2pmGhXVYf7Fv,Young Treat,aby,0,0,video1_cred_aby,cred_aby,NA,1,NA,Female,No,3,0,1,0,0,0,0,0,0,0,Low,Low,No,Female,1,0,NA
2744,R_6HT2pmGhXVYf7Fv,Young Treat,anna,0,0,video2_cred_anna,cred_anna,21,2,-0.376045634,Female,No,3,0,1,0,0,0,0,0,0,0,Low,Low,No,Female,1,0,0
2745,R_6HT2pmGhXVYf7Fv,Young Treat,cham,0,0,video3_cred_cham,cred_cham,50,3,0.643741874,Female,No,3,0,1,0,0,0,0,0,0,0,Low,Low,No,Female,1,0,1
2746,R_6HT2pmGhXVYf7Fv,Young Treat,fab,0,0,video4_cred_fab,cred_fab,NA,4,NA,Female,No,3,0,1,0,0,0,0,0,0,0,Low,Low,No,Female,1,0,NA
2747,R_6HT2pmGhXVYf7Fv,Young Treat,mae,0,0,video5_cred_mae,cred_mae,22,5,-0.340880547,Female,No,3,0,1,0,0,0,0,0,0,0,Low,Low,No,Female,1,0,0
2748,R_6HT2pmGhXVYf7Fv,Young Treat,zanx,0,0,video6_cred_zanx,cred_zanx,NA,6,NA,Female,No,3,0,1,0,0,0,0,0,0,0,Low,Low,No,Female,1,0,NA
2749,R_6HhMUAkqKUC2PnL,Old Treat,aby,1,1,video1_cred_aby,cred_aby,42,1,0.362421182,Female,Yes,2,1,0,0,0,0,0,1,2,2,Low,Moderate,Yes,Female,3,0,1
2750,R_6HhMUAkqKUC2PnL,Old Treat,anna,1,1,video2_cred_anna,cred_anna,37,2,0.18659575,Female,Yes,2,1,0,0,0,0,0,1,2,2,Low,Moderate,Yes,Female,3,0,1
2751,R_6HhMUAkqKUC2PnL,Old Treat,cham,1,1,video3_cred_cham,cred_cham,65,3,1.171218171,Female,Yes,2,1,0,0,0,0,0,1,2,2,Low,Moderate,Yes,Female,3,0,1
2752,R_6HhMUAkqKUC2PnL,Old Treat,fab,1,1,video4_cred_fab,cred_fab,56,4,0.854732392,Female,Yes,2,1,0,0,0,0,0,1,2,2,Low,Moderate,Yes,Female,3,0,1
2753,R_6HhMUAkqKUC2PnL,Old Treat,mae,1,1,video5_cred_mae,cred_mae,53,5,0.749237133,Female,Yes,2,1,0,0,0,0,0,1,2,2,Low,Moderate,Yes,Female,3,0,1
2754,R_6HhMUAkqKUC2PnL,Old Treat,zanx,1,1,video6_cred_zanx,cred_zanx,40,6,0.292091009,Female,Yes,2,1,0,0,0,0,0,1,2,2,Low,Moderate,Yes,Female,3,0,1
2755,R_6Hn9XRHteeBIm4h,Young Control,aby,4,6,video1_cred_aby,cred_aby,59,1,0.960227652,Female,No,2,0,0,1,0,0,0,5,10,10,High,High,No,Female,1,1,1
2756,R_6Hn9XRHteeBIm4h,Young Control,anna,3,5,video2_cred_anna,cred_anna,76,2,1.558034122,Female,No,2,0,0,1,0,0,0,4,8,10,High,High,No,Female,1,1,1
2757,R_6Hn9XRHteeBIm4h,Young Control,cham,5,5,video3_cred_cham,cred_cham,72,3,1.417373776,Female,No,2,0,0,1,0,0,0,5,10,10,High,High,No,Female,1,1,1
2758,R_6Hn9XRHteeBIm4h,Young Control,fab,4,5,video4_cred_fab,cred_fab,71,4,1.382208689,Female,No,2,0,0,1,0,0,0,4.5,9,10,High,High,No,Female,1,1,1
2759,R_6Hn9XRHteeBIm4h,Young Control,mae,4,6,video5_cred_mae,cred_mae,58,5,0.925062565,Female,No,2,0,0,1,0,0,0,5,10,10,High,High,No,Female,1,1,1
2760,R_6Hn9XRHteeBIm4h,Young Control,zanx,4,6,video6_cred_zanx,cred_zanx,73,6,1.452538862,Female,No,2,0,0,1,0,0,0,5,10,10,High,High,No,Female,1,1,1
2761,R_6HqsiWU94Ven0Is,Old Control,aby,5,4,video1_cred_aby,cred_aby,66,1,1.206383257,Male,No,3,1,0,0,0,0,1,4.5,9,9,Moderate,High,No,Male,2,1,1
2762,R_6HqsiWU94Ven0Is,Old Control,anna,5,4,video2_cred_anna,cred_anna,74,2,1.487703949,Male,No,3,1,0,0,0,0,1,4.5,9,9,Moderate,High,No,Male,2,1,1
2763,R_6HqsiWU94Ven0Is,Old Control,cham,5,4,video3_cred_cham,cred_cham,75,3,1.522869035,Male,No,3,1,0,0,0,0,1,4.5,9,9,Moderate,High,No,Male,2,1,1
2764,R_6HqsiWU94Ven0Is,Old Control,fab,5,6,video4_cred_fab,cred_fab,75,4,1.522869035,Male,No,3,1,0,0,0,0,1,5.5,11,9,Moderate,High,No,Male,2,1,1
2765,R_6HqsiWU94Ven0Is,Old Control,mae,4,5,video5_cred_mae,cred_mae,75,5,1.522869035,Male,No,3,1,0,0,0,0,1,4.5,9,9,Moderate,High,No,Male,2,1,1
2766,R_6HqsiWU94Ven0Is,Old Control,zanx,4,5,video6_cred_zanx,cred_zanx,69,6,1.311878516,Male,No,3,1,0,0,0,0,1,4.5,9,9,Moderate,High,No,Male,2,1,1
2767,R_6IH3pqNAWwTbcyL,Young Control,aby,0,0,video1_cred_aby,cred_aby,0,1,-1.114512449,Female,No,3,0,0,1,0,0,1,0,0,0,Low,Low,No,Female,1,0,0
2768,R_6IH3pqNAWwTbcyL,Young Control,anna,0,0,video2_cred_anna,cred_anna,0,2,-1.114512449,Female,No,3,0,0,1,0,0,1,0,0,0,Low,Low,No,Female,1,0,0
2769,R_6IH3pqNAWwTbcyL,Young Control,cham,0,0,video3_cred_cham,cred_cham,0,3,-1.114512449,Female,No,3,0,0,1,0,0,1,0,0,0,Low,Low,No,Female,1,0,0
2770,R_6IH3pqNAWwTbcyL,Young Control,fab,0,0,video4_cred_fab,cred_fab,0,4,-1.114512449,Female,No,3,0,0,1,0,0,1,0,0,0,Low,Low,No,Female,1,0,0
2771,R_6IH3pqNAWwTbcyL,Young Control,mae,0,0,video5_cred_mae,cred_mae,0,5,-1.114512449,Female,No,3,0,0,1,0,0,1,0,0,0,Low,Low,No,Female,1,0,0
2772,R_6IH3pqNAWwTbcyL,Young Control,zanx,0,0,video6_cred_zanx,cred_zanx,0,6,-1.114512449,Female,No,3,0,0,1,0,0,1,0,0,0,Low,Low,No,Female,1,0,0
2773,R_6INqMSZ2LRhigbK,Young Treat,aby,1,1,video1_cred_aby,cred_aby,50,1,0.643741874,I prefer not to answer,Yes,1,0,0,0,0,1,1,1,2,NA,NA,Moderate,Yes,NA,3,1,1
2774,R_6INqMSZ2LRhigbK,Young Treat,anna,0,0,video2_cred_anna,cred_anna,0,2,-1.114512449,I prefer not to answer,Yes,1,0,0,0,0,1,1,0,0,NA,NA,Low,Yes,NA,3,1,0
2775,R_6INqMSZ2LRhigbK,Young Treat,cham,1,1,video3_cred_cham,cred_cham,100,3,2.401996197,I prefer not to answer,Yes,1,0,0,0,0,1,1,1,2,NA,NA,Moderate,Yes,NA,3,1,1
2776,R_6INqMSZ2LRhigbK,Young Treat,fab,1,1,video4_cred_fab,cred_fab,50,4,0.643741874,I prefer not to answer,Yes,1,0,0,0,0,1,1,1,2,NA,NA,Moderate,Yes,NA,3,1,1
2777,R_6INqMSZ2LRhigbK,Young Treat,mae,1,1,video5_cred_mae,cred_mae,NA,5,NA,I prefer not to answer,Yes,1,0,0,0,0,1,1,1,2,NA,NA,Moderate,Yes,NA,3,1,NA
2778,R_6INqMSZ2LRhigbK,Young Treat,zanx,1,1,video6_cred_zanx,cred_zanx,50,6,0.643741874,I prefer not to answer,Yes,1,0,0,0,0,1,1,1,2,NA,NA,Moderate,Yes,NA,3,1,1
2779,R_6Io2RAccN6rLfe5,Young Control,aby,1,4,video1_cred_aby,cred_aby,56,1,0.854732392,Female,No,3,1,0,0,0,0,0,2.5,5,4,Low,High,No,Female,1,1,1
2780,R_6Io2RAccN6rLfe5,Young Control,anna,1,2,video2_cred_anna,cred_anna,20,2,-0.41121072,Female,No,3,1,0,0,0,0,0,1.5,3,4,Low,Moderate,No,Female,1,1,0
2781,R_6Io2RAccN6rLfe5,Young Control,cham,2,4,video3_cred_cham,cred_cham,41,3,0.327256096,Female,No,3,1,0,0,0,0,0,3,6,4,Low,High,No,Female,1,1,1
2782,R_6Io2RAccN6rLfe5,Young Control,fab,0,0,video4_cred_fab,cred_fab,11,4,-0.727696498,Female,No,3,1,0,0,0,0,0,0,0,4,Low,Low,No,Female,1,1,0
2783,R_6Io2RAccN6rLfe5,Young Control,mae,0,0,video5_cred_mae,cred_mae,12,5,-0.692531412,Female,No,3,1,0,0,0,0,0,0,0,4,Low,Low,No,Female,1,1,0
2784,R_6Io2RAccN6rLfe5,Young Control,zanx,0,0,video6_cred_zanx,cred_zanx,8,6,-0.833191758,Female,No,3,1,0,0,0,0,0,0,0,4,Low,Low,No,Female,1,1,0
2785,R_6IuDd4NA3xZyAvv,Young Control,aby,0,0,video1_cred_aby,cred_aby,46,1,0.503081528,Female,Yes,4,0,0,0,0,1,0,0,0,0,Low,Low,Yes,Female,1,0,1
2786,R_6IuDd4NA3xZyAvv,Young Control,anna,0,0,video2_cred_anna,cred_anna,55,2,0.819567306,Female,Yes,4,0,0,0,0,1,0,0,0,0,Low,Low,Yes,Female,1,0,1
2787,R_6IuDd4NA3xZyAvv,Young Control,cham,0,0,video3_cred_cham,cred_cham,50,3,0.643741874,Female,Yes,4,0,0,0,0,1,0,0,0,0,Low,Low,Yes,Female,1,0,1
2788,R_6IuDd4NA3xZyAvv,Young Control,fab,0,0,video4_cred_fab,cred_fab,54,4,0.78440222,Female,Yes,4,0,0,0,0,1,0,0,0,0,Low,Low,Yes,Female,1,0,1
2789,R_6IuDd4NA3xZyAvv,Young Control,mae,0,1,video5_cred_mae,cred_mae,54,5,0.78440222,Female,Yes,4,0,0,0,0,1,0,0.5,1,0,Low,Moderate,Yes,Female,1,0,1
2790,R_6IuDd4NA3xZyAvv,Young Control,zanx,0,0,video6_cred_zanx,cred_zanx,52,6,0.714072047,Female,Yes,4,0,0,0,0,1,0,0,0,0,Low,Low,Yes,Female,1,0,1
2791,R_6KybwUX6QD58mTE,Old Control,aby,0,1,video1_cred_aby,cred_aby,15,1,-0.587036152,Male,No,4,1,0,0,0,0,0,0.5,1,1,Low,Moderate,No,Male,2,1,0
2792,R_6KybwUX6QD58mTE,Old Control,anna,2,1,video2_cred_anna,cred_anna,23,2,-0.305715461,Male,No,4,1,0,0,0,0,0,1.5,3,1,Low,Moderate,No,Male,2,1,1
2793,R_6KybwUX6QD58mTE,Old Control,cham,1,1,video3_cred_cham,cred_cham,19,3,-0.446375807,Male,No,4,1,0,0,0,0,0,1,2,1,Low,Moderate,No,Male,2,1,0
2794,R_6KybwUX6QD58mTE,Old Control,fab,4,3,video4_cred_fab,cred_fab,30,4,-0.059559855,Male,No,4,1,0,0,0,0,0,3.5,7,1,Low,High,No,Male,2,1,1
2795,R_6KybwUX6QD58mTE,Old Control,mae,5,4,video5_cred_mae,cred_mae,50,5,0.643741874,Male,No,4,1,0,0,0,0,0,4.5,9,1,Low,High,No,Male,2,1,1
2796,R_6KybwUX6QD58mTE,Old Control,zanx,4,2,video6_cred_zanx,cred_zanx,35,6,0.116265577,Male,No,4,1,0,0,0,0,0,3,6,1,Low,High,No,Male,2,1,1
2797,R_6LNPNrM9lkrLHCV,Old Control,aby,0,0,video1_cred_aby,cred_aby,85,1,1.8745199,Female,No,1,1,0,0,0,0,0,0,0,0,Low,Low,No,Female,1,0,1
2798,R_6LNPNrM9lkrLHCV,Old Control,anna,0,0,video2_cred_anna,cred_anna,63,2,1.100887998,Female,No,1,1,0,0,0,0,0,0,0,0,Low,Low,No,Female,1,0,1
2799,R_6LNPNrM9lkrLHCV,Old Control,cham,0,0,video3_cred_cham,cred_cham,68,3,1.27671343,Female,No,1,1,0,0,0,0,0,0,0,0,Low,Low,No,Female,1,0,1
2800,R_6LNPNrM9lkrLHCV,Old Control,fab,0,0,video4_cred_fab,cred_fab,79,4,1.663529381,Female,No,1,1,0,0,0,0,0,0,0,0,Low,Low,No,Female,1,0,1
2801,R_6LNPNrM9lkrLHCV,Old Control,mae,0,0,video5_cred_mae,cred_mae,72,5,1.417373776,Female,No,1,1,0,0,0,0,0,0,0,0,Low,Low,No,Female,1,0,1
2802,R_6LNPNrM9lkrLHCV,Old Control,zanx,0,0,video6_cred_zanx,cred_zanx,88,6,1.980015159,Female,No,1,1,0,0,0,0,0,0,0,0,Low,Low,No,Female,1,0,1
2803,R_6LTbH8iljbyWh0t,Old Treat,aby,NA,NA,video1_cred_aby,cred_aby,NA,1,NA,Male,Yes,2,0,0,1,0,0,1,NA,NA,NA,NA,NA,Yes,Male,2,1,NA
2804,R_6LTbH8iljbyWh0t,Old Treat,anna,NA,NA,video2_cred_anna,cred_anna,NA,2,NA,Male,Yes,2,0,0,1,0,0,1,NA,NA,NA,NA,NA,Yes,Male,2,1,NA
2805,R_6LTbH8iljbyWh0t,Old Treat,cham,NA,NA,video3_cred_cham,cred_cham,NA,3,NA,Male,Yes,2,0,0,1,0,0,1,NA,NA,NA,NA,NA,Yes,Male,2,1,NA
2806,R_6LTbH8iljbyWh0t,Old Treat,fab,NA,NA,video4_cred_fab,cred_fab,NA,4,NA,Male,Yes,2,0,0,1,0,0,1,NA,NA,NA,NA,NA,Yes,Male,2,1,NA
2807,R_6LTbH8iljbyWh0t,Old Treat,mae,NA,NA,video5_cred_mae,cred_mae,NA,5,NA,Male,Yes,2,0,0,1,0,0,1,NA,NA,NA,NA,NA,Yes,Male,2,1,NA
2808,R_6LTbH8iljbyWh0t,Old Treat,zanx,NA,NA,video6_cred_zanx,cred_zanx,NA,6,NA,Male,Yes,2,0,0,1,0,0,1,NA,NA,NA,NA,NA,Yes,Male,2,1,NA
2809,R_6LppkgzNZwNd6wJ,Old Treat,aby,NA,NA,video1_cred_aby,cred_aby,NA,1,NA,Male,Yes,2,0,0,1,0,0,1,NA,NA,NA,NA,NA,Yes,Male,2,1,NA
2810,R_6LppkgzNZwNd6wJ,Old Treat,anna,NA,NA,video2_cred_anna,cred_anna,NA,2,NA,Male,Yes,2,0,0,1,0,0,1,NA,NA,NA,NA,NA,Yes,Male,2,1,NA
2811,R_6LppkgzNZwNd6wJ,Old Treat,cham,NA,NA,video3_cred_cham,cred_cham,NA,3,NA,Male,Yes,2,0,0,1,0,0,1,NA,NA,NA,NA,NA,Yes,Male,2,1,NA
2812,R_6LppkgzNZwNd6wJ,Old Treat,fab,NA,NA,video4_cred_fab,cred_fab,NA,4,NA,Male,Yes,2,0,0,1,0,0,1,NA,NA,NA,NA,NA,Yes,Male,2,1,NA
2813,R_6LppkgzNZwNd6wJ,Old Treat,mae,NA,NA,video5_cred_mae,cred_mae,NA,5,NA,Male,Yes,2,0,0,1,0,0,1,NA,NA,NA,NA,NA,Yes,Male,2,1,NA
2814,R_6LppkgzNZwNd6wJ,Old Treat,zanx,NA,NA,video6_cred_zanx,cred_zanx,NA,6,NA,Male,Yes,2,0,0,1,0,0,1,NA,NA,NA,NA,NA,Yes,Male,2,1,NA
2815,R_6MPNdo5ckqq4mB0,Old Control,aby,2,2,video1_cred_aby,cred_aby,26,1,-0.200220201,Male,Yes,4,0,0,0,0,0,0,2,4,2,Low,High,Yes,Male,1,0,1
2816,R_6MPNdo5ckqq4mB0,Old Control,anna,2,1,video2_cred_anna,cred_anna,30,2,-0.059559855,Male,Yes,4,0,0,0,0,0,0,1.5,3,2,Low,Moderate,Yes,Male,1,0,1
2817,R_6MPNdo5ckqq4mB0,Old Control,cham,2,2,video3_cred_cham,cred_cham,20,3,-0.41121072,Male,Yes,4,0,0,0,0,0,0,2,4,2,Low,High,Yes,Male,1,0,0
2818,R_6MPNdo5ckqq4mB0,Old Control,fab,2,2,video4_cred_fab,cred_fab,24,4,-0.270550374,Male,Yes,4,0,0,0,0,0,0,2,4,2,Low,High,Yes,Male,1,0,1
2819,R_6MPNdo5ckqq4mB0,Old Control,mae,2,2,video5_cred_mae,cred_mae,26,5,-0.200220201,Male,Yes,4,0,0,0,0,0,0,2,4,2,Low,High,Yes,Male,1,0,1
2820,R_6MPNdo5ckqq4mB0,Old Control,zanx,2,2,video6_cred_zanx,cred_zanx,39,6,0.256925923,Male,Yes,4,0,0,0,0,0,0,2,4,2,Low,High,Yes,Male,1,0,1
2821,R_6MsQRqHC5QHzm7b,Young Control,aby,6,5,video1_cred_aby,cred_aby,81,1,1.733859554,Female,Yes,3,0,0,1,0,0,0,5.5,11,11,High,High,Yes,Female,2,1,1
2822,R_6MsQRqHC5QHzm7b,Young Control,anna,6,6,video2_cred_anna,cred_anna,78,2,1.628364295,Female,Yes,3,0,0,1,0,0,0,6,12,11,High,High,Yes,Female,2,1,1
2823,R_6MsQRqHC5QHzm7b,Young Control,cham,5,5,video3_cred_cham,cred_cham,80,3,1.698694468,Female,Yes,3,0,0,1,0,0,0,5,10,11,High,High,Yes,Female,2,1,1
2824,R_6MsQRqHC5QHzm7b,Young Control,fab,6,6,video4_cred_fab,cred_fab,84,4,1.839354813,Female,Yes,3,0,0,1,0,0,0,6,12,11,High,High,Yes,Female,2,1,1
2825,R_6MsQRqHC5QHzm7b,Young Control,mae,6,6,video5_cred_mae,cred_mae,70,5,1.347043603,Female,Yes,3,0,0,1,0,0,0,6,12,11,High,High,Yes,Female,2,1,1
2826,R_6MsQRqHC5QHzm7b,Young Control,zanx,6,6,video6_cred_zanx,cred_zanx,79,6,1.663529381,Female,Yes,3,0,0,1,0,0,0,6,12,11,High,High,Yes,Female,2,1,1
2827,R_6MzGV3RcLQ0g6Fa,Old Control,aby,2,1,video1_cred_aby,cred_aby,34,1,0.08110049,Male,No,4,0,1,0,0,0,0,1.5,3,2,Low,Moderate,No,Male,2,0,1
2828,R_6MzGV3RcLQ0g6Fa,Old Control,anna,2,2,video2_cred_anna,cred_anna,40,2,0.292091009,Male,No,4,0,1,0,0,0,0,2,4,2,Low,High,No,Male,2,0,1
2829,R_6MzGV3RcLQ0g6Fa,Old Control,cham,1,3,video3_cred_cham,cred_cham,25,3,-0.235385288,Male,No,4,0,1,0,0,0,0,2,4,2,Low,High,No,Male,2,0,1
2830,R_6MzGV3RcLQ0g6Fa,Old Control,fab,1,2,video4_cred_fab,cred_fab,62,4,1.065722911,Male,No,4,0,1,0,0,0,0,1.5,3,2,Low,Moderate,No,Male,2,0,1
2831,R_6MzGV3RcLQ0g6Fa,Old Control,mae,2,3,video5_cred_mae,cred_mae,38,5,0.221760836,Male,No,4,0,1,0,0,0,0,2.5,5,2,Low,High,No,Male,2,0,1
2832,R_6MzGV3RcLQ0g6Fa,Old Control,zanx,2,2,video6_cred_zanx,cred_zanx,38,6,0.221760836,Male,No,4,0,1,0,0,0,0,2,4,2,Low,High,No,Male,2,0,1
2833,R_6OCCe6QINskn7tD,Old Control,aby,0,0,video1_cred_aby,cred_aby,0,1,-1.114512449,Male,No,4,1,1,0,0,0,0,0,0,0,Low,Low,No,Male,1,0,0
2834,R_6OCCe6QINskn7tD,Old Control,anna,0,0,video2_cred_anna,cred_anna,0,2,-1.114512449,Male,No,4,1,1,0,0,0,0,0,0,0,Low,Low,No,Male,1,0,0
2835,R_6OCCe6QINskn7tD,Old Control,cham,0,0,video3_cred_cham,cred_cham,0,3,-1.114512449,Male,No,4,1,1,0,0,0,0,0,0,0,Low,Low,No,Male,1,0,0
2836,R_6OCCe6QINskn7tD,Old Control,fab,0,0,video4_cred_fab,cred_fab,0,4,-1.114512449,Male,No,4,1,1,0,0,0,0,0,0,0,Low,Low,No,Male,1,0,0
2837,R_6OCCe6QINskn7tD,Old Control,mae,0,0,video5_cred_mae,cred_mae,0,5,-1.114512449,Male,No,4,1,1,0,0,0,0,0,0,0,Low,Low,No,Male,1,0,0
2838,R_6OCCe6QINskn7tD,Old Control,zanx,0,0,video6_cred_zanx,cred_zanx,1,6,-1.079347363,Male,No,4,1,1,0,0,0,0,0,0,0,Low,Low,No,Male,1,0,0
2839,R_6ON49yK0NfTsYlk,Old Control,aby,0,0,video1_cred_aby,cred_aby,4,1,-0.973852103,Female,Yes,2,0,0,0,0,1,0,0,0,0,Low,Low,Yes,Female,1,0,0
2840,R_6ON49yK0NfTsYlk,Old Control,anna,0,0,video2_cred_anna,cred_anna,NA,2,NA,Female,Yes,2,0,0,0,0,1,0,0,0,0,Low,Low,Yes,Female,1,0,NA
2841,R_6ON49yK0NfTsYlk,Old Control,cham,0,0,video3_cred_cham,cred_cham,3,3,-1.00901719,Female,Yes,2,0,0,0,0,1,0,0,0,0,Low,Low,Yes,Female,1,0,0
2842,R_6ON49yK0NfTsYlk,Old Control,fab,0,0,video4_cred_fab,cred_fab,0,4,-1.114512449,Female,Yes,2,0,0,0,0,1,0,0,0,0,Low,Low,Yes,Female,1,0,0
2843,R_6ON49yK0NfTsYlk,Old Control,mae,0,0,video5_cred_mae,cred_mae,0,5,-1.114512449,Female,Yes,2,0,0,0,0,1,0,0,0,0,Low,Low,Yes,Female,1,0,0
2844,R_6ON49yK0NfTsYlk,Old Control,zanx,NA,NA,video6_cred_zanx,cred_zanx,NA,6,NA,Female,Yes,2,0,0,0,0,1,0,NA,NA,0,Low,NA,Yes,Female,1,0,NA
2845,R_6ORlXZ1sUgI57k5,Old Control,aby,0,1,video1_cred_aby,cred_aby,7,1,-0.868356844,Female,No,3,1,0,0,0,0,1,0.5,1,0,Low,Moderate,No,Female,1,1,0
2846,R_6ORlXZ1sUgI57k5,Old Control,anna,1,1,video2_cred_anna,cred_anna,9,2,-0.798026671,Female,No,3,1,0,0,0,0,1,1,2,0,Low,Moderate,No,Female,1,1,0
2847,R_6ORlXZ1sUgI57k5,Old Control,cham,0,0,video3_cred_cham,cred_cham,7,3,-0.868356844,Female,No,3,1,0,0,0,0,1,0,0,0,Low,Low,No,Female,1,1,0
2848,R_6ORlXZ1sUgI57k5,Old Control,fab,0,0,video4_cred_fab,cred_fab,7,4,-0.868356844,Female,No,3,1,0,0,0,0,1,0,0,0,Low,Low,No,Female,1,1,0
2849,R_6ORlXZ1sUgI57k5,Old Control,mae,0,1,video5_cred_mae,cred_mae,6,5,-0.903521931,Female,No,3,1,0,0,0,0,1,0.5,1,0,Low,Moderate,No,Female,1,1,0
2850,R_6ORlXZ1sUgI57k5,Old Control,zanx,0,0,video6_cred_zanx,cred_zanx,2,6,-1.044182276,Female,No,3,1,0,0,0,0,1,0,0,0,Low,Low,No,Female,1,1,0
2851,R_6OrxtuZZ888bfYX,Old Treat,aby,1,1,video1_cred_aby,cred_aby,10,1,-0.762861585,Male,Yes,3,1,0,0,0,1,1,1,2,2,Low,Moderate,Yes,Male,1,0,0
2852,R_6OrxtuZZ888bfYX,Old Treat,anna,1,1,video2_cred_anna,cred_anna,12,2,-0.692531412,Male,Yes,3,1,0,0,0,1,1,1,2,2,Low,Moderate,Yes,Male,1,0,0
2853,R_6OrxtuZZ888bfYX,Old Treat,cham,1,1,video3_cred_cham,cred_cham,12,3,-0.692531412,Male,Yes,3,1,0,0,0,1,1,1,2,2,Low,Moderate,Yes,Male,1,0,0
2854,R_6OrxtuZZ888bfYX,Old Treat,fab,1,1,video4_cred_fab,cred_fab,9,4,-0.798026671,Male,Yes,3,1,0,0,0,1,1,1,2,2,Low,Moderate,Yes,Male,1,0,0
2855,R_6OrxtuZZ888bfYX,Old Treat,mae,1,1,video5_cred_mae,cred_mae,9,5,-0.798026671,Male,Yes,3,1,0,0,0,1,1,1,2,2,Low,Moderate,Yes,Male,1,0,0
2856,R_6OrxtuZZ888bfYX,Old Treat,zanx,1,1,video6_cred_zanx,cred_zanx,10,6,-0.762861585,Male,Yes,3,1,0,0,0,1,1,1,2,2,Low,Moderate,Yes,Male,1,0,0
2857,R_6PecrNp3j0HpWV3,Young Treat,aby,1,1,video1_cred_aby,cred_aby,21,1,-0.376045634,Female,Yes,2,0,0,0,0,1,1,1,2,0,Low,Moderate,Yes,Female,1,0,0
2858,R_6PecrNp3j0HpWV3,Young Treat,anna,1,1,video2_cred_anna,cred_anna,12,2,-0.692531412,Female,Yes,2,0,0,0,0,1,1,1,2,0,Low,Moderate,Yes,Female,1,0,0
2859,R_6PecrNp3j0HpWV3,Young Treat,cham,1,1,video3_cred_cham,cred_cham,22,3,-0.340880547,Female,Yes,2,0,0,0,0,1,1,1,2,0,Low,Moderate,Yes,Female,1,0,0
2860,R_6PecrNp3j0HpWV3,Young Treat,fab,1,0,video4_cred_fab,cred_fab,11,4,-0.727696498,Female,Yes,2,0,0,0,0,1,1,0.5,1,0,Low,Moderate,Yes,Female,1,0,0
2861,R_6PecrNp3j0HpWV3,Young Treat,mae,0,0,video5_cred_mae,cred_mae,48,5,0.573411701,Female,Yes,2,0,0,0,0,1,1,0,0,0,Low,Low,Yes,Female,1,0,1
2862,R_6PecrNp3j0HpWV3,Young Treat,zanx,0,0,video6_cred_zanx,cred_zanx,13,6,-0.657366325,Female,Yes,2,0,0,0,0,1,1,0,0,0,Low,Low,Yes,Female,1,0,0
2863,R_6PuAKKXLLOmsBLr,Old Control,aby,2,0,video1_cred_aby,cred_aby,32,1,0.010770317,Male,No,3,0,1,0,0,0,0,1,2,2,Low,Moderate,No,Male,1,0,1
2864,R_6PuAKKXLLOmsBLr,Old Control,anna,1,0,video2_cred_anna,cred_anna,8,2,-0.833191758,Male,No,3,0,1,0,0,0,0,0.5,1,2,Low,Moderate,No,Male,1,0,0
2865,R_6PuAKKXLLOmsBLr,Old Control,cham,2,1,video3_cred_cham,cred_cham,36,3,0.151430663,Male,No,3,0,1,0,0,0,0,1.5,3,2,Low,Moderate,No,Male,1,0,1
2866,R_6PuAKKXLLOmsBLr,Old Control,fab,1,0,video4_cred_fab,cred_fab,31,4,-0.024394769,Male,No,3,0,1,0,0,0,0,0.5,1,2,Low,Moderate,No,Male,1,0,1
2867,R_6PuAKKXLLOmsBLr,Old Control,mae,3,3,video5_cred_mae,cred_mae,36,5,0.151430663,Male,No,3,0,1,0,0,0,0,3,6,2,Low,High,No,Male,1,0,1
2868,R_6PuAKKXLLOmsBLr,Old Control,zanx,2,2,video6_cred_zanx,cred_zanx,33,6,0.045935404,Male,No,3,0,1,0,0,0,0,2,4,2,Low,High,No,Male,1,0,1
2869,R_6Pvv3tcfMRORWEX,Young Treat,aby,2,3,video1_cred_aby,cred_aby,91,1,2.085510419,Female,No,4,0,0,1,0,0,0,2.5,5,2,Low,High,No,Female,1,0,1
2870,R_6Pvv3tcfMRORWEX,Young Treat,anna,0,0,video2_cred_anna,cred_anna,80,2,1.698694468,Female,No,4,0,0,1,0,0,0,0,0,2,Low,Low,No,Female,1,0,1
2871,R_6Pvv3tcfMRORWEX,Young Treat,cham,2,2,video3_cred_cham,cred_cham,100,3,2.401996197,Female,No,4,0,0,1,0,0,0,2,4,2,Low,High,No,Female,1,0,1
2872,R_6Pvv3tcfMRORWEX,Young Treat,fab,0,0,video4_cred_fab,cred_fab,62,4,1.065722911,Female,No,4,0,0,1,0,0,0,0,0,2,Low,Low,No,Female,1,0,1
2873,R_6Pvv3tcfMRORWEX,Young Treat,mae,0,3,video5_cred_mae,cred_mae,70,5,1.347043603,Female,No,4,0,0,1,0,0,0,1.5,3,2,Low,Moderate,No,Female,1,0,1
2874,R_6Pvv3tcfMRORWEX,Young Treat,zanx,0,1,video6_cred_zanx,cred_zanx,10,6,-0.762861585,Female,No,4,0,0,1,0,0,0,0.5,1,2,Low,Moderate,No,Female,1,0,0
2875,R_6Q0jvmoda68D3l5,Old Control,aby,6,6,video1_cred_aby,cred_aby,77,1,1.593199208,Female,Yes,3,0,0,1,0,0,0,6,12,11,High,High,Yes,Female,2,1,1
2876,R_6Q0jvmoda68D3l5,Old Control,anna,6,6,video2_cred_anna,cred_anna,83,2,1.804189727,Female,Yes,3,0,0,1,0,0,0,6,12,11,High,High,Yes,Female,2,1,1
2877,R_6Q0jvmoda68D3l5,Old Control,cham,5,5,video3_cred_cham,cred_cham,84,3,1.839354813,Female,Yes,3,0,0,1,0,0,0,5,10,11,High,High,Yes,Female,2,1,1
2878,R_6Q0jvmoda68D3l5,Old Control,fab,5,6,video4_cred_fab,cred_fab,90,4,2.050345332,Female,Yes,3,0,0,1,0,0,0,5.5,11,11,High,High,Yes,Female,2,1,1
2879,R_6Q0jvmoda68D3l5,Old Control,mae,6,6,video5_cred_mae,cred_mae,85,5,1.8745199,Female,Yes,3,0,0,1,0,0,0,6,12,11,High,High,Yes,Female,2,1,1
2880,R_6Q0jvmoda68D3l5,Old Control,zanx,6,6,video6_cred_zanx,cred_zanx,81,6,1.733859554,Female,Yes,3,0,0,1,0,0,0,6,12,11,High,High,Yes,Female,2,1,1
2881,R_6QLT35lAtn1TyiA,Young Treat,aby,0,1,video1_cred_aby,cred_aby,47,1,0.538246614,Female,No,3,1,0,0,0,0,0,0.5,1,2,Low,Moderate,No,Female,2,0,1
2882,R_6QLT35lAtn1TyiA,Young Treat,anna,0,0,video2_cred_anna,cred_anna,27.5,2,-0.147472572,Female,No,3,1,0,0,0,0,0,0,0,2,Low,Low,No,Female,2,0,1
2883,R_6QLT35lAtn1TyiA,Young Treat,cham,1,1,video3_cred_cham,cred_cham,50,3,0.643741874,Female,No,3,1,0,0,0,0,0,1,2,2,Low,Moderate,No,Female,2,0,1
2884,R_6QLT35lAtn1TyiA,Young Treat,fab,0,0,video4_cred_fab,cred_fab,50,4,0.643741874,Female,No,3,1,0,0,0,0,0,0,0,2,Low,Low,No,Female,2,0,1
2885,R_6QLT35lAtn1TyiA,Young Treat,mae,0,1,video5_cred_mae,cred_mae,49,5,0.608576787,Female,No,3,1,0,0,0,0,0,0.5,1,2,Low,Moderate,No,Female,2,0,1
2886,R_6QLT35lAtn1TyiA,Young Treat,zanx,0,0,video6_cred_zanx,cred_zanx,49,6,0.608576787,Female,No,3,1,0,0,0,0,0,0,0,2,Low,Low,No,Female,2,0,1
2887,R_6QfvIegS9jDUVoW,Young Control,aby,1,1,video1_cred_aby,cred_aby,22,1,-0.340880547,Male,Yes,1,0,0,0,0,0,1,1,2,1,Low,Moderate,Yes,Male,3,0,0
2888,R_6QfvIegS9jDUVoW,Young Control,anna,1,1,video2_cred_anna,cred_anna,19,2,-0.446375807,Male,Yes,1,0,0,0,0,0,1,1,2,1,Low,Moderate,Yes,Male,3,0,0
2889,R_6QfvIegS9jDUVoW,Young Control,cham,1,1,video3_cred_cham,cred_cham,29,3,-0.094724942,Male,Yes,1,0,0,0,0,0,1,1,2,1,Low,Moderate,Yes,Male,3,0,1
2890,R_6QfvIegS9jDUVoW,Young Control,fab,1,1,video4_cred_fab,cred_fab,19,4,-0.446375807,Male,Yes,1,0,0,0,0,0,1,1,2,1,Low,Moderate,Yes,Male,3,0,0
2891,R_6QfvIegS9jDUVoW,Young Control,mae,1,1,video5_cred_mae,cred_mae,12,5,-0.692531412,Male,Yes,1,0,0,0,0,0,1,1,2,1,Low,Moderate,Yes,Male,3,0,0
2892,R_6QfvIegS9jDUVoW,Young Control,zanx,1,2,video6_cred_zanx,cred_zanx,14,6,-0.622201239,Male,Yes,1,0,0,0,0,0,1,1.5,3,1,Low,Moderate,Yes,Male,3,0,0
2893,R_6Qg26wPedyxmGFB,Young Treat,aby,2,1,video1_cred_aby,cred_aby,27,1,-0.165055115,Male,Yes,3,0,0,0,0,1,1,1.5,3,5,Moderate,Moderate,Yes,Male,1,1,1
2894,R_6Qg26wPedyxmGFB,Young Treat,anna,7,7,video2_cred_anna,cred_anna,94,2,2.191005678,Male,Yes,3,0,0,0,0,1,1,7,14,5,Moderate,High,Yes,Male,1,1,1
2895,R_6Qg26wPedyxmGFB,Young Treat,cham,7,7,video3_cred_cham,cred_cham,86,3,1.909684986,Male,Yes,3,0,0,0,0,1,1,7,14,5,Moderate,High,Yes,Male,1,1,1
2896,R_6Qg26wPedyxmGFB,Young Treat,fab,1,1,video4_cred_fab,cred_fab,11,4,-0.727696498,Male,Yes,3,0,0,0,0,1,1,1,2,5,Moderate,Moderate,Yes,Male,1,1,0
2897,R_6Qg26wPedyxmGFB,Young Treat,mae,2,7,video5_cred_mae,cred_mae,10,5,-0.762861585,Male,Yes,3,0,0,0,0,1,1,4.5,9,5,Moderate,High,Yes,Male,1,1,0
2898,R_6Qg26wPedyxmGFB,Young Treat,zanx,1,1,video6_cred_zanx,cred_zanx,19,6,-0.446375807,Male,Yes,3,0,0,0,0,1,1,1,2,5,Moderate,Moderate,Yes,Male,1,1,0
2899,R_6QtmStfNkP4VuzS,Old Treat,aby,1,1,video1_cred_aby,cred_aby,1,1,-1.079347363,Male,Yes,1,1,0,0,1,1,0,1,2,2,Low,Moderate,Yes,Male,1,0,0
2900,R_6QtmStfNkP4VuzS,Old Treat,anna,1,1,video2_cred_anna,cred_anna,1,2,-1.079347363,Male,Yes,1,1,0,0,1,1,0,1,2,2,Low,Moderate,Yes,Male,1,0,0
2901,R_6QtmStfNkP4VuzS,Old Treat,cham,1,1,video3_cred_cham,cred_cham,10,3,-0.762861585,Male,Yes,1,1,0,0,1,1,0,1,2,2,Low,Moderate,Yes,Male,1,0,0
2902,R_6QtmStfNkP4VuzS,Old Treat,fab,1,1,video4_cred_fab,cred_fab,9,4,-0.798026671,Male,Yes,1,1,0,0,1,1,0,1,2,2,Low,Moderate,Yes,Male,1,0,0
2903,R_6QtmStfNkP4VuzS,Old Treat,mae,1,1,video5_cred_mae,cred_mae,9,5,-0.798026671,Male,Yes,1,1,0,0,1,1,0,1,2,2,Low,Moderate,Yes,Male,1,0,0
2904,R_6QtmStfNkP4VuzS,Old Treat,zanx,2,1,video6_cred_zanx,cred_zanx,10,6,-0.762861585,Male,Yes,1,1,0,0,1,1,0,1.5,3,2,Low,Moderate,Yes,Male,1,0,0
2905,R_6R2AJyUdWf2JlrX,Young Control,aby,5,4,video1_cred_aby,cred_aby,68,1,1.27671343,Male,No,4,1,0,0,0,0,1,4.5,9,9,Moderate,High,No,Male,2,1,1
2906,R_6R2AJyUdWf2JlrX,Young Control,anna,4,5,video2_cred_anna,cred_anna,59,2,0.960227652,Male,No,4,1,0,0,0,0,1,4.5,9,9,Moderate,High,No,Male,2,1,1
2907,R_6R2AJyUdWf2JlrX,Young Control,cham,3,4,video3_cred_cham,cred_cham,71,3,1.382208689,Male,No,4,1,0,0,0,0,1,3.5,7,9,Moderate,High,No,Male,2,1,1
2908,R_6R2AJyUdWf2JlrX,Young Control,fab,5,4,video4_cred_fab,cred_fab,66,4,1.206383257,Male,No,4,1,0,0,0,0,1,4.5,9,9,Moderate,High,No,Male,2,1,1
2909,R_6R2AJyUdWf2JlrX,Young Control,mae,4,5,video5_cred_mae,cred_mae,68,5,1.27671343,Male,No,4,1,0,0,0,0,1,4.5,9,9,Moderate,High,No,Male,2,1,1
2910,R_6R2AJyUdWf2JlrX,Young Control,zanx,5,4,video6_cred_zanx,cred_zanx,66,6,1.206383257,Male,No,4,1,0,0,0,0,1,4.5,9,9,Moderate,High,No,Male,2,1,1
2911,R_6R9cTT6HWkizPNq,Old Control,aby,0,0,video1_cred_aby,cred_aby,12,1,-0.692531412,Female,Yes,3,0,0,0,0,0,0,0,0,0,Low,Low,Yes,Female,1,0,0
2912,R_6R9cTT6HWkizPNq,Old Control,anna,0,0,video2_cred_anna,cred_anna,6,2,-0.903521931,Female,Yes,3,0,0,0,0,0,0,0,0,0,Low,Low,Yes,Female,1,0,0
2913,R_6R9cTT6HWkizPNq,Old Control,cham,0,0,video3_cred_cham,cred_cham,2,3,-1.044182276,Female,Yes,3,0,0,0,0,0,0,0,0,0,Low,Low,Yes,Female,1,0,0
2914,R_6R9cTT6HWkizPNq,Old Control,fab,0,0,video4_cred_fab,cred_fab,25,4,-0.235385288,Female,Yes,3,0,0,0,0,0,0,0,0,0,Low,Low,Yes,Female,1,0,1
2915,R_6R9cTT6HWkizPNq,Old Control,mae,0,0,video5_cred_mae,cred_mae,3,5,-1.00901719,Female,Yes,3,0,0,0,0,0,0,0,0,0,Low,Low,Yes,Female,1,0,0
2916,R_6R9cTT6HWkizPNq,Old Control,zanx,0,0,video6_cred_zanx,cred_zanx,36,6,0.151430663,Female,Yes,3,0,0,0,0,0,0,0,0,0,Low,Low,Yes,Female,1,0,1
2917,R_6Rjtty5Ui8cluN3,Old Treat,aby,5,4,video1_cred_aby,cred_aby,66,1,1.206383257,Female,No,3,1,0,0,0,0,0,4.5,9,5,Moderate,High,No,Female,1,0,1
2918,R_6Rjtty5Ui8cluN3,Old Treat,anna,4,5,video2_cred_anna,cred_anna,67,2,1.241548344,Female,No,3,1,0,0,0,0,0,4.5,9,5,Moderate,High,No,Female,1,0,1
2919,R_6Rjtty5Ui8cluN3,Old Treat,cham,2,3,video3_cred_cham,cred_cham,61,3,1.030557825,Female,No,3,1,0,0,0,0,0,2.5,5,5,Moderate,High,No,Female,1,0,1
2920,R_6Rjtty5Ui8cluN3,Old Treat,fab,3,4,video4_cred_fab,cred_fab,34,4,0.08110049,Female,No,3,1,0,0,0,0,0,3.5,7,5,Moderate,High,No,Female,1,0,1
2921,R_6Rjtty5Ui8cluN3,Old Treat,mae,5,5,video5_cred_mae,cred_mae,59,5,0.960227652,Female,No,3,1,0,0,0,0,0,5,10,5,Moderate,High,No,Female,1,0,1
2922,R_6Rjtty5Ui8cluN3,Old Treat,zanx,5,4,video6_cred_zanx,cred_zanx,50,6,0.643741874,Female,No,3,1,0,0,0,0,0,4.5,9,5,Moderate,High,No,Female,1,0,1
2923,R_6U4WnGtn00qYapV,Old Treat,aby,0,0,video1_cred_aby,cred_aby,0,1,-1.114512449,Male,No,4,0,1,0,0,0,0,0,0,0,Low,Low,No,Male,1,0,0
2924,R_6U4WnGtn00qYapV,Old Treat,anna,0,0,video2_cred_anna,cred_anna,NA,2,NA,Male,No,4,0,1,0,0,0,0,0,0,0,Low,Low,No,Male,1,0,NA
2925,R_6U4WnGtn00qYapV,Old Treat,cham,0,0,video3_cred_cham,cred_cham,NA,3,NA,Male,No,4,0,1,0,0,0,0,0,0,0,Low,Low,No,Male,1,0,NA
2926,R_6U4WnGtn00qYapV,Old Treat,fab,0,0,video4_cred_fab,cred_fab,NA,4,NA,Male,No,4,0,1,0,0,0,0,0,0,0,Low,Low,No,Male,1,0,NA
2927,R_6U4WnGtn00qYapV,Old Treat,mae,0,0,video5_cred_mae,cred_mae,NA,5,NA,Male,No,4,0,1,0,0,0,0,0,0,0,Low,Low,No,Male,1,0,NA
2928,R_6U4WnGtn00qYapV,Old Treat,zanx,0,0,video6_cred_zanx,cred_zanx,NA,6,NA,Male,No,4,0,1,0,0,0,0,0,0,0,Low,Low,No,Male,1,0,NA
2929,R_6ULjW8dlxwoLmH7,Young Control,aby,4,NA,video1_cred_aby,cred_aby,63,1,1.100887998,Female,Yes,2,0,0,1,0,0,1,4,NA,10,High,NA,Yes,Female,2,1,1
2930,R_6ULjW8dlxwoLmH7,Young Control,anna,4,NA,video2_cred_anna,cred_anna,58.5,2,0.942645109,Female,Yes,2,0,0,1,0,0,1,4,NA,10,High,NA,Yes,Female,2,1,1
2931,R_6ULjW8dlxwoLmH7,Young Control,cham,4,NA,video3_cred_cham,cred_cham,63,3,1.100887998,Female,Yes,2,0,0,1,0,0,1,4,NA,10,High,NA,Yes,Female,2,1,1
2932,R_6ULjW8dlxwoLmH7,Young Control,fab,5,4,video4_cred_fab,cred_fab,69,4,1.311878516,Female,Yes,2,0,0,1,0,0,1,4.5,9,10,High,High,Yes,Female,2,1,1
2933,R_6ULjW8dlxwoLmH7,Young Control,mae,NA,NA,video5_cred_mae,cred_mae,67,5,1.241548344,Female,Yes,2,0,0,1,0,0,1,NA,NA,10,High,NA,Yes,Female,2,1,1
2934,R_6ULjW8dlxwoLmH7,Young Control,zanx,4,5,video6_cred_zanx,cred_zanx,65,6,1.171218171,Female,Yes,2,0,0,1,0,0,1,4.5,9,10,High,High,Yes,Female,2,1,1
2935,R_6UYP4Y8vk5jnY9o,Old Control,aby,0,0,video1_cred_aby,cred_aby,5,1,-0.938687017,Male,Yes,4,0,0,0,0,1,1,0,0,0,Low,Low,Yes,Male,1,0,0
2936,R_6UYP4Y8vk5jnY9o,Old Control,anna,0,1,video2_cred_anna,cred_anna,5,2,-0.938687017,Male,Yes,4,0,0,0,0,1,1,0.5,1,0,Low,Moderate,Yes,Male,1,0,0
2937,R_6UYP4Y8vk5jnY9o,Old Control,cham,0,0,video3_cred_cham,cred_cham,11,3,-0.727696498,Male,Yes,4,0,0,0,0,1,1,0,0,0,Low,Low,Yes,Male,1,0,0
2938,R_6UYP4Y8vk5jnY9o,Old Control,fab,1,1,video4_cred_fab,cred_fab,4,4,-0.973852103,Male,Yes,4,0,0,0,0,1,1,1,2,0,Low,Moderate,Yes,Male,1,0,0
2939,R_6UYP4Y8vk5jnY9o,Old Control,mae,0,1,video5_cred_mae,cred_mae,20,5,-0.41121072,Male,Yes,4,0,0,0,0,1,1,0.5,1,0,Low,Moderate,Yes,Male,1,0,0
2940,R_6UYP4Y8vk5jnY9o,Old Control,zanx,0,0,video6_cred_zanx,cred_zanx,6,6,-0.903521931,Male,Yes,4,0,0,0,0,1,1,0,0,0,Low,Low,Yes,Male,1,0,0
2941,R_6Y9fuVfVVzo9I5F,Young Control,aby,0,0,video1_cred_aby,cred_aby,10,1,-0.762861585,Female,No,3,1,0,0,0,0,1,0,0,0,Low,Low,No,Female,3,0,0
2942,R_6Y9fuVfVVzo9I5F,Young Control,anna,0,0,video2_cred_anna,cred_anna,10,2,-0.762861585,Female,No,3,1,0,0,0,0,1,0,0,0,Low,Low,No,Female,3,0,0
2943,R_6Y9fuVfVVzo9I5F,Young Control,cham,0,0,video3_cred_cham,cred_cham,25,3,-0.235385288,Female,No,3,1,0,0,0,0,1,0,0,0,Low,Low,No,Female,3,0,1
2944,R_6Y9fuVfVVzo9I5F,Young Control,fab,0,0,video4_cred_fab,cred_fab,0,4,-1.114512449,Female,No,3,1,0,0,0,0,1,0,0,0,Low,Low,No,Female,3,0,0
2945,R_6Y9fuVfVVzo9I5F,Young Control,mae,0,0,video5_cred_mae,cred_mae,5,5,-0.938687017,Female,No,3,1,0,0,0,0,1,0,0,0,Low,Low,No,Female,3,0,0
2946,R_6Y9fuVfVVzo9I5F,Young Control,zanx,0,0,video6_cred_zanx,cred_zanx,5,6,-0.938687017,Female,No,3,1,0,0,0,0,1,0,0,0,Low,Low,No,Female,3,0,0
2947,R_6YsTDZtqm8ryAov,Old Control,aby,6,5,video1_cred_aby,cred_aby,82,1,1.76902464,Male,No,4,1,0,0,0,0,0,5.5,11,11,High,High,No,Male,2,1,1
2948,R_6YsTDZtqm8ryAov,Old Control,anna,6,5,video2_cred_anna,cred_anna,85,2,1.8745199,Male,No,4,1,0,0,0,0,0,5.5,11,11,High,High,No,Male,2,1,1
2949,R_6YsTDZtqm8ryAov,Old Control,cham,5,6,video3_cred_cham,cred_cham,83,3,1.804189727,Male,No,4,1,0,0,0,0,0,5.5,11,11,High,High,No,Male,2,1,1
2950,R_6YsTDZtqm8ryAov,Old Control,fab,6,6,video4_cred_fab,cred_fab,84,4,1.839354813,Male,No,4,1,0,0,0,0,0,6,12,11,High,High,No,Male,2,1,1
2951,R_6YsTDZtqm8ryAov,Old Control,mae,6,5,video5_cred_mae,cred_mae,82,5,1.76902464,Male,No,4,1,0,0,0,0,0,5.5,11,11,High,High,No,Male,2,1,1
2952,R_6YsTDZtqm8ryAov,Old Control,zanx,6,5,video6_cred_zanx,cred_zanx,84,6,1.839354813,Male,No,4,1,0,0,0,0,0,5.5,11,11,High,High,No,Male,2,1,1
2953,R_6Z796sTd8O3TbMd,Young Treat,aby,3,2,video1_cred_aby,cred_aby,28,1,-0.129890028,Female,No,4,1,0,0,0,0,1,2.5,5,5,Moderate,High,No,Female,1,1,1
2954,R_6Z796sTd8O3TbMd,Young Treat,anna,1,2,video2_cred_anna,cred_anna,38,2,0.221760836,Female,No,4,1,0,0,0,0,1,1.5,3,5,Moderate,Moderate,No,Female,1,1,1
2955,R_6Z796sTd8O3TbMd,Young Treat,cham,1,2,video3_cred_cham,cred_cham,36,3,0.151430663,Female,No,4,1,0,0,0,0,1,1.5,3,5,Moderate,Moderate,No,Female,1,1,1
2956,R_6Z796sTd8O3TbMd,Young Treat,fab,1,2,video4_cred_fab,cred_fab,35,4,0.116265577,Female,No,4,1,0,0,0,0,1,1.5,3,5,Moderate,Moderate,No,Female,1,1,1
2957,R_6Z796sTd8O3TbMd,Young Treat,mae,2,1,video5_cred_mae,cred_mae,62,5,1.065722911,Female,No,4,1,0,0,0,0,1,1.5,3,5,Moderate,Moderate,No,Female,1,1,1
2958,R_6Z796sTd8O3TbMd,Young Treat,zanx,1,1,video6_cred_zanx,cred_zanx,38,6,0.221760836,Female,No,4,1,0,0,0,0,1,1,2,5,Moderate,Moderate,No,Female,1,1,1
2959,R_6ZJQlU85n3Br5xD,Young Treat,aby,0,0,video1_cred_aby,cred_aby,50,1,0.643741874,Female,Yes,4,0,0,0,0,1,0,0,0,1,Low,Low,Yes,Female,1,0,1
2960,R_6ZJQlU85n3Br5xD,Young Treat,anna,0,0,video2_cred_anna,cred_anna,50,2,0.643741874,Female,Yes,4,0,0,0,0,1,0,0,0,1,Low,Low,Yes,Female,1,0,1
2961,R_6ZJQlU85n3Br5xD,Young Treat,cham,0,0,video3_cred_cham,cred_cham,50,3,0.643741874,Female,Yes,4,0,0,0,0,1,0,0,0,1,Low,Low,Yes,Female,1,0,1
2962,R_6ZJQlU85n3Br5xD,Young Treat,fab,0,0,video4_cred_fab,cred_fab,50,4,0.643741874,Female,Yes,4,0,0,0,0,1,0,0,0,1,Low,Low,Yes,Female,1,0,1
2963,R_6ZJQlU85n3Br5xD,Young Treat,mae,0,0,video5_cred_mae,cred_mae,50,5,0.643741874,Female,Yes,4,0,0,0,0,1,0,0,0,1,Low,Low,Yes,Female,1,0,1
2964,R_6ZJQlU85n3Br5xD,Young Treat,zanx,0,0,video6_cred_zanx,cred_zanx,50,6,0.643741874,Female,Yes,4,0,0,0,0,1,0,0,0,1,Low,Low,Yes,Female,1,0,1
2965,R_6ZdPfSezctqJARj,Young Treat,aby,NA,NA,video1_cred_aby,cred_aby,NA,1,NA,Male,No,2,0,0,1,0,0,0,NA,NA,NA,NA,NA,No,Male,1,1,NA
2966,R_6ZdPfSezctqJARj,Young Treat,anna,NA,NA,video2_cred_anna,cred_anna,NA,2,NA,Male,No,2,0,0,1,0,0,0,NA,NA,NA,NA,NA,No,Male,1,1,NA
2967,R_6ZdPfSezctqJARj,Young Treat,cham,NA,NA,video3_cred_cham,cred_cham,NA,3,NA,Male,No,2,0,0,1,0,0,0,NA,NA,NA,NA,NA,No,Male,1,1,NA
2968,R_6ZdPfSezctqJARj,Young Treat,fab,NA,6,video4_cred_fab,cred_fab,NA,4,NA,Male,No,2,0,0,1,0,0,0,6,NA,NA,NA,NA,No,Male,1,1,NA
2969,R_6ZdPfSezctqJARj,Young Treat,mae,NA,6,video5_cred_mae,cred_mae,NA,5,NA,Male,No,2,0,0,1,0,0,0,6,NA,NA,NA,NA,No,Male,1,1,NA
2970,R_6ZdPfSezctqJARj,Young Treat,zanx,NA,NA,video6_cred_zanx,cred_zanx,NA,6,NA,Male,No,2,0,0,1,0,0,0,NA,NA,NA,NA,NA,No,Male,1,1,NA
2971,R_6aEllBktwbJyDCo,Young Control,aby,4,5,video1_cred_aby,cred_aby,32,1,0.010770317,Female,Yes,4,0,0,0,0,1,0,4.5,9,9,Moderate,High,Yes,Female,1,0,1
2972,R_6aEllBktwbJyDCo,Young Control,anna,4,3,video2_cred_anna,cred_anna,13,2,-0.657366325,Female,Yes,4,0,0,0,0,1,0,3.5,7,9,Moderate,High,Yes,Female,1,0,0
2973,R_6aEllBktwbJyDCo,Young Control,cham,6,6,video3_cred_cham,cred_cham,53,3,0.749237133,Female,Yes,4,0,0,0,0,1,0,6,12,9,Moderate,High,Yes,Female,1,0,1
2974,R_6aEllBktwbJyDCo,Young Control,fab,4,6,video4_cred_fab,cred_fab,31,4,-0.024394769,Female,Yes,4,0,0,0,0,1,0,5,10,9,Moderate,High,Yes,Female,1,0,1
2975,R_6aEllBktwbJyDCo,Young Control,mae,5,5,video5_cred_mae,cred_mae,27,5,-0.165055115,Female,Yes,4,0,0,0,0,1,0,5,10,9,Moderate,High,Yes,Female,1,0,1
2976,R_6aEllBktwbJyDCo,Young Control,zanx,1,1,video6_cred_zanx,cred_zanx,29,6,-0.094724942,Female,Yes,4,0,0,0,0,1,0,1,2,9,Moderate,Moderate,Yes,Female,1,0,1
2977,R_6aKO3mje4ACEamM,Young Control,aby,NA,NA,video1_cred_aby,cred_aby,NA,1,NA,Male,No,2,0,0,1,0,0,0,NA,NA,NA,NA,NA,No,Male,1,1,NA
2978,R_6aKO3mje4ACEamM,Young Control,anna,NA,NA,video2_cred_anna,cred_anna,NA,2,NA,Male,No,2,0,0,1,0,0,0,NA,NA,NA,NA,NA,No,Male,1,1,NA
2979,R_6aKO3mje4ACEamM,Young Control,cham,NA,6,video3_cred_cham,cred_cham,76,3,1.558034122,Male,No,2,0,0,1,0,0,0,6,NA,NA,NA,NA,No,Male,1,1,1
2980,R_6aKO3mje4ACEamM,Young Control,fab,NA,5,video4_cred_fab,cred_fab,82,4,1.76902464,Male,No,2,0,0,1,0,0,0,5,NA,NA,NA,NA,No,Male,1,1,1
2981,R_6aKO3mje4ACEamM,Young Control,mae,NA,NA,video5_cred_mae,cred_mae,NA,5,NA,Male,No,2,0,0,1,0,0,0,NA,NA,NA,NA,NA,No,Male,1,1,NA
2982,R_6aKO3mje4ACEamM,Young Control,zanx,NA,NA,video6_cred_zanx,cred_zanx,77,6,1.593199208,Male,No,2,0,0,1,0,0,0,NA,NA,NA,NA,NA,No,Male,1,1,1
2983,R_6aQfXLWTXtVe29R,Young Treat,aby,2,3,video1_cred_aby,cred_aby,50,1,0.643741874,Male,Yes,4,1,0,0,0,0,0,2.5,5,0,Low,High,Yes,Male,2,0,1
2984,R_6aQfXLWTXtVe29R,Young Treat,anna,2,5,video2_cred_anna,cred_anna,41,2,0.327256096,Male,Yes,4,1,0,0,0,0,0,3.5,7,0,Low,High,Yes,Male,2,0,1
2985,R_6aQfXLWTXtVe29R,Young Treat,cham,0,4,video3_cred_cham,cred_cham,60,3,0.995392738,Male,Yes,4,1,0,0,0,0,0,2,4,0,Low,High,Yes,Male,2,0,1
2986,R_6aQfXLWTXtVe29R,Young Treat,fab,1,2,video4_cred_fab,cred_fab,45,4,0.467916441,Male,Yes,4,1,0,0,0,0,0,1.5,3,0,Low,Moderate,Yes,Male,2,0,1
2987,R_6aQfXLWTXtVe29R,Young Treat,mae,4,5,video5_cred_mae,cred_mae,40,5,0.292091009,Male,Yes,4,1,0,0,0,0,0,4.5,9,0,Low,High,Yes,Male,2,0,1
2988,R_6aQfXLWTXtVe29R,Young Treat,zanx,4,3,video6_cred_zanx,cred_zanx,40,6,0.292091009,Male,Yes,4,1,0,0,0,0,0,3.5,7,0,Low,High,Yes,Male,2,0,1
2989,R_6b3PvnFUaNdcSfa,Old Treat,aby,4,6,video1_cred_aby,cred_aby,74,1,1.487703949,Female,No,2,1,0,0,0,0,0,5,10,10,High,High,No,Female,1,1,1
2990,R_6b3PvnFUaNdcSfa,Old Treat,anna,4,4,video2_cred_anna,cred_anna,61,2,1.030557825,Female,No,2,1,0,0,0,0,0,4,8,10,High,High,No,Female,1,1,1
2991,R_6b3PvnFUaNdcSfa,Old Treat,cham,5,4,video3_cred_cham,cred_cham,63,3,1.100887998,Female,No,2,1,0,0,0,0,0,4.5,9,10,High,High,No,Female,1,1,1
2992,R_6b3PvnFUaNdcSfa,Old Treat,fab,5,5,video4_cred_fab,cred_fab,72,4,1.417373776,Female,No,2,1,0,0,0,0,0,5,10,10,High,High,No,Female,1,1,1
2993,R_6b3PvnFUaNdcSfa,Old Treat,mae,5,4,video5_cred_mae,cred_mae,72,5,1.417373776,Female,No,2,1,0,0,0,0,0,4.5,9,10,High,High,No,Female,1,1,1
2994,R_6b3PvnFUaNdcSfa,Old Treat,zanx,6,4,video6_cred_zanx,cred_zanx,76,6,1.558034122,Female,No,2,1,0,0,0,0,0,5,10,10,High,High,No,Female,1,1,1
2995,R_6bUIqsQW4iiApL0,Old Treat,aby,0,0,video1_cred_aby,cred_aby,45,1,0.467916441,Female,Yes,3,1,0,0,0,1,1,0,0,1,Low,Low,Yes,Female,1,0,1
2996,R_6bUIqsQW4iiApL0,Old Treat,anna,1,0,video2_cred_anna,cred_anna,0,2,-1.114512449,Female,Yes,3,1,0,0,0,1,1,0.5,1,1,Low,Moderate,Yes,Female,1,0,0
2997,R_6bUIqsQW4iiApL0,Old Treat,cham,2,4,video3_cred_cham,cred_cham,52,3,0.714072047,Female,Yes,3,1,0,0,0,1,1,3,6,1,Low,High,Yes,Female,1,0,1
2998,R_6bUIqsQW4iiApL0,Old Treat,fab,0,0,video4_cred_fab,cred_fab,0,4,-1.114512449,Female,Yes,3,1,0,0,0,1,1,0,0,1,Low,Low,Yes,Female,1,0,0
2999,R_6bUIqsQW4iiApL0,Old Treat,mae,0,0,video5_cred_mae,cred_mae,0,5,-1.114512449,Female,Yes,3,1,0,0,0,1,1,0,0,1,Low,Low,Yes,Female,1,0,0
3000,R_6bUIqsQW4iiApL0,Old Treat,zanx,0,0,video6_cred_zanx,cred_zanx,0,6,-1.114512449,Female,Yes,3,1,0,0,0,1,1,0,0,1,Low,Low,Yes,Female,1,0,0
3001,R_6c7u199gLQDN9SN,Young Treat,aby,2,3,video1_cred_aby,cred_aby,41,1,0.327256096,Female,Yes,3,0,0,0,0,0,0,2.5,5,6,Moderate,High,Yes,Female,1,0,1
3002,R_6c7u199gLQDN9SN,Young Treat,anna,3,3,video2_cred_anna,cred_anna,30,2,-0.059559855,Female,Yes,3,0,0,0,0,0,0,3,6,6,Moderate,High,Yes,Female,1,0,1
3003,R_6c7u199gLQDN9SN,Young Treat,cham,4,3,video3_cred_cham,cred_cham,40,3,0.292091009,Female,Yes,3,0,0,0,0,0,0,3.5,7,6,Moderate,High,Yes,Female,1,0,1
3004,R_6c7u199gLQDN9SN,Young Treat,fab,3,2,video4_cred_fab,cred_fab,20,4,-0.41121072,Female,Yes,3,0,0,0,0,0,0,2.5,5,6,Moderate,High,Yes,Female,1,0,0
3005,R_6c7u199gLQDN9SN,Young Treat,mae,2,1,video5_cred_mae,cred_mae,10,5,-0.762861585,Female,Yes,3,0,0,0,0,0,0,1.5,3,6,Moderate,Moderate,Yes,Female,1,0,0
3006,R_6c7u199gLQDN9SN,Young Treat,zanx,1,0,video6_cred_zanx,cred_zanx,18,6,-0.481540893,Female,Yes,3,0,0,0,0,0,0,0.5,1,6,Moderate,Moderate,Yes,Female,1,0,0
3007,R_6cJLsLMVLpUvnmV,Old Control,aby,0,NA,video1_cred_aby,cred_aby,66,1,1.206383257,Female,No,4,1,0,0,0,0,1,0,NA,NA,NA,NA,No,Female,3,0,1
3008,R_6cJLsLMVLpUvnmV,Old Control,anna,7,NA,video2_cred_anna,cred_anna,28,2,-0.129890028,Female,No,4,1,0,0,0,0,1,7,NA,NA,NA,NA,No,Female,3,0,1
3009,R_6cJLsLMVLpUvnmV,Old Control,cham,7,NA,video3_cred_cham,cred_cham,0,3,-1.114512449,Female,No,4,1,0,0,0,0,1,7,NA,NA,NA,NA,No,Female,3,0,0
3010,R_6cJLsLMVLpUvnmV,Old Control,fab,5,NA,video4_cred_fab,cred_fab,35,4,0.116265577,Female,No,4,1,0,0,0,0,1,5,NA,NA,NA,NA,No,Female,3,0,1
3011,R_6cJLsLMVLpUvnmV,Old Control,mae,0,NA,video5_cred_mae,cred_mae,51,5,0.67890696,Female,No,4,1,0,0,0,0,1,0,NA,NA,NA,NA,No,Female,3,0,1
3012,R_6cJLsLMVLpUvnmV,Old Control,zanx,7,NA,video6_cred_zanx,cred_zanx,0,6,-1.114512449,Female,No,4,1,0,0,0,0,1,7,NA,NA,NA,NA,No,Female,3,0,0
3013,R_6cu6oZhVCwdCsPb,Old Control,aby,0,0,video1_cred_aby,cred_aby,50,1,0.643741874,Female,Yes,3,0,0,0,1,0,0,0,0,0,Low,Low,Yes,Female,1,0,1
3014,R_6cu6oZhVCwdCsPb,Old Control,anna,0,0,video2_cred_anna,cred_anna,0,2,-1.114512449,Female,Yes,3,0,0,0,1,0,0,0,0,0,Low,Low,Yes,Female,1,0,0
3015,R_6cu6oZhVCwdCsPb,Old Control,cham,0,0,video3_cred_cham,cred_cham,0,3,-1.114512449,Female,Yes,3,0,0,0,1,0,0,0,0,0,Low,Low,Yes,Female,1,0,0
3016,R_6cu6oZhVCwdCsPb,Old Control,fab,0,0,video4_cred_fab,cred_fab,0,4,-1.114512449,Female,Yes,3,0,0,0,1,0,0,0,0,0,Low,Low,Yes,Female,1,0,0
3017,R_6cu6oZhVCwdCsPb,Old Control,mae,0,0,video5_cred_mae,cred_mae,0,5,-1.114512449,Female,Yes,3,0,0,0,1,0,0,0,0,0,Low,Low,Yes,Female,1,0,0
3018,R_6cu6oZhVCwdCsPb,Old Control,zanx,0,0,video6_cred_zanx,cred_zanx,40,6,0.292091009,Female,Yes,3,0,0,0,1,0,0,0,0,0,Low,Low,Yes,Female,1,0,1
3019,R_6dCwb9fI52jObEl,Old Control,aby,0,0,video1_cred_aby,cred_aby,28,1,-0.129890028,Female,No,3,1,0,0,0,0,1,0,0,0,Low,Low,No,Female,1,0,1
3020,R_6dCwb9fI52jObEl,Old Control,anna,0,0,video2_cred_anna,cred_anna,11,2,-0.727696498,Female,No,3,1,0,0,0,0,1,0,0,0,Low,Low,No,Female,1,0,0
3021,R_6dCwb9fI52jObEl,Old Control,cham,0,0,video3_cred_cham,cred_cham,24,3,-0.270550374,Female,No,3,1,0,0,0,0,1,0,0,0,Low,Low,No,Female,1,0,1
3022,R_6dCwb9fI52jObEl,Old Control,fab,0,0,video4_cred_fab,cred_fab,10,4,-0.762861585,Female,No,3,1,0,0,0,0,1,0,0,0,Low,Low,No,Female,1,0,0
3023,R_6dCwb9fI52jObEl,Old Control,mae,0,0,video5_cred_mae,cred_mae,10,5,-0.762861585,Female,No,3,1,0,0,0,0,1,0,0,0,Low,Low,No,Female,1,0,0
3024,R_6dCwb9fI52jObEl,Old Control,zanx,0,0,video6_cred_zanx,cred_zanx,11,6,-0.727696498,Female,No,3,1,0,0,0,0,1,0,0,0,Low,Low,No,Female,1,0,0
3025,R_6dtmKDDxDgMTEZA,Young Control,aby,2,2,video1_cred_aby,cred_aby,40,1,0.292091009,Female,No,4,1,0,0,0,0,0,2,4,5,Moderate,High,No,Female,1,1,1
3026,R_6dtmKDDxDgMTEZA,Young Control,anna,2,2,video2_cred_anna,cred_anna,28,2,-0.129890028,Female,No,4,1,0,0,0,0,0,2,4,5,Moderate,High,No,Female,1,1,1
3027,R_6dtmKDDxDgMTEZA,Young Control,cham,2,2,video3_cred_cham,cred_cham,32,3,0.010770317,Female,No,4,1,0,0,0,0,0,2,4,5,Moderate,High,No,Female,1,1,1
3028,R_6dtmKDDxDgMTEZA,Young Control,fab,2,1,video4_cred_fab,cred_fab,29,4,-0.094724942,Female,No,4,1,0,0,0,0,0,1.5,3,5,Moderate,Moderate,No,Female,1,1,1
3029,R_6dtmKDDxDgMTEZA,Young Control,mae,1,3,video5_cred_mae,cred_mae,24,5,-0.270550374,Female,No,4,1,0,0,0,0,0,2,4,5,Moderate,High,No,Female,1,1,1
3030,R_6dtmKDDxDgMTEZA,Young Control,zanx,2,5,video6_cred_zanx,cred_zanx,14,6,-0.622201239,Female,No,4,1,0,0,0,0,0,3.5,7,5,Moderate,High,No,Female,1,1,0
3031,R_6e4nKX5PGXNvihS,Young Treat,aby,5,5,video1_cred_aby,cred_aby,58,1,0.925062565,Female,Yes,3,0,0,0,1,0,1,5,10,5,Moderate,High,Yes,Female,1,0,1
3032,R_6e4nKX5PGXNvihS,Young Treat,anna,3,6,video2_cred_anna,cred_anna,39,2,0.256925923,Female,Yes,3,0,0,0,1,0,1,4.5,9,5,Moderate,High,Yes,Female,1,0,1
3033,R_6e4nKX5PGXNvihS,Young Treat,cham,6,4,video3_cred_cham,cred_cham,50,3,0.643741874,Female,Yes,3,0,0,0,1,0,1,5,10,5,Moderate,High,Yes,Female,1,0,1
3034,R_6e4nKX5PGXNvihS,Young Treat,fab,6,1,video4_cred_fab,cred_fab,61,4,1.030557825,Female,Yes,3,0,0,0,1,0,1,3.5,7,5,Moderate,High,Yes,Female,1,0,1
3035,R_6e4nKX5PGXNvihS,Young Treat,mae,3,7,video5_cred_mae,cred_mae,55,5,0.819567306,Female,Yes,3,0,0,0,1,0,1,5,10,5,Moderate,High,Yes,Female,1,0,1
3036,R_6e4nKX5PGXNvihS,Young Treat,zanx,6,6,video6_cred_zanx,cred_zanx,38,6,0.221760836,Female,Yes,3,0,0,0,1,0,1,6,12,5,Moderate,High,Yes,Female,1,0,1
3037,R_6eUSgABQlzcXG0C,Old Control,aby,0,0,video1_cred_aby,cred_aby,4,1,-0.973852103,Female,No,1,1,0,0,0,0,1,0,0,0,Low,Low,No,Female,1,0,0
3038,R_6eUSgABQlzcXG0C,Old Control,anna,0,0,video2_cred_anna,cred_anna,0,2,-1.114512449,Female,No,1,1,0,0,0,0,1,0,0,0,Low,Low,No,Female,1,0,0
3039,R_6eUSgABQlzcXG0C,Old Control,cham,0,0,video3_cred_cham,cred_cham,0,3,-1.114512449,Female,No,1,1,0,0,0,0,1,0,0,0,Low,Low,No,Female,1,0,0
3040,R_6eUSgABQlzcXG0C,Old Control,fab,0,0,video4_cred_fab,cred_fab,0,4,-1.114512449,Female,No,1,1,0,0,0,0,1,0,0,0,Low,Low,No,Female,1,0,0
3041,R_6eUSgABQlzcXG0C,Old Control,mae,0,0,video5_cred_mae,cred_mae,3,5,-1.00901719,Female,No,1,1,0,0,0,0,1,0,0,0,Low,Low,No,Female,1,0,0
3042,R_6eUSgABQlzcXG0C,Old Control,zanx,0,0,video6_cred_zanx,cred_zanx,0,6,-1.114512449,Female,No,1,1,0,0,0,0,1,0,0,0,Low,Low,No,Female,1,0,0
3043,R_6f0G76OnPW0mmJG,Old Treat,aby,0,0,video1_cred_aby,cred_aby,19,1,-0.446375807,Female,Yes,3,0,0,0,1,0,0,0,0,3,Low,Low,Yes,Female,1,1,0
3044,R_6f0G76OnPW0mmJG,Old Treat,anna,1,2,video2_cred_anna,cred_anna,35,2,0.116265577,Female,Yes,3,0,0,0,1,0,0,1.5,3,3,Low,Moderate,Yes,Female,1,1,1
3045,R_6f0G76OnPW0mmJG,Old Treat,cham,0,0,video3_cred_cham,cred_cham,14,3,-0.622201239,Female,Yes,3,0,0,0,1,0,0,0,0,3,Low,Low,Yes,Female,1,1,0
3046,R_6f0G76OnPW0mmJG,Old Treat,fab,0,0,video4_cred_fab,cred_fab,27,4,-0.165055115,Female,Yes,3,0,0,0,1,0,0,0,0,3,Low,Low,Yes,Female,1,1,1
3047,R_6f0G76OnPW0mmJG,Old Treat,mae,1,1,video5_cred_mae,cred_mae,30,5,-0.059559855,Female,Yes,3,0,0,0,1,0,0,1,2,3,Low,Moderate,Yes,Female,1,1,1
3048,R_6f0G76OnPW0mmJG,Old Treat,zanx,0,0,video6_cred_zanx,cred_zanx,16,6,-0.551871066,Female,Yes,3,0,0,0,1,0,0,0,0,3,Low,Low,Yes,Female,1,1,0
3049,R_6fDUMmE2aSTfDwf,Young Control,aby,0,0,video1_cred_aby,cred_aby,0,1,-1.114512449,Female,Yes,3,1,0,0,0,0,0,0,0,0,Low,Low,Yes,Female,1,0,0
3050,R_6fDUMmE2aSTfDwf,Young Control,anna,0,0,video2_cred_anna,cred_anna,9,2,-0.798026671,Female,Yes,3,1,0,0,0,0,0,0,0,0,Low,Low,Yes,Female,1,0,0
3051,R_6fDUMmE2aSTfDwf,Young Control,cham,1,1,video3_cred_cham,cred_cham,16,3,-0.551871066,Female,Yes,3,1,0,0,0,0,0,1,2,0,Low,Moderate,Yes,Female,1,0,0
3052,R_6fDUMmE2aSTfDwf,Young Control,fab,0,0,video4_cred_fab,cred_fab,26,4,-0.200220201,Female,Yes,3,1,0,0,0,0,0,0,0,0,Low,Low,Yes,Female,1,0,1
3053,R_6fDUMmE2aSTfDwf,Young Control,mae,0,0,video5_cred_mae,cred_mae,0,5,-1.114512449,Female,Yes,3,1,0,0,0,0,0,0,0,0,Low,Low,Yes,Female,1,0,0
3054,R_6fDUMmE2aSTfDwf,Young Control,zanx,1,1,video6_cred_zanx,cred_zanx,11,6,-0.727696498,Female,Yes,3,1,0,0,0,0,0,1,2,0,Low,Moderate,Yes,Female,1,0,0
3055,R_6fNp11AWA4emmWM,Old Treat,aby,0,0,video1_cred_aby,cred_aby,10,1,-0.762861585,Male,Yes,4,0,0,0,0,1,1,0,0,1,Low,Low,Yes,Male,1,1,0
3056,R_6fNp11AWA4emmWM,Old Treat,anna,0,2,video2_cred_anna,cred_anna,26,2,-0.200220201,Male,Yes,4,0,0,0,0,1,1,1,2,1,Low,Moderate,Yes,Male,1,1,1
3057,R_6fNp11AWA4emmWM,Old Treat,cham,0,5,video3_cred_cham,cred_cham,50,3,0.643741874,Male,Yes,4,0,0,0,0,1,1,2.5,5,1,Low,High,Yes,Male,1,1,1
3058,R_6fNp11AWA4emmWM,Old Treat,fab,1,1,video4_cred_fab,cred_fab,50,4,0.643741874,Male,Yes,4,0,0,0,0,1,1,1,2,1,Low,Moderate,Yes,Male,1,1,1
3059,R_6fNp11AWA4emmWM,Old Treat,mae,0,5,video5_cred_mae,cred_mae,50,5,0.643741874,Male,Yes,4,0,0,0,0,1,1,2.5,5,1,Low,High,Yes,Male,1,1,1
3060,R_6fNp11AWA4emmWM,Old Treat,zanx,0,0,video6_cred_zanx,cred_zanx,29,6,-0.094724942,Male,Yes,4,0,0,0,0,1,1,0,0,1,Low,Low,Yes,Male,1,1,1
3061,R_6fZ5s9RhvBTzMlI,Young Control,aby,0,0,video1_cred_aby,cred_aby,41,1,0.327256096,Male,No,4,0,1,0,0,0,1,0,0,0,Low,Low,No,Male,1,0,1
3062,R_6fZ5s9RhvBTzMlI,Young Control,anna,0,0,video2_cred_anna,cred_anna,20,2,-0.41121072,Male,No,4,0,1,0,0,0,1,0,0,0,Low,Low,No,Male,1,0,0
3063,R_6fZ5s9RhvBTzMlI,Young Control,cham,1,1,video3_cred_cham,cred_cham,20,3,-0.41121072,Male,No,4,0,1,0,0,0,1,1,2,0,Low,Moderate,No,Male,1,0,0
3064,R_6fZ5s9RhvBTzMlI,Young Control,fab,2,1,video4_cred_fab,cred_fab,30,4,-0.059559855,Male,No,4,0,1,0,0,0,1,1.5,3,0,Low,Moderate,No,Male,1,0,1
3065,R_6fZ5s9RhvBTzMlI,Young Control,mae,1,2,video5_cred_mae,cred_mae,25,5,-0.235385288,Male,No,4,0,1,0,0,0,1,1.5,3,0,Low,Moderate,No,Male,1,0,1
3066,R_6fZ5s9RhvBTzMlI,Young Control,zanx,0,0,video6_cred_zanx,cred_zanx,30,6,-0.059559855,Male,No,4,0,1,0,0,0,1,0,0,0,Low,Low,No,Male,1,0,1
3067,R_6gY2RVuo69qFXw9,Young Control,aby,0,0,video1_cred_aby,cred_aby,0,1,-1.114512449,Female,Yes,4,1,0,0,0,0,1,0,0,1,Low,Low,Yes,Female,1,0,0
3068,R_6gY2RVuo69qFXw9,Young Control,anna,0,0,video2_cred_anna,cred_anna,8,2,-0.833191758,Female,Yes,4,1,0,0,0,0,1,0,0,1,Low,Low,Yes,Female,1,0,0
3069,R_6gY2RVuo69qFXw9,Young Control,cham,0,0,video3_cred_cham,cred_cham,0,3,-1.114512449,Female,Yes,4,1,0,0,0,0,1,0,0,1,Low,Low,Yes,Female,1,0,0
3070,R_6gY2RVuo69qFXw9,Young Control,fab,0,0,video4_cred_fab,cred_fab,0,4,-1.114512449,Female,Yes,4,1,0,0,0,0,1,0,0,1,Low,Low,Yes,Female,1,0,0
3071,R_6gY2RVuo69qFXw9,Young Control,mae,0,0,video5_cred_mae,cred_mae,0,5,-1.114512449,Female,Yes,4,1,0,0,0,0,1,0,0,1,Low,Low,Yes,Female,1,0,0
3072,R_6gY2RVuo69qFXw9,Young Control,zanx,0,0,video6_cred_zanx,cred_zanx,0,6,-1.114512449,Female,Yes,4,1,0,0,0,0,1,0,0,1,Low,Low,Yes,Female,1,0,0
3073,R_6gbvZMO0IGFZNwe,Young Treat,aby,0,0,video1_cred_aby,cred_aby,0,1,-1.114512449,Male,Yes,4,0,0,0,1,0,1,0,0,0,Low,Low,Yes,Male,1,0,0
3074,R_6gbvZMO0IGFZNwe,Young Treat,anna,0,0,video2_cred_anna,cred_anna,0,2,-1.114512449,Male,Yes,4,0,0,0,1,0,1,0,0,0,Low,Low,Yes,Male,1,0,0
3075,R_6gbvZMO0IGFZNwe,Young Treat,cham,0,0,video3_cred_cham,cred_cham,0,3,-1.114512449,Male,Yes,4,0,0,0,1,0,1,0,0,0,Low,Low,Yes,Male,1,0,0
3076,R_6gbvZMO0IGFZNwe,Young Treat,fab,0,0,video4_cred_fab,cred_fab,0,4,-1.114512449,Male,Yes,4,0,0,0,1,0,1,0,0,0,Low,Low,Yes,Male,1,0,0
3077,R_6gbvZMO0IGFZNwe,Young Treat,mae,0,0,video5_cred_mae,cred_mae,0,5,-1.114512449,Male,Yes,4,0,0,0,1,0,1,0,0,0,Low,Low,Yes,Male,1,0,0
3078,R_6gbvZMO0IGFZNwe,Young Treat,zanx,0,0,video6_cred_zanx,cred_zanx,0,6,-1.114512449,Male,Yes,4,0,0,0,1,0,1,0,0,0,Low,Low,Yes,Male,1,0,0
3079,R_6hN634xlkuYZMKl,Old Control,aby,0,0,video1_cred_aby,cred_aby,10,1,-0.762861585,Male,Yes,3,0,0,0,0,1,0,0,0,0,Low,Low,Yes,Male,1,0,0
3080,R_6hN634xlkuYZMKl,Old Control,anna,0,2,video2_cred_anna,cred_anna,30,2,-0.059559855,Male,Yes,3,0,0,0,0,1,0,1,2,0,Low,Moderate,Yes,Male,1,0,1
3081,R_6hN634xlkuYZMKl,Old Control,cham,0,0,video3_cred_cham,cred_cham,22,3,-0.340880547,Male,Yes,3,0,0,0,0,1,0,0,0,0,Low,Low,Yes,Male,1,0,0
3082,R_6hN634xlkuYZMKl,Old Control,fab,0,0,video4_cred_fab,cred_fab,4,4,-0.973852103,Male,Yes,3,0,0,0,0,1,0,0,0,0,Low,Low,Yes,Male,1,0,0
3083,R_6hN634xlkuYZMKl,Old Control,mae,0,3,video5_cred_mae,cred_mae,7,5,-0.868356844,Male,Yes,3,0,0,0,0,1,0,1.5,3,0,Low,Moderate,Yes,Male,1,0,0
3084,R_6hN634xlkuYZMKl,Old Control,zanx,0,0,video6_cred_zanx,cred_zanx,6,6,-0.903521931,Male,Yes,3,0,0,0,0,1,0,0,0,0,Low,Low,Yes,Male,1,0,0
3085,R_6hR0HGQ1vudWYeS,Young Control,aby,0,0,video1_cred_aby,cred_aby,0,1,-1.114512449,Female,Yes,3,0,0,0,0,1,1,0,0,0,Low,Low,Yes,Female,1,0,0
3086,R_6hR0HGQ1vudWYeS,Young Control,anna,0,0,video2_cred_anna,cred_anna,4,2,-0.973852103,Female,Yes,3,0,0,0,0,1,1,0,0,0,Low,Low,Yes,Female,1,0,0
3087,R_6hR0HGQ1vudWYeS,Young Control,cham,0,0,video3_cred_cham,cred_cham,0,3,-1.114512449,Female,Yes,3,0,0,0,0,1,1,0,0,0,Low,Low,Yes,Female,1,0,0
3088,R_6hR0HGQ1vudWYeS,Young Control,fab,0,0,video4_cred_fab,cred_fab,0,4,-1.114512449,Female,Yes,3,0,0,0,0,1,1,0,0,0,Low,Low,Yes,Female,1,0,0
3089,R_6hR0HGQ1vudWYeS,Young Control,mae,0,0,video5_cred_mae,cred_mae,10,5,-0.762861585,Female,Yes,3,0,0,0,0,1,1,0,0,0,Low,Low,Yes,Female,1,0,0
3090,R_6hR0HGQ1vudWYeS,Young Control,zanx,0,0,video6_cred_zanx,cred_zanx,0,6,-1.114512449,Female,Yes,3,0,0,0,0,1,1,0,0,0,Low,Low,Yes,Female,1,0,0
3091,R_6hRDR18dLYIhCBb,Young Control,aby,1,1,video1_cred_aby,cred_aby,14,1,-0.622201239,Female,Yes,3,0,0,0,1,0,0,1,2,0,Low,Moderate,Yes,Female,1,0,0
3092,R_6hRDR18dLYIhCBb,Young Control,anna,1,1,video2_cred_anna,cred_anna,14,2,-0.622201239,Female,Yes,3,0,0,0,1,0,0,1,2,0,Low,Moderate,Yes,Female,1,0,0
3093,R_6hRDR18dLYIhCBb,Young Control,cham,0,1,video3_cred_cham,cred_cham,17,3,-0.516705979,Female,Yes,3,0,0,0,1,0,0,0.5,1,0,Low,Moderate,Yes,Female,1,0,0
3094,R_6hRDR18dLYIhCBb,Young Control,fab,1,1,video4_cred_fab,cred_fab,14,4,-0.622201239,Female,Yes,3,0,0,0,1,0,0,1,2,0,Low,Moderate,Yes,Female,1,0,0
3095,R_6hRDR18dLYIhCBb,Young Control,mae,1,1,video5_cred_mae,cred_mae,12,5,-0.692531412,Female,Yes,3,0,0,0,1,0,0,1,2,0,Low,Moderate,Yes,Female,1,0,0
3096,R_6hRDR18dLYIhCBb,Young Control,zanx,1,1,video6_cred_zanx,cred_zanx,10,6,-0.762861585,Female,Yes,3,0,0,0,1,0,0,1,2,0,Low,Moderate,Yes,Female,1,0,0
3097,R_6haG4xLMxtwJnFf,Young Control,aby,0,1,video1_cred_aby,cred_aby,5,1,-0.938687017,Female,No,4,1,0,0,0,0,1,0.5,1,2,Low,Moderate,No,Female,1,0,0
3098,R_6haG4xLMxtwJnFf,Young Control,anna,0,0,video2_cred_anna,cred_anna,0,2,-1.114512449,Female,No,4,1,0,0,0,0,1,0,0,2,Low,Low,No,Female,1,0,0
3099,R_6haG4xLMxtwJnFf,Young Control,cham,0,0,video3_cred_cham,cred_cham,2,3,-1.044182276,Female,No,4,1,0,0,0,0,1,0,0,2,Low,Low,No,Female,1,0,0
3100,R_6haG4xLMxtwJnFf,Young Control,fab,NA,NA,video4_cred_fab,cred_fab,NA,4,NA,Female,No,4,1,0,0,0,0,1,NA,NA,2,Low,NA,No,Female,1,0,NA
3101,R_6haG4xLMxtwJnFf,Young Control,mae,0,0,video5_cred_mae,cred_mae,5,5,-0.938687017,Female,No,4,1,0,0,0,0,1,0,0,2,Low,Low,No,Female,1,0,0
3102,R_6haG4xLMxtwJnFf,Young Control,zanx,0,1,video6_cred_zanx,cred_zanx,3,6,-1.00901719,Female,No,4,1,0,0,0,0,1,0.5,1,2,Low,Moderate,No,Female,1,0,0
3103,R_6hxQw09lFFNmyUb,Old Treat,aby,1,0,video1_cred_aby,cred_aby,29,1,-0.094724942,Female,Yes,3,0,0,0,1,0,1,0.5,1,1,Low,Moderate,Yes,Female,1,0,1
3104,R_6hxQw09lFFNmyUb,Old Treat,anna,0,0,video2_cred_anna,cred_anna,20,2,-0.41121072,Female,Yes,3,0,0,0,1,0,1,0,0,1,Low,Low,Yes,Female,1,0,0
3105,R_6hxQw09lFFNmyUb,Old Treat,cham,1,0,video3_cred_cham,cred_cham,28,3,-0.129890028,Female,Yes,3,0,0,0,1,0,1,0.5,1,1,Low,Moderate,Yes,Female,1,0,1
3106,R_6hxQw09lFFNmyUb,Old Treat,fab,0,0,video4_cred_fab,cred_fab,11,4,-0.727696498,Female,Yes,3,0,0,0,1,0,1,0,0,1,Low,Low,Yes,Female,1,0,0
3107,R_6hxQw09lFFNmyUb,Old Treat,mae,1,4,video5_cred_mae,cred_mae,32,5,0.010770317,Female,Yes,3,0,0,0,1,0,1,2.5,5,1,Low,High,Yes,Female,1,0,1
3108,R_6hxQw09lFFNmyUb,Old Treat,zanx,1,1,video6_cred_zanx,cred_zanx,14,6,-0.622201239,Female,Yes,3,0,0,0,1,0,1,1,2,1,Low,Moderate,Yes,Female,1,0,0
3109,R_6iMpmBFQZWSiT3H,Young Control,aby,5,5,video1_cred_aby,cred_aby,77,1,1.593199208,Male,No,2,0,0,1,0,0,0,5,10,10,High,High,No,Male,1,1,1
3110,R_6iMpmBFQZWSiT3H,Young Control,anna,3,2,video2_cred_anna,cred_anna,73,2,1.452538862,Male,No,2,0,0,1,0,0,0,2.5,5,10,High,High,No,Male,1,1,1
3111,R_6iMpmBFQZWSiT3H,Young Control,cham,4,6,video3_cred_cham,cred_cham,71,3,1.382208689,Male,No,2,0,0,1,0,0,0,5,10,10,High,High,No,Male,1,1,1
3112,R_6iMpmBFQZWSiT3H,Young Control,fab,NA,NA,video4_cred_fab,cred_fab,76.5,4,1.575616665,Male,No,2,0,0,1,0,0,0,NA,NA,10,High,NA,No,Male,1,1,1
3113,R_6iMpmBFQZWSiT3H,Young Control,mae,4,4,video5_cred_mae,cred_mae,72,5,1.417373776,Male,No,2,0,0,1,0,0,0,4,8,10,High,High,No,Male,1,1,1
3114,R_6iMpmBFQZWSiT3H,Young Control,zanx,5,5,video6_cred_zanx,cred_zanx,79,6,1.663529381,Male,No,2,0,0,1,0,0,0,5,10,10,High,High,No,Male,1,1,1
3115,R_6ilCz0tSghM6SZD,Young Control,aby,0,0,video1_cred_aby,cred_aby,24,1,-0.270550374,Female,No,3,1,0,0,0,0,0,0,0,7,Moderate,Low,No,Female,1,0,1
3116,R_6ilCz0tSghM6SZD,Young Control,anna,0,0,video2_cred_anna,cred_anna,0,2,-1.114512449,Female,No,3,1,0,0,0,0,0,0,0,7,Moderate,Low,No,Female,1,0,0
3117,R_6ilCz0tSghM6SZD,Young Control,cham,0,0,video3_cred_cham,cred_cham,0,3,-1.114512449,Female,No,3,1,0,0,0,0,0,0,0,7,Moderate,Low,No,Female,1,0,0
3118,R_6ilCz0tSghM6SZD,Young Control,fab,0,0,video4_cred_fab,cred_fab,0,4,-1.114512449,Female,No,3,1,0,0,0,0,0,0,0,7,Moderate,Low,No,Female,1,0,0
3119,R_6ilCz0tSghM6SZD,Young Control,mae,0,0,video5_cred_mae,cred_mae,0,5,-1.114512449,Female,No,3,1,0,0,0,0,0,0,0,7,Moderate,Low,No,Female,1,0,0
3120,R_6ilCz0tSghM6SZD,Young Control,zanx,0,0,video6_cred_zanx,cred_zanx,0,6,-1.114512449,Female,No,3,1,0,0,0,0,0,0,0,7,Moderate,Low,No,Female,1,0,0
3121,R_6jJ1s1JhKfdgZft,Young Treat,aby,0,0,video1_cred_aby,cred_aby,0,1,-1.114512449,Female,No,2,1,0,0,0,0,0,0,0,0,Low,Low,No,Female,1,0,0
3122,R_6jJ1s1JhKfdgZft,Young Treat,anna,0,0,video2_cred_anna,cred_anna,12,2,-0.692531412,Female,No,2,1,0,0,0,0,0,0,0,0,Low,Low,No,Female,1,0,0
3123,R_6jJ1s1JhKfdgZft,Young Treat,cham,1,1,video3_cred_cham,cred_cham,10,3,-0.762861585,Female,No,2,1,0,0,0,0,0,1,2,0,Low,Moderate,No,Female,1,0,0
3124,R_6jJ1s1JhKfdgZft,Young Treat,fab,1,0,video4_cred_fab,cred_fab,0,4,-1.114512449,Female,No,2,1,0,0,0,0,0,0.5,1,0,Low,Moderate,No,Female,1,0,0
3125,R_6jJ1s1JhKfdgZft,Young Treat,mae,1,1,video5_cred_mae,cred_mae,22,5,-0.340880547,Female,No,2,1,0,0,0,0,0,1,2,0,Low,Moderate,No,Female,1,0,0
3126,R_6jJ1s1JhKfdgZft,Young Treat,zanx,0,0,video6_cred_zanx,cred_zanx,2,6,-1.044182276,Female,No,2,1,0,0,0,0,0,0,0,0,Low,Low,No,Female,1,0,0
3127,R_6jYYET0mEl35MpL,Old Control,aby,0,0,video1_cred_aby,cred_aby,15,1,-0.587036152,Female,Yes,1,0,0,0,0,1,1,0,0,0,Low,Low,Yes,Female,1,0,0
3128,R_6jYYET0mEl35MpL,Old Control,anna,0,0,video2_cred_anna,cred_anna,15,2,-0.587036152,Female,Yes,1,0,0,0,0,1,1,0,0,0,Low,Low,Yes,Female,1,0,0
3129,R_6jYYET0mEl35MpL,Old Control,cham,0,0,video3_cred_cham,cred_cham,15,3,-0.587036152,Female,Yes,1,0,0,0,0,1,1,0,0,0,Low,Low,Yes,Female,1,0,0
3130,R_6jYYET0mEl35MpL,Old Control,fab,0,0,video4_cred_fab,cred_fab,20,4,-0.41121072,Female,Yes,1,0,0,0,0,1,1,0,0,0,Low,Low,Yes,Female,1,0,0
3131,R_6jYYET0mEl35MpL,Old Control,mae,0,0,video5_cred_mae,cred_mae,25,5,-0.235385288,Female,Yes,1,0,0,0,0,1,1,0,0,0,Low,Low,Yes,Female,1,0,1
3132,R_6jYYET0mEl35MpL,Old Control,zanx,0,0,video6_cred_zanx,cred_zanx,5,6,-0.938687017,Female,Yes,1,0,0,0,0,1,1,0,0,0,Low,Low,Yes,Female,1,0,0
3133,R_6jlWOVVsoe06pAN,Old Treat,aby,3,4,video1_cred_aby,cred_aby,59,1,0.960227652,Male,No,4,1,0,0,0,0,1,3.5,7,8,Moderate,High,No,Male,1,1,1
3134,R_6jlWOVVsoe06pAN,Old Treat,anna,3,5,video2_cred_anna,cred_anna,57,2,0.889897479,Male,No,4,1,0,0,0,0,1,4,8,8,Moderate,High,No,Male,1,1,1
3135,R_6jlWOVVsoe06pAN,Old Treat,cham,3,4,video3_cred_cham,cred_cham,66,3,1.206383257,Male,No,4,1,0,0,0,0,1,3.5,7,8,Moderate,High,No,Male,1,1,1
3136,R_6jlWOVVsoe06pAN,Old Treat,fab,4,3,video4_cred_fab,cred_fab,61,4,1.030557825,Male,No,4,1,0,0,0,0,1,3.5,7,8,Moderate,High,No,Male,1,1,1
3137,R_6jlWOVVsoe06pAN,Old Treat,mae,3,4,video5_cred_mae,cred_mae,55,5,0.819567306,Male,No,4,1,0,0,0,0,1,3.5,7,8,Moderate,High,No,Male,1,1,1
3138,R_6jlWOVVsoe06pAN,Old Treat,zanx,4,5,video6_cred_zanx,cred_zanx,61,6,1.030557825,Male,No,4,1,0,0,0,0,1,4.5,9,8,Moderate,High,No,Male,1,1,1
3139,R_6k7LNjlcDODj4KI,Old Treat,aby,5,4,video1_cred_aby,cred_aby,74,1,1.487703949,Male,No,3,1,0,0,0,0,0,4.5,9,2,Low,High,No,Male,1,0,1
3140,R_6k7LNjlcDODj4KI,Old Treat,anna,3,3,video2_cred_anna,cred_anna,76,2,1.558034122,Male,No,3,1,0,0,0,0,0,3,6,2,Low,High,No,Male,1,0,1
3141,R_6k7LNjlcDODj4KI,Old Treat,cham,2,2,video3_cred_cham,cred_cham,100,3,2.401996197,Male,No,3,1,0,0,0,0,0,2,4,2,Low,High,No,Male,1,0,1
3142,R_6k7LNjlcDODj4KI,Old Treat,fab,5,5,video4_cred_fab,cred_fab,17,4,-0.516705979,Male,No,3,1,0,0,0,0,0,5,10,2,Low,High,No,Male,1,0,0
3143,R_6k7LNjlcDODj4KI,Old Treat,mae,6,7,video5_cred_mae,cred_mae,74,5,1.487703949,Male,No,3,1,0,0,0,0,0,6.5,13,2,Low,High,No,Male,1,0,1
3144,R_6k7LNjlcDODj4KI,Old Treat,zanx,6,4,video6_cred_zanx,cred_zanx,45,6,0.467916441,Male,No,3,1,0,0,0,0,0,5,10,2,Low,High,No,Male,1,0,1
3145,R_6kLhlntdsAJYUxY,Young Treat,aby,3,0,video1_cred_aby,cred_aby,50,1,0.643741874,Female,Yes,3,0,0,0,0,1,0,1.5,3,6,Moderate,Moderate,Yes,Female,1,0,1
3146,R_6kLhlntdsAJYUxY,Young Treat,anna,4,5,video2_cred_anna,cred_anna,40,2,0.292091009,Female,Yes,3,0,0,0,0,1,0,4.5,9,6,Moderate,High,Yes,Female,1,0,1
3147,R_6kLhlntdsAJYUxY,Young Treat,cham,4,4,video3_cred_cham,cred_cham,50,3,0.643741874,Female,Yes,3,0,0,0,0,1,0,4,8,6,Moderate,High,Yes,Female,1,0,1
3148,R_6kLhlntdsAJYUxY,Young Treat,fab,3,3,video4_cred_fab,cred_fab,46,4,0.503081528,Female,Yes,3,0,0,0,0,1,0,3,6,6,Moderate,High,Yes,Female,1,0,1
3149,R_6kLhlntdsAJYUxY,Young Treat,mae,3,3,video5_cred_mae,cred_mae,50,5,0.643741874,Female,Yes,3,0,0,0,0,1,0,3,6,6,Moderate,High,Yes,Female,1,0,1
3150,R_6kLhlntdsAJYUxY,Young Treat,zanx,3,2,video6_cred_zanx,cred_zanx,35,6,0.116265577,Female,Yes,3,0,0,0,0,1,0,2.5,5,6,Moderate,High,Yes,Female,1,0,1
3151,R_6lX5npkCVOoz4ql,Old Treat,aby,0,0,video1_cred_aby,cred_aby,18,1,-0.481540893,Male,No,1,1,0,0,0,0,0,0,0,0,Low,Low,No,Male,1,0,0
3152,R_6lX5npkCVOoz4ql,Old Treat,anna,0,0,video2_cred_anna,cred_anna,0,2,-1.114512449,Male,No,1,1,0,0,0,0,0,0,0,0,Low,Low,No,Male,1,0,0
3153,R_6lX5npkCVOoz4ql,Old Treat,cham,0,0,video3_cred_cham,cred_cham,15,3,-0.587036152,Male,No,1,1,0,0,0,0,0,0,0,0,Low,Low,No,Male,1,0,0
3154,R_6lX5npkCVOoz4ql,Old Treat,fab,0,0,video4_cred_fab,cred_fab,10,4,-0.762861585,Male,No,1,1,0,0,0,0,0,0,0,0,Low,Low,No,Male,1,0,0
3155,R_6lX5npkCVOoz4ql,Old Treat,mae,0,0,video5_cred_mae,cred_mae,0,5,-1.114512449,Male,No,1,1,0,0,0,0,0,0,0,0,Low,Low,No,Male,1,0,0
3156,R_6lX5npkCVOoz4ql,Old Treat,zanx,0,0,video6_cred_zanx,cred_zanx,23,6,-0.305715461,Male,No,1,1,0,0,0,0,0,0,0,0,Low,Low,No,Male,1,0,1
3157,R_6lfBlJ1D2PSwzct,Old Treat,aby,0,0,video1_cred_aby,cred_aby,2,1,-1.044182276,Female,Yes,3,0,0,0,0,1,1,0,0,1,Low,Low,Yes,Female,1,1,0
3158,R_6lfBlJ1D2PSwzct,Old Treat,anna,0,0,video2_cred_anna,cred_anna,0,2,-1.114512449,Female,Yes,3,0,0,0,0,1,1,0,0,1,Low,Low,Yes,Female,1,1,0
3159,R_6lfBlJ1D2PSwzct,Old Treat,cham,0,0,video3_cred_cham,cred_cham,0,3,-1.114512449,Female,Yes,3,0,0,0,0,1,1,0,0,1,Low,Low,Yes,Female,1,1,0
3160,R_6lfBlJ1D2PSwzct,Old Treat,fab,0,0,video4_cred_fab,cred_fab,0,4,-1.114512449,Female,Yes,3,0,0,0,0,1,1,0,0,1,Low,Low,Yes,Female,1,1,0
3161,R_6lfBlJ1D2PSwzct,Old Treat,mae,0,0,video5_cred_mae,cred_mae,1,5,-1.079347363,Female,Yes,3,0,0,0,0,1,1,0,0,1,Low,Low,Yes,Female,1,1,0
3162,R_6lfBlJ1D2PSwzct,Old Treat,zanx,0,0,video6_cred_zanx,cred_zanx,0,6,-1.114512449,Female,Yes,3,0,0,0,0,1,1,0,0,1,Low,Low,Yes,Female,1,1,0
3163,R_6ltys5GYhfSMcXe,Old Control,aby,0,0,video1_cred_aby,cred_aby,4,1,-0.973852103,Female,Yes,3,1,0,0,0,0,0,0,0,6,Moderate,Low,Yes,Female,1,0,0
3164,R_6ltys5GYhfSMcXe,Old Control,anna,1,2,video2_cred_anna,cred_anna,21,2,-0.376045634,Female,Yes,3,1,0,0,0,0,0,1.5,3,6,Moderate,Moderate,Yes,Female,1,0,0
3165,R_6ltys5GYhfSMcXe,Old Control,cham,0,0,video3_cred_cham,cred_cham,1,3,-1.079347363,Female,Yes,3,1,0,0,0,0,0,0,0,6,Moderate,Low,Yes,Female,1,0,0
3166,R_6ltys5GYhfSMcXe,Old Control,fab,0,0,video4_cred_fab,cred_fab,0,4,-1.114512449,Female,Yes,3,1,0,0,0,0,0,0,0,6,Moderate,Low,Yes,Female,1,0,0
3167,R_6ltys5GYhfSMcXe,Old Control,mae,1,1,video5_cred_mae,cred_mae,12,5,-0.692531412,Female,Yes,3,1,0,0,0,0,0,1,2,6,Moderate,Moderate,Yes,Female,1,0,0
3168,R_6ltys5GYhfSMcXe,Old Control,zanx,1,0,video6_cred_zanx,cred_zanx,4,6,-0.973852103,Female,Yes,3,1,0,0,0,0,0,0.5,1,6,Moderate,Moderate,Yes,Female,1,0,0
3169,R_6mtRvX5tX460Pvz,Old Control,aby,0,0,video1_cred_aby,cred_aby,5,1,-0.938687017,Female,No,4,0,1,0,0,0,0,0,0,0,Low,Low,No,Female,3,0,0
3170,R_6mtRvX5tX460Pvz,Old Control,anna,0,0,video2_cred_anna,cred_anna,10,2,-0.762861585,Female,No,4,0,1,0,0,0,0,0,0,0,Low,Low,No,Female,3,0,0
3171,R_6mtRvX5tX460Pvz,Old Control,cham,0,0,video3_cred_cham,cred_cham,4,3,-0.973852103,Female,No,4,0,1,0,0,0,0,0,0,0,Low,Low,No,Female,3,0,0
3172,R_6mtRvX5tX460Pvz,Old Control,fab,0,0,video4_cred_fab,cred_fab,5,4,-0.938687017,Female,No,4,0,1,0,0,0,0,0,0,0,Low,Low,No,Female,3,0,0
3173,R_6mtRvX5tX460Pvz,Old Control,mae,0,0,video5_cred_mae,cred_mae,9,5,-0.798026671,Female,No,4,0,1,0,0,0,0,0,0,0,Low,Low,No,Female,3,0,0
3174,R_6mtRvX5tX460Pvz,Old Control,zanx,0,0,video6_cred_zanx,cred_zanx,5,6,-0.938687017,Female,No,4,0,1,0,0,0,0,0,0,0,Low,Low,No,Female,3,0,0
3175,R_6nUDWlEvUKMO0CX,Young Treat,aby,1,1,video1_cred_aby,cred_aby,11,1,-0.727696498,Female,No,1,1,0,0,0,0,1,1,2,0,Low,Moderate,No,Female,3,0,0
3176,R_6nUDWlEvUKMO0CX,Young Treat,anna,1,0,video2_cred_anna,cred_anna,19,2,-0.446375807,Female,No,1,1,0,0,0,0,1,0.5,1,0,Low,Moderate,No,Female,3,0,0
3177,R_6nUDWlEvUKMO0CX,Young Treat,cham,1,0,video3_cred_cham,cred_cham,12,3,-0.692531412,Female,No,1,1,0,0,0,0,1,0.5,1,0,Low,Moderate,No,Female,3,0,0
3178,R_6nUDWlEvUKMO0CX,Young Treat,fab,0,0,video4_cred_fab,cred_fab,8,4,-0.833191758,Female,No,1,1,0,0,0,0,1,0,0,0,Low,Low,No,Female,3,0,0
3179,R_6nUDWlEvUKMO0CX,Young Treat,mae,1,1,video5_cred_mae,cred_mae,13,5,-0.657366325,Female,No,1,1,0,0,0,0,1,1,2,0,Low,Moderate,No,Female,3,0,0
3180,R_6nUDWlEvUKMO0CX,Young Treat,zanx,1,1,video6_cred_zanx,cred_zanx,8,6,-0.833191758,Female,No,1,1,0,0,0,0,1,1,2,0,Low,Moderate,No,Female,3,0,0
3181,R_6oiv4XVGrOCkDbb,Old Treat,aby,1,1,video1_cred_aby,cred_aby,18,1,-0.481540893,Female,Yes,3,0,0,0,0,1,0,1,2,2,Low,Moderate,Yes,Female,3,0,0
3182,R_6oiv4XVGrOCkDbb,Old Treat,anna,1,1,video2_cred_anna,cred_anna,13,2,-0.657366325,Female,Yes,3,0,0,0,0,1,0,1,2,2,Low,Moderate,Yes,Female,3,0,0
3183,R_6oiv4XVGrOCkDbb,Old Treat,cham,1,1,video3_cred_cham,cred_cham,17,3,-0.516705979,Female,Yes,3,0,0,0,0,1,0,1,2,2,Low,Moderate,Yes,Female,3,0,0
3184,R_6oiv4XVGrOCkDbb,Old Treat,fab,1,1,video4_cred_fab,cred_fab,17,4,-0.516705979,Female,Yes,3,0,0,0,0,1,0,1,2,2,Low,Moderate,Yes,Female,3,0,0
3185,R_6oiv4XVGrOCkDbb,Old Treat,mae,1,1,video5_cred_mae,cred_mae,10,5,-0.762861585,Female,Yes,3,0,0,0,0,1,0,1,2,2,Low,Moderate,Yes,Female,3,0,0
3186,R_6oiv4XVGrOCkDbb,Old Treat,zanx,1,1,video6_cred_zanx,cred_zanx,26,6,-0.200220201,Female,Yes,3,0,0,0,0,1,0,1,2,2,Low,Moderate,Yes,Female,3,0,1
3187,R_6oj0RzE92xLqMnj,Young Control,aby,NA,NA,video1_cred_aby,cred_aby,NA,1,NA,Male,Yes,2,0,0,1,0,0,1,NA,NA,NA,NA,NA,Yes,Male,2,1,NA
3188,R_6oj0RzE92xLqMnj,Young Control,anna,NA,NA,video2_cred_anna,cred_anna,NA,2,NA,Male,Yes,2,0,0,1,0,0,1,NA,NA,NA,NA,NA,Yes,Male,2,1,NA
3189,R_6oj0RzE92xLqMnj,Young Control,cham,NA,NA,video3_cred_cham,cred_cham,NA,3,NA,Male,Yes,2,0,0,1,0,0,1,NA,NA,NA,NA,NA,Yes,Male,2,1,NA
3190,R_6oj0RzE92xLqMnj,Young Control,fab,NA,NA,video4_cred_fab,cred_fab,NA,4,NA,Male,Yes,2,0,0,1,0,0,1,NA,NA,NA,NA,NA,Yes,Male,2,1,NA
3191,R_6oj0RzE92xLqMnj,Young Control,mae,NA,NA,video5_cred_mae,cred_mae,NA,5,NA,Male,Yes,2,0,0,1,0,0,1,NA,NA,NA,NA,NA,Yes,Male,2,1,NA
3192,R_6oj0RzE92xLqMnj,Young Control,zanx,NA,NA,video6_cred_zanx,cred_zanx,NA,6,NA,Male,Yes,2,0,0,1,0,0,1,NA,NA,NA,NA,NA,Yes,Male,2,1,NA
3193,R_6po3sbOrtbpaPBQ,Old Treat,aby,0,0,video1_cred_aby,cred_aby,0,1,-1.114512449,Female,Yes,3,0,0,0,0,0,0,0,0,0,Low,Low,Yes,Female,1,0,0
3194,R_6po3sbOrtbpaPBQ,Old Treat,anna,0,0,video2_cred_anna,cred_anna,1,2,-1.079347363,Female,Yes,3,0,0,0,0,0,0,0,0,0,Low,Low,Yes,Female,1,0,0
3195,R_6po3sbOrtbpaPBQ,Old Treat,cham,0,0,video3_cred_cham,cred_cham,0,3,-1.114512449,Female,Yes,3,0,0,0,0,0,0,0,0,0,Low,Low,Yes,Female,1,0,0
3196,R_6po3sbOrtbpaPBQ,Old Treat,fab,0,0,video4_cred_fab,cred_fab,0,4,-1.114512449,Female,Yes,3,0,0,0,0,0,0,0,0,0,Low,Low,Yes,Female,1,0,0
3197,R_6po3sbOrtbpaPBQ,Old Treat,mae,0,0,video5_cred_mae,cred_mae,0,5,-1.114512449,Female,Yes,3,0,0,0,0,0,0,0,0,0,Low,Low,Yes,Female,1,0,0
3198,R_6po3sbOrtbpaPBQ,Old Treat,zanx,0,0,video6_cred_zanx,cred_zanx,0,6,-1.114512449,Female,Yes,3,0,0,0,0,0,0,0,0,0,Low,Low,Yes,Female,1,0,0
3199,R_6qnOVW9LO6ZfiQp,Young Control,aby,5,3,video1_cred_aby,cred_aby,50,1,0.643741874,Female,Yes,4,0,0,1,0,0,0,4,8,7,Moderate,High,Yes,Female,1,1,1
3200,R_6qnOVW9LO6ZfiQp,Young Control,anna,3,3,video2_cred_anna,cred_anna,39,2,0.256925923,Female,Yes,4,0,0,1,0,0,0,3,6,7,Moderate,High,Yes,Female,1,1,1
3201,R_6qnOVW9LO6ZfiQp,Young Control,cham,3,NA,video3_cred_cham,cred_cham,40,3,0.292091009,Female,Yes,4,0,0,1,0,0,0,3,NA,7,Moderate,NA,Yes,Female,1,1,1
3202,R_6qnOVW9LO6ZfiQp,Young Control,fab,2,3,video4_cred_fab,cred_fab,50,4,0.643741874,Female,Yes,4,0,0,1,0,0,0,2.5,5,7,Moderate,High,Yes,Female,1,1,1
3203,R_6qnOVW9LO6ZfiQp,Young Control,mae,4,2,video5_cred_mae,cred_mae,62.5,5,1.083305454,Female,Yes,4,0,0,1,0,0,0,3,6,7,Moderate,High,Yes,Female,1,1,1
3204,R_6qnOVW9LO6ZfiQp,Young Control,zanx,5,4,video6_cred_zanx,cred_zanx,59,6,0.960227652,Female,Yes,4,0,0,1,0,0,0,4.5,9,7,Moderate,High,Yes,Female,1,1,1
3205,R_6qwgX6ZZ2D7Z9Yp,Old Control,aby,0,0,video1_cred_aby,cred_aby,11,1,-0.727696498,Female,Yes,4,0,0,0,0,0,0,0,0,0,Low,Low,Yes,Female,2,1,0
3206,R_6qwgX6ZZ2D7Z9Yp,Old Control,anna,0,0,video2_cred_anna,cred_anna,0,2,-1.114512449,Female,Yes,4,0,0,0,0,0,0,0,0,0,Low,Low,Yes,Female,2,1,0
3207,R_6qwgX6ZZ2D7Z9Yp,Old Control,cham,0,0,video3_cred_cham,cred_cham,0,3,-1.114512449,Female,Yes,4,0,0,0,0,0,0,0,0,0,Low,Low,Yes,Female,2,1,0
3208,R_6qwgX6ZZ2D7Z9Yp,Old Control,fab,0,0,video4_cred_fab,cred_fab,0,4,-1.114512449,Female,Yes,4,0,0,0,0,0,0,0,0,0,Low,Low,Yes,Female,2,1,0
3209,R_6qwgX6ZZ2D7Z9Yp,Old Control,mae,0,0,video5_cred_mae,cred_mae,0,5,-1.114512449,Female,Yes,4,0,0,0,0,0,0,0,0,0,Low,Low,Yes,Female,2,1,0
3210,R_6qwgX6ZZ2D7Z9Yp,Old Control,zanx,0,0,video6_cred_zanx,cred_zanx,0,6,-1.114512449,Female,Yes,4,0,0,0,0,0,0,0,0,0,Low,Low,Yes,Female,2,1,0
3211,R_6rY26DBItEoHXpL,Old Treat,aby,4,4,video1_cred_aby,cred_aby,50,1,0.643741874,Female,No,3,0,0,1,0,0,0,4,8,7,Moderate,High,No,Female,1,1,1
3212,R_6rY26DBItEoHXpL,Old Treat,anna,4,4,video2_cred_anna,cred_anna,49,2,0.608576787,Female,No,3,0,0,1,0,0,0,4,8,7,Moderate,High,No,Female,1,1,1
3213,R_6rY26DBItEoHXpL,Old Treat,cham,3,3,video3_cred_cham,cred_cham,50,3,0.643741874,Female,No,3,0,0,1,0,0,0,3,6,7,Moderate,High,No,Female,1,1,1
3214,R_6rY26DBItEoHXpL,Old Treat,fab,4,3,video4_cred_fab,cred_fab,50,4,0.643741874,Female,No,3,0,0,1,0,0,0,3.5,7,7,Moderate,High,No,Female,1,1,1
3215,R_6rY26DBItEoHXpL,Old Treat,mae,4,4,video5_cred_mae,cred_mae,50,5,0.643741874,Female,No,3,0,0,1,0,0,0,4,8,7,Moderate,High,No,Female,1,1,1
3216,R_6rY26DBItEoHXpL,Old Treat,zanx,4,4,video6_cred_zanx,cred_zanx,50,6,0.643741874,Female,No,3,0,0,1,0,0,0,4,8,7,Moderate,High,No,Female,1,1,1
3217,R_6rpJevmMzd2jFKC,Young Treat,aby,0,1,video1_cred_aby,cred_aby,20,1,-0.41121072,Female,Yes,1,0,0,0,0,1,0,0.5,1,3,Low,Moderate,Yes,Female,1,0,0
3218,R_6rpJevmMzd2jFKC,Young Treat,anna,2,3,video2_cred_anna,cred_anna,50,2,0.643741874,Female,Yes,1,0,0,0,0,1,0,2.5,5,3,Low,High,Yes,Female,1,0,1
3219,R_6rpJevmMzd2jFKC,Young Treat,cham,2,3,video3_cred_cham,cred_cham,61,3,1.030557825,Female,Yes,1,0,0,0,0,1,0,2.5,5,3,Low,High,Yes,Female,1,0,1
3220,R_6rpJevmMzd2jFKC,Young Treat,fab,2,3,video4_cred_fab,cred_fab,30,4,-0.059559855,Female,Yes,1,0,0,0,0,1,0,2.5,5,3,Low,High,Yes,Female,1,0,1
3221,R_6rpJevmMzd2jFKC,Young Treat,mae,2,3,video5_cred_mae,cred_mae,30,5,-0.059559855,Female,Yes,1,0,0,0,0,1,0,2.5,5,3,Low,High,Yes,Female,1,0,1
3222,R_6rpJevmMzd2jFKC,Young Treat,zanx,2,3,video6_cred_zanx,cred_zanx,80,6,1.698694468,Female,Yes,1,0,0,0,0,1,0,2.5,5,3,Low,High,Yes,Female,1,0,1
3223,R_6ruPXjqLYeaFMvT,Old Treat,aby,1,1,video1_cred_aby,cred_aby,5,1,-0.938687017,Female,Yes,1,0,0,0,0,1,1,1,2,2,Low,Moderate,Yes,Female,1,0,0
3224,R_6ruPXjqLYeaFMvT,Old Treat,anna,1,1,video2_cred_anna,cred_anna,8,2,-0.833191758,Female,Yes,1,0,0,0,0,1,1,1,2,2,Low,Moderate,Yes,Female,1,0,0
3225,R_6ruPXjqLYeaFMvT,Old Treat,cham,1,1,video3_cred_cham,cred_cham,4,3,-0.973852103,Female,Yes,1,0,0,0,0,1,1,1,2,2,Low,Moderate,Yes,Female,1,0,0
3226,R_6ruPXjqLYeaFMvT,Old Treat,fab,1,1,video4_cred_fab,cred_fab,6,4,-0.903521931,Female,Yes,1,0,0,0,0,1,1,1,2,2,Low,Moderate,Yes,Female,1,0,0
3227,R_6ruPXjqLYeaFMvT,Old Treat,mae,1,1,video5_cred_mae,cred_mae,8,5,-0.833191758,Female,Yes,1,0,0,0,0,1,1,1,2,2,Low,Moderate,Yes,Female,1,0,0
3228,R_6ruPXjqLYeaFMvT,Old Treat,zanx,1,1,video6_cred_zanx,cred_zanx,10,6,-0.762861585,Female,Yes,1,0,0,0,0,1,1,1,2,2,Low,Moderate,Yes,Female,1,0,0
3229,R_6sRYgVD9TzIz00v,Young Treat,aby,0,0,video1_cred_aby,cred_aby,37,1,0.18659575,Female,No,4,0,0,1,0,0,0,0,0,0,Low,Low,No,Female,1,0,1
3230,R_6sRYgVD9TzIz00v,Young Treat,anna,0,0,video2_cred_anna,cred_anna,41,2,0.327256096,Female,No,4,0,0,1,0,0,0,0,0,0,Low,Low,No,Female,1,0,1
3231,R_6sRYgVD9TzIz00v,Young Treat,cham,0,0,video3_cred_cham,cred_cham,45,3,0.467916441,Female,No,4,0,0,1,0,0,0,0,0,0,Low,Low,No,Female,1,0,1
3232,R_6sRYgVD9TzIz00v,Young Treat,fab,0,0,video4_cred_fab,cred_fab,39,4,0.256925923,Female,No,4,0,0,1,0,0,0,0,0,0,Low,Low,No,Female,1,0,1
3233,R_6sRYgVD9TzIz00v,Young Treat,mae,0,0,video5_cred_mae,cred_mae,44,5,0.432751355,Female,No,4,0,0,1,0,0,0,0,0,0,Low,Low,No,Female,1,0,1
3234,R_6sRYgVD9TzIz00v,Young Treat,zanx,0,0,video6_cred_zanx,cred_zanx,50,6,0.643741874,Female,No,4,0,0,1,0,0,0,0,0,0,Low,Low,No,Female,1,0,1
3235,R_6shlqJbcbFzDgcg,Young Treat,aby,0,0,video1_cred_aby,cred_aby,13,1,-0.657366325,Female,Yes,3,0,0,1,0,1,0,0,0,3,Low,Low,Yes,Female,1,0,0
3236,R_6shlqJbcbFzDgcg,Young Treat,anna,1,1,video2_cred_anna,cred_anna,11,2,-0.727696498,Female,Yes,3,0,0,1,0,1,0,1,2,3,Low,Moderate,Yes,Female,1,0,0
3237,R_6shlqJbcbFzDgcg,Young Treat,cham,1,2,video3_cred_cham,cred_cham,38,3,0.221760836,Female,Yes,3,0,0,1,0,1,0,1.5,3,3,Low,Moderate,Yes,Female,1,0,1
3238,R_6shlqJbcbFzDgcg,Young Treat,fab,1,1,video4_cred_fab,cred_fab,12,4,-0.692531412,Female,Yes,3,0,0,1,0,1,0,1,2,3,Low,Moderate,Yes,Female,1,0,0
3239,R_6shlqJbcbFzDgcg,Young Treat,mae,1,1,video5_cred_mae,cred_mae,10,5,-0.762861585,Female,Yes,3,0,0,1,0,1,0,1,2,3,Low,Moderate,Yes,Female,1,0,0
3240,R_6shlqJbcbFzDgcg,Young Treat,zanx,1,0,video6_cred_zanx,cred_zanx,5,6,-0.938687017,Female,Yes,3,0,0,1,0,1,0,0.5,1,3,Low,Moderate,Yes,Female,1,0,0
3241,R_6stPnbZJpfR4Zxx,Old Control,aby,1,1,video1_cred_aby,cred_aby,13,1,-0.657366325,Female,No,2,0,0,1,0,0,0,1,2,0,Low,Moderate,No,Female,3,0,0
3242,R_6stPnbZJpfR4Zxx,Old Control,anna,1,1,video2_cred_anna,cred_anna,8,2,-0.833191758,Female,No,2,0,0,1,0,0,0,1,2,0,Low,Moderate,No,Female,3,0,0
3243,R_6stPnbZJpfR4Zxx,Old Control,cham,1,1,video3_cred_cham,cred_cham,15,3,-0.587036152,Female,No,2,0,0,1,0,0,0,1,2,0,Low,Moderate,No,Female,3,0,0
3244,R_6stPnbZJpfR4Zxx,Old Control,fab,0,1,video4_cred_fab,cred_fab,8,4,-0.833191758,Female,No,2,0,0,1,0,0,0,0.5,1,0,Low,Moderate,No,Female,3,0,0
3245,R_6stPnbZJpfR4Zxx,Old Control,mae,0,0,video5_cred_mae,cred_mae,56,5,0.854732392,Female,No,2,0,0,1,0,0,0,0,0,0,Low,Low,No,Female,3,0,1
3246,R_6stPnbZJpfR4Zxx,Old Control,zanx,NA,NA,video6_cred_zanx,cred_zanx,NA,6,NA,Female,No,2,0,0,1,0,0,0,NA,NA,0,Low,NA,No,Female,3,0,NA
3247,R_6swOj8GzsG53bgd,Old Treat,aby,0,0,video1_cred_aby,cred_aby,0,1,-1.114512449,Female,I prefer not to answer,3,0,0,0,0,1,0,0,0,0,Low,Low,NA,Female,1,0,0
3248,R_6swOj8GzsG53bgd,Old Treat,anna,0,0,video2_cred_anna,cred_anna,0,2,-1.114512449,Female,I prefer not to answer,3,0,0,0,0,1,0,0,0,0,Low,Low,NA,Female,1,0,0
3249,R_6swOj8GzsG53bgd,Old Treat,cham,0,0,video3_cred_cham,cred_cham,0,3,-1.114512449,Female,I prefer not to answer,3,0,0,0,0,1,0,0,0,0,Low,Low,NA,Female,1,0,0
3250,R_6swOj8GzsG53bgd,Old Treat,fab,0,0,video4_cred_fab,cred_fab,0,4,-1.114512449,Female,I prefer not to answer,3,0,0,0,0,1,0,0,0,0,Low,Low,NA,Female,1,0,0
3251,R_6swOj8GzsG53bgd,Old Treat,mae,0,0,video5_cred_mae,cred_mae,0,5,-1.114512449,Female,I prefer not to answer,3,0,0,0,0,1,0,0,0,0,Low,Low,NA,Female,1,0,0
3252,R_6swOj8GzsG53bgd,Old Treat,zanx,0,0,video6_cred_zanx,cred_zanx,1,6,-1.079347363,Female,I prefer not to answer,3,0,0,0,0,1,0,0,0,0,Low,Low,NA,Female,1,0,0
3253,R_6tLMZTY7T7enBTw,Young Treat,aby,0,0,video1_cred_aby,cred_aby,8,1,-0.833191758,Female,No,3,1,0,0,0,0,1,0,0,7,Moderate,Low,No,Female,1,0,0
3254,R_6tLMZTY7T7enBTw,Young Treat,anna,0,1,video2_cred_anna,cred_anna,8,2,-0.833191758,Female,No,3,1,0,0,0,0,1,0.5,1,7,Moderate,Moderate,No,Female,1,0,0
3255,R_6tLMZTY7T7enBTw,Young Treat,cham,1,0,video3_cred_cham,cred_cham,18,3,-0.481540893,Female,No,3,1,0,0,0,0,1,0.5,1,7,Moderate,Moderate,No,Female,1,0,0
3256,R_6tLMZTY7T7enBTw,Young Treat,fab,1,1,video4_cred_fab,cred_fab,6,4,-0.903521931,Female,No,3,1,0,0,0,0,1,1,2,7,Moderate,Moderate,No,Female,1,0,0
3257,R_6tLMZTY7T7enBTw,Young Treat,mae,1,1,video5_cred_mae,cred_mae,0,5,-1.114512449,Female,No,3,1,0,0,0,0,1,1,2,7,Moderate,Moderate,No,Female,1,0,0
3258,R_6tLMZTY7T7enBTw,Young Treat,zanx,1,1,video6_cred_zanx,cred_zanx,18,6,-0.481540893,Female,No,3,1,0,0,0,0,1,1,2,7,Moderate,Moderate,No,Female,1,0,0
3259,R_6u2nw9Glg0dswaR,Young Control,aby,0,0,video1_cred_aby,cred_aby,0,1,-1.114512449,Female,Yes,4,1,0,0,0,0,1,0,0,0,Low,Low,Yes,Female,1,0,0
3260,R_6u2nw9Glg0dswaR,Young Control,anna,0,0,video2_cred_anna,cred_anna,7,2,-0.868356844,Female,Yes,4,1,0,0,0,0,1,0,0,0,Low,Low,Yes,Female,1,0,0
3261,R_6u2nw9Glg0dswaR,Young Control,cham,0,0,video3_cred_cham,cred_cham,15,3,-0.587036152,Female,Yes,4,1,0,0,0,0,1,0,0,0,Low,Low,Yes,Female,1,0,0
3262,R_6u2nw9Glg0dswaR,Young Control,fab,0,0,video4_cred_fab,cred_fab,0,4,-1.114512449,Female,Yes,4,1,0,0,0,0,1,0,0,0,Low,Low,Yes,Female,1,0,0
3263,R_6u2nw9Glg0dswaR,Young Control,mae,0,0,video5_cred_mae,cred_mae,2,5,-1.044182276,Female,Yes,4,1,0,0,0,0,1,0,0,0,Low,Low,Yes,Female,1,0,0
3264,R_6u2nw9Glg0dswaR,Young Control,zanx,0,0,video6_cred_zanx,cred_zanx,2,6,-1.044182276,Female,Yes,4,1,0,0,0,0,1,0,0,0,Low,Low,Yes,Female,1,0,0
3265,R_6uJVa7kBXFV3zee,Old Control,aby,0,0,video1_cred_aby,cred_aby,NA,1,NA,Female,No,1,0,0,1,0,0,0,0,0,0,Low,Low,No,Female,1,0,NA
3266,R_6uJVa7kBXFV3zee,Old Control,anna,0,0,video2_cred_anna,cred_anna,NA,2,NA,Female,No,1,0,0,1,0,0,0,0,0,0,Low,Low,No,Female,1,0,NA
3267,R_6uJVa7kBXFV3zee,Old Control,cham,0,0,video3_cred_cham,cred_cham,NA,3,NA,Female,No,1,0,0,1,0,0,0,0,0,0,Low,Low,No,Female,1,0,NA
3268,R_6uJVa7kBXFV3zee,Old Control,fab,0,0,video4_cred_fab,cred_fab,NA,4,NA,Female,No,1,0,0,1,0,0,0,0,0,0,Low,Low,No,Female,1,0,NA
3269,R_6uJVa7kBXFV3zee,Old Control,mae,0,0,video5_cred_mae,cred_mae,NA,5,NA,Female,No,1,0,0,1,0,0,0,0,0,0,Low,Low,No,Female,1,0,NA
3270,R_6uJVa7kBXFV3zee,Old Control,zanx,0,0,video6_cred_zanx,cred_zanx,NA,6,NA,Female,No,1,0,0,1,0,0,0,0,0,0,Low,Low,No,Female,1,0,NA
3271,R_6wFbxo9V7jdtuu2,Old Treat,aby,0,0,video1_cred_aby,cred_aby,0,1,-1.114512449,Male,Yes,1,0,0,0,0,0,0,0,0,0,Low,Low,Yes,Male,1,0,0
3272,R_6wFbxo9V7jdtuu2,Old Treat,anna,0,NA,video2_cred_anna,cred_anna,5,2,-0.938687017,Male,Yes,1,0,0,0,0,0,0,0,NA,0,Low,NA,Yes,Male,1,0,0
3273,R_6wFbxo9V7jdtuu2,Old Treat,cham,0,0,video3_cred_cham,cred_cham,0,3,-1.114512449,Male,Yes,1,0,0,0,0,0,0,0,0,0,Low,Low,Yes,Male,1,0,0
3274,R_6wFbxo9V7jdtuu2,Old Treat,fab,0,0,video4_cred_fab,cred_fab,0,4,-1.114512449,Male,Yes,1,0,0,0,0,0,0,0,0,0,Low,Low,Yes,Male,1,0,0
3275,R_6wFbxo9V7jdtuu2,Old Treat,mae,0,7,video5_cred_mae,cred_mae,2,5,-1.044182276,Male,Yes,1,0,0,0,0,0,0,3.5,7,0,Low,High,Yes,Male,1,0,0
3276,R_6wFbxo9V7jdtuu2,Old Treat,zanx,0,0,video6_cred_zanx,cred_zanx,0,6,-1.114512449,Male,Yes,1,0,0,0,0,0,0,0,0,0,Low,Low,Yes,Male,1,0,0
3277,R_6xHXYzBZmYzIgkF,Old Control,aby,0,0,video1_cred_aby,cred_aby,0,1,-1.114512449,Male,No,2,0,0,0,0,1,1,0,0,0,Low,Low,No,Male,3,0,0
3278,R_6xHXYzBZmYzIgkF,Old Control,anna,0,0,video2_cred_anna,cred_anna,0,2,-1.114512449,Male,No,2,0,0,0,0,1,1,0,0,0,Low,Low,No,Male,3,0,0
3279,R_6xHXYzBZmYzIgkF,Old Control,cham,0,0,video3_cred_cham,cred_cham,9,3,-0.798026671,Male,No,2,0,0,0,0,1,1,0,0,0,Low,Low,No,Male,3,0,0
3280,R_6xHXYzBZmYzIgkF,Old Control,fab,0,0,video4_cred_fab,cred_fab,0,4,-1.114512449,Male,No,2,0,0,0,0,1,1,0,0,0,Low,Low,No,Male,3,0,0
3281,R_6xHXYzBZmYzIgkF,Old Control,mae,0,0,video5_cred_mae,cred_mae,0,5,-1.114512449,Male,No,2,0,0,0,0,1,1,0,0,0,Low,Low,No,Male,3,0,0
3282,R_6xHXYzBZmYzIgkF,Old Control,zanx,0,0,video6_cred_zanx,cred_zanx,0,6,-1.114512449,Male,No,2,0,0,0,0,1,1,0,0,0,Low,Low,No,Male,3,0,0
3283,R_6xJ4wX7VhijIj3X,Young Treat,aby,NA,5,video1_cred_aby,cred_aby,71,1,1.382208689,Male,No,2,0,0,1,0,0,0,5,NA,NA,NA,NA,No,Male,1,1,1
3284,R_6xJ4wX7VhijIj3X,Young Treat,anna,NA,NA,video2_cred_anna,cred_anna,NA,2,NA,Male,No,2,0,0,1,0,0,0,NA,NA,NA,NA,NA,No,Male,1,1,NA
3285,R_6xJ4wX7VhijIj3X,Young Treat,cham,NA,NA,video3_cred_cham,cred_cham,NA,3,NA,Male,No,2,0,0,1,0,0,0,NA,NA,NA,NA,NA,No,Male,1,1,NA
3286,R_6xJ4wX7VhijIj3X,Young Treat,fab,NA,NA,video4_cred_fab,cred_fab,NA,4,NA,Male,No,2,0,0,1,0,0,0,NA,NA,NA,NA,NA,No,Male,1,1,NA
3287,R_6xJ4wX7VhijIj3X,Young Treat,mae,NA,NA,video5_cred_mae,cred_mae,73,5,1.452538862,Male,No,2,0,0,1,0,0,0,NA,NA,NA,NA,NA,No,Male,1,1,1
3288,R_6xJ4wX7VhijIj3X,Young Treat,zanx,NA,NA,video6_cred_zanx,cred_zanx,NA,6,NA,Male,No,2,0,0,1,0,0,0,NA,NA,NA,NA,NA,No,Male,1,1,NA
3289,R_6zGf6bSUHITh2a3,Old Treat,aby,0,0,video1_cred_aby,cred_aby,3,1,-1.00901719,Female,Yes,2,0,0,0,0,1,0,0,0,2,Low,Low,Yes,Female,1,0,0
3290,R_6zGf6bSUHITh2a3,Old Treat,anna,0,0,video2_cred_anna,cred_anna,11,2,-0.727696498,Female,Yes,2,0,0,0,0,1,0,0,0,2,Low,Low,Yes,Female,1,0,0
3291,R_6zGf6bSUHITh2a3,Old Treat,cham,0,1,video3_cred_cham,cred_cham,6,3,-0.903521931,Female,Yes,2,0,0,0,0,1,0,0.5,1,2,Low,Moderate,Yes,Female,1,0,0
3292,R_6zGf6bSUHITh2a3,Old Treat,fab,0,0,video4_cred_fab,cred_fab,0,4,-1.114512449,Female,Yes,2,0,0,0,0,1,0,0,0,2,Low,Low,Yes,Female,1,0,0
3293,R_6zGf6bSUHITh2a3,Old Treat,mae,0,1,video5_cred_mae,cred_mae,10,5,-0.762861585,Female,Yes,2,0,0,0,0,1,0,0.5,1,2,Low,Moderate,Yes,Female,1,0,0
3294,R_6zGf6bSUHITh2a3,Old Treat,zanx,1,0,video6_cred_zanx,cred_zanx,9,6,-0.798026671,Female,Yes,2,0,0,0,0,1,0,0.5,1,2,Low,Moderate,Yes,Female,1,0,0
3295,R_6zWFKAPO2yrL44h,Old Treat,aby,0,0,video1_cred_aby,cred_aby,0,1,-1.114512449,Male,Yes,2,1,0,0,0,0,0,0,0,0,Low,Low,Yes,Male,1,0,0
3296,R_6zWFKAPO2yrL44h,Old Treat,anna,0,0,video2_cred_anna,cred_anna,0,2,-1.114512449,Male,Yes,2,1,0,0,0,0,0,0,0,0,Low,Low,Yes,Male,1,0,0
3297,R_6zWFKAPO2yrL44h,Old Treat,cham,0,0,video3_cred_cham,cred_cham,0,3,-1.114512449,Male,Yes,2,1,0,0,0,0,0,0,0,0,Low,Low,Yes,Male,1,0,0
3298,R_6zWFKAPO2yrL44h,Old Treat,fab,0,0,video4_cred_fab,cred_fab,0,4,-1.114512449,Male,Yes,2,1,0,0,0,0,0,0,0,0,Low,Low,Yes,Male,1,0,0
3299,R_6zWFKAPO2yrL44h,Old Treat,mae,0,0,video5_cred_mae,cred_mae,0,5,-1.114512449,Male,Yes,2,1,0,0,0,0,0,0,0,0,Low,Low,Yes,Male,1,0,0
3300,R_6zWFKAPO2yrL44h,Old Treat,zanx,0,0,video6_cred_zanx,cred_zanx,0,6,-1.114512449,Male,Yes,2,1,0,0,0,0,0,0,0,0,Low,Low,Yes,Male,1,0,0
3301,R_6zfFFkkIiGI7thT,Old Control,aby,2,1,video1_cred_aby,cred_aby,21,1,-0.376045634,Female,No,2,0,0,1,0,0,0,1.5,3,0,Low,Moderate,No,Female,1,0,0
3302,R_6zfFFkkIiGI7thT,Old Control,anna,0,0,video2_cred_anna,cred_anna,50,2,0.643741874,Female,No,2,0,0,1,0,0,0,0,0,0,Low,Low,No,Female,1,0,1
3303,R_6zfFFkkIiGI7thT,Old Control,cham,0,0,video3_cred_cham,cred_cham,9,3,-0.798026671,Female,No,2,0,0,1,0,0,0,0,0,0,Low,Low,No,Female,1,0,0
3304,R_6zfFFkkIiGI7thT,Old Control,fab,1,0,video4_cred_fab,cred_fab,32,4,0.010770317,Female,No,2,0,0,1,0,0,0,0.5,1,0,Low,Moderate,No,Female,1,0,1
3305,R_6zfFFkkIiGI7thT,Old Control,mae,2,2,video5_cred_mae,cred_mae,18,5,-0.481540893,Female,No,2,0,0,1,0,0,0,2,4,0,Low,High,No,Female,1,0,0
3306,R_6zfFFkkIiGI7thT,Old Control,zanx,3,1,video6_cred_zanx,cred_zanx,39,6,0.256925923,Female,No,2,0,0,1,0,0,0,2,4,0,Low,High,No,Female,1,0,1
3307,R_6zqKMuP1Prd8mbZ,Young Control,aby,1,1,video1_cred_aby,cred_aby,10,1,-0.762861585,Female,Yes,4,0,0,0,1,0,0,1,2,2,Low,Moderate,Yes,Female,2,1,0
3308,R_6zqKMuP1Prd8mbZ,Young Control,anna,2,2,video2_cred_anna,cred_anna,22,2,-0.340880547,Female,Yes,4,0,0,0,1,0,0,2,4,2,Low,High,Yes,Female,2,1,0
3309,R_6zqKMuP1Prd8mbZ,Young Control,cham,1,1,video3_cred_cham,cred_cham,10,3,-0.762861585,Female,Yes,4,0,0,0,1,0,0,1,2,2,Low,Moderate,Yes,Female,2,1,0
3310,R_6zqKMuP1Prd8mbZ,Young Control,fab,2,3,video4_cred_fab,cred_fab,23,4,-0.305715461,Female,Yes,4,0,0,0,1,0,0,2.5,5,2,Low,High,Yes,Female,2,1,1
3311,R_6zqKMuP1Prd8mbZ,Young Control,mae,1,2,video5_cred_mae,cred_mae,23,5,-0.305715461,Female,Yes,4,0,0,0,1,0,0,1.5,3,2,Low,Moderate,Yes,Female,2,1,1
3312,R_6zqKMuP1Prd8mbZ,Young Control,zanx,1,1,video6_cred_zanx,cred_zanx,10,6,-0.762861585,Female,Yes,4,0,0,0,1,0,0,1,2,2,Low,Moderate,Yes,Female,2,1,0
3313,R_704XS2zQz4douAh,Old Control,aby,6,6,video1_cred_aby,cred_aby,82,1,1.76902464,Male,Yes,2,0,0,1,0,0,0,6,12,13,High,High,Yes,Male,2,1,1
3314,R_704XS2zQz4douAh,Old Control,anna,6,6,video2_cred_anna,cred_anna,87,2,1.944850073,Male,Yes,2,0,0,1,0,0,0,6,12,13,High,High,Yes,Male,2,1,1
3315,R_704XS2zQz4douAh,Old Control,cham,6,6,video3_cred_cham,cred_cham,90,3,2.050345332,Male,Yes,2,0,0,1,0,0,0,6,12,13,High,High,Yes,Male,2,1,1
3316,R_704XS2zQz4douAh,Old Control,fab,6,6,video4_cred_fab,cred_fab,82,4,1.76902464,Male,Yes,2,0,0,1,0,0,0,6,12,13,High,High,Yes,Male,2,1,1
3317,R_704XS2zQz4douAh,Old Control,mae,6,6,video5_cred_mae,cred_mae,79,5,1.663529381,Male,Yes,2,0,0,1,0,0,0,6,12,13,High,High,Yes,Male,2,1,1
3318,R_704XS2zQz4douAh,Old Control,zanx,6,6,video6_cred_zanx,cred_zanx,83,6,1.804189727,Male,Yes,2,0,0,1,0,0,0,6,12,13,High,High,Yes,Male,2,1,1
3319,R_70tWCFw7sFz2kYC,Old Control,aby,0,0,video1_cred_aby,cred_aby,23,1,-0.305715461,Male,Yes,3,1,0,0,0,1,1,0,0,0,Low,Low,Yes,Male,1,0,1
3320,R_70tWCFw7sFz2kYC,Old Control,anna,0,0,video2_cred_anna,cred_anna,71,2,1.382208689,Male,Yes,3,1,0,0,0,1,1,0,0,0,Low,Low,Yes,Male,1,0,1
3321,R_70tWCFw7sFz2kYC,Old Control,cham,0,0,video3_cred_cham,cred_cham,37,3,0.18659575,Male,Yes,3,1,0,0,0,1,1,0,0,0,Low,Low,Yes,Male,1,0,1
3322,R_70tWCFw7sFz2kYC,Old Control,fab,0,0,video4_cred_fab,cred_fab,51,4,0.67890696,Male,Yes,3,1,0,0,0,1,1,0,0,0,Low,Low,Yes,Male,1,0,1
3323,R_70tWCFw7sFz2kYC,Old Control,mae,0,0,video5_cred_mae,cred_mae,29,5,-0.094724942,Male,Yes,3,1,0,0,0,1,1,0,0,0,Low,Low,Yes,Male,1,0,1
3324,R_70tWCFw7sFz2kYC,Old Control,zanx,0,0,video6_cred_zanx,cred_zanx,50,6,0.643741874,Male,Yes,3,1,0,0,0,1,1,0,0,0,Low,Low,Yes,Male,1,0,1
3325,R_71yp3gY4HH8OjI0,Young Control,aby,6,5,video1_cred_aby,cred_aby,79,1,1.663529381,Female,Yes,3,0,0,1,0,0,0,5.5,11,12,High,High,Yes,Female,3,1,1
3326,R_71yp3gY4HH8OjI0,Young Control,anna,5,5,video2_cred_anna,cred_anna,76,2,1.558034122,Female,Yes,3,0,0,1,0,0,0,5,10,12,High,High,Yes,Female,3,1,1
3327,R_71yp3gY4HH8OjI0,Young Control,cham,6,6,video3_cred_cham,cred_cham,91,3,2.085510419,Female,Yes,3,0,0,1,0,0,0,6,12,12,High,High,Yes,Female,3,1,1
3328,R_71yp3gY4HH8OjI0,Young Control,fab,6,6,video4_cred_fab,cred_fab,90,4,2.050345332,Female,Yes,3,0,0,1,0,0,0,6,12,12,High,High,Yes,Female,3,1,1
3329,R_71yp3gY4HH8OjI0,Young Control,mae,6,6,video5_cred_mae,cred_mae,81,5,1.733859554,Female,Yes,3,0,0,1,0,0,0,6,12,12,High,High,Yes,Female,3,1,1
3330,R_71yp3gY4HH8OjI0,Young Control,zanx,5,5,video6_cred_zanx,cred_zanx,78,6,1.628364295,Female,Yes,3,0,0,1,0,0,0,5,10,12,High,High,Yes,Female,3,1,1
3331,R_71zObVflpw2qLAd,Young Control,aby,0,0,video1_cred_aby,cred_aby,0,1,-1.114512449,Male,Yes,4,0,0,0,0,1,0,0,0,6,Moderate,Low,Yes,Male,1,0,0
3332,R_71zObVflpw2qLAd,Young Control,anna,0,0,video2_cred_anna,cred_anna,40,2,0.292091009,Male,Yes,4,0,0,0,0,1,0,0,0,6,Moderate,Low,Yes,Male,1,0,1
3333,R_71zObVflpw2qLAd,Young Control,cham,0,NA,video3_cred_cham,cred_cham,0,3,-1.114512449,Male,Yes,4,0,0,0,0,1,0,0,NA,6,Moderate,NA,Yes,Male,1,0,0
3334,R_71zObVflpw2qLAd,Young Control,fab,0,0,video4_cred_fab,cred_fab,0,4,-1.114512449,Male,Yes,4,0,0,0,0,1,0,0,0,6,Moderate,Low,Yes,Male,1,0,0
3335,R_71zObVflpw2qLAd,Young Control,mae,0,0,video5_cred_mae,cred_mae,0,5,-1.114512449,Male,Yes,4,0,0,0,0,1,0,0,0,6,Moderate,Low,Yes,Male,1,0,0
3336,R_71zObVflpw2qLAd,Young Control,zanx,0,0,video6_cred_zanx,cred_zanx,0,6,-1.114512449,Male,Yes,4,0,0,0,0,1,0,0,0,6,Moderate,Low,Yes,Male,1,0,0
3337,R_72MkcxEh5V1lATo,Old Control,aby,5,4,video1_cred_aby,cred_aby,60,1,0.995392738,Male,No,3,1,0,0,0,0,1,4.5,9,9,Moderate,High,No,Male,3,1,1
3338,R_72MkcxEh5V1lATo,Old Control,anna,4,6,video2_cred_anna,cred_anna,65,2,1.171218171,Male,No,3,1,0,0,0,0,1,5,10,9,Moderate,High,No,Male,3,1,1
3339,R_72MkcxEh5V1lATo,Old Control,cham,6,5,video3_cred_cham,cred_cham,75,3,1.522869035,Male,No,3,1,0,0,0,0,1,5.5,11,9,Moderate,High,No,Male,3,1,1
3340,R_72MkcxEh5V1lATo,Old Control,fab,5,4,video4_cred_fab,cred_fab,65,4,1.171218171,Male,No,3,1,0,0,0,0,1,4.5,9,9,Moderate,High,No,Male,3,1,1
3341,R_72MkcxEh5V1lATo,Old Control,mae,4,5,video5_cred_mae,cred_mae,65,5,1.171218171,Male,No,3,1,0,0,0,0,1,4.5,9,9,Moderate,High,No,Male,3,1,1
3342,R_72MkcxEh5V1lATo,Old Control,zanx,5,5,video6_cred_zanx,cred_zanx,78,6,1.628364295,Male,No,3,1,0,0,0,0,1,5,10,9,Moderate,High,No,Male,3,1,1
3343,R_72XFUhS29kQqNUd,Old Control,aby,5,5,video1_cred_aby,cred_aby,78,1,1.628364295,Female,Yes,1,0,0,1,0,0,0,5,10,12,High,High,Yes,Female,2,1,1
3344,R_72XFUhS29kQqNUd,Old Control,anna,6,6,video2_cred_anna,cred_anna,82,2,1.76902464,Female,Yes,1,0,0,1,0,0,0,6,12,12,High,High,Yes,Female,2,1,1
3345,R_72XFUhS29kQqNUd,Old Control,cham,5,5,video3_cred_cham,cred_cham,77,3,1.593199208,Female,Yes,1,0,0,1,0,0,0,5,10,12,High,High,Yes,Female,2,1,1
3346,R_72XFUhS29kQqNUd,Old Control,fab,6,5,video4_cred_fab,cred_fab,81,4,1.733859554,Female,Yes,1,0,0,1,0,0,0,5.5,11,12,High,High,Yes,Female,2,1,1
3347,R_72XFUhS29kQqNUd,Old Control,mae,5,5,video5_cred_mae,cred_mae,73,5,1.452538862,Female,Yes,1,0,0,1,0,0,0,5,10,12,High,High,Yes,Female,2,1,1
3348,R_72XFUhS29kQqNUd,Old Control,zanx,5,5,video6_cred_zanx,cred_zanx,78,6,1.628364295,Female,Yes,1,0,0,1,0,0,0,5,10,12,High,High,Yes,Female,2,1,1
3349,R_731sQYqi9ZABJvc,Old Treat,aby,0,0,video1_cred_aby,cred_aby,0,1,-1.114512449,Female,Yes,3,0,0,0,0,1,0,0,0,0,Low,Low,Yes,Female,1,0,0
3350,R_731sQYqi9ZABJvc,Old Treat,anna,0,0,video2_cred_anna,cred_anna,0,2,-1.114512449,Female,Yes,3,0,0,0,0,1,0,0,0,0,Low,Low,Yes,Female,1,0,0
3351,R_731sQYqi9ZABJvc,Old Treat,cham,0,0,video3_cred_cham,cred_cham,0,3,-1.114512449,Female,Yes,3,0,0,0,0,1,0,0,0,0,Low,Low,Yes,Female,1,0,0
3352,R_731sQYqi9ZABJvc,Old Treat,fab,0,0,video4_cred_fab,cred_fab,10,4,-0.762861585,Female,Yes,3,0,0,0,0,1,0,0,0,0,Low,Low,Yes,Female,1,0,0
3353,R_731sQYqi9ZABJvc,Old Treat,mae,0,0,video5_cred_mae,cred_mae,0,5,-1.114512449,Female,Yes,3,0,0,0,0,1,0,0,0,0,Low,Low,Yes,Female,1,0,0
3354,R_731sQYqi9ZABJvc,Old Treat,zanx,0,0,video6_cred_zanx,cred_zanx,0,6,-1.114512449,Female,Yes,3,0,0,0,0,1,0,0,0,0,Low,Low,Yes,Female,1,0,0
3355,R_735O54lLphIagpP,Young Control,aby,0,0,video1_cred_aby,cred_aby,50,1,0.643741874,Female,Yes,2,0,0,0,0,1,1,0,0,1,Low,Low,Yes,Female,1,0,1
3356,R_735O54lLphIagpP,Young Control,anna,1,1,video2_cred_anna,cred_anna,51,2,0.67890696,Female,Yes,2,0,0,0,0,1,1,1,2,1,Low,Moderate,Yes,Female,1,0,1
3357,R_735O54lLphIagpP,Young Control,cham,0,0,video3_cred_cham,cred_cham,75,3,1.522869035,Female,Yes,2,0,0,0,0,1,1,0,0,1,Low,Low,Yes,Female,1,0,1
3358,R_735O54lLphIagpP,Young Control,fab,1,0,video4_cred_fab,cred_fab,50,4,0.643741874,Female,Yes,2,0,0,0,0,1,1,0.5,1,1,Low,Moderate,Yes,Female,1,0,1
3359,R_735O54lLphIagpP,Young Control,mae,1,0,video5_cred_mae,cred_mae,50,5,0.643741874,Female,Yes,2,0,0,0,0,1,1,0.5,1,1,Low,Moderate,Yes,Female,1,0,1
3360,R_735O54lLphIagpP,Young Control,zanx,0,0,video6_cred_zanx,cred_zanx,50,6,0.643741874,Female,Yes,2,0,0,0,0,1,1,0,0,1,Low,Low,Yes,Female,1,0,1
3361,R_73Wt1BPsnW5PD9F,Young Treat,aby,0,0,video1_cred_aby,cred_aby,0,1,-1.114512449,Male,No,4,1,0,0,0,0,0,0,0,0,Low,Low,No,Male,NA,0,0
3362,R_73Wt1BPsnW5PD9F,Young Treat,anna,0,0,video2_cred_anna,cred_anna,0,2,-1.114512449,Male,No,4,1,0,0,0,0,0,0,0,0,Low,Low,No,Male,NA,0,0
3363,R_73Wt1BPsnW5PD9F,Young Treat,cham,0,0,video3_cred_cham,cred_cham,0,3,-1.114512449,Male,No,4,1,0,0,0,0,0,0,0,0,Low,Low,No,Male,NA,0,0
3364,R_73Wt1BPsnW5PD9F,Young Treat,fab,0,0,video4_cred_fab,cred_fab,0,4,-1.114512449,Male,No,4,1,0,0,0,0,0,0,0,0,Low,Low,No,Male,NA,0,0
3365,R_73Wt1BPsnW5PD9F,Young Treat,mae,0,0,video5_cred_mae,cred_mae,0,5,-1.114512449,Male,No,4,1,0,0,0,0,0,0,0,0,Low,Low,No,Male,NA,0,0
3366,R_73Wt1BPsnW5PD9F,Young Treat,zanx,0,0,video6_cred_zanx,cred_zanx,0,6,-1.114512449,Male,No,4,1,0,0,0,0,0,0,0,0,Low,Low,No,Male,NA,0,0
3367,R_73lDp3fTlkwGKJ3,Old Treat,aby,0,0,video1_cred_aby,cred_aby,0,1,-1.114512449,Male,Yes,1,0,0,0,0,1,0,0,0,0,Low,Low,Yes,Male,1,0,0
3368,R_73lDp3fTlkwGKJ3,Old Treat,anna,0,0,video2_cred_anna,cred_anna,0,2,-1.114512449,Male,Yes,1,0,0,0,0,1,0,0,0,0,Low,Low,Yes,Male,1,0,0
3369,R_73lDp3fTlkwGKJ3,Old Treat,cham,0,0,video3_cred_cham,cred_cham,0,3,-1.114512449,Male,Yes,1,0,0,0,0,1,0,0,0,0,Low,Low,Yes,Male,1,0,0
3370,R_73lDp3fTlkwGKJ3,Old Treat,fab,0,0,video4_cred_fab,cred_fab,0,4,-1.114512449,Male,Yes,1,0,0,0,0,1,0,0,0,0,Low,Low,Yes,Male,1,0,0
3371,R_73lDp3fTlkwGKJ3,Old Treat,mae,0,0,video5_cred_mae,cred_mae,0,5,-1.114512449,Male,Yes,1,0,0,0,0,1,0,0,0,0,Low,Low,Yes,Male,1,0,0
3372,R_73lDp3fTlkwGKJ3,Old Treat,zanx,0,0,video6_cred_zanx,cred_zanx,10,6,-0.762861585,Male,Yes,1,0,0,0,0,1,0,0,0,0,Low,Low,Yes,Male,1,0,0
3373,R_740KG4RDI9oQKr4,Old Control,aby,1,1,video1_cred_aby,cred_aby,6,1,-0.903521931,Female,No,2,1,0,0,0,0,0,1,2,12,High,Moderate,No,Female,3,0,0
3374,R_740KG4RDI9oQKr4,Old Control,anna,2,2,video2_cred_anna,cred_anna,18,2,-0.481540893,Female,No,2,1,0,0,0,0,0,2,4,12,High,High,No,Female,3,0,0
3375,R_740KG4RDI9oQKr4,Old Control,cham,1,1,video3_cred_cham,cred_cham,23,3,-0.305715461,Female,No,2,1,0,0,0,0,0,1,2,12,High,Moderate,No,Female,3,0,1
3376,R_740KG4RDI9oQKr4,Old Control,fab,3,1,video4_cred_fab,cred_fab,69,4,1.311878516,Female,No,2,1,0,0,0,0,0,2,4,12,High,High,No,Female,3,0,1
3377,R_740KG4RDI9oQKr4,Old Control,mae,5,5,video5_cred_mae,cred_mae,86,5,1.909684986,Female,No,2,1,0,0,0,0,0,5,10,12,High,High,No,Female,3,0,1
3378,R_740KG4RDI9oQKr4,Old Control,zanx,1,1,video6_cred_zanx,cred_zanx,15,6,-0.587036152,Female,No,2,1,0,0,0,0,0,1,2,12,High,Moderate,No,Female,3,0,0
3379,R_74RO5uRmo5NgaPv,Old Control,aby,1,1,video1_cred_aby,cred_aby,37,1,0.18659575,Male,Yes,2,0,0,0,1,0,0,1,2,4,Low,Moderate,Yes,Male,1,0,1
3380,R_74RO5uRmo5NgaPv,Old Control,anna,1,1,video2_cred_anna,cred_anna,35,2,0.116265577,Male,Yes,2,0,0,0,1,0,0,1,2,4,Low,Moderate,Yes,Male,1,0,1
3381,R_74RO5uRmo5NgaPv,Old Control,cham,1,0,video3_cred_cham,cred_cham,48,3,0.573411701,Male,Yes,2,0,0,0,1,0,0,0.5,1,4,Low,Moderate,Yes,Male,1,0,1
3382,R_74RO5uRmo5NgaPv,Old Control,fab,1,1,video4_cred_fab,cred_fab,46,4,0.503081528,Male,Yes,2,0,0,0,1,0,0,1,2,4,Low,Moderate,Yes,Male,1,0,1
3383,R_74RO5uRmo5NgaPv,Old Control,mae,1,2,video5_cred_mae,cred_mae,49,5,0.608576787,Male,Yes,2,0,0,0,1,0,0,1.5,3,4,Low,Moderate,Yes,Male,1,0,1
3384,R_74RO5uRmo5NgaPv,Old Control,zanx,1,0,video6_cred_zanx,cred_zanx,13,6,-0.657366325,Male,Yes,2,0,0,0,1,0,0,0.5,1,4,Low,Moderate,Yes,Male,1,0,0
3385,R_74tBw4ZDY2sHJdf,Old Control,aby,5,5,video1_cred_aby,cred_aby,71,1,1.382208689,Male,Yes,3,0,0,1,0,0,1,5,10,10,High,High,Yes,Male,2,1,1
3386,R_74tBw4ZDY2sHJdf,Old Control,anna,5,5,video2_cred_anna,cred_anna,71,2,1.382208689,Male,Yes,3,0,0,1,0,0,1,5,10,10,High,High,Yes,Male,2,1,1
3387,R_74tBw4ZDY2sHJdf,Old Control,cham,5,5,video3_cred_cham,cred_cham,69,3,1.311878516,Male,Yes,3,0,0,1,0,0,1,5,10,10,High,High,Yes,Male,2,1,1
3388,R_74tBw4ZDY2sHJdf,Old Control,fab,5,4,video4_cred_fab,cred_fab,69,4,1.311878516,Male,Yes,3,0,0,1,0,0,1,4.5,9,10,High,High,Yes,Male,2,1,1
3389,R_74tBw4ZDY2sHJdf,Old Control,mae,6,6,video5_cred_mae,cred_mae,73,5,1.452538862,Male,Yes,3,0,0,1,0,0,1,6,12,10,High,High,Yes,Male,2,1,1
3390,R_74tBw4ZDY2sHJdf,Old Control,zanx,5,5,video6_cred_zanx,cred_zanx,65,6,1.171218171,Male,Yes,3,0,0,1,0,0,1,5,10,10,High,High,Yes,Male,2,1,1
3391,R_777kfFRIVjY8tMa,Old Control,aby,0,1,video1_cred_aby,cred_aby,47,1,0.538246614,Female,Yes,3,0,0,0,0,1,1,0.5,1,0,Low,Moderate,Yes,Female,3,0,1
3392,R_777kfFRIVjY8tMa,Old Control,anna,0,0,video2_cred_anna,cred_anna,28,2,-0.129890028,Female,Yes,3,0,0,0,0,1,1,0,0,0,Low,Low,Yes,Female,3,0,1
3393,R_777kfFRIVjY8tMa,Old Control,cham,0,1,video3_cred_cham,cred_cham,45,3,0.467916441,Female,Yes,3,0,0,0,0,1,1,0.5,1,0,Low,Moderate,Yes,Female,3,0,1
3394,R_777kfFRIVjY8tMa,Old Control,fab,0,0,video4_cred_fab,cred_fab,17,4,-0.516705979,Female,Yes,3,0,0,0,0,1,1,0,0,0,Low,Low,Yes,Female,3,0,0
3395,R_777kfFRIVjY8tMa,Old Control,mae,0,3,video5_cred_mae,cred_mae,30,5,-0.059559855,Female,Yes,3,0,0,0,0,1,1,1.5,3,0,Low,High,Yes,Female,3,0,1
3396,R_777kfFRIVjY8tMa,Old Control,zanx,0,0,video6_cred_zanx,cred_zanx,24,6,-0.270550374,Female,Yes,3,0,0,0,0,1,1,0,0,0,Low,Low,Yes,Female,3,0,1
3397,R_778v3mC8m5sVvC9,Old Treat,aby,0,0,video1_cred_aby,cred_aby,0,1,-1.114512449,Female,No,3,0,0,1,0,0,0,0,0,0,Low,Low,No,Female,1,0,0
3398,R_778v3mC8m5sVvC9,Old Treat,anna,0,0,video2_cred_anna,cred_anna,0,2,-1.114512449,Female,No,3,0,0,1,0,0,0,0,0,0,Low,Low,No,Female,1,0,0
3399,R_778v3mC8m5sVvC9,Old Treat,cham,0,0,video3_cred_cham,cred_cham,0,3,-1.114512449,Female,No,3,0,0,1,0,0,0,0,0,0,Low,Low,No,Female,1,0,0
3400,R_778v3mC8m5sVvC9,Old Treat,fab,0,0,video4_cred_fab,cred_fab,0,4,-1.114512449,Female,No,3,0,0,1,0,0,0,0,0,0,Low,Moderate,No,Female,1,0,0
3401,R_778v3mC8m5sVvC9,Old Treat,mae,0,0,video5_cred_mae,cred_mae,6,5,-0.903521931,Female,No,3,0,0,1,0,0,0,0,0,0,Low,Moderate,No,Female,1,0,0
3402,R_778v3mC8m5sVvC9,Old Treat,zanx,0,0,video6_cred_zanx,cred_zanx,0,6,-1.114512449,Female,No,3,0,0,1,0,0,0,0,0,0,Low,Moderate,No,Female,1,0,0
3403,R_77HliKYTEDRXDRc,Young Control,aby,0,0,video1_cred_aby,cred_aby,0,1,-1.114512449,Female,No,2,1,0,0,0,0,0,0,0,0,Low,Moderate,No,Female,3,0,0
3404,R_77HliKYTEDRXDRc,Young Control,anna,0,0,video2_cred_anna,cred_anna,1,2,-1.079347363,Female,No,2,1,0,0,0,0,0,0,0,0,Low,Moderate,No,Female,3,0,0
3405,R_77HliKYTEDRXDRc,Young Control,cham,0,0,video3_cred_cham,cred_cham,0,3,-1.114512449,Female,No,2,1,0,0,0,0,0,0,0,0,Low,Moderate,No,Female,3,0,0
3406,R_77HliKYTEDRXDRc,Young Control,fab,0,0,video4_cred_fab,cred_fab,1,4,-1.079347363,Female,No,2,1,0,0,0,0,0,0,0,0,Low,Moderate,No,Female,3,0,0
3407,R_77HliKYTEDRXDRc,Young Control,mae,0,0,video5_cred_mae,cred_mae,0,5,-1.114512449,Female,No,2,1,0,0,0,0,0,0,0,0,Low,Moderate,No,Female,3,0,0
3408,R_77HliKYTEDRXDRc,Young Control,zanx,0,0,video6_cred_zanx,cred_zanx,0,6,-1.114512449,Female,No,2,1,0,0,0,0,0,0,0,0,Low,Moderate,No,Female,3,0,0
3409,R_77P622bNT5VNOnF,Young Control,aby,1,1,video1_cred_aby,cred_aby,8,1,-0.833191758,Female,No,2,0,0,1,0,0,0,1,2,2,Low,Moderate,No,Female,1,0,0
3410,R_77P622bNT5VNOnF,Young Control,anna,1,1,video2_cred_anna,cred_anna,7,2,-0.868356844,Female,No,2,0,0,1,0,0,0,1,2,2,Low,Moderate,No,Female,1,0,0
3411,R_77P622bNT5VNOnF,Young Control,cham,NA,NA,video3_cred_cham,cred_cham,NA,3,NA,Female,No,2,0,0,1,0,0,0,NA,NA,2,Low,NA,No,Female,1,0,NA
3412,R_77P622bNT5VNOnF,Young Control,fab,1,1,video4_cred_fab,cred_fab,8,4,-0.833191758,Female,No,2,0,0,1,0,0,0,1,2,2,Low,Moderate,No,Female,1,0,0
3413,R_77P622bNT5VNOnF,Young Control,mae,1,1,video5_cred_mae,cred_mae,8,5,-0.833191758,Female,No,2,0,0,1,0,0,0,1,2,2,Low,Moderate,No,Female,1,0,0
3414,R_77P622bNT5VNOnF,Young Control,zanx,1,1,video6_cred_zanx,cred_zanx,6,6,-0.903521931,Female,No,2,0,0,1,0,0,0,1,2,2,Low,Moderate,No,Female,1,0,0
3415,R_78Vo2qt2Ka9OPLz,Young Treat,aby,1,0,video1_cred_aby,cred_aby,7,1,-0.868356844,Female,No,4,0,0,0,0,1,1,0.5,1,0,Low,Moderate,No,Female,1,0,0
3416,R_78Vo2qt2Ka9OPLz,Young Treat,anna,0,1,video2_cred_anna,cred_anna,7,2,-0.868356844,Female,No,4,0,0,0,0,1,1,0.5,1,0,Low,Moderate,No,Female,1,0,0
3417,R_78Vo2qt2Ka9OPLz,Young Treat,cham,1,1,video3_cred_cham,cred_cham,9,3,-0.798026671,Female,No,4,0,0,0,0,1,1,1,2,0,Low,Moderate,No,Female,1,0,0
3418,R_78Vo2qt2Ka9OPLz,Young Treat,fab,0,1,video4_cred_fab,cred_fab,9,4,-0.798026671,Female,No,4,0,0,0,0,1,1,0.5,1,0,Low,Moderate,No,Female,1,0,0
3419,R_78Vo2qt2Ka9OPLz,Young Treat,mae,0,1,video5_cred_mae,cred_mae,9,5,-0.798026671,Female,No,4,0,0,0,0,1,1,0.5,1,0,Low,Moderate,No,Female,1,0,0
3420,R_78Vo2qt2Ka9OPLz,Young Treat,zanx,0,0,video6_cred_zanx,cred_zanx,0,6,-1.114512449,Female,No,4,0,0,0,0,1,1,0,0,0,Low,Moderate,No,Female,1,0,0
3421,R_790OXqMpo29I356,Old Treat,aby,6,4,video1_cred_aby,cred_aby,82,1,1.76902464,Female,No,3,1,0,0,0,0,0,5,10,11,High,High,No,Female,3,1,1
3422,R_790OXqMpo29I356,Old Treat,anna,5,6,video2_cred_anna,cred_anna,73,2,1.452538862,Female,No,3,1,0,0,0,0,0,5.5,11,11,High,High,No,Female,3,1,1
3423,R_790OXqMpo29I356,Old Treat,cham,4,5,video3_cred_cham,cred_cham,68,3,1.27671343,Female,No,3,1,0,0,0,0,0,4.5,9,11,High,High,No,Female,3,1,1
3424,R_790OXqMpo29I356,Old Treat,fab,5,6,video4_cred_fab,cred_fab,61,4,1.030557825,Female,No,3,1,0,0,0,0,0,5.5,11,11,High,High,No,Female,3,1,1
3425,R_790OXqMpo29I356,Old Treat,mae,6,5,video5_cred_mae,cred_mae,68,5,1.27671343,Female,No,3,1,0,0,0,0,0,5.5,11,11,High,High,No,Female,3,1,1
3426,R_790OXqMpo29I356,Old Treat,zanx,5,5,video6_cred_zanx,cred_zanx,68,6,1.27671343,Female,No,3,1,0,0,0,0,0,5,10,11,High,High,No,Female,3,1,1
3427,R_79oanr9b8RFGVLo,Young Treat,aby,0,0,video1_cred_aby,cred_aby,76,1,1.558034122,Female,No,3,0,1,0,0,0,0,0,0,0,Low,Moderate,No,Female,1,0,1
3428,R_79oanr9b8RFGVLo,Young Treat,anna,0,0,video2_cred_anna,cred_anna,38,2,0.221760836,Female,No,3,0,1,0,0,0,0,0,0,0,Low,Moderate,No,Female,1,0,1
3429,R_79oanr9b8RFGVLo,Young Treat,cham,0,0,video3_cred_cham,cred_cham,100,3,2.401996197,Female,No,3,0,1,0,0,0,0,0,0,0,Low,Moderate,No,Female,1,0,1
3430,R_79oanr9b8RFGVLo,Young Treat,fab,0,0,video4_cred_fab,cred_fab,100,4,2.401996197,Female,No,3,0,1,0,0,0,0,0,0,0,Low,Moderate,No,Female,1,0,1
3431,R_79oanr9b8RFGVLo,Young Treat,mae,0,0,video5_cred_mae,cred_mae,77,5,1.593199208,Female,No,3,0,1,0,0,0,0,0,0,0,Low,Moderate,No,Female,1,0,1
3432,R_79oanr9b8RFGVLo,Young Treat,zanx,0,0,video6_cred_zanx,cred_zanx,21,6,-0.376045634,Female,No,3,0,1,0,0,0,0,0,0,0,Low,Moderate,No,Female,1,0,0
3433,R_79rYanmms9i0vsx,Old Treat,aby,0,0,video1_cred_aby,cred_aby,NA,1,NA,Female,Yes,1,0,0,0,1,0,0,0,0,0,Low,Moderate,Yes,Female,1,0,NA
3434,R_79rYanmms9i0vsx,Old Treat,anna,0,0,video2_cred_anna,cred_anna,NA,2,NA,Female,Yes,1,0,0,0,1,0,0,0,0,0,Low,Moderate,Yes,Female,1,0,NA
3435,R_79rYanmms9i0vsx,Old Treat,cham,0,0,video3_cred_cham,cred_cham,NA,3,NA,Female,Yes,1,0,0,0,1,0,0,0,0,0,Low,Moderate,Yes,Female,1,0,NA
3436,R_79rYanmms9i0vsx,Old Treat,fab,NA,NA,video4_cred_fab,cred_fab,NA,4,NA,Female,Yes,1,0,0,0,1,0,0,NA,NA,0,Low,NA,Yes,Female,1,0,NA
3437,R_79rYanmms9i0vsx,Old Treat,mae,0,0,video5_cred_mae,cred_mae,NA,5,NA,Female,Yes,1,0,0,0,1,0,0,0,0,0,Low,Moderate,Yes,Female,1,0,NA
3438,R_79rYanmms9i0vsx,Old Treat,zanx,0,0,video6_cred_zanx,cred_zanx,NA,6,NA,Female,Yes,1,0,0,0,1,0,0,0,0,0,Low,Moderate,Yes,Female,1,0,NA
3439,R_7B6KbfULaobzATn,Old Control,aby,0,0,video1_cred_aby,cred_aby,0,1,-1.114512449,Female,No,3,0,0,1,0,0,0,0,0,0,Low,Moderate,No,Female,1,0,0
3440,R_7B6KbfULaobzATn,Old Control,anna,0,0,video2_cred_anna,cred_anna,0,2,-1.114512449,Female,No,3,0,0,1,0,0,0,0,0,0,Low,Moderate,No,Female,1,0,0
3441,R_7B6KbfULaobzATn,Old Control,cham,0,0,video3_cred_cham,cred_cham,0,3,-1.114512449,Female,No,3,0,0,1,0,0,0,0,0,0,Low,Moderate,No,Female,1,0,0
3442,R_7B6KbfULaobzATn,Old Control,fab,0,0,video4_cred_fab,cred_fab,0,4,-1.114512449,Female,No,3,0,0,1,0,0,0,0,0,0,Low,Moderate,No,Female,1,0,0
3443,R_7B6KbfULaobzATn,Old Control,mae,0,0,video5_cred_mae,cred_mae,0,5,-1.114512449,Female,No,3,0,0,1,0,0,0,0,0,0,Low,Moderate,No,Female,1,0,0
3444,R_7B6KbfULaobzATn,Old Control,zanx,0,0,video6_cred_zanx,cred_zanx,0,6,-1.114512449,Female,No,3,0,0,1,0,0,0,0,0,0,Low,Moderate,No,Female,1,0,0
3445,R_7BtdD4ZHcInJfJq,Old Treat,aby,5,4,video1_cred_aby,cred_aby,68,1,1.27671343,Female,No,3,1,0,0,0,0,1,4.5,9,9,Moderate,High,No,Female,3,1,1
3446,R_7BtdD4ZHcInJfJq,Old Treat,anna,5,4,video2_cred_anna,cred_anna,66,2,1.206383257,Female,No,3,1,0,0,0,0,1,4.5,9,9,Moderate,High,No,Female,3,1,1
3447,R_7BtdD4ZHcInJfJq,Old Treat,cham,5,4,video3_cred_cham,cred_cham,66,3,1.206383257,Female,No,3,1,0,0,0,0,1,4.5,9,9,Moderate,High,No,Female,3,1,1
3448,R_7BtdD4ZHcInJfJq,Old Treat,fab,4,5,video4_cred_fab,cred_fab,60,4,0.995392738,Female,No,3,1,0,0,0,0,1,4.5,9,9,Moderate,High,No,Female,3,1,1
3449,R_7BtdD4ZHcInJfJq,Old Treat,mae,5,3,video5_cred_mae,cred_mae,72,5,1.417373776,Female,No,3,1,0,0,0,0,1,4,8,9,Moderate,High,No,Female,3,1,1
3450,R_7BtdD4ZHcInJfJq,Old Treat,zanx,6,5,video6_cred_zanx,cred_zanx,69,6,1.311878516,Female,No,3,1,0,0,0,0,1,5.5,11,9,Moderate,High,No,Female,3,1,1
3451,R_7Cf0oThogdagzst,Young Treat,aby,0,0,video1_cred_aby,cred_aby,2,1,-1.044182276,Female,Yes,2,0,0,0,1,0,0,0,0,0,Low,Moderate,Yes,Female,1,0,0
3452,R_7Cf0oThogdagzst,Young Treat,anna,0,0,video2_cred_anna,cred_anna,0,2,-1.114512449,Female,Yes,2,0,0,0,1,0,0,0,0,0,Low,Moderate,Yes,Female,1,0,0
3453,R_7Cf0oThogdagzst,Young Treat,cham,0,0,video3_cred_cham,cred_cham,0,3,-1.114512449,Female,Yes,2,0,0,0,1,0,0,0,0,0,Low,Moderate,Yes,Female,1,0,0
3454,R_7Cf0oThogdagzst,Young Treat,fab,0,0,video4_cred_fab,cred_fab,0,4,-1.114512449,Female,Yes,2,0,0,0,1,0,0,0,0,0,Low,Moderate,Yes,Female,1,0,0
3455,R_7Cf0oThogdagzst,Young Treat,mae,0,0,video5_cred_mae,cred_mae,0,5,-1.114512449,Female,Yes,2,0,0,0,1,0,0,0,0,0,Low,Moderate,Yes,Female,1,0,0
3456,R_7Cf0oThogdagzst,Young Treat,zanx,0,0,video6_cred_zanx,cred_zanx,0,6,-1.114512449,Female,Yes,2,0,0,0,1,0,0,0,0,0,Low,Moderate,Yes,Female,1,0,0
3457,R_7CxkpyW8l7r8rhj,Old Control,aby,0,0,video1_cred_aby,cred_aby,0,1,-1.114512449,Female,No,2,1,0,0,0,1,1,0,0,0,Low,Moderate,No,Female,1,0,0
3458,R_7CxkpyW8l7r8rhj,Old Control,anna,0,0,video2_cred_anna,cred_anna,0,2,-1.114512449,Female,No,2,1,0,0,0,1,1,0,0,0,Low,Moderate,No,Female,1,0,0
3459,R_7CxkpyW8l7r8rhj,Old Control,cham,0,0,video3_cred_cham,cred_cham,0,3,-1.114512449,Female,No,2,1,0,0,0,1,1,0,0,0,Low,Moderate,No,Female,1,0,0
3460,R_7CxkpyW8l7r8rhj,Old Control,fab,0,0,video4_cred_fab,cred_fab,0,4,-1.114512449,Female,No,2,1,0,0,0,1,1,0,0,0,Low,Moderate,No,Female,1,0,0
3461,R_7CxkpyW8l7r8rhj,Old Control,mae,0,0,video5_cred_mae,cred_mae,0,5,-1.114512449,Female,No,2,1,0,0,0,1,1,0,0,0,Low,Moderate,No,Female,1,0,0
3462,R_7CxkpyW8l7r8rhj,Old Control,zanx,0,0,video6_cred_zanx,cred_zanx,0,6,-1.114512449,Female,No,2,1,0,0,0,1,1,0,0,0,Low,Moderate,No,Female,1,0,0
3463,R_7D059b8lwwQM8rV,Young Treat,aby,3,0,video1_cred_aby,cred_aby,59,1,0.960227652,Male,Yes,4,0,1,0,0,0,1,1.5,3,3,Low,High,Yes,Male,2,0,1
3464,R_7D059b8lwwQM8rV,Young Treat,anna,1,2,video2_cred_anna,cred_anna,58,2,0.925062565,Male,Yes,4,0,1,0,0,0,1,1.5,3,3,Low,High,Yes,Male,2,0,1
3465,R_7D059b8lwwQM8rV,Young Treat,cham,2,1,video3_cred_cham,cred_cham,53,3,0.749237133,Male,Yes,4,0,1,0,0,0,1,1.5,3,3,Low,High,Yes,Male,2,0,1
3466,R_7D059b8lwwQM8rV,Young Treat,fab,2,1,video4_cred_fab,cred_fab,71,4,1.382208689,Male,Yes,4,0,1,0,0,0,1,1.5,3,3,Low,High,Yes,Male,2,0,1
3467,R_7D059b8lwwQM8rV,Young Treat,mae,1,0,video5_cred_mae,cred_mae,8,5,-0.833191758,Male,Yes,4,0,1,0,0,0,1,0.5,1,3,Low,Moderate,Yes,Male,2,0,0
3468,R_7D059b8lwwQM8rV,Young Treat,zanx,3,3,video6_cred_zanx,cred_zanx,16,6,-0.551871066,Male,Yes,4,0,1,0,0,0,1,3,6,3,Low,High,Yes,Male,2,0,0
3469,R_7D5OEkBQ7QZWVB1,Young Control,aby,NA,NA,video1_cred_aby,cred_aby,NA,1,NA,Male,No,2,0,0,1,0,0,0,NA,NA,12,High,NA,No,Male,NA,1,NA
3470,R_7D5OEkBQ7QZWVB1,Young Control,anna,NA,NA,video2_cred_anna,cred_anna,NA,2,NA,Male,No,2,0,0,1,0,0,0,NA,NA,12,High,NA,No,Male,NA,1,NA
3471,R_7D5OEkBQ7QZWVB1,Young Control,cham,NA,NA,video3_cred_cham,cred_cham,NA,3,NA,Male,No,2,0,0,1,0,0,0,NA,NA,12,High,NA,No,Male,NA,1,NA
3472,R_7D5OEkBQ7QZWVB1,Young Control,fab,NA,NA,video4_cred_fab,cred_fab,NA,4,NA,Male,No,2,0,0,1,0,0,0,NA,NA,12,High,NA,No,Male,NA,1,NA
3473,R_7D5OEkBQ7QZWVB1,Young Control,mae,NA,NA,video5_cred_mae,cred_mae,NA,5,NA,Male,No,2,0,0,1,0,0,0,NA,NA,12,High,NA,No,Male,NA,1,NA
3474,R_7D5OEkBQ7QZWVB1,Young Control,zanx,NA,NA,video6_cred_zanx,cred_zanx,NA,6,NA,Male,No,2,0,0,1,0,0,0,NA,NA,12,High,NA,No,Male,NA,1,NA
3475,R_7DCF4dcJEu0dYPd,Old Control,aby,1,1,video1_cred_aby,cred_aby,7,1,-0.868356844,Female,Yes,3,0,0,0,0,1,0,1,2,2,Low,Moderate,Yes,Female,1,0,0
3476,R_7DCF4dcJEu0dYPd,Old Control,anna,1,1,video2_cred_anna,cred_anna,7,2,-0.868356844,Female,Yes,3,0,0,0,0,1,0,1,2,2,Low,Moderate,Yes,Female,1,0,0
3477,R_7DCF4dcJEu0dYPd,Old Control,cham,1,1,video3_cred_cham,cred_cham,10,3,-0.762861585,Female,Yes,3,0,0,0,0,1,0,1,2,2,Low,Moderate,Yes,Female,1,0,0
3478,R_7DCF4dcJEu0dYPd,Old Control,fab,1,1,video4_cred_fab,cred_fab,9,4,-0.798026671,Female,Yes,3,0,0,0,0,1,0,1,2,2,Low,Moderate,Yes,Female,1,0,0
3479,R_7DCF4dcJEu0dYPd,Old Control,mae,1,1,video5_cred_mae,cred_mae,8,5,-0.833191758,Female,Yes,3,0,0,0,0,1,0,1,2,2,Low,Moderate,Yes,Female,1,0,0
3480,R_7DCF4dcJEu0dYPd,Old Control,zanx,1,1,video6_cred_zanx,cred_zanx,7,6,-0.868356844,Female,Yes,3,0,0,0,0,1,0,1,2,2,Low,Moderate,Yes,Female,1,0,0
3481,R_7DOi5zFaR7DyYWc,Old Treat,aby,1,1,video1_cred_aby,cred_aby,18,1,-0.481540893,Male,No,4,0,1,0,0,0,1,1,2,2,Low,Moderate,No,Male,3,0,0
3482,R_7DOi5zFaR7DyYWc,Old Treat,anna,1,1,video2_cred_anna,cred_anna,10,2,-0.762861585,Male,No,4,0,1,0,0,0,1,1,2,2,Low,Moderate,No,Male,3,0,0
3483,R_7DOi5zFaR7DyYWc,Old Treat,cham,1,1,video3_cred_cham,cred_cham,10,3,-0.762861585,Male,No,4,0,1,0,0,0,1,1,2,2,Low,Moderate,No,Male,3,0,0
3484,R_7DOi5zFaR7DyYWc,Old Treat,fab,1,1,video4_cred_fab,cred_fab,10,4,-0.762861585,Male,No,4,0,1,0,0,0,1,1,2,2,Low,Moderate,No,Male,3,0,0
3485,R_7DOi5zFaR7DyYWc,Old Treat,mae,1,1,video5_cred_mae,cred_mae,20,5,-0.41121072,Male,No,4,0,1,0,0,0,1,1,2,2,Low,Moderate,No,Male,3,0,0
3486,R_7DOi5zFaR7DyYWc,Old Treat,zanx,1,1,video6_cred_zanx,cred_zanx,30,6,-0.059559855,Male,No,4,0,1,0,0,0,1,1,2,2,Low,Moderate,No,Male,3,0,1
3487,R_7DckEo8BGUkq542,Young Control,aby,NA,NA,video1_cred_aby,cred_aby,NA,1,NA,Female,No,2,0,0,1,0,1,0,NA,NA,0,Low,NA,No,Female,1,0,NA
3488,R_7DckEo8BGUkq542,Young Control,anna,NA,NA,video2_cred_anna,cred_anna,NA,2,NA,Female,No,2,0,0,1,0,1,0,NA,NA,0,Low,NA,No,Female,1,0,NA
3489,R_7DckEo8BGUkq542,Young Control,cham,0,0,video3_cred_cham,cred_cham,1,3,-1.079347363,Female,No,2,0,0,1,0,1,0,0,0,0,Low,Moderate,No,Female,1,0,0
3490,R_7DckEo8BGUkq542,Young Control,fab,NA,NA,video4_cred_fab,cred_fab,NA,4,NA,Female,No,2,0,0,1,0,1,0,NA,NA,0,Low,NA,No,Female,1,0,NA
3491,R_7DckEo8BGUkq542,Young Control,mae,NA,NA,video5_cred_mae,cred_mae,NA,5,NA,Female,No,2,0,0,1,0,1,0,NA,NA,0,Low,NA,No,Female,1,0,NA
3492,R_7DckEo8BGUkq542,Young Control,zanx,NA,NA,video6_cred_zanx,cred_zanx,2,6,-1.044182276,Female,No,2,0,0,1,0,1,0,NA,NA,0,Low,NA,No,Female,1,0,0
3493,R_7DkgkhI0r5p13yy,Old Treat,aby,NA,NA,video1_cred_aby,cred_aby,NA,1,NA,Male,Yes,2,0,0,1,0,0,1,NA,NA,NA,NA,NA,Yes,Male,3,1,NA
3494,R_7DkgkhI0r5p13yy,Old Treat,anna,NA,NA,video2_cred_anna,cred_anna,NA,2,NA,Male,Yes,2,0,0,1,0,0,1,NA,NA,NA,NA,NA,Yes,Male,3,1,NA
3495,R_7DkgkhI0r5p13yy,Old Treat,cham,NA,NA,video3_cred_cham,cred_cham,NA,3,NA,Male,Yes,2,0,0,1,0,0,1,NA,NA,NA,NA,NA,Yes,Male,3,1,NA
3496,R_7DkgkhI0r5p13yy,Old Treat,fab,NA,NA,video4_cred_fab,cred_fab,NA,4,NA,Male,Yes,2,0,0,1,0,0,1,NA,NA,NA,NA,NA,Yes,Male,3,1,NA
3497,R_7DkgkhI0r5p13yy,Old Treat,mae,NA,NA,video5_cred_mae,cred_mae,NA,5,NA,Male,Yes,2,0,0,1,0,0,1,NA,NA,NA,NA,NA,Yes,Male,3,1,NA
3498,R_7DkgkhI0r5p13yy,Old Treat,zanx,NA,NA,video6_cred_zanx,cred_zanx,NA,6,NA,Male,Yes,2,0,0,1,0,0,1,NA,NA,NA,NA,NA,Yes,Male,3,1,NA
3499,R_7Dqo84mF3K2LzW0,Old Treat,aby,2,2,video1_cred_aby,cred_aby,14,1,-0.622201239,Male,Yes,4,0,0,0,0,1,0,2,4,3,Low,High,Yes,Male,1,0,0
3500,R_7Dqo84mF3K2LzW0,Old Treat,anna,3,3,video2_cred_anna,cred_anna,31,2,-0.024394769,Male,Yes,4,0,0,0,0,1,0,3,6,3,Low,High,Yes,Male,1,0,1
3501,R_7Dqo84mF3K2LzW0,Old Treat,cham,4,3,video3_cred_cham,cred_cham,40,3,0.292091009,Male,Yes,4,0,0,0,0,1,0,3.5,7,3,Low,High,Yes,Male,1,0,1
3502,R_7Dqo84mF3K2LzW0,Old Treat,fab,1,1,video4_cred_fab,cred_fab,19,4,-0.446375807,Male,Yes,4,0,0,0,0,1,0,1,2,3,Low,Moderate,Yes,Male,1,0,0
3503,R_7Dqo84mF3K2LzW0,Old Treat,mae,3,3,video5_cred_mae,cred_mae,43,5,0.397586269,Male,Yes,4,0,0,0,0,1,0,3,6,3,Low,High,Yes,Male,1,0,1
3504,R_7Dqo84mF3K2LzW0,Old Treat,zanx,2,1,video6_cred_zanx,cred_zanx,24,6,-0.270550374,Male,Yes,4,0,0,0,0,1,0,1.5,3,3,Low,High,Yes,Male,1,0,1
3505,R_7DvVhKim5ZgF8U2,Old Treat,aby,0,0,video1_cred_aby,cred_aby,86,1,1.909684986,Female,Yes,1,0,0,0,0,1,0,0,0,0,Low,Moderate,Yes,Female,1,0,1
3506,R_7DvVhKim5ZgF8U2,Old Treat,anna,0,0,video2_cred_anna,cred_anna,100,2,2.401996197,Female,Yes,1,0,0,0,0,1,0,0,0,0,Low,Moderate,Yes,Female,1,0,1
3507,R_7DvVhKim5ZgF8U2,Old Treat,cham,0,0,video3_cred_cham,cred_cham,59,3,0.960227652,Female,Yes,1,0,0,0,0,1,0,0,0,0,Low,Moderate,Yes,Female,1,0,1
3508,R_7DvVhKim5ZgF8U2,Old Treat,fab,0,0,video4_cred_fab,cred_fab,79,4,1.663529381,Female,Yes,1,0,0,0,0,1,0,0,0,0,Low,Moderate,Yes,Female,1,0,1
3509,R_7DvVhKim5ZgF8U2,Old Treat,mae,0,0,video5_cred_mae,cred_mae,55,5,0.819567306,Female,Yes,1,0,0,0,0,1,0,0,0,0,Low,Moderate,Yes,Female,1,0,1
3510,R_7DvVhKim5ZgF8U2,Old Treat,zanx,0,0,video6_cred_zanx,cred_zanx,75,6,1.522869035,Female,Yes,1,0,0,0,0,1,0,0,0,0,Low,Moderate,Yes,Female,1,0,1
3511,R_7EY6Z8PBoeRQdZZ,Old Treat,aby,0,0,video1_cred_aby,cred_aby,18,1,-0.481540893,Female,No,3,1,1,0,0,0,0,0,0,0,Low,Moderate,No,Female,1,0,0
3512,R_7EY6Z8PBoeRQdZZ,Old Treat,anna,0,0,video2_cred_anna,cred_anna,39,2,0.256925923,Female,No,3,1,1,0,0,0,0,0,0,0,Low,Moderate,No,Female,1,0,1
3513,R_7EY6Z8PBoeRQdZZ,Old Treat,cham,0,0,video3_cred_cham,cred_cham,45,3,0.467916441,Female,No,3,1,1,0,0,0,0,0,0,0,Low,Moderate,No,Female,1,0,1
3514,R_7EY6Z8PBoeRQdZZ,Old Treat,fab,0,0,video4_cred_fab,cred_fab,10,4,-0.762861585,Female,No,3,1,1,0,0,0,0,0,0,0,Low,Moderate,No,Female,1,0,0
3515,R_7EY6Z8PBoeRQdZZ,Old Treat,mae,0,0,video5_cred_mae,cred_mae,26,5,-0.200220201,Female,No,3,1,1,0,0,0,0,0,0,0,Low,Moderate,No,Female,1,0,1
3516,R_7EY6Z8PBoeRQdZZ,Old Treat,zanx,0,0,video6_cred_zanx,cred_zanx,14,6,-0.622201239,Female,No,3,1,1,0,0,0,0,0,0,0,Low,Moderate,No,Female,1,0,0
3517,R_7Egyd3vuUiyOi89,Old Treat,aby,1,0,video1_cred_aby,cred_aby,60,1,0.995392738,Male,Yes,3,0,0,0,0,0,1,0.5,1,1,Low,Moderate,Yes,Male,3,0,1
3518,R_7Egyd3vuUiyOi89,Old Treat,anna,0,0,video2_cred_anna,cred_anna,35,2,0.116265577,Male,Yes,3,0,0,0,0,0,1,0,0,1,Low,Moderate,Yes,Male,3,0,1
3519,R_7Egyd3vuUiyOi89,Old Treat,cham,1,0,video3_cred_cham,cred_cham,60,3,0.995392738,Male,Yes,3,0,0,0,0,0,1,0.5,1,1,Low,Moderate,Yes,Male,3,0,1
3520,R_7Egyd3vuUiyOi89,Old Treat,fab,0,0,video4_cred_fab,cred_fab,60,4,0.995392738,Male,Yes,3,0,0,0,0,0,1,0,0,1,Low,Moderate,Yes,Male,3,0,1
3521,R_7Egyd3vuUiyOi89,Old Treat,mae,1,0,video5_cred_mae,cred_mae,60,5,0.995392738,Male,Yes,3,0,0,0,0,0,1,0.5,1,1,Low,Moderate,Yes,Male,3,0,1
3522,R_7Egyd3vuUiyOi89,Old Treat,zanx,1,0,video6_cred_zanx,cred_zanx,50,6,0.643741874,Male,Yes,3,0,0,0,0,0,1,0.5,1,1,Low,Moderate,Yes,Male,3,0,1
3523,R_7Enkqb5QVRrpyjT,Young Control,aby,0,0,video1_cred_aby,cred_aby,40,1,0.292091009,Male,No,1,0,1,0,0,0,0,0,0,0,Low,Moderate,No,Male,2,0,1
3524,R_7Enkqb5QVRrpyjT,Young Control,anna,0,0,video2_cred_anna,cred_anna,0,2,-1.114512449,Male,No,1,0,1,0,0,0,0,0,0,0,Low,Moderate,No,Male,2,0,0
3525,R_7Enkqb5QVRrpyjT,Young Control,cham,0,0,video3_cred_cham,cred_cham,20,3,-0.41121072,Male,No,1,0,1,0,0,0,0,0,0,0,Low,Moderate,No,Male,2,0,0
3526,R_7Enkqb5QVRrpyjT,Young Control,fab,0,0,video4_cred_fab,cred_fab,30,4,-0.059559855,Male,No,1,0,1,0,0,0,0,0,0,0,Low,Moderate,No,Male,2,0,1
3527,R_7Enkqb5QVRrpyjT,Young Control,mae,0,0,video5_cred_mae,cred_mae,10,5,-0.762861585,Male,No,1,0,1,0,0,0,0,0,0,0,Low,Moderate,No,Male,2,0,0
3528,R_7Enkqb5QVRrpyjT,Young Control,zanx,0,0,video6_cred_zanx,cred_zanx,40,6,0.292091009,Male,No,1,0,1,0,0,0,0,0,0,0,Low,Moderate,No,Male,2,0,1
3529,R_7Eu3QmpA25GnPwG,Old Treat,aby,5,5,video1_cred_aby,cred_aby,70,1,1.347043603,Male,Yes,3,0,0,1,0,0,1,5,10,10,High,High,Yes,Male,2,1,1
3530,R_7Eu3QmpA25GnPwG,Old Treat,anna,5,5,video2_cred_anna,cred_anna,67,2,1.241548344,Male,Yes,3,0,0,1,0,0,1,5,10,10,High,High,Yes,Male,2,1,1
3531,R_7Eu3QmpA25GnPwG,Old Treat,cham,5,5,video3_cred_cham,cred_cham,72,3,1.417373776,Male,Yes,3,0,0,1,0,0,1,5,10,10,High,High,Yes,Male,2,1,1
3532,R_7Eu3QmpA25GnPwG,Old Treat,fab,5,5,video4_cred_fab,cred_fab,73,4,1.452538862,Male,Yes,3,0,0,1,0,0,1,5,10,10,High,High,Yes,Male,2,1,1
3533,R_7Eu3QmpA25GnPwG,Old Treat,mae,5,5,video5_cred_mae,cred_mae,77,5,1.593199208,Male,Yes,3,0,0,1,0,0,1,5,10,10,High,High,Yes,Male,2,1,1
3534,R_7Eu3QmpA25GnPwG,Old Treat,zanx,5,5,video6_cred_zanx,cred_zanx,69,6,1.311878516,Male,Yes,3,0,0,1,0,0,1,5,10,10,High,High,Yes,Male,2,1,1
3535,R_7FWHYE7nihDDXHz,Young Control,aby,0,0,video1_cred_aby,cred_aby,32,1,0.010770317,Female,No,4,1,0,0,0,0,0,0,0,0,Low,Moderate,No,Female,1,0,1
3536,R_7FWHYE7nihDDXHz,Young Control,anna,0,0,video2_cred_anna,cred_anna,44,2,0.432751355,Female,No,4,1,0,0,0,0,0,0,0,0,Low,Moderate,No,Female,1,0,1
3537,R_7FWHYE7nihDDXHz,Young Control,cham,0,0,video3_cred_cham,cred_cham,30,3,-0.059559855,Female,No,4,1,0,0,0,0,0,0,0,0,Low,Moderate,No,Female,1,0,1
3538,R_7FWHYE7nihDDXHz,Young Control,fab,0,0,video4_cred_fab,cred_fab,53,4,0.749237133,Female,No,4,1,0,0,0,0,0,0,0,0,Low,Moderate,No,Female,1,0,1
3539,R_7FWHYE7nihDDXHz,Young Control,mae,0,0,video5_cred_mae,cred_mae,44,5,0.432751355,Female,No,4,1,0,0,0,0,0,0,0,0,Low,Moderate,No,Female,1,0,1
3540,R_7FWHYE7nihDDXHz,Young Control,zanx,0,0,video6_cred_zanx,cred_zanx,0,6,-1.114512449,Female,No,4,1,0,0,0,0,0,0,0,0,Low,Moderate,No,Female,1,0,0
3541,R_7FmiDDyg0XwZBCh,Old Treat,aby,5,5,video1_cred_aby,cred_aby,73,1,1.452538862,Female,Yes,1,0,0,1,0,0,0,5,10,11,High,High,Yes,Female,2,1,1
3542,R_7FmiDDyg0XwZBCh,Old Treat,anna,5,5,video2_cred_anna,cred_anna,81,2,1.733859554,Female,Yes,1,0,0,1,0,0,0,5,10,11,High,High,Yes,Female,2,1,1
3543,R_7FmiDDyg0XwZBCh,Old Treat,cham,6,5,video3_cred_cham,cred_cham,81,3,1.733859554,Female,Yes,1,0,0,1,0,0,0,5.5,11,11,High,High,Yes,Female,2,1,1
3544,R_7FmiDDyg0XwZBCh,Old Treat,fab,5,5,video4_cred_fab,cred_fab,82,4,1.76902464,Female,Yes,1,0,0,1,0,0,0,5,10,11,High,High,Yes,Female,2,1,1
3545,R_7FmiDDyg0XwZBCh,Old Treat,mae,6,5,video5_cred_mae,cred_mae,84,5,1.839354813,Female,Yes,1,0,0,1,0,0,0,5.5,11,11,High,High,Yes,Female,2,1,1
3546,R_7FmiDDyg0XwZBCh,Old Treat,zanx,5,6,video6_cred_zanx,cred_zanx,80,6,1.698694468,Female,Yes,1,0,0,1,0,0,0,5.5,11,11,High,High,Yes,Female,2,1,1
3547,R_7Fmtm6bKu8YUXU6,Old Treat,aby,0,2,video1_cred_aby,cred_aby,45,1,0.467916441,Female,Yes,4,1,0,0,0,0,0,1,2,2,Low,Moderate,Yes,Female,1,0,1
3548,R_7Fmtm6bKu8YUXU6,Old Treat,anna,0,2,video2_cred_anna,cred_anna,76,2,1.558034122,Female,Yes,4,1,0,0,0,0,0,1,2,2,Low,Moderate,Yes,Female,1,0,1
3549,R_7Fmtm6bKu8YUXU6,Old Treat,cham,0,2,video3_cred_cham,cred_cham,53,3,0.749237133,Female,Yes,4,1,0,0,0,0,0,1,2,2,Low,Moderate,Yes,Female,1,0,1
3550,R_7Fmtm6bKu8YUXU6,Old Treat,fab,0,2,video4_cred_fab,cred_fab,69,4,1.311878516,Female,Yes,4,1,0,0,0,0,0,1,2,2,Low,Moderate,Yes,Female,1,0,1
3551,R_7Fmtm6bKu8YUXU6,Old Treat,mae,0,2,video5_cred_mae,cred_mae,78,5,1.628364295,Female,Yes,4,1,0,0,0,0,0,1,2,2,Low,Moderate,Yes,Female,1,0,1
3552,R_7Fmtm6bKu8YUXU6,Old Treat,zanx,0,2,video6_cred_zanx,cred_zanx,64,6,1.136053084,Female,Yes,4,1,0,0,0,0,0,1,2,2,Low,Moderate,Yes,Female,1,0,1
3553,R_7G1T2hNMRGaBTXO,Old Treat,aby,1,1,video1_cred_aby,cred_aby,14,1,-0.622201239,Female,Yes,2,1,0,0,0,0,0,1,2,0,Low,Moderate,Yes,Female,1,0,0
3554,R_7G1T2hNMRGaBTXO,Old Treat,anna,0,0,video2_cred_anna,cred_anna,0,2,-1.114512449,Female,Yes,2,1,0,0,0,0,0,0,0,0,Low,Moderate,Yes,Female,1,0,0
3555,R_7G1T2hNMRGaBTXO,Old Treat,cham,0,0,video3_cred_cham,cred_cham,6,3,-0.903521931,Female,Yes,2,1,0,0,0,0,0,0,0,0,Low,Moderate,Yes,Female,1,0,0
3556,R_7G1T2hNMRGaBTXO,Old Treat,fab,0,0,video4_cred_fab,cred_fab,8,4,-0.833191758,Female,Yes,2,1,0,0,0,0,0,0,0,0,Low,Moderate,Yes,Female,1,0,0
3557,R_7G1T2hNMRGaBTXO,Old Treat,mae,0,0,video5_cred_mae,cred_mae,0,5,-1.114512449,Female,Yes,2,1,0,0,0,0,0,0,0,0,Low,Moderate,Yes,Female,1,0,0
3558,R_7G1T2hNMRGaBTXO,Old Treat,zanx,0,1,video6_cred_zanx,cred_zanx,7,6,-0.868356844,Female,Yes,2,1,0,0,0,0,0,0.5,1,0,Low,Moderate,Yes,Female,1,0,0
3559,R_7Gj6rHbNvc5OcuD,Young Control,aby,0,0,video1_cred_aby,cred_aby,70,1,1.347043603,Female,No,2,0,1,0,0,0,0,0,0,0,Low,Moderate,No,Female,1,0,1
3560,R_7Gj6rHbNvc5OcuD,Young Control,anna,0,0,video2_cred_anna,cred_anna,40,2,0.292091009,Female,No,2,0,1,0,0,0,0,0,0,0,Low,Moderate,No,Female,1,0,1
3561,R_7Gj6rHbNvc5OcuD,Young Control,cham,0,0,video3_cred_cham,cred_cham,20,3,-0.41121072,Female,No,2,0,1,0,0,0,0,0,0,0,Low,Moderate,No,Female,1,0,0
3562,R_7Gj6rHbNvc5OcuD,Young Control,fab,0,0,video4_cred_fab,cred_fab,20,4,-0.41121072,Female,No,2,0,1,0,0,0,0,0,0,0,Low,Moderate,No,Female,1,0,0
3563,R_7Gj6rHbNvc5OcuD,Young Control,mae,0,0,video5_cred_mae,cred_mae,50,5,0.643741874,Female,No,2,0,1,0,0,0,0,0,0,0,Low,Moderate,No,Female,1,0,1
3564,R_7Gj6rHbNvc5OcuD,Young Control,zanx,0,0,video6_cred_zanx,cred_zanx,50,6,0.643741874,Female,No,2,0,1,0,0,0,0,0,0,0,Low,Moderate,No,Female,1,0,1
3565,R_7H0RDD3GiKAKo95,Young Treat,aby,0,0,video1_cred_aby,cred_aby,26,1,-0.200220201,Female,Yes,3,0,0,0,0,1,0,0,0,0,Low,Moderate,Yes,Female,1,0,1
3566,R_7H0RDD3GiKAKo95,Young Treat,anna,0,0,video2_cred_anna,cred_anna,25,2,-0.235385288,Female,Yes,3,0,0,0,0,1,0,0,0,0,Low,Moderate,Yes,Female,1,0,1
3567,R_7H0RDD3GiKAKo95,Young Treat,cham,0,0,video3_cred_cham,cred_cham,28,3,-0.129890028,Female,Yes,3,0,0,0,0,1,0,0,0,0,Low,Moderate,Yes,Female,1,0,1
3568,R_7H0RDD3GiKAKo95,Young Treat,fab,0,0,video4_cred_fab,cred_fab,26,4,-0.200220201,Female,Yes,3,0,0,0,0,1,0,0,0,0,Low,Moderate,Yes,Female,1,0,1
3569,R_7H0RDD3GiKAKo95,Young Treat,mae,0,3,video5_cred_mae,cred_mae,5,5,-0.938687017,Female,Yes,3,0,0,0,0,1,0,1.5,3,0,Low,High,Yes,Female,1,0,0
3570,R_7H0RDD3GiKAKo95,Young Treat,zanx,0,0,video6_cred_zanx,cred_zanx,0,6,-1.114512449,Female,Yes,3,0,0,0,0,1,0,0,0,0,Low,Moderate,Yes,Female,1,0,0
3571,R_7Hq55OADcgE7QJF,Young Treat,aby,1,0,video1_cred_aby,cred_aby,13,1,-0.657366325,Female,No,1,0,0,1,0,0,0,0.5,1,4,Low,Moderate,No,Female,1,0,0
3572,R_7Hq55OADcgE7QJF,Young Treat,anna,2,1,video2_cred_anna,cred_anna,8,2,-0.833191758,Female,No,1,0,0,1,0,0,0,1.5,3,4,Low,High,No,Female,1,0,0
3573,R_7Hq55OADcgE7QJF,Young Treat,cham,1,1,video3_cred_cham,cred_cham,9,3,-0.798026671,Female,No,1,0,0,1,0,0,0,1,2,4,Low,Moderate,No,Female,1,0,0
3574,R_7Hq55OADcgE7QJF,Young Treat,fab,1,1,video4_cred_fab,cred_fab,27,4,-0.165055115,Female,No,1,0,0,1,0,0,0,1,2,4,Low,Moderate,No,Female,1,0,1
3575,R_7Hq55OADcgE7QJF,Young Treat,mae,2,1,video5_cred_mae,cred_mae,8,5,-0.833191758,Female,No,1,0,0,1,0,0,0,1.5,3,4,Low,High,No,Female,1,0,0
3576,R_7Hq55OADcgE7QJF,Young Treat,zanx,2,1,video6_cred_zanx,cred_zanx,6,6,-0.903521931,Female,No,1,0,0,1,0,0,0,1.5,3,4,Low,High,No,Female,1,0,0
3577,R_7HudkXUDdfe1UNg,Old Treat,aby,5,4,video1_cred_aby,cred_aby,72,1,1.417373776,Male,No,3,1,0,0,0,0,1,4.5,9,10,High,High,No,Male,2,1,1
3578,R_7HudkXUDdfe1UNg,Old Treat,anna,5,6,video2_cred_anna,cred_anna,77,2,1.593199208,Male,No,3,1,0,0,0,0,1,5.5,11,10,High,High,No,Male,2,1,1
3579,R_7HudkXUDdfe1UNg,Old Treat,cham,4,5,video3_cred_cham,cred_cham,69,3,1.311878516,Male,No,3,1,0,0,0,0,1,4.5,9,10,High,High,No,Male,2,1,1
3580,R_7HudkXUDdfe1UNg,Old Treat,fab,6,5,video4_cred_fab,cred_fab,77,4,1.593199208,Male,No,3,1,0,0,0,0,1,5.5,11,10,High,High,No,Male,2,1,1
3581,R_7HudkXUDdfe1UNg,Old Treat,mae,5,6,video5_cred_mae,cred_mae,74,5,1.487703949,Male,No,3,1,0,0,0,0,1,5.5,11,10,High,High,No,Male,2,1,1
3582,R_7HudkXUDdfe1UNg,Old Treat,zanx,6,5,video6_cred_zanx,cred_zanx,67,6,1.241548344,Male,No,3,1,0,0,0,0,1,5.5,11,10,High,High,No,Male,2,1,1
3583,R_7I3WzDKcDb2GoBb,Young Treat,aby,4,3,video1_cred_aby,cred_aby,59,1,0.960227652,Male,No,4,1,0,0,0,0,1,3.5,7,7,Moderate,High,No,Male,1,1,1
3584,R_7I3WzDKcDb2GoBb,Young Treat,anna,3,3,video2_cred_anna,cred_anna,62,2,1.065722911,Male,No,4,1,0,0,0,0,1,3,6,7,Moderate,High,No,Male,1,1,1
3585,R_7I3WzDKcDb2GoBb,Young Treat,cham,3,4,video3_cred_cham,cred_cham,63,3,1.100887998,Male,No,4,1,0,0,0,0,1,3.5,7,7,Moderate,High,No,Male,1,1,1
3586,R_7I3WzDKcDb2GoBb,Young Treat,fab,3,4,video4_cred_fab,cred_fab,58,4,0.925062565,Male,No,4,1,0,0,0,0,1,3.5,7,7,Moderate,High,No,Male,1,1,1
3587,R_7I3WzDKcDb2GoBb,Young Treat,mae,3,3,video5_cred_mae,cred_mae,55,5,0.819567306,Male,No,4,1,0,0,0,0,1,3,6,7,Moderate,High,No,Male,1,1,1
3588,R_7I3WzDKcDb2GoBb,Young Treat,zanx,4,3,video6_cred_zanx,cred_zanx,59,6,0.960227652,Male,No,4,1,0,0,0,0,1,3.5,7,7,Moderate,High,No,Male,1,1,1
3589,R_7I3va2Y509L66W8,Young Control,aby,NA,NA,video1_cred_aby,cred_aby,NA,1,NA,Female,Yes,4,0,0,0,0,1,0,NA,NA,2,Low,NA,Yes,Female,2,0,NA
3590,R_7I3va2Y509L66W8,Young Control,anna,1,1,video2_cred_anna,cred_anna,NA,2,NA,Female,Yes,4,0,0,0,0,1,0,1,2,2,Low,Moderate,Yes,Female,2,0,NA
3591,R_7I3va2Y509L66W8,Young Control,cham,1,1,video3_cred_cham,cred_cham,49,3,0.608576787,Female,Yes,4,0,0,0,0,1,0,1,2,2,Low,Moderate,Yes,Female,2,0,1
3592,R_7I3va2Y509L66W8,Young Control,fab,1,1,video4_cred_fab,cred_fab,32,4,0.010770317,Female,Yes,4,0,0,0,0,1,0,1,2,2,Low,Moderate,Yes,Female,2,0,1
3593,R_7I3va2Y509L66W8,Young Control,mae,1,1,video5_cred_mae,cred_mae,44,5,0.432751355,Female,Yes,4,0,0,0,0,1,0,1,2,2,Low,Moderate,Yes,Female,2,0,1
3594,R_7I3va2Y509L66W8,Young Control,zanx,1,1,video6_cred_zanx,cred_zanx,49,6,0.608576787,Female,Yes,4,0,0,0,0,1,0,1,2,2,Low,Moderate,Yes,Female,2,0,1
3595,R_7IGdxKQi4RTNhO7,Young Control,aby,0,0,video1_cred_aby,cred_aby,0,1,-1.114512449,Female,No,4,0,1,0,0,1,1,0,0,0,Low,Moderate,No,Female,2,0,0
3596,R_7IGdxKQi4RTNhO7,Young Control,anna,0,0,video2_cred_anna,cred_anna,0,2,-1.114512449,Female,No,4,0,1,0,0,1,1,0,0,0,Low,Moderate,No,Female,2,0,0
3597,R_7IGdxKQi4RTNhO7,Young Control,cham,0,0,video3_cred_cham,cred_cham,7,3,-0.868356844,Female,No,4,0,1,0,0,1,1,0,0,0,Low,Moderate,No,Female,2,0,0
3598,R_7IGdxKQi4RTNhO7,Young Control,fab,0,0,video4_cred_fab,cred_fab,0,4,-1.114512449,Female,No,4,0,1,0,0,1,1,0,0,0,Low,Moderate,No,Female,2,0,0
3599,R_7IGdxKQi4RTNhO7,Young Control,mae,0,0,video5_cred_mae,cred_mae,0,5,-1.114512449,Female,No,4,0,1,0,0,1,1,0,0,0,Low,Moderate,No,Female,2,0,0
3600,R_7IGdxKQi4RTNhO7,Young Control,zanx,0,0,video6_cred_zanx,cred_zanx,0,6,-1.114512449,Female,No,4,0,1,0,0,1,1,0,0,0,Low,Moderate,No,Female,2,0,0
3601,R_7IMltZsURgGnIDH,Young Treat,aby,6,4,video1_cred_aby,cred_aby,74,1,1.487703949,Male,No,3,1,0,0,0,0,1,5,10,9,Moderate,High,No,Male,3,1,1
3602,R_7IMltZsURgGnIDH,Young Treat,anna,4,5,video2_cred_anna,cred_anna,78,2,1.628364295,Male,No,3,1,0,0,0,0,1,4.5,9,9,Moderate,High,No,Male,3,1,1
3603,R_7IMltZsURgGnIDH,Young Treat,cham,6,5,video3_cred_cham,cred_cham,77,3,1.593199208,Male,No,3,1,0,0,0,0,1,5.5,11,9,Moderate,High,No,Male,3,1,1
3604,R_7IMltZsURgGnIDH,Young Treat,fab,5,4,video4_cred_fab,cred_fab,86,4,1.909684986,Male,No,3,1,0,0,0,0,1,4.5,9,9,Moderate,High,No,Male,3,1,1
3605,R_7IMltZsURgGnIDH,Young Treat,mae,5,4,video5_cred_mae,cred_mae,74,5,1.487703949,Male,No,3,1,0,0,0,0,1,4.5,9,9,Moderate,High,No,Male,3,1,1
3606,R_7IMltZsURgGnIDH,Young Treat,zanx,5,4,video6_cred_zanx,cred_zanx,67,6,1.241548344,Male,No,3,1,0,0,0,0,1,4.5,9,9,Moderate,High,No,Male,3,1,1
3607,R_7Ihwha8YGLs4i8p,Young Treat,aby,6,5,video1_cred_aby,cred_aby,77,1,1.593199208,Female,No,2,1,0,0,0,0,0,5.5,11,10,High,High,No,Female,1,1,1
3608,R_7Ihwha8YGLs4i8p,Young Treat,anna,6,5,video2_cred_anna,cred_anna,74,2,1.487703949,Female,No,2,1,0,0,0,0,0,5.5,11,10,High,High,No,Female,1,1,1
3609,R_7Ihwha8YGLs4i8p,Young Treat,cham,5,6,video3_cred_cham,cred_cham,82,3,1.76902464,Female,No,2,1,0,0,0,0,0,5.5,11,10,High,High,No,Female,1,1,1
3610,R_7Ihwha8YGLs4i8p,Young Treat,fab,5,6,video4_cred_fab,cred_fab,81,4,1.733859554,Female,No,2,1,0,0,0,0,0,5.5,11,10,High,High,No,Female,1,1,1
3611,R_7Ihwha8YGLs4i8p,Young Treat,mae,5,6,video5_cred_mae,cred_mae,79,5,1.663529381,Female,No,2,1,0,0,0,0,0,5.5,11,10,High,High,No,Female,1,1,1
3612,R_7Ihwha8YGLs4i8p,Young Treat,zanx,5,6,video6_cred_zanx,cred_zanx,78,6,1.628364295,Female,No,2,1,0,0,0,0,0,5.5,11,10,High,High,No,Female,1,1,1
3613,R_7JKhloB5jqM2SxY,Young Control,aby,0,0,video1_cred_aby,cred_aby,3,1,-1.00901719,Female,Yes,1,1,0,0,0,0,0,0,0,0,Low,Moderate,Yes,Female,1,0,0
3614,R_7JKhloB5jqM2SxY,Young Control,anna,0,0,video2_cred_anna,cred_anna,0,2,-1.114512449,Female,Yes,1,1,0,0,0,0,0,0,0,0,Low,Moderate,Yes,Female,1,0,0
3615,R_7JKhloB5jqM2SxY,Young Control,cham,0,0,video3_cred_cham,cred_cham,0,3,-1.114512449,Female,Yes,1,1,0,0,0,0,0,0,0,0,Low,Moderate,Yes,Female,1,0,0
3616,R_7JKhloB5jqM2SxY,Young Control,fab,0,0,video4_cred_fab,cred_fab,0,4,-1.114512449,Female,Yes,1,1,0,0,0,0,0,0,0,0,Low,Moderate,Yes,Female,1,0,0
3617,R_7JKhloB5jqM2SxY,Young Control,mae,0,0,video5_cred_mae,cred_mae,0,5,-1.114512449,Female,Yes,1,1,0,0,0,0,0,0,0,0,Low,Moderate,Yes,Female,1,0,0
3618,R_7JKhloB5jqM2SxY,Young Control,zanx,0,0,video6_cred_zanx,cred_zanx,0,6,-1.114512449,Female,Yes,1,1,0,0,0,0,0,0,0,0,Low,Moderate,Yes,Female,1,0,0
3619,R_7JbfIdCeQNTyBKz,Young Treat,aby,0,0,video1_cred_aby,cred_aby,23,1,-0.305715461,Female,No,4,1,0,0,0,0,1,0,0,0,Low,Moderate,No,Female,1,0,1
3620,R_7JbfIdCeQNTyBKz,Young Treat,anna,0,0,video2_cred_anna,cred_anna,0,2,-1.114512449,Female,No,4,1,0,0,0,0,1,0,0,0,Low,Moderate,No,Female,1,0,0
3621,R_7JbfIdCeQNTyBKz,Young Treat,cham,0,0,video3_cred_cham,cred_cham,0,3,-1.114512449,Female,No,4,1,0,0,0,0,1,0,0,0,Low,Moderate,No,Female,1,0,0
3622,R_7JbfIdCeQNTyBKz,Young Treat,fab,0,0,video4_cred_fab,cred_fab,0,4,-1.114512449,Female,No,4,1,0,0,0,0,1,0,0,0,Low,Moderate,No,Female,1,0,0
3623,R_7JbfIdCeQNTyBKz,Young Treat,mae,0,0,video5_cred_mae,cred_mae,0,5,-1.114512449,Female,No,4,1,0,0,0,0,1,0,0,0,Low,Moderate,No,Female,1,0,0
3624,R_7JbfIdCeQNTyBKz,Young Treat,zanx,0,0,video6_cred_zanx,cred_zanx,0,6,-1.114512449,Female,No,4,1,0,0,0,0,1,0,0,0,Low,Moderate,No,Female,1,0,0
3625,R_7KgwC9FBrQZudfr,Old Treat,aby,0,0,video1_cred_aby,cred_aby,0,1,-1.114512449,Female,Yes,3,0,0,0,0,1,0,0,0,1,Low,Moderate,Yes,Female,3,0,0
3626,R_7KgwC9FBrQZudfr,Old Treat,anna,1,1,video2_cred_anna,cred_anna,0,2,-1.114512449,Female,Yes,3,0,0,0,0,1,0,1,2,1,Low,Moderate,Yes,Female,3,0,0
3627,R_7KgwC9FBrQZudfr,Old Treat,cham,1,0,video3_cred_cham,cred_cham,4,3,-0.973852103,Female,Yes,3,0,0,0,0,1,0,0.5,1,1,Low,Moderate,Yes,Female,3,0,0
3628,R_7KgwC9FBrQZudfr,Old Treat,fab,0,0,video4_cred_fab,cred_fab,1,4,-1.079347363,Female,Yes,3,0,0,0,0,1,0,0,0,1,Low,Moderate,Yes,Female,3,0,0
3629,R_7KgwC9FBrQZudfr,Old Treat,mae,0,0,video5_cred_mae,cred_mae,4,5,-0.973852103,Female,Yes,3,0,0,0,0,1,0,0,0,1,Low,Moderate,Yes,Female,3,0,0
3630,R_7KgwC9FBrQZudfr,Old Treat,zanx,0,0,video6_cred_zanx,cred_zanx,4,6,-0.973852103,Female,Yes,3,0,0,0,0,1,0,0,0,1,Low,Moderate,Yes,Female,3,0,0
3631,R_7Kqnabn5RWhKdCM,Young Treat,aby,0,0,video1_cred_aby,cred_aby,5,1,-0.938687017,Female,No,1,1,0,0,1,1,0,0,0,1,Low,Moderate,No,Female,1,0,0
3632,R_7Kqnabn5RWhKdCM,Young Treat,anna,0,0,video2_cred_anna,cred_anna,0,2,-1.114512449,Female,No,1,1,0,0,1,1,0,0,0,1,Low,Moderate,No,Female,1,0,0
3633,R_7Kqnabn5RWhKdCM,Young Treat,cham,0,0,video3_cred_cham,cred_cham,5,3,-0.938687017,Female,No,1,1,0,0,1,1,0,0,0,1,Low,Moderate,No,Female,1,0,0
3634,R_7Kqnabn5RWhKdCM,Young Treat,fab,0,0,video4_cred_fab,cred_fab,6,4,-0.903521931,Female,No,1,1,0,0,1,1,0,0,0,1,Low,Moderate,No,Female,1,0,0
3635,R_7Kqnabn5RWhKdCM,Young Treat,mae,0,0,video5_cred_mae,cred_mae,3,5,-1.00901719,Female,No,1,1,0,0,1,1,0,0,0,1,Low,Moderate,No,Female,1,0,0
3636,R_7Kqnabn5RWhKdCM,Young Treat,zanx,0,0,video6_cred_zanx,cred_zanx,18,6,-0.481540893,Female,No,1,1,0,0,1,1,0,0,0,1,Low,Moderate,No,Female,1,0,0
3637,R_7LGWJhVvSywX62l,Young Treat,aby,3,3,video1_cred_aby,cred_aby,42,1,0.362421182,Female,No,4,1,0,0,0,0,0,3,6,3,Low,High,No,Female,3,0,1
3638,R_7LGWJhVvSywX62l,Young Treat,anna,1,1,video2_cred_anna,cred_anna,19,2,-0.446375807,Female,No,4,1,0,0,0,0,0,1,2,3,Low,Moderate,No,Female,3,0,0
3639,R_7LGWJhVvSywX62l,Young Treat,cham,2,1,video3_cred_cham,cred_cham,23,3,-0.305715461,Female,No,4,1,0,0,0,0,0,1.5,3,3,Low,High,No,Female,3,0,1
3640,R_7LGWJhVvSywX62l,Young Treat,fab,2,1,video4_cred_fab,cred_fab,18,4,-0.481540893,Female,No,4,1,0,0,0,0,0,1.5,3,3,Low,High,No,Female,3,0,0
3641,R_7LGWJhVvSywX62l,Young Treat,mae,1,1,video5_cred_mae,cred_mae,13,5,-0.657366325,Female,No,4,1,0,0,0,0,0,1,2,3,Low,Moderate,No,Female,3,0,0
3642,R_7LGWJhVvSywX62l,Young Treat,zanx,1,2,video6_cred_zanx,cred_zanx,22,6,-0.340880547,Female,No,4,1,0,0,0,0,0,1.5,3,3,Low,High,No,Female,3,0,0
3643,R_7MGniwQp3sN7Yae,Young Treat,aby,3,3,video1_cred_aby,cred_aby,63,1,1.100887998,Male,No,4,1,0,0,0,0,0,3,6,9,Moderate,High,No,Male,3,0,1
3644,R_7MGniwQp3sN7Yae,Young Treat,anna,4,2,video2_cred_anna,cred_anna,52,2,0.714072047,Male,No,4,1,0,0,0,0,0,3,6,9,Moderate,High,No,Male,3,0,1
3645,R_7MGniwQp3sN7Yae,Young Treat,cham,4,2,video3_cred_cham,cred_cham,50,3,0.643741874,Male,No,4,1,0,0,0,0,0,3,6,9,Moderate,High,No,Male,3,0,1
3646,R_7MGniwQp3sN7Yae,Young Treat,fab,4,4,video4_cred_fab,cred_fab,66,4,1.206383257,Male,No,4,1,0,0,0,0,0,4,8,9,Moderate,High,No,Male,3,0,1
3647,R_7MGniwQp3sN7Yae,Young Treat,mae,3,5,video5_cred_mae,cred_mae,61,5,1.030557825,Male,No,4,1,0,0,0,0,0,4,8,9,Moderate,High,No,Male,3,0,1
3648,R_7MGniwQp3sN7Yae,Young Treat,zanx,4,5,video6_cred_zanx,cred_zanx,66,6,1.206383257,Male,No,4,1,0,0,0,0,0,4.5,9,9,Moderate,High,No,Male,3,0,1
3649,R_7MJXCeKwaYuHDvX,Old Control,aby,NA,NA,video1_cred_aby,cred_aby,NA,1,NA,Male,No,2,0,0,1,0,0,0,NA,NA,NA,NA,NA,No,Male,1,1,NA
3650,R_7MJXCeKwaYuHDvX,Old Control,anna,NA,NA,video2_cred_anna,cred_anna,NA,2,NA,Male,No,2,0,0,1,0,0,0,NA,NA,NA,NA,NA,No,Male,1,1,NA
3651,R_7MJXCeKwaYuHDvX,Old Control,cham,6,5,video3_cred_cham,cred_cham,NA,3,NA,Male,No,2,0,0,1,0,0,0,5.5,11,NA,NA,High,No,Male,1,1,NA
3652,R_7MJXCeKwaYuHDvX,Old Control,fab,5,NA,video4_cred_fab,cred_fab,78,4,1.628364295,Male,No,2,0,0,1,0,0,0,5,NA,NA,NA,NA,No,Male,1,1,1
3653,R_7MJXCeKwaYuHDvX,Old Control,mae,6,NA,video5_cred_mae,cred_mae,NA,5,NA,Male,No,2,0,0,1,0,0,0,6,NA,NA,NA,NA,No,Male,1,1,NA
3654,R_7MJXCeKwaYuHDvX,Old Control,zanx,NA,NA,video6_cred_zanx,cred_zanx,NA,6,NA,Male,No,2,0,0,1,0,0,0,NA,NA,NA,NA,NA,No,Male,1,1,NA
3655,R_7NFa6bU0s1zdE4t,Young Treat,aby,0,0,video1_cred_aby,cred_aby,15,1,-0.587036152,Female,No,4,1,0,0,0,0,1,0,0,0,Low,Moderate,No,Female,2,0,0
3656,R_7NFa6bU0s1zdE4t,Young Treat,anna,0,0,video2_cred_anna,cred_anna,1,2,-1.079347363,Female,No,4,1,0,0,0,0,1,0,0,0,Low,Moderate,No,Female,2,0,0
3657,R_7NFa6bU0s1zdE4t,Young Treat,cham,0,0,video3_cred_cham,cred_cham,4,3,-0.973852103,Female,No,4,1,0,0,0,0,1,0,0,0,Low,Moderate,No,Female,2,0,0
3658,R_7NFa6bU0s1zdE4t,Young Treat,fab,0,0,video4_cred_fab,cred_fab,1,4,-1.079347363,Female,No,4,1,0,0,0,0,1,0,0,0,Low,Moderate,No,Female,2,0,0
3659,R_7NFa6bU0s1zdE4t,Young Treat,mae,5,7,video5_cred_mae,cred_mae,50,5,0.643741874,Female,No,4,1,0,0,0,0,1,6,12,0,Low,High,No,Female,2,0,1
3660,R_7NFa6bU0s1zdE4t,Young Treat,zanx,0,0,video6_cred_zanx,cred_zanx,1,6,-1.079347363,Female,No,4,1,0,0,0,0,1,0,0,0,Low,Moderate,No,Female,2,0,0
3661,R_7NeeB1el1PqaZEZ,Old Treat,aby,NA,NA,video1_cred_aby,cred_aby,NA,1,NA,Female,Yes,2,0,0,0,0,1,0,NA,NA,3,Low,NA,Yes,Female,2,0,NA
3662,R_7NeeB1el1PqaZEZ,Old Treat,anna,NA,NA,video2_cred_anna,cred_anna,9,2,-0.798026671,Female,Yes,2,0,0,0,0,1,0,NA,NA,3,Low,NA,Yes,Female,2,0,0
3663,R_7NeeB1el1PqaZEZ,Old Treat,cham,NA,NA,video3_cred_cham,cred_cham,NA,3,NA,Female,Yes,2,0,0,0,0,1,0,NA,NA,3,Low,NA,Yes,Female,2,0,NA
3664,R_7NeeB1el1PqaZEZ,Old Treat,fab,NA,NA,video4_cred_fab,cred_fab,NA,4,NA,Female,Yes,2,0,0,0,0,1,0,NA,NA,3,Low,NA,Yes,Female,2,0,NA
3665,R_7NeeB1el1PqaZEZ,Old Treat,mae,NA,NA,video5_cred_mae,cred_mae,NA,5,NA,Female,Yes,2,0,0,0,0,1,0,NA,NA,3,Low,NA,Yes,Female,2,0,NA
3666,R_7NeeB1el1PqaZEZ,Old Treat,zanx,NA,NA,video6_cred_zanx,cred_zanx,NA,6,NA,Female,Yes,2,0,0,0,0,1,0,NA,NA,3,Low,NA,Yes,Female,2,0,NA
3667,R_7OUCW6cyilN7bhg,Young Control,aby,5,6,video1_cred_aby,cred_aby,74,1,1.487703949,Female,Yes,1,0,0,1,0,0,0,5.5,11,10,High,High,Yes,Female,3,1,1
3668,R_7OUCW6cyilN7bhg,Young Control,anna,6,6,video2_cred_anna,cred_anna,78,2,1.628364295,Female,Yes,1,0,0,1,0,0,0,6,12,10,High,High,Yes,Female,3,1,1
3669,R_7OUCW6cyilN7bhg,Young Control,cham,5,5,video3_cred_cham,cred_cham,75,3,1.522869035,Female,Yes,1,0,0,1,0,0,0,5,10,10,High,High,Yes,Female,3,1,1
3670,R_7OUCW6cyilN7bhg,Young Control,fab,5,5,video4_cred_fab,cred_fab,81,4,1.733859554,Female,Yes,1,0,0,1,0,0,0,5,10,10,High,High,Yes,Female,3,1,1
3671,R_7OUCW6cyilN7bhg,Young Control,mae,6,5,video5_cred_mae,cred_mae,84,5,1.839354813,Female,Yes,1,0,0,1,0,0,0,5.5,11,10,High,High,Yes,Female,3,1,1
3672,R_7OUCW6cyilN7bhg,Young Control,zanx,5,5,video6_cred_zanx,cred_zanx,76,6,1.558034122,Female,Yes,1,0,0,1,0,0,0,5,10,10,High,High,Yes,Female,3,1,1
3673,R_7OojnEfoYcjVkm5,Young Treat,aby,3,5,video1_cred_aby,cred_aby,41,1,0.327256096,Female,No,4,0,0,0,0,1,0,4,8,8,Moderate,High,No,Female,1,1,1
3674,R_7OojnEfoYcjVkm5,Young Treat,anna,2,3,video2_cred_anna,cred_anna,45,2,0.467916441,Female,No,4,0,0,0,0,1,0,2.5,5,8,Moderate,High,No,Female,1,1,1
3675,R_7OojnEfoYcjVkm5,Young Treat,cham,3,3,video3_cred_cham,cred_cham,56,3,0.854732392,Female,No,4,0,0,0,0,1,0,3,6,8,Moderate,High,No,Female,1,1,1
3676,R_7OojnEfoYcjVkm5,Young Treat,fab,3,5,video4_cred_fab,cred_fab,41,4,0.327256096,Female,No,4,0,0,0,0,1,0,4,8,8,Moderate,High,No,Female,1,1,1
3677,R_7OojnEfoYcjVkm5,Young Treat,mae,2,3,video5_cred_mae,cred_mae,34,5,0.08110049,Female,No,4,0,0,0,0,1,0,2.5,5,8,Moderate,High,No,Female,1,1,1
3678,R_7OojnEfoYcjVkm5,Young Treat,zanx,3,2,video6_cred_zanx,cred_zanx,45,6,0.467916441,Female,No,4,0,0,0,0,1,0,2.5,5,8,Moderate,High,No,Female,1,1,1
3679,R_7OutxDCTa9IFnk5,Young Treat,aby,0,0,video1_cred_aby,cred_aby,50,1,0.643741874,Male,No,4,1,0,0,0,0,0,0,0,0,Low,Moderate,No,Male,3,0,1
3680,R_7OutxDCTa9IFnk5,Young Treat,anna,0,0,video2_cred_anna,cred_anna,50,2,0.643741874,Male,No,4,1,0,0,0,0,0,0,0,0,Low,Moderate,No,Male,3,0,1
3681,R_7OutxDCTa9IFnk5,Young Treat,cham,0,0,video3_cred_cham,cred_cham,50,3,0.643741874,Male,No,4,1,0,0,0,0,0,0,0,0,Low,Moderate,No,Male,3,0,1
3682,R_7OutxDCTa9IFnk5,Young Treat,fab,0,0,video4_cred_fab,cred_fab,50,4,0.643741874,Male,No,4,1,0,0,0,0,0,0,0,0,Low,Moderate,No,Male,3,0,1
3683,R_7OutxDCTa9IFnk5,Young Treat,mae,0,0,video5_cred_mae,cred_mae,49,5,0.608576787,Male,No,4,1,0,0,0,0,0,0,0,0,Low,Moderate,No,Male,3,0,1
3684,R_7OutxDCTa9IFnk5,Young Treat,zanx,0,0,video6_cred_zanx,cred_zanx,50,6,0.643741874,Male,No,4,1,0,0,0,0,0,0,0,0,Low,Moderate,No,Male,3,0,1
3685,R_7PClTVHMoc60b7H,Old Control,aby,0,3,video1_cred_aby,cred_aby,23,1,-0.305715461,Female,No,3,0,0,1,0,0,1,1.5,3,2,Low,High,No,Female,1,1,1
3686,R_7PClTVHMoc60b7H,Old Control,anna,0,3,video2_cred_anna,cred_anna,44,2,0.432751355,Female,No,3,0,0,1,0,0,1,1.5,3,2,Low,High,No,Female,1,1,1
3687,R_7PClTVHMoc60b7H,Old Control,cham,0,3,video3_cred_cham,cred_cham,68,3,1.27671343,Female,No,3,0,0,1,0,0,1,1.5,3,2,Low,High,No,Female,1,1,1
3688,R_7PClTVHMoc60b7H,Old Control,fab,0,3,video4_cred_fab,cred_fab,56,4,0.854732392,Female,No,3,0,0,1,0,0,1,1.5,3,2,Low,High,No,Female,1,1,1
3689,R_7PClTVHMoc60b7H,Old Control,mae,0,3,video5_cred_mae,cred_mae,5,5,-0.938687017,Female,No,3,0,0,1,0,0,1,1.5,3,2,Low,High,No,Female,1,1,0
3690,R_7PClTVHMoc60b7H,Old Control,zanx,0,3,video6_cred_zanx,cred_zanx,85,6,1.8745199,Female,No,3,0,0,1,0,0,1,1.5,3,2,Low,High,No,Female,1,1,1
3691,R_7Pb65ftljyLBZ9V,Young Treat,aby,4,3,video1_cred_aby,cred_aby,53,1,0.749237133,Male,No,4,1,0,0,0,0,1,3.5,7,9,Moderate,High,No,Male,2,0,1
3692,R_7Pb65ftljyLBZ9V,Young Treat,anna,4,3,video2_cred_anna,cred_anna,57,2,0.889897479,Male,No,4,1,0,0,0,0,1,3.5,7,9,Moderate,High,No,Male,2,0,1
3693,R_7Pb65ftljyLBZ9V,Young Treat,cham,5,3,video3_cred_cham,cred_cham,58,3,0.925062565,Male,No,4,1,0,0,0,0,1,4,8,9,Moderate,High,No,Male,2,0,1
3694,R_7Pb65ftljyLBZ9V,Young Treat,fab,4,3,video4_cred_fab,cred_fab,63,4,1.100887998,Male,No,4,1,0,0,0,0,1,3.5,7,9,Moderate,High,No,Male,2,0,1
3695,R_7Pb65ftljyLBZ9V,Young Treat,mae,4,3,video5_cred_mae,cred_mae,43,5,0.397586269,Male,No,4,1,0,0,0,0,1,3.5,7,9,Moderate,High,No,Male,2,0,1
3696,R_7Pb65ftljyLBZ9V,Young Treat,zanx,3,4,video6_cred_zanx,cred_zanx,48,6,0.573411701,Male,No,4,1,0,0,0,0,1,3.5,7,9,Moderate,High,No,Male,2,0,1
3697,R_7PgXQlQHCmEjSBZ,Old Treat,aby,5,7,video1_cred_aby,cred_aby,76,1,1.558034122,Male,No,3,1,0,0,0,0,0,6,12,12,High,High,No,Male,2,0,1
3698,R_7PgXQlQHCmEjSBZ,Old Treat,anna,5,6,video2_cred_anna,cred_anna,76,2,1.558034122,Male,No,3,1,0,0,0,0,0,5.5,11,12,High,High,No,Male,2,0,1
3699,R_7PgXQlQHCmEjSBZ,Old Treat,cham,5,6,video3_cred_cham,cred_cham,70,3,1.347043603,Male,No,3,1,0,0,0,0,0,5.5,11,12,High,High,No,Male,2,0,1
3700,R_7PgXQlQHCmEjSBZ,Old Treat,fab,5,7,video4_cred_fab,cred_fab,79,4,1.663529381,Male,No,3,1,0,0,0,0,0,6,12,12,High,High,No,Male,2,0,1
3701,R_7PgXQlQHCmEjSBZ,Old Treat,mae,5,6,video5_cred_mae,cred_mae,76,5,1.558034122,Male,No,3,1,0,0,0,0,0,5.5,11,12,High,High,No,Male,2,0,1
3702,R_7PgXQlQHCmEjSBZ,Old Treat,zanx,5,6,video6_cred_zanx,cred_zanx,75,6,1.522869035,Male,No,3,1,0,0,0,0,0,5.5,11,12,High,High,No,Male,2,0,1
3703,R_7QrdMZ2yp0CnN0k,Young Control,aby,0,0,video1_cred_aby,cred_aby,54,1,0.78440222,Female,Yes,3,0,0,0,0,1,0,0,0,0,Low,Moderate,Yes,Female,1,0,1
3704,R_7QrdMZ2yp0CnN0k,Young Control,anna,0,0,video2_cred_anna,cred_anna,70,2,1.347043603,Female,Yes,3,0,0,0,0,1,0,0,0,0,Low,Moderate,Yes,Female,1,0,1
3705,R_7QrdMZ2yp0CnN0k,Young Control,cham,0,0,video3_cred_cham,cred_cham,53,3,0.749237133,Female,Yes,3,0,0,0,0,1,0,0,0,0,Low,Moderate,Yes,Female,1,0,1
3706,R_7QrdMZ2yp0CnN0k,Young Control,fab,0,0,video4_cred_fab,cred_fab,55,4,0.819567306,Female,Yes,3,0,0,0,0,1,0,0,0,0,Low,Moderate,Yes,Female,1,0,1
3707,R_7QrdMZ2yp0CnN0k,Young Control,mae,0,0,video5_cred_mae,cred_mae,41,5,0.327256096,Female,Yes,3,0,0,0,0,1,0,0,0,0,Low,Moderate,Yes,Female,1,0,1
3708,R_7QrdMZ2yp0CnN0k,Young Control,zanx,0,0,video6_cred_zanx,cred_zanx,30,6,-0.059559855,Female,Yes,3,0,0,0,0,1,0,0,0,0,Low,Moderate,Yes,Female,1,0,1
3709,R_7RPILBEnxzHB7OA,Old Control,aby,0,0,video1_cred_aby,cred_aby,0,1,-1.114512449,Female,No,4,0,1,0,0,0,1,0,0,0,Low,Moderate,No,Female,1,0,0
3710,R_7RPILBEnxzHB7OA,Old Control,anna,0,0,video2_cred_anna,cred_anna,0,2,-1.114512449,Female,No,4,0,1,0,0,0,1,0,0,0,Low,Moderate,No,Female,1,0,0
3711,R_7RPILBEnxzHB7OA,Old Control,cham,0,0,video3_cred_cham,cred_cham,0,3,-1.114512449,Female,No,4,0,1,0,0,0,1,0,0,0,Low,Moderate,No,Female,1,0,0
3712,R_7RPILBEnxzHB7OA,Old Control,fab,0,0,video4_cred_fab,cred_fab,0,4,-1.114512449,Female,No,4,0,1,0,0,0,1,0,0,0,Low,Moderate,No,Female,1,0,0
3713,R_7RPILBEnxzHB7OA,Old Control,mae,0,0,video5_cred_mae,cred_mae,0,5,-1.114512449,Female,No,4,0,1,0,0,0,1,0,0,0,Low,Moderate,No,Female,1,0,0
3714,R_7RPILBEnxzHB7OA,Old Control,zanx,2,0,video6_cred_zanx,cred_zanx,3,6,-1.00901719,Female,No,4,0,1,0,0,0,1,1,2,0,Low,Moderate,No,Female,1,0,0
3715,R_7RQcbcCv6UIqkhM,Old Control,aby,4,4,video1_cred_aby,cred_aby,63,1,1.100887998,Male,No,4,1,0,0,0,0,1,4,8,9,Moderate,High,No,Male,1,1,1
3716,R_7RQcbcCv6UIqkhM,Old Control,anna,3,4,video2_cred_anna,cred_anna,61,2,1.030557825,Male,No,4,1,0,0,0,0,1,3.5,7,9,Moderate,High,No,Male,1,1,1
3717,R_7RQcbcCv6UIqkhM,Old Control,cham,4,3,video3_cred_cham,cred_cham,62,3,1.065722911,Male,No,4,1,0,0,0,0,1,3.5,7,9,Moderate,High,No,Male,1,1,1
3718,R_7RQcbcCv6UIqkhM,Old Control,fab,5,4,video4_cred_fab,cred_fab,59,4,0.960227652,Male,No,4,1,0,0,0,0,1,4.5,9,9,Moderate,High,No,Male,1,1,1
3719,R_7RQcbcCv6UIqkhM,Old Control,mae,4,3,video5_cred_mae,cred_mae,60,5,0.995392738,Male,No,4,1,0,0,0,0,1,3.5,7,9,Moderate,High,No,Male,1,1,1
3720,R_7RQcbcCv6UIqkhM,Old Control,zanx,4,5,video6_cred_zanx,cred_zanx,55,6,0.819567306,Male,No,4,1,0,0,0,0,1,4.5,9,9,Moderate,High,No,Male,1,1,1
3721,R_7S7ynRNTDks55oF,Young Control,aby,0,0,video1_cred_aby,cred_aby,0,1,-1.114512449,Female,No,1,1,0,0,0,0,0,0,0,0,Low,Moderate,No,Female,3,0,0
3722,R_7S7ynRNTDks55oF,Young Control,anna,0,0,video2_cred_anna,cred_anna,0,2,-1.114512449,Female,No,1,1,0,0,0,0,0,0,0,0,Low,Moderate,No,Female,3,0,0
3723,R_7S7ynRNTDks55oF,Young Control,cham,0,0,video3_cred_cham,cred_cham,0,3,-1.114512449,Female,No,1,1,0,0,0,0,0,0,0,0,Low,Moderate,No,Female,3,0,0
3724,R_7S7ynRNTDks55oF,Young Control,fab,0,0,video4_cred_fab,cred_fab,0,4,-1.114512449,Female,No,1,1,0,0,0,0,0,0,0,0,Low,Moderate,No,Female,3,0,0
3725,R_7S7ynRNTDks55oF,Young Control,mae,0,0,video5_cred_mae,cred_mae,0,5,-1.114512449,Female,No,1,1,0,0,0,0,0,0,0,0,Low,Moderate,No,Female,3,0,0
3726,R_7S7ynRNTDks55oF,Young Control,zanx,0,0,video6_cred_zanx,cred_zanx,0,6,-1.114512449,Female,No,1,1,0,0,0,0,0,0,0,0,Low,Moderate,No,Female,3,0,0
3727,R_7SRzsfTSRhSXrLr,Young Control,aby,1,2,video1_cred_aby,cred_aby,23,1,-0.305715461,Female,No,4,1,0,0,0,0,1,1.5,3,3,Low,High,No,Female,2,1,1
3728,R_7SRzsfTSRhSXrLr,Young Control,anna,3,2,video2_cred_anna,cred_anna,23,2,-0.305715461,Female,No,4,1,0,0,0,0,1,2.5,5,3,Low,High,No,Female,2,1,1
3729,R_7SRzsfTSRhSXrLr,Young Control,cham,2,1,video3_cred_cham,cred_cham,11,3,-0.727696498,Female,No,4,1,0,0,0,0,1,1.5,3,3,Low,High,No,Female,2,1,0
3730,R_7SRzsfTSRhSXrLr,Young Control,fab,1,1,video4_cred_fab,cred_fab,62,4,1.065722911,Female,No,4,1,0,0,0,0,1,1,2,3,Low,Moderate,No,Female,2,1,1
3731,R_7SRzsfTSRhSXrLr,Young Control,mae,1,2,video5_cred_mae,cred_mae,12,5,-0.692531412,Female,No,4,1,0,0,0,0,1,1.5,3,3,Low,High,No,Female,2,1,0
3732,R_7SRzsfTSRhSXrLr,Young Control,zanx,1,1,video6_cred_zanx,cred_zanx,8,6,-0.833191758,Female,No,4,1,0,0,0,0,1,1,2,3,Low,Moderate,No,Female,2,1,0
3733,R_7SlW1LaqhtAk1hL,Young Control,aby,0,0,video1_cred_aby,cred_aby,0,1,-1.114512449,Male,Yes,1,0,0,0,0,0,1,0,0,0,Low,Moderate,Yes,Male,1,0,0
3734,R_7SlW1LaqhtAk1hL,Young Control,anna,0,0,video2_cred_anna,cred_anna,0,2,-1.114512449,Male,Yes,1,0,0,0,0,0,1,0,0,0,Low,Moderate,Yes,Male,1,0,0
3735,R_7SlW1LaqhtAk1hL,Young Control,cham,0,0,video3_cred_cham,cred_cham,0,3,-1.114512449,Male,Yes,1,0,0,0,0,0,1,0,0,0,Low,Moderate,Yes,Male,1,0,0
3736,R_7SlW1LaqhtAk1hL,Young Control,fab,0,0,video4_cred_fab,cred_fab,0,4,-1.114512449,Male,Yes,1,0,0,0,0,0,1,0,0,0,Low,Moderate,Yes,Male,1,0,0
3737,R_7SlW1LaqhtAk1hL,Young Control,mae,0,0,video5_cred_mae,cred_mae,0,5,-1.114512449,Male,Yes,1,0,0,0,0,0,1,0,0,0,Low,Moderate,Yes,Male,1,0,0
3738,R_7SlW1LaqhtAk1hL,Young Control,zanx,0,0,video6_cred_zanx,cred_zanx,0,6,-1.114512449,Male,Yes,1,0,0,0,0,0,1,0,0,0,Low,Moderate,Yes,Male,1,0,0
3739,R_7Tw1s48ah9LTbRr,Old Treat,aby,4,3,video1_cred_aby,cred_aby,71,1,1.382208689,Male,No,4,1,0,0,0,0,1,3.5,7,8,Moderate,High,No,Male,2,0,1
3740,R_7Tw1s48ah9LTbRr,Old Treat,anna,4,3,video2_cred_anna,cred_anna,58,2,0.925062565,Male,No,4,1,0,0,0,0,1,3.5,7,8,Moderate,High,No,Male,2,0,1
3741,R_7Tw1s48ah9LTbRr,Old Treat,cham,5,4,video3_cred_cham,cred_cham,64,3,1.136053084,Male,No,4,1,0,0,0,0,1,4.5,9,8,Moderate,High,No,Male,2,0,1
3742,R_7Tw1s48ah9LTbRr,Old Treat,fab,5,4,video4_cred_fab,cred_fab,59,4,0.960227652,Male,No,4,1,0,0,0,0,1,4.5,9,8,Moderate,High,No,Male,2,0,1
3743,R_7Tw1s48ah9LTbRr,Old Treat,mae,5,3,video5_cred_mae,cred_mae,62,5,1.065722911,Male,No,4,1,0,0,0,0,1,4,8,8,Moderate,High,No,Male,2,0,1
3744,R_7Tw1s48ah9LTbRr,Old Treat,zanx,5,4,video6_cred_zanx,cred_zanx,66,6,1.206383257,Male,No,4,1,0,0,0,0,1,4.5,9,8,Moderate,High,No,Male,2,0,1
3745,R_7TzKYqnmavjeNyK,Young Treat,aby,0,1,video1_cred_aby,cred_aby,19,1,-0.446375807,Male,No,4,0,1,0,0,0,1,0.5,1,0,Low,Moderate,No,Male,1,0,0
3746,R_7TzKYqnmavjeNyK,Young Treat,anna,1,1,video2_cred_anna,cred_anna,17,2,-0.516705979,Male,No,4,0,1,0,0,0,1,1,2,0,Low,Moderate,No,Male,1,0,0
3747,R_7TzKYqnmavjeNyK,Young Treat,cham,1,0,video3_cred_cham,cred_cham,10,3,-0.762861585,Male,No,4,0,1,0,0,0,1,0.5,1,0,Low,Moderate,No,Male,1,0,0
3748,R_7TzKYqnmavjeNyK,Young Treat,fab,1,1,video4_cred_fab,cred_fab,10,4,-0.762861585,Male,No,4,0,1,0,0,0,1,1,2,0,Low,Moderate,No,Male,1,0,0
3749,R_7TzKYqnmavjeNyK,Young Treat,mae,0,1,video5_cred_mae,cred_mae,15,5,-0.587036152,Male,No,4,0,1,0,0,0,1,0.5,1,0,Low,Moderate,No,Male,1,0,0
3750,R_7TzKYqnmavjeNyK,Young Treat,zanx,1,1,video6_cred_zanx,cred_zanx,9,6,-0.798026671,Male,No,4,0,1,0,0,0,1,1,2,0,Low,Moderate,No,Male,1,0,0
3751,R_7VCHxUk0Vi1fZ22,Old Control,aby,2,3,video1_cred_aby,cred_aby,50,1,0.643741874,Male,Yes,3,0,0,0,0,1,1,2.5,5,5,Moderate,High,Yes,Male,3,0,1
3752,R_7VCHxUk0Vi1fZ22,Old Control,anna,2,2,video2_cred_anna,cred_anna,30,2,-0.059559855,Male,Yes,3,0,0,0,0,1,1,2,4,5,Moderate,High,Yes,Male,3,0,1
3753,R_7VCHxUk0Vi1fZ22,Old Control,cham,1,1,video3_cred_cham,cred_cham,35,3,0.116265577,Male,Yes,3,0,0,0,0,1,1,1,2,5,Moderate,Moderate,Yes,Male,3,0,1
3754,R_7VCHxUk0Vi1fZ22,Old Control,fab,1,0,video4_cred_fab,cred_fab,30,4,-0.059559855,Male,Yes,3,0,0,0,0,1,1,0.5,1,5,Moderate,Moderate,Yes,Male,3,0,1
3755,R_7VCHxUk0Vi1fZ22,Old Control,mae,2,2,video5_cred_mae,cred_mae,39,5,0.256925923,Male,Yes,3,0,0,0,0,1,1,2,4,5,Moderate,High,Yes,Male,3,0,1
3756,R_7VCHxUk0Vi1fZ22,Old Control,zanx,1,1,video6_cred_zanx,cred_zanx,40,6,0.292091009,Male,Yes,3,0,0,0,0,1,1,1,2,5,Moderate,Moderate,Yes,Male,3,0,1
3757,R_7VI0XrU1Ifbe565,Young Treat,aby,0,2,video1_cred_aby,cred_aby,53,1,0.749237133,Female,No,4,1,0,1,0,0,0,1,2,4,Low,Moderate,No,Female,1,0,1
3758,R_7VI0XrU1Ifbe565,Young Treat,anna,1,1,video2_cred_anna,cred_anna,73,2,1.452538862,Female,No,4,1,0,1,0,0,0,1,2,4,Low,Moderate,No,Female,1,0,1
3759,R_7VI0XrU1Ifbe565,Young Treat,cham,0,0,video3_cred_cham,cred_cham,45,3,0.467916441,Female,No,4,1,0,1,0,0,0,0,0,4,Low,Moderate,No,Female,1,0,1
3760,R_7VI0XrU1Ifbe565,Young Treat,fab,1,0,video4_cred_fab,cred_fab,27,4,-0.165055115,Female,No,4,1,0,1,0,0,0,0.5,1,4,Low,Moderate,No,Female,1,0,1
3761,R_7VI0XrU1Ifbe565,Young Treat,mae,0,3,video5_cred_mae,cred_mae,65,5,1.171218171,Female,No,4,1,0,1,0,0,0,1.5,3,4,Low,High,No,Female,1,0,1
3762,R_7VI0XrU1Ifbe565,Young Treat,zanx,1,0,video6_cred_zanx,cred_zanx,36,6,0.151430663,Female,No,4,1,0,1,0,0,0,0.5,1,4,Low,Moderate,No,Female,1,0,1
3763,R_7VllgAOjH2TCaK5,Old Control,aby,5,5,video1_cred_aby,cred_aby,78,1,1.628364295,Female,Yes,3,0,0,1,0,0,0,5,10,12,High,High,Yes,Female,3,1,1
3764,R_7VllgAOjH2TCaK5,Old Control,anna,5,5,video2_cred_anna,cred_anna,84,2,1.839354813,Female,Yes,3,0,0,1,0,0,0,5,10,12,High,High,Yes,Female,3,1,1
3765,R_7VllgAOjH2TCaK5,Old Control,cham,6,6,video3_cred_cham,cred_cham,83,3,1.804189727,Female,Yes,3,0,0,1,0,0,0,6,12,12,High,High,Yes,Female,3,1,1
3766,R_7VllgAOjH2TCaK5,Old Control,fab,5,5,video4_cred_fab,cred_fab,83,4,1.804189727,Female,Yes,3,0,0,1,0,0,0,5,10,12,High,High,Yes,Female,3,1,1
3767,R_7VllgAOjH2TCaK5,Old Control,mae,6,6,video5_cred_mae,cred_mae,86,5,1.909684986,Female,Yes,3,0,0,1,0,0,0,6,12,12,High,High,Yes,Female,3,1,1
3768,R_7VllgAOjH2TCaK5,Old Control,zanx,6,6,video6_cred_zanx,cred_zanx,79,6,1.663529381,Female,Yes,3,0,0,1,0,0,0,6,12,12,High,High,Yes,Female,3,1,1
3769,R_7VrP2h5mynYHx7m,Old Control,aby,0,0,video1_cred_aby,cred_aby,30,1,-0.059559855,Female,Yes,1,0,0,0,0,1,0,0,0,0,Low,Moderate,Yes,Female,1,0,1
3770,R_7VrP2h5mynYHx7m,Old Control,anna,0,0,video2_cred_anna,cred_anna,0,2,-1.114512449,Female,Yes,1,0,0,0,0,1,0,0,0,0,Low,Moderate,Yes,Female,1,0,0
3771,R_7VrP2h5mynYHx7m,Old Control,cham,0,0,video3_cred_cham,cred_cham,7,3,-0.868356844,Female,Yes,1,0,0,0,0,1,0,0,0,0,Low,Moderate,Yes,Female,1,0,0
3772,R_7VrP2h5mynYHx7m,Old Control,fab,0,0,video4_cred_fab,cred_fab,0,4,-1.114512449,Female,Yes,1,0,0,0,0,1,0,0,0,0,Low,Moderate,Yes,Female,1,0,0
3773,R_7VrP2h5mynYHx7m,Old Control,mae,0,0,video5_cred_mae,cred_mae,0,5,-1.114512449,Female,Yes,1,0,0,0,0,1,0,0,0,0,Low,Moderate,Yes,Female,1,0,0
3774,R_7VrP2h5mynYHx7m,Old Control,zanx,0,0,video6_cred_zanx,cred_zanx,20,6,-0.41121072,Female,Yes,1,0,0,0,0,1,0,0,0,0,Low,Moderate,Yes,Female,1,0,0
3775,R_7WIib7Dh1okT09N,Young Treat,aby,0,0,video1_cred_aby,cred_aby,35,1,0.116265577,Female,No,3,0,0,1,0,0,1,0,0,0,Low,Moderate,No,Female,1,0,1
3776,R_7WIib7Dh1okT09N,Young Treat,anna,0,0,video2_cred_anna,cred_anna,0,2,-1.114512449,Female,No,3,0,0,1,0,0,1,0,0,0,Low,Moderate,No,Female,1,0,0
3777,R_7WIib7Dh1okT09N,Young Treat,cham,0,0,video3_cred_cham,cred_cham,3,3,-1.00901719,Female,No,3,0,0,1,0,0,1,0,0,0,Low,Moderate,No,Female,1,0,0
3778,R_7WIib7Dh1okT09N,Young Treat,fab,0,0,video4_cred_fab,cred_fab,0,4,-1.114512449,Female,No,3,0,0,1,0,0,1,0,0,0,Low,Moderate,No,Female,1,0,0
3779,R_7WIib7Dh1okT09N,Young Treat,mae,0,0,video5_cred_mae,cred_mae,0,5,-1.114512449,Female,No,3,0,0,1,0,0,1,0,0,0,Low,Moderate,No,Female,1,0,0
3780,R_7WIib7Dh1okT09N,Young Treat,zanx,0,0,video6_cred_zanx,cred_zanx,6,6,-0.903521931,Female,No,3,0,0,1,0,0,1,0,0,0,Low,Moderate,No,Female,1,0,0
3781,R_7WuRzlleNHnFSjk,Young Treat,aby,0,0,video1_cred_aby,cred_aby,0,1,-1.114512449,Female,No,4,0,1,0,0,0,0,0,0,0,Low,Moderate,No,Female,1,0,0
3782,R_7WuRzlleNHnFSjk,Young Treat,anna,0,0,video2_cred_anna,cred_anna,0,2,-1.114512449,Female,No,4,0,1,0,0,0,0,0,0,0,Low,Moderate,No,Female,1,0,0
3783,R_7WuRzlleNHnFSjk,Young Treat,cham,0,0,video3_cred_cham,cred_cham,0,3,-1.114512449,Female,No,4,0,1,0,0,0,0,0,0,0,Low,Moderate,No,Female,1,0,0
3784,R_7WuRzlleNHnFSjk,Young Treat,fab,0,0,video4_cred_fab,cred_fab,0,4,-1.114512449,Female,No,4,0,1,0,0,0,0,0,0,0,Low,Moderate,No,Female,1,0,0
3785,R_7WuRzlleNHnFSjk,Young Treat,mae,0,0,video5_cred_mae,cred_mae,0,5,-1.114512449,Female,No,4,0,1,0,0,0,0,0,0,0,Low,Moderate,No,Female,1,0,0
3786,R_7WuRzlleNHnFSjk,Young Treat,zanx,0,0,video6_cred_zanx,cred_zanx,0,6,-1.114512449,Female,No,4,0,1,0,0,0,0,0,0,0,Low,Moderate,No,Female,1,0,0
3787,R_7WwnelwA6HMo7ch,Young Treat,aby,3,2,video1_cred_aby,cred_aby,9,1,-0.798026671,Female,No,4,1,0,0,0,0,0,2.5,5,3,Low,High,No,Female,1,0,0
3788,R_7WwnelwA6HMo7ch,Young Treat,anna,2,2,video2_cred_anna,cred_anna,12,2,-0.692531412,Female,No,4,1,0,0,0,0,0,2,4,3,Low,High,No,Female,1,0,0
3789,R_7WwnelwA6HMo7ch,Young Treat,cham,1,2,video3_cred_cham,cred_cham,25,3,-0.235385288,Female,No,4,1,0,0,0,0,0,1.5,3,3,Low,High,No,Female,1,0,1
3790,R_7WwnelwA6HMo7ch,Young Treat,fab,1,1,video4_cred_fab,cred_fab,13,4,-0.657366325,Female,No,4,1,0,0,0,0,0,1,2,3,Low,Moderate,No,Female,1,0,0
3791,R_7WwnelwA6HMo7ch,Young Treat,mae,1,1,video5_cred_mae,cred_mae,9,5,-0.798026671,Female,No,4,1,0,0,0,0,0,1,2,3,Low,Moderate,No,Female,1,0,0
3792,R_7WwnelwA6HMo7ch,Young Treat,zanx,1,1,video6_cred_zanx,cred_zanx,10,6,-0.762861585,Female,No,4,1,0,0,0,0,0,1,2,3,Low,Moderate,No,Female,1,0,0
3793,R_7XnFBZt0oAjpTjn,Old Control,aby,NA,NA,video1_cred_aby,cred_aby,NA,1,NA,Female,No,3,0,1,0,0,0,0,NA,NA,NA,NA,NA,No,Female,3,0,NA
3794,R_7XnFBZt0oAjpTjn,Old Control,anna,NA,NA,video2_cred_anna,cred_anna,NA,2,NA,Female,No,3,0,1,0,0,0,0,NA,NA,NA,NA,NA,No,Female,3,0,NA
3795,R_7XnFBZt0oAjpTjn,Old Control,cham,NA,NA,video3_cred_cham,cred_cham,NA,3,NA,Female,No,3,0,1,0,0,0,0,NA,NA,NA,NA,NA,No,Female,3,0,NA
3796,R_7XnFBZt0oAjpTjn,Old Control,fab,NA,NA,video4_cred_fab,cred_fab,NA,4,NA,Female,No,3,0,1,0,0,0,0,NA,NA,NA,NA,NA,No,Female,3,0,NA
3797,R_7XnFBZt0oAjpTjn,Old Control,mae,NA,NA,video5_cred_mae,cred_mae,NA,5,NA,Female,No,3,0,1,0,0,0,0,NA,NA,NA,NA,NA,No,Female,3,0,NA
3798,R_7XnFBZt0oAjpTjn,Old Control,zanx,NA,NA,video6_cred_zanx,cred_zanx,NA,6,NA,Female,No,3,0,1,0,0,0,0,NA,NA,NA,NA,NA,No,Female,3,0,NA
3799,R_7YaklOQfG2I7utr,Old Treat,aby,1,1,video1_cred_aby,cred_aby,10,1,-0.762861585,Female,Yes,4,1,0,0,0,1,1,1,2,2,Low,Moderate,Yes,Female,1,0,0
3800,R_7YaklOQfG2I7utr,Old Treat,anna,1,1,video2_cred_anna,cred_anna,9,2,-0.798026671,Female,Yes,4,1,0,0,0,1,1,1,2,2,Low,Moderate,Yes,Female,1,0,0
3801,R_7YaklOQfG2I7utr,Old Treat,cham,1,1,video3_cred_cham,cred_cham,12,3,-0.692531412,Female,Yes,4,1,0,0,0,1,1,1,2,2,Low,Moderate,Yes,Female,1,0,0
3802,R_7YaklOQfG2I7utr,Old Treat,fab,1,1,video4_cred_fab,cred_fab,11,4,-0.727696498,Female,Yes,4,1,0,0,0,1,1,1,2,2,Low,Moderate,Yes,Female,1,0,0
3803,R_7YaklOQfG2I7utr,Old Treat,mae,1,1,video5_cred_mae,cred_mae,10,5,-0.762861585,Female,Yes,4,1,0,0,0,1,1,1,2,2,Low,Moderate,Yes,Female,1,0,0
3804,R_7YaklOQfG2I7utr,Old Treat,zanx,1,1,video6_cred_zanx,cred_zanx,9,6,-0.798026671,Female,Yes,4,1,0,0,0,1,1,1,2,2,Low,Moderate,Yes,Female,1,0,0
3805,R_7Yn3vEi9uAXIpVx,Old Control,aby,1,1,video1_cred_aby,cred_aby,49,1,0.608576787,Female,No,3,0,0,0,0,0,0,1,2,1,Low,Moderate,No,Female,1,1,1
3806,R_7Yn3vEi9uAXIpVx,Old Control,anna,3,2,video2_cred_anna,cred_anna,44,2,0.432751355,Female,No,3,0,0,0,0,0,0,2.5,5,1,Low,High,No,Female,1,1,1
3807,R_7Yn3vEi9uAXIpVx,Old Control,cham,4,4,video3_cred_cham,cred_cham,50,3,0.643741874,Female,No,3,0,0,0,0,0,0,4,8,1,Low,High,No,Female,1,1,1
3808,R_7Yn3vEi9uAXIpVx,Old Control,fab,4,4,video4_cred_fab,cred_fab,52,4,0.714072047,Female,No,3,0,0,0,0,0,0,4,8,1,Low,High,No,Female,1,1,1
3809,R_7Yn3vEi9uAXIpVx,Old Control,mae,3,1,video5_cred_mae,cred_mae,50,5,0.643741874,Female,No,3,0,0,0,0,0,0,2,4,1,Low,High,No,Female,1,1,1
3810,R_7Yn3vEi9uAXIpVx,Old Control,zanx,3,3,video6_cred_zanx,cred_zanx,45,6,0.467916441,Female,No,3,0,0,0,0,0,0,3,6,1,Low,High,No,Female,1,1,1
3811,R_7ZBr5bNoNd4NqPW,Old Control,aby,0,0,video1_cred_aby,cred_aby,6,1,-0.903521931,Male,No,4,0,1,0,0,0,0,0,0,0,Low,Moderate,No,Male,3,0,0
3812,R_7ZBr5bNoNd4NqPW,Old Control,anna,0,0,video2_cred_anna,cred_anna,0,2,-1.114512449,Male,No,4,0,1,0,0,0,0,0,0,0,Low,Moderate,No,Male,3,0,0
3813,R_7ZBr5bNoNd4NqPW,Old Control,cham,0,0,video3_cred_cham,cred_cham,0,3,-1.114512449,Male,No,4,0,1,0,0,0,0,0,0,0,Low,Moderate,No,Male,3,0,0
3814,R_7ZBr5bNoNd4NqPW,Old Control,fab,0,0,video4_cred_fab,cred_fab,0,4,-1.114512449,Male,No,4,0,1,0,0,0,0,0,0,0,Low,Moderate,No,Male,3,0,0
3815,R_7ZBr5bNoNd4NqPW,Old Control,mae,0,0,video5_cred_mae,cred_mae,0,5,-1.114512449,Male,No,4,0,1,0,0,0,0,0,0,0,Low,Moderate,No,Male,3,0,0
3816,R_7ZBr5bNoNd4NqPW,Old Control,zanx,0,0,video6_cred_zanx,cred_zanx,0,6,-1.114512449,Male,No,4,0,1,0,0,0,0,0,0,0,Low,Moderate,No,Male,3,0,0
3817,R_7ZWQjzrxy3r4lcB,Young Treat,aby,4,5,video1_cred_aby,cred_aby,60,1,0.995392738,Male,No,4,1,0,0,0,0,1,4.5,9,8,Moderate,High,No,Male,2,1,1
3818,R_7ZWQjzrxy3r4lcB,Young Treat,anna,4,5,video2_cred_anna,cred_anna,56,2,0.854732392,Male,No,4,1,0,0,0,0,1,4.5,9,8,Moderate,High,No,Male,2,1,1
3819,R_7ZWQjzrxy3r4lcB,Young Treat,cham,4,4,video3_cred_cham,cred_cham,64,3,1.136053084,Male,No,4,1,0,0,0,0,1,4,8,8,Moderate,High,No,Male,2,1,1
3820,R_7ZWQjzrxy3r4lcB,Young Treat,fab,5,4,video4_cred_fab,cred_fab,63,4,1.100887998,Male,No,4,1,0,0,0,0,1,4.5,9,8,Moderate,High,No,Male,2,1,1
3821,R_7ZWQjzrxy3r4lcB,Young Treat,mae,3,4,video5_cred_mae,cred_mae,60,5,0.995392738,Male,No,4,1,0,0,0,0,1,3.5,7,8,Moderate,High,No,Male,2,1,1
3822,R_7ZWQjzrxy3r4lcB,Young Treat,zanx,4,3,video6_cred_zanx,cred_zanx,53,6,0.749237133,Male,No,4,1,0,0,0,0,1,3.5,7,8,Moderate,High,No,Male,2,1,1
3823,R_7aZUEI97NUr3UGJ,Old Control,aby,0,1,video1_cred_aby,cred_aby,14,1,-0.622201239,Female,Yes,3,1,0,0,0,0,0,0.5,1,7,Moderate,Moderate,Yes,Female,1,1,0
3824,R_7aZUEI97NUr3UGJ,Old Control,anna,0,0,video2_cred_anna,cred_anna,7,2,-0.868356844,Female,Yes,3,1,0,0,0,0,0,0,0,7,Moderate,Moderate,Yes,Female,1,1,0
3825,R_7aZUEI97NUr3UGJ,Old Control,cham,0,1,video3_cred_cham,cred_cham,6,3,-0.903521931,Female,Yes,3,1,0,0,0,0,0,0.5,1,7,Moderate,Moderate,Yes,Female,1,1,0
3826,R_7aZUEI97NUr3UGJ,Old Control,fab,0,0,video4_cred_fab,cred_fab,3,4,-1.00901719,Female,Yes,3,1,0,0,0,0,0,0,0,7,Moderate,Moderate,Yes,Female,1,1,0
3827,R_7aZUEI97NUr3UGJ,Old Control,mae,1,1,video5_cred_mae,cred_mae,11,5,-0.727696498,Female,Yes,3,1,0,0,0,0,0,1,2,7,Moderate,Moderate,Yes,Female,1,1,0
3828,R_7aZUEI97NUr3UGJ,Old Control,zanx,0,0,video6_cred_zanx,cred_zanx,3,6,-1.00901719,Female,Yes,3,1,0,0,0,0,0,0,0,7,Moderate,Moderate,Yes,Female,1,1,0
3829,R_7bGZUefP9IKjP09,Old Control,aby,1,0,video1_cred_aby,cred_aby,7,1,-0.868356844,Male,No,4,1,0,0,0,0,0,0.5,1,3,Low,Moderate,No,Male,2,0,0
3830,R_7bGZUefP9IKjP09,Old Control,anna,2,0,video2_cred_anna,cred_anna,3,2,-1.00901719,Male,No,4,1,0,0,0,0,0,1,2,3,Low,Moderate,No,Male,2,0,0
3831,R_7bGZUefP9IKjP09,Old Control,cham,2,0,video3_cred_cham,cred_cham,1,3,-1.079347363,Male,No,4,1,0,0,0,0,0,1,2,3,Low,Moderate,No,Male,2,0,0
3832,R_7bGZUefP9IKjP09,Old Control,fab,0,0,video4_cred_fab,cred_fab,5,4,-0.938687017,Male,No,4,1,0,0,0,0,0,0,0,3,Low,Moderate,No,Male,2,0,0
3833,R_7bGZUefP9IKjP09,Old Control,mae,2,0,video5_cred_mae,cred_mae,4,5,-0.973852103,Male,No,4,1,0,0,0,0,0,1,2,3,Low,Moderate,No,Male,2,0,0
3834,R_7bGZUefP9IKjP09,Old Control,zanx,2,0,video6_cred_zanx,cred_zanx,3,6,-1.00901719,Male,No,4,1,0,0,0,0,0,1,2,3,Low,Moderate,No,Male,2,0,0
3835,R_7c6ZoqfqMcrbviV,Old Treat,aby,0,0,video1_cred_aby,cred_aby,5,1,-0.938687017,Male,No,4,0,1,0,0,0,0,0,0,0,Low,Moderate,No,Male,1,1,0
3836,R_7c6ZoqfqMcrbviV,Old Treat,anna,0,0,video2_cred_anna,cred_anna,2,2,-1.044182276,Male,No,4,0,1,0,0,0,0,0,0,0,Low,Moderate,No,Male,1,1,0
3837,R_7c6ZoqfqMcrbviV,Old Treat,cham,0,0,video3_cred_cham,cred_cham,2,3,-1.044182276,Male,No,4,0,1,0,0,0,0,0,0,0,Low,Moderate,No,Male,1,1,0
3838,R_7c6ZoqfqMcrbviV,Old Treat,fab,0,0,video4_cred_fab,cred_fab,3,4,-1.00901719,Male,No,4,0,1,0,0,0,0,0,0,0,Low,Moderate,No,Male,1,1,0
3839,R_7c6ZoqfqMcrbviV,Old Treat,mae,0,0,video5_cred_mae,cred_mae,50,5,0.643741874,Male,No,4,0,1,0,0,0,0,0,0,0,Low,Moderate,No,Male,1,1,1
3840,R_7c6ZoqfqMcrbviV,Old Treat,zanx,0,0,video6_cred_zanx,cred_zanx,5,6,-0.938687017,Male,No,4,0,1,0,0,0,0,0,0,0,Low,Moderate,No,Male,1,1,0
3841,R_7cHGqbBxcJCS1ZT,Old Treat,aby,6,5,video1_cred_aby,cred_aby,84,1,1.839354813,Male,No,4,1,0,0,0,0,0,5.5,11,11,High,High,No,Male,2,1,1
3842,R_7cHGqbBxcJCS1ZT,Old Treat,anna,6,5,video2_cred_anna,cred_anna,80,2,1.698694468,Male,No,4,1,0,0,0,0,0,5.5,11,11,High,High,No,Male,2,1,1
3843,R_7cHGqbBxcJCS1ZT,Old Treat,cham,6,5,video3_cred_cham,cred_cham,81,3,1.733859554,Male,No,4,1,0,0,0,0,0,5.5,11,11,High,High,No,Male,2,1,1
3844,R_7cHGqbBxcJCS1ZT,Old Treat,fab,6,5,video4_cred_fab,cred_fab,87,4,1.944850073,Male,No,4,1,0,0,0,0,0,5.5,11,11,High,High,No,Male,2,1,1
3845,R_7cHGqbBxcJCS1ZT,Old Treat,mae,5,6,video5_cred_mae,cred_mae,76,5,1.558034122,Male,No,4,1,0,0,0,0,0,5.5,11,11,High,High,No,Male,2,1,1
3846,R_7cHGqbBxcJCS1ZT,Old Treat,zanx,6,5,video6_cred_zanx,cred_zanx,82,6,1.76902464,Male,No,4,1,0,0,0,0,0,5.5,11,11,High,High,No,Male,2,1,1
3847,R_7dQ9WE35xh4NYlU,Young Control,aby,0,0,video1_cred_aby,cred_aby,30,1,-0.059559855,Female,I prefer not to answer,4,0,0,1,0,0,0,0,0,NA,NA,Moderate,NA,Female,1,0,1
3848,R_7dQ9WE35xh4NYlU,Young Control,anna,0,0,video2_cred_anna,cred_anna,4,2,-0.973852103,Female,I prefer not to answer,4,0,0,1,0,0,0,0,0,NA,NA,Moderate,NA,Female,1,0,0
3849,R_7dQ9WE35xh4NYlU,Young Control,cham,0,0,video3_cred_cham,cred_cham,50,3,0.643741874,Female,I prefer not to answer,4,0,0,1,0,0,0,0,0,NA,NA,Moderate,NA,Female,1,0,1
3850,R_7dQ9WE35xh4NYlU,Young Control,fab,0,0,video4_cred_fab,cred_fab,50,4,0.643741874,Female,I prefer not to answer,4,0,0,1,0,0,0,0,0,NA,NA,Moderate,NA,Female,1,0,1
3851,R_7dQ9WE35xh4NYlU,Young Control,mae,0,0,video5_cred_mae,cred_mae,20,5,-0.41121072,Female,I prefer not to answer,4,0,0,1,0,0,0,0,0,NA,NA,Moderate,NA,Female,1,0,0
3852,R_7dQ9WE35xh4NYlU,Young Control,zanx,1,0,video6_cred_zanx,cred_zanx,NA,6,NA,Female,I prefer not to answer,4,0,0,1,0,0,0,0.5,1,NA,NA,Moderate,NA,Female,1,0,NA
3853,R_7dzQgZKWTBTxjnw,Old Treat,aby,3,0,video1_cred_aby,cred_aby,1,1,-1.079347363,Female,No,3,0,0,1,0,0,0,1.5,3,0,Low,High,No,Female,1,0,0
3854,R_7dzQgZKWTBTxjnw,Old Treat,anna,7,7,video2_cred_anna,cred_anna,100,2,2.401996197,Female,No,3,0,0,1,0,0,0,7,14,0,Low,High,No,Female,1,0,1
3855,R_7dzQgZKWTBTxjnw,Old Treat,cham,7,0,video3_cred_cham,cred_cham,100,3,2.401996197,Female,No,3,0,0,1,0,0,0,3.5,7,0,Low,High,No,Female,1,0,1
3856,R_7dzQgZKWTBTxjnw,Old Treat,fab,0,0,video4_cred_fab,cred_fab,0,4,-1.114512449,Female,No,3,0,0,1,0,0,0,0,0,0,Low,Moderate,No,Female,1,0,0
3857,R_7dzQgZKWTBTxjnw,Old Treat,mae,7,7,video5_cred_mae,cred_mae,100,5,2.401996197,Female,No,3,0,0,1,0,0,0,7,14,0,Low,High,No,Female,1,0,1
3858,R_7dzQgZKWTBTxjnw,Old Treat,zanx,0,0,video6_cred_zanx,cred_zanx,5,6,-0.938687017,Female,No,3,0,0,1,0,0,0,0,0,0,Low,Moderate,No,Female,1,0,0
3859,R_7eHv8kVD3wvhzP3,Old Treat,aby,0,1,video1_cred_aby,cred_aby,23,1,-0.305715461,Female,No,1,1,0,0,0,0,1,0.5,1,0,Low,Moderate,No,Female,1,0,1
3860,R_7eHv8kVD3wvhzP3,Old Treat,anna,0,0,video2_cred_anna,cred_anna,33,2,0.045935404,Female,No,1,1,0,0,0,0,1,0,0,0,Low,Moderate,No,Female,1,0,1
3861,R_7eHv8kVD3wvhzP3,Old Treat,cham,0,0,video3_cred_cham,cred_cham,35,3,0.116265577,Female,No,1,1,0,0,0,0,1,0,0,0,Low,Moderate,No,Female,1,0,1
3862,R_7eHv8kVD3wvhzP3,Old Treat,fab,0,1,video4_cred_fab,cred_fab,18,4,-0.481540893,Female,No,1,1,0,0,0,0,1,0.5,1,0,Low,Moderate,No,Female,1,0,0
3863,R_7eHv8kVD3wvhzP3,Old Treat,mae,0,0,video5_cred_mae,cred_mae,28,5,-0.129890028,Female,No,1,1,0,0,0,0,1,0,0,0,Low,Moderate,No,Female,1,0,1
3864,R_7eHv8kVD3wvhzP3,Old Treat,zanx,1,0,video6_cred_zanx,cred_zanx,47,6,0.538246614,Female,No,1,1,0,0,0,0,1,0.5,1,0,Low,Moderate,No,Female,1,0,1
3865,R_7eqmJrJysYb05Ty,Old Treat,aby,0,0,video1_cred_aby,cred_aby,0,1,-1.114512449,Female,No,4,1,0,0,0,1,0,0,0,2,Low,Moderate,No,Female,2,0,0
3866,R_7eqmJrJysYb05Ty,Old Treat,anna,0,0,video2_cred_anna,cred_anna,9,2,-0.798026671,Female,No,4,1,0,0,0,1,0,0,0,2,Low,Moderate,No,Female,2,0,0
3867,R_7eqmJrJysYb05Ty,Old Treat,cham,0,0,video3_cred_cham,cred_cham,12,3,-0.692531412,Female,No,4,1,0,0,0,1,0,0,0,2,Low,Moderate,No,Female,2,0,0
3868,R_7eqmJrJysYb05Ty,Old Treat,fab,0,0,video4_cred_fab,cred_fab,4,4,-0.973852103,Female,No,4,1,0,0,0,1,0,0,0,2,Low,Moderate,No,Female,2,0,0
3869,R_7eqmJrJysYb05Ty,Old Treat,mae,0,0,video5_cred_mae,cred_mae,9,5,-0.798026671,Female,No,4,1,0,0,0,1,0,0,0,2,Low,Moderate,No,Female,2,0,0
3870,R_7eqmJrJysYb05Ty,Old Treat,zanx,0,0,video6_cred_zanx,cred_zanx,0,6,-1.114512449,Female,No,4,1,0,0,0,1,0,0,0,2,Low,Moderate,No,Female,2,0,0
3871,R_7esAKHAY1ePDD6v,Old Control,aby,6,5,video1_cred_aby,cred_aby,79,1,1.663529381,Female,Yes,1,0,0,1,0,0,0,5.5,11,11,High,High,Yes,Female,3,1,1
3872,R_7esAKHAY1ePDD6v,Old Control,anna,5,5,video2_cred_anna,cred_anna,79,2,1.663529381,Female,Yes,1,0,0,1,0,0,0,5,10,11,High,High,Yes,Female,3,1,1
3873,R_7esAKHAY1ePDD6v,Old Control,cham,5,5,video3_cred_cham,cred_cham,75,3,1.522869035,Female,Yes,1,0,0,1,0,0,0,5,10,11,High,High,Yes,Female,3,1,1
3874,R_7esAKHAY1ePDD6v,Old Control,fab,5,5,video4_cred_fab,cred_fab,78,4,1.628364295,Female,Yes,1,0,0,1,0,0,0,5,10,11,High,High,Yes,Female,3,1,1
3875,R_7esAKHAY1ePDD6v,Old Control,mae,6,5,video5_cred_mae,cred_mae,78,5,1.628364295,Female,Yes,1,0,0,1,0,0,0,5.5,11,11,High,High,Yes,Female,3,1,1
3876,R_7esAKHAY1ePDD6v,Old Control,zanx,4,5,video6_cred_zanx,cred_zanx,74,6,1.487703949,Female,Yes,1,0,0,1,0,0,0,4.5,9,11,High,High,Yes,Female,3,1,1
3877,R_7etAgzuOjxX9fZF,Old Treat,aby,0,0,video1_cred_aby,cred_aby,0,1,-1.114512449,Female,No,4,0,0,1,0,0,0,0,0,2,Low,Moderate,No,Female,1,0,0
3878,R_7etAgzuOjxX9fZF,Old Treat,anna,0,0,video2_cred_anna,cred_anna,0,2,-1.114512449,Female,No,4,0,0,1,0,0,0,0,0,2,Low,Moderate,No,Female,1,0,0
3879,R_7etAgzuOjxX9fZF,Old Treat,cham,0,0,video3_cred_cham,cred_cham,1,3,-1.079347363,Female,No,4,0,0,1,0,0,0,0,0,2,Low,Moderate,No,Female,1,0,0
3880,R_7etAgzuOjxX9fZF,Old Treat,fab,0,0,video4_cred_fab,cred_fab,2,4,-1.044182276,Female,No,4,0,0,1,0,0,0,0,0,2,Low,Moderate,No,Female,1,0,0
3881,R_7etAgzuOjxX9fZF,Old Treat,mae,0,0,video5_cred_mae,cred_mae,3,5,-1.00901719,Female,No,4,0,0,1,0,0,0,0,0,2,Low,Moderate,No,Female,1,0,0
3882,R_7etAgzuOjxX9fZF,Old Treat,zanx,0,0,video6_cred_zanx,cred_zanx,0,6,-1.114512449,Female,No,4,0,0,1,0,0,0,0,0,2,Low,Moderate,No,Female,1,0,0
3883,R_7fJ0N19XZri1lqA,Old Treat,aby,3,2,video1_cred_aby,cred_aby,48,1,0.573411701,Female,No,3,1,0,0,0,0,1,2.5,5,7,Moderate,High,No,Female,1,1,1
3884,R_7fJ0N19XZri1lqA,Old Treat,anna,2,3,video2_cred_anna,cred_anna,48,2,0.573411701,Female,No,3,1,0,0,0,0,1,2.5,5,7,Moderate,High,No,Female,1,1,1
3885,R_7fJ0N19XZri1lqA,Old Treat,cham,2,3,video3_cred_cham,cred_cham,45,3,0.467916441,Female,No,3,1,0,0,0,0,1,2.5,5,7,Moderate,High,No,Female,1,1,1
3886,R_7fJ0N19XZri1lqA,Old Treat,fab,2,3,video4_cred_fab,cred_fab,46,4,0.503081528,Female,No,3,1,0,0,0,0,1,2.5,5,7,Moderate,High,No,Female,1,1,1
3887,R_7fJ0N19XZri1lqA,Old Treat,mae,2,3,video5_cred_mae,cred_mae,41,5,0.327256096,Female,No,3,1,0,0,0,0,1,2.5,5,7,Moderate,High,No,Female,1,1,1
3888,R_7fJ0N19XZri1lqA,Old Treat,zanx,2,2,video6_cred_zanx,cred_zanx,47,6,0.538246614,Female,No,3,1,0,0,0,0,1,2,4,7,Moderate,High,No,Female,1,1,1
3889,R_7fZee0daeCNR0pm,Young Control,aby,0,0,video1_cred_aby,cred_aby,0,1,-1.114512449,Male,I prefer not to answer,3,0,0,0,0,0,0,0,0,0,Low,Moderate,NA,Male,1,0,0
3890,R_7fZee0daeCNR0pm,Young Control,anna,0,0,video2_cred_anna,cred_anna,0,2,-1.114512449,Male,I prefer not to answer,3,0,0,0,0,0,0,0,0,0,Low,Moderate,NA,Male,1,0,0
3891,R_7fZee0daeCNR0pm,Young Control,cham,0,0,video3_cred_cham,cred_cham,0,3,-1.114512449,Male,I prefer not to answer,3,0,0,0,0,0,0,0,0,0,Low,Moderate,NA,Male,1,0,0
3892,R_7fZee0daeCNR0pm,Young Control,fab,0,0,video4_cred_fab,cred_fab,0,4,-1.114512449,Male,I prefer not to answer,3,0,0,0,0,0,0,0,0,0,Low,Moderate,NA,Male,1,0,0
3893,R_7fZee0daeCNR0pm,Young Control,mae,0,0,video5_cred_mae,cred_mae,0,5,-1.114512449,Male,I prefer not to answer,3,0,0,0,0,0,0,0,0,0,Low,Moderate,NA,Male,1,0,0
3894,R_7fZee0daeCNR0pm,Young Control,zanx,0,0,video6_cred_zanx,cred_zanx,0,6,-1.114512449,Male,I prefer not to answer,3,0,0,0,0,0,0,0,0,0,Low,Moderate,NA,Male,1,0,0
3895,R_7flXl16UpZFUir2,Young Treat,aby,5,4,video1_cred_aby,cred_aby,58,1,0.925062565,Female,No,3,1,0,0,0,0,1,4.5,9,9,Moderate,High,No,Female,3,1,1
3896,R_7flXl16UpZFUir2,Young Treat,anna,5,4,video2_cred_anna,cred_anna,64,2,1.136053084,Female,No,3,1,0,0,0,0,1,4.5,9,9,Moderate,High,No,Female,3,1,1
3897,R_7flXl16UpZFUir2,Young Treat,cham,4,5,video3_cred_cham,cred_cham,62,3,1.065722911,Female,No,3,1,0,0,0,0,1,4.5,9,9,Moderate,High,No,Female,3,1,1
3898,R_7flXl16UpZFUir2,Young Treat,fab,4,5,video4_cred_fab,cred_fab,58,4,0.925062565,Female,No,3,1,0,0,0,0,1,4.5,9,9,Moderate,High,No,Female,3,1,1
3899,R_7flXl16UpZFUir2,Young Treat,mae,5,4,video5_cred_mae,cred_mae,59,5,0.960227652,Female,No,3,1,0,0,0,0,1,4.5,9,9,Moderate,High,No,Female,3,1,1
3900,R_7flXl16UpZFUir2,Young Treat,zanx,5,4,video6_cred_zanx,cred_zanx,66,6,1.206383257,Female,No,3,1,0,0,0,0,1,4.5,9,9,Moderate,High,No,Female,3,1,1
3901,R_7fxQYAHE8TQdcEW,Young Control,aby,1,1,video1_cred_aby,cred_aby,6,1,-0.903521931,Male,No,3,1,0,0,0,0,0,1,2,2,Low,Moderate,No,Male,1,0,0
3902,R_7fxQYAHE8TQdcEW,Young Control,anna,1,4,video2_cred_anna,cred_anna,12,2,-0.692531412,Male,No,3,1,0,0,0,0,0,2.5,5,2,Low,High,No,Male,1,0,0
3903,R_7fxQYAHE8TQdcEW,Young Control,cham,1,1,video3_cred_cham,cred_cham,20,3,-0.41121072,Male,No,3,1,0,0,0,0,0,1,2,2,Low,Moderate,No,Male,1,0,0
3904,R_7fxQYAHE8TQdcEW,Young Control,fab,1,1,video4_cred_fab,cred_fab,18,4,-0.481540893,Male,No,3,1,0,0,0,0,0,1,2,2,Low,Moderate,No,Male,1,0,0
3905,R_7fxQYAHE8TQdcEW,Young Control,mae,1,7,video5_cred_mae,cred_mae,33,5,0.045935404,Male,No,3,1,0,0,0,0,0,4,8,2,Low,High,No,Male,1,0,1
3906,R_7fxQYAHE8TQdcEW,Young Control,zanx,1,1,video6_cred_zanx,cred_zanx,7,6,-0.868356844,Male,No,3,1,0,0,0,0,0,1,2,2,Low,Moderate,No,Male,1,0,0
3907,R_7gZeHj3d6iHwPdA,Old Treat,aby,0,0,video1_cred_aby,cred_aby,50,1,0.643741874,Female,No,3,0,0,0,0,1,1,0,0,0,Low,Moderate,No,Female,1,0,1
3908,R_7gZeHj3d6iHwPdA,Old Treat,anna,0,1,video2_cred_anna,cred_anna,50,2,0.643741874,Female,No,3,0,0,0,0,1,1,0.5,1,0,Low,Moderate,No,Female,1,0,1
3909,R_7gZeHj3d6iHwPdA,Old Treat,cham,0,0,video3_cred_cham,cred_cham,50,3,0.643741874,Female,No,3,0,0,0,0,1,1,0,0,0,Low,Moderate,No,Female,1,0,1
3910,R_7gZeHj3d6iHwPdA,Old Treat,fab,1,1,video4_cred_fab,cred_fab,50,4,0.643741874,Female,No,3,0,0,0,0,1,1,1,2,0,Low,Moderate,No,Female,1,0,1
3911,R_7gZeHj3d6iHwPdA,Old Treat,mae,1,2,video5_cred_mae,cred_mae,50,5,0.643741874,Female,No,3,0,0,0,0,1,1,1.5,3,0,Low,High,No,Female,1,0,1
3912,R_7gZeHj3d6iHwPdA,Old Treat,zanx,0,0,video6_cred_zanx,cred_zanx,10,6,-0.762861585,Female,No,3,0,0,0,0,1,1,0,0,0,Low,Moderate,No,Female,1,0,0
3913,R_7h6CFDMswwXBcmf,Young Treat,aby,1,1,video1_cred_aby,cred_aby,18,1,-0.481540893,Female,Yes,3,0,0,0,0,0,0,1,2,0,Low,Moderate,Yes,Female,1,0,0
3914,R_7h6CFDMswwXBcmf,Young Treat,anna,1,1,video2_cred_anna,cred_anna,27,2,-0.165055115,Female,Yes,3,0,0,0,0,0,0,1,2,0,Low,Moderate,Yes,Female,1,0,1
3915,R_7h6CFDMswwXBcmf,Young Treat,cham,1,1,video3_cred_cham,cred_cham,15,3,-0.587036152,Female,Yes,3,0,0,0,0,0,0,1,2,0,Low,Moderate,Yes,Female,1,0,0
3916,R_7h6CFDMswwXBcmf,Young Treat,fab,1,1,video4_cred_fab,cred_fab,12,4,-0.692531412,Female,Yes,3,0,0,0,0,0,0,1,2,0,Low,Moderate,Yes,Female,1,0,0
3917,R_7h6CFDMswwXBcmf,Young Treat,mae,1,1,video5_cred_mae,cred_mae,23,5,-0.305715461,Female,Yes,3,0,0,0,0,0,0,1,2,0,Low,Moderate,Yes,Female,1,0,1
3918,R_7h6CFDMswwXBcmf,Young Treat,zanx,0,0,video6_cred_zanx,cred_zanx,10,6,-0.762861585,Female,Yes,3,0,0,0,0,0,0,0,0,0,Low,Moderate,Yes,Female,1,0,0
3919,R_7h6URrG2RtWOhQ5,Young Control,aby,1,1,video1_cred_aby,cred_aby,10,1,-0.762861585,I prefer not to answer,Yes,1,0,0,0,1,0,0,1,2,2,Low,Moderate,Yes,NA,3,0,0
3920,R_7h6URrG2RtWOhQ5,Young Control,anna,1,1,video2_cred_anna,cred_anna,5,2,-0.938687017,I prefer not to answer,Yes,1,0,0,0,1,0,0,1,2,2,Low,Moderate,Yes,NA,3,0,0
3921,R_7h6URrG2RtWOhQ5,Young Control,cham,1,1,video3_cred_cham,cred_cham,26,3,-0.200220201,I prefer not to answer,Yes,1,0,0,0,1,0,0,1,2,2,Low,Moderate,Yes,NA,3,0,1
3922,R_7h6URrG2RtWOhQ5,Young Control,fab,1,1,video4_cred_fab,cred_fab,3,4,-1.00901719,I prefer not to answer,Yes,1,0,0,0,1,0,0,1,2,2,Low,Moderate,Yes,NA,3,0,0
3923,R_7h6URrG2RtWOhQ5,Young Control,mae,1,1,video5_cred_mae,cred_mae,9,5,-0.798026671,I prefer not to answer,Yes,1,0,0,0,1,0,0,1,2,2,Low,Moderate,Yes,NA,3,0,0
3924,R_7h6URrG2RtWOhQ5,Young Control,zanx,1,1,video6_cred_zanx,cred_zanx,6,6,-0.903521931,I prefer not to answer,Yes,1,0,0,0,1,0,0,1,2,2,Low,Moderate,Yes,NA,3,0,0
3925,R_7hQBuZpLFWhkBk1,Young Treat,aby,0,0,video1_cred_aby,cred_aby,2,1,-1.044182276,Female,Yes,2,0,0,0,0,1,0,0,0,0,Low,Moderate,Yes,Female,1,0,0
3926,R_7hQBuZpLFWhkBk1,Young Treat,anna,0,0,video2_cred_anna,cred_anna,2,2,-1.044182276,Female,Yes,2,0,0,0,0,1,0,0,0,0,Low,Moderate,Yes,Female,1,0,0
3927,R_7hQBuZpLFWhkBk1,Young Treat,cham,0,0,video3_cred_cham,cred_cham,4,3,-0.973852103,Female,Yes,2,0,0,0,0,1,0,0,0,0,Low,Moderate,Yes,Female,1,0,0
3928,R_7hQBuZpLFWhkBk1,Young Treat,fab,0,0,video4_cred_fab,cred_fab,4,4,-0.973852103,Female,Yes,2,0,0,0,0,1,0,0,0,0,Low,Moderate,Yes,Female,1,0,0
3929,R_7hQBuZpLFWhkBk1,Young Treat,mae,0,0,video5_cred_mae,cred_mae,9,5,-0.798026671,Female,Yes,2,0,0,0,0,1,0,0,0,0,Low,Moderate,Yes,Female,1,0,0
3930,R_7hQBuZpLFWhkBk1,Young Treat,zanx,0,0,video6_cred_zanx,cred_zanx,5,6,-0.938687017,Female,Yes,2,0,0,0,0,1,0,0,0,0,Low,Moderate,Yes,Female,1,0,0
3931,R_7iMl4FM5IBpKXaV,Old Control,aby,4,5,video1_cred_aby,cred_aby,66,1,1.206383257,Male,No,1,1,0,0,0,0,0,4.5,9,9,Moderate,High,No,Male,1,0,1
3932,R_7iMl4FM5IBpKXaV,Old Control,anna,4,3,video2_cred_anna,cred_anna,60,2,0.995392738,Male,No,1,1,0,0,0,0,0,3.5,7,9,Moderate,High,No,Male,1,0,1
3933,R_7iMl4FM5IBpKXaV,Old Control,cham,4,4,video3_cred_cham,cred_cham,60,3,0.995392738,Male,No,1,1,0,0,0,0,0,4,8,9,Moderate,High,No,Male,1,0,1
3934,R_7iMl4FM5IBpKXaV,Old Control,fab,4,5,video4_cred_fab,cred_fab,62,4,1.065722911,Male,No,1,1,0,0,0,0,0,4.5,9,9,Moderate,High,No,Male,1,0,1
3935,R_7iMl4FM5IBpKXaV,Old Control,mae,4,5,video5_cred_mae,cred_mae,61,5,1.030557825,Male,No,1,1,0,0,0,0,0,4.5,9,9,Moderate,High,No,Male,1,0,1
3936,R_7iMl4FM5IBpKXaV,Old Control,zanx,4,5,video6_cred_zanx,cred_zanx,60,6,0.995392738,Male,No,1,1,0,0,0,0,0,4.5,9,9,Moderate,High,No,Male,1,0,1
3937,R_7iUWNP8A7gcb7K5,Young Treat,aby,0,0,video1_cred_aby,cred_aby,31,1,-0.024394769,Female,No,4,0,0,1,0,0,0,0,0,0,Low,Moderate,No,Female,1,0,1
3938,R_7iUWNP8A7gcb7K5,Young Treat,anna,0,0,video2_cred_anna,cred_anna,0,2,-1.114512449,Female,No,4,0,0,1,0,0,0,0,0,0,Low,Moderate,No,Female,1,0,0
3939,R_7iUWNP8A7gcb7K5,Young Treat,cham,0,0,video3_cred_cham,cred_cham,0,3,-1.114512449,Female,No,4,0,0,1,0,0,0,0,0,0,Low,Moderate,No,Female,1,0,0
3940,R_7iUWNP8A7gcb7K5,Young Treat,fab,0,0,video4_cred_fab,cred_fab,0,4,-1.114512449,Female,No,4,0,0,1,0,0,0,0,0,0,Low,Moderate,No,Female,1,0,0
3941,R_7iUWNP8A7gcb7K5,Young Treat,mae,0,0,video5_cred_mae,cred_mae,2,5,-1.044182276,Female,No,4,0,0,1,0,0,0,0,0,0,Low,Moderate,No,Female,1,0,0
3942,R_7iUWNP8A7gcb7K5,Young Treat,zanx,0,0,video6_cred_zanx,cred_zanx,5,6,-0.938687017,Female,No,4,0,0,1,0,0,0,0,0,0,Low,Moderate,No,Female,1,0,0
3943,R_7j6hLmim7MeBrsA,Young Control,aby,1,2,video1_cred_aby,cred_aby,27,1,-0.165055115,Female,Yes,2,0,0,0,0,0,0,1.5,3,3,Low,High,Yes,Female,1,0,1
3944,R_7j6hLmim7MeBrsA,Young Control,anna,2,1,video2_cred_anna,cred_anna,19,2,-0.446375807,Female,Yes,2,0,0,0,0,0,0,1.5,3,3,Low,High,Yes,Female,1,0,0
3945,R_7j6hLmim7MeBrsA,Young Control,cham,3,2,video3_cred_cham,cred_cham,21,3,-0.376045634,Female,Yes,2,0,0,0,0,0,0,2.5,5,3,Low,High,Yes,Female,1,0,0
3946,R_7j6hLmim7MeBrsA,Young Control,fab,2,0,video4_cred_fab,cred_fab,31,4,-0.024394769,Female,Yes,2,0,0,0,0,0,0,1,2,3,Low,Moderate,Yes,Female,1,0,1
3947,R_7j6hLmim7MeBrsA,Young Control,mae,1,2,video5_cred_mae,cred_mae,19,5,-0.446375807,Female,Yes,2,0,0,0,0,0,0,1.5,3,3,Low,High,Yes,Female,1,0,0
3948,R_7j6hLmim7MeBrsA,Young Control,zanx,1,2,video6_cred_zanx,cred_zanx,14,6,-0.622201239,Female,Yes,2,0,0,0,0,0,0,1.5,3,3,Low,High,Yes,Female,1,0,0
3949,R_7kTa5EHN960l2PL,Old Control,aby,0,0,video1_cred_aby,cred_aby,0,1,-1.114512449,Female,Yes,3,0,0,0,0,0,1,0,0,1,Low,Moderate,Yes,Female,1,1,0
3950,R_7kTa5EHN960l2PL,Old Control,anna,3,1,video2_cred_anna,cred_anna,7,2,-0.868356844,Female,Yes,3,0,0,0,0,0,1,2,4,1,Low,High,Yes,Female,1,1,0
3951,R_7kTa5EHN960l2PL,Old Control,cham,1,1,video3_cred_cham,cred_cham,11,3,-0.727696498,Female,Yes,3,0,0,0,0,0,1,1,2,1,Low,Moderate,Yes,Female,1,1,0
3952,R_7kTa5EHN960l2PL,Old Control,fab,NA,NA,video4_cred_fab,cred_fab,NA,4,NA,Female,Yes,3,0,0,0,0,0,1,NA,NA,1,Low,NA,Yes,Female,1,1,NA
3953,R_7kTa5EHN960l2PL,Old Control,mae,1,1,video5_cred_mae,cred_mae,16,5,-0.551871066,Female,Yes,3,0,0,0,0,0,1,1,2,1,Low,Moderate,Yes,Female,1,1,0
3954,R_7kTa5EHN960l2PL,Old Control,zanx,0,0,video6_cred_zanx,cred_zanx,6,6,-0.903521931,Female,Yes,3,0,0,0,0,0,1,0,0,1,Low,Moderate,Yes,Female,1,1,0
3955,R_7lAF2Fl9G3O173W,Young Treat,aby,0,0,video1_cred_aby,cred_aby,0,1,-1.114512449,Female,Yes,4,0,0,0,0,0,0,0,0,0,Low,Moderate,Yes,Female,3,0,0
3956,R_7lAF2Fl9G3O173W,Young Treat,anna,0,0,video2_cred_anna,cred_anna,46,2,0.503081528,Female,Yes,4,0,0,0,0,0,0,0,0,0,Low,Moderate,Yes,Female,3,0,1
3957,R_7lAF2Fl9G3O173W,Young Treat,cham,1,0,video3_cred_cham,cred_cham,11,3,-0.727696498,Female,Yes,4,0,0,0,0,0,0,0.5,1,0,Low,Moderate,Yes,Female,3,0,0
3958,R_7lAF2Fl9G3O173W,Young Treat,fab,1,0,video4_cred_fab,cred_fab,9,4,-0.798026671,Female,Yes,4,0,0,0,0,0,0,0.5,1,0,Low,Moderate,Yes,Female,3,0,0
3959,R_7lAF2Fl9G3O173W,Young Treat,mae,1,0,video5_cred_mae,cred_mae,7,5,-0.868356844,Female,Yes,4,0,0,0,0,0,0,0.5,1,0,Low,Moderate,Yes,Female,3,0,0
3960,R_7lAF2Fl9G3O173W,Young Treat,zanx,0,0,video6_cred_zanx,cred_zanx,0,6,-1.114512449,Female,Yes,4,0,0,0,0,0,0,0,0,0,Low,Moderate,Yes,Female,3,0,0
3961,R_7lPHlIjr3h1rlFl,Young Treat,aby,5,0,video1_cred_aby,cred_aby,64,1,1.136053084,Female,No,1,0,0,1,0,0,1,2.5,5,9,Moderate,High,No,Female,1,0,1
3962,R_7lPHlIjr3h1rlFl,Young Treat,anna,0,0,video2_cred_anna,cred_anna,50,2,0.643741874,Female,No,1,0,0,1,0,0,1,0,0,9,Moderate,Moderate,No,Female,1,0,1
3963,R_7lPHlIjr3h1rlFl,Young Treat,cham,3,1,video3_cred_cham,cred_cham,65,3,1.171218171,Female,No,1,0,0,1,0,0,1,2,4,9,Moderate,High,No,Female,1,0,1
3964,R_7lPHlIjr3h1rlFl,Young Treat,fab,1,4,video4_cred_fab,cred_fab,31,4,-0.024394769,Female,No,1,0,0,1,0,0,1,2.5,5,9,Moderate,High,No,Female,1,0,1
3965,R_7lPHlIjr3h1rlFl,Young Treat,mae,2,2,video5_cred_mae,cred_mae,33,5,0.045935404,Female,No,1,0,0,1,0,0,1,2,4,9,Moderate,High,No,Female,1,0,1
3966,R_7lPHlIjr3h1rlFl,Young Treat,zanx,5,0,video6_cred_zanx,cred_zanx,14,6,-0.622201239,Female,No,1,0,0,1,0,0,1,2.5,5,9,Moderate,High,No,Female,1,0,0
3967,R_7mFyPQqfk93tfl0,Young Treat,aby,1,1,video1_cred_aby,cred_aby,50,1,0.643741874,Male,Yes,3,0,0,0,0,0,0,1,2,2,Low,Moderate,Yes,Male,1,0,1
3968,R_7mFyPQqfk93tfl0,Young Treat,anna,1,1,video2_cred_anna,cred_anna,1,2,-1.079347363,Male,Yes,3,0,0,0,0,0,0,1,2,2,Low,Moderate,Yes,Male,1,0,0
3969,R_7mFyPQqfk93tfl0,Young Treat,cham,1,1,video3_cred_cham,cred_cham,1,3,-1.079347363,Male,Yes,3,0,0,0,0,0,0,1,2,2,Low,Moderate,Yes,Male,1,0,0
3970,R_7mFyPQqfk93tfl0,Young Treat,fab,1,1,video4_cred_fab,cred_fab,1,4,-1.079347363,Male,Yes,3,0,0,0,0,0,0,1,2,2,Low,Moderate,Yes,Male,1,0,0
3971,R_7mFyPQqfk93tfl0,Young Treat,mae,1,1,video5_cred_mae,cred_mae,1,5,-1.079347363,Male,Yes,3,0,0,0,0,0,0,1,2,2,Low,Moderate,Yes,Male,1,0,0
3972,R_7mFyPQqfk93tfl0,Young Treat,zanx,1,1,video6_cred_zanx,cred_zanx,1,6,-1.079347363,Male,Yes,3,0,0,0,0,0,0,1,2,2,Low,Moderate,Yes,Male,1,0,0
3973,R_7mI2MDnbBATzLKp,Young Treat,aby,1,1,video1_cred_aby,cred_aby,46,1,0.503081528,Male,Yes,3,0,0,0,0,0,1,1,2,0,Low,Moderate,Yes,Male,1,0,1
3974,R_7mI2MDnbBATzLKp,Young Treat,anna,0,0,video2_cred_anna,cred_anna,53,2,0.749237133,Male,Yes,3,0,0,0,0,0,1,0,0,0,Low,Moderate,Yes,Male,1,0,1
3975,R_7mI2MDnbBATzLKp,Young Treat,cham,1,1,video3_cred_cham,cred_cham,40,3,0.292091009,Male,Yes,3,0,0,0,0,0,1,1,2,0,Low,Moderate,Yes,Male,1,0,1
3976,R_7mI2MDnbBATzLKp,Young Treat,fab,1,1,video4_cred_fab,cred_fab,23,4,-0.305715461,Male,Yes,3,0,0,0,0,0,1,1,2,0,Low,Moderate,Yes,Male,1,0,1
3977,R_7mI2MDnbBATzLKp,Young Treat,mae,0,0,video5_cred_mae,cred_mae,27,5,-0.165055115,Male,Yes,3,0,0,0,0,0,1,0,0,0,Low,Moderate,Yes,Male,1,0,1
3978,R_7mI2MDnbBATzLKp,Young Treat,zanx,1,1,video6_cred_zanx,cred_zanx,49,6,0.608576787,Male,Yes,3,0,0,0,0,0,1,1,2,0,Low,Moderate,Yes,Male,1,0,1
3979,R_7mKTQdK0HhaUW8V,Old Treat,aby,1,1,video1_cred_aby,cred_aby,13,1,-0.657366325,Male,No,4,1,0,0,0,0,0,1,2,0,Low,Moderate,No,Male,1,1,0
3980,R_7mKTQdK0HhaUW8V,Old Treat,anna,1,1,video2_cred_anna,cred_anna,14,2,-0.622201239,Male,No,4,1,0,0,0,0,0,1,2,0,Low,Moderate,No,Male,1,1,0
3981,R_7mKTQdK0HhaUW8V,Old Treat,cham,1,0,video3_cred_cham,cred_cham,33,3,0.045935404,Male,No,4,1,0,0,0,0,0,0.5,1,0,Low,Moderate,No,Male,1,1,1
3982,R_7mKTQdK0HhaUW8V,Old Treat,fab,0,1,video4_cred_fab,cred_fab,15,4,-0.587036152,Male,No,4,1,0,0,0,0,0,0.5,1,0,Low,Moderate,No,Male,1,1,0
3983,R_7mKTQdK0HhaUW8V,Old Treat,mae,1,1,video5_cred_mae,cred_mae,12,5,-0.692531412,Male,No,4,1,0,0,0,0,0,1,2,0,Low,Moderate,No,Male,1,1,0
3984,R_7mKTQdK0HhaUW8V,Old Treat,zanx,1,1,video6_cred_zanx,cred_zanx,10,6,-0.762861585,Male,No,4,1,0,0,0,0,0,1,2,0,Low,Moderate,No,Male,1,1,0
3985,R_7mP3iuk0uNdas3x,Old Treat,aby,0,0,video1_cred_aby,cred_aby,NA,1,NA,Female,Yes,4,0,0,0,0,0,0,0,0,NA,NA,Moderate,Yes,Female,1,1,NA
3986,R_7mP3iuk0uNdas3x,Old Treat,anna,NA,NA,video2_cred_anna,cred_anna,76.5,2,1.575616665,Female,Yes,4,0,0,0,0,0,0,NA,NA,NA,NA,NA,Yes,Female,1,1,1
3987,R_7mP3iuk0uNdas3x,Old Treat,cham,NA,NA,video3_cred_cham,cred_cham,83.5,3,1.82177227,Female,Yes,4,0,0,0,0,0,0,NA,NA,NA,NA,NA,Yes,Female,1,1,1
3988,R_7mP3iuk0uNdas3x,Old Treat,fab,NA,NA,video4_cred_fab,cred_fab,40,4,0.292091009,Female,Yes,4,0,0,0,0,0,0,NA,NA,NA,NA,NA,Yes,Female,1,1,1
3989,R_7mP3iuk0uNdas3x,Old Treat,mae,0,0,video5_cred_mae,cred_mae,44,5,0.432751355,Female,Yes,4,0,0,0,0,0,0,0,0,NA,NA,Moderate,Yes,Female,1,1,1
3990,R_7mP3iuk0uNdas3x,Old Treat,zanx,NA,NA,video6_cred_zanx,cred_zanx,NA,6,NA,Female,Yes,4,0,0,0,0,0,0,NA,NA,NA,NA,NA,Yes,Female,1,1,NA
3991,R_7mUJAEdp7tXm3g5,Young Treat,aby,4,1,video1_cred_aby,cred_aby,12,1,-0.692531412,Female,No,3,0,0,1,0,0,1,2.5,5,9,Moderate,High,No,Female,1,0,0
3992,R_7mUJAEdp7tXm3g5,Young Treat,anna,5,3,video2_cred_anna,cred_anna,52,2,0.714072047,Female,No,3,0,0,1,0,0,1,4,8,9,Moderate,High,No,Female,1,0,1
3993,R_7mUJAEdp7tXm3g5,Young Treat,cham,3,3,video3_cred_cham,cred_cham,6,3,-0.903521931,Female,No,3,0,0,1,0,0,1,3,6,9,Moderate,High,No,Female,1,0,0
3994,R_7mUJAEdp7tXm3g5,Young Treat,fab,4,5,video4_cred_fab,cred_fab,14,4,-0.622201239,Female,No,3,0,0,1,0,0,1,4.5,9,9,Moderate,High,No,Female,1,0,0
3995,R_7mUJAEdp7tXm3g5,Young Treat,mae,5,3,video5_cred_mae,cred_mae,53,5,0.749237133,Female,No,3,0,0,1,0,0,1,4,8,9,Moderate,High,No,Female,1,0,1
3996,R_7mUJAEdp7tXm3g5,Young Treat,zanx,4,1,video6_cred_zanx,cred_zanx,4,6,-0.973852103,Female,No,3,0,0,1,0,0,1,2.5,5,9,Moderate,High,No,Female,1,0,0
3997,R_7mYqPkwVzwZjlQJ,Old Control,aby,0,0,video1_cred_aby,cred_aby,59,1,0.960227652,Female,Yes,4,1,0,0,0,0,0,0,0,0,Low,Moderate,Yes,Female,1,0,1
3998,R_7mYqPkwVzwZjlQJ,Old Control,anna,0,0,video2_cred_anna,cred_anna,51,2,0.67890696,Female,Yes,4,1,0,0,0,0,0,0,0,0,Low,Moderate,Yes,Female,1,0,1
3999,R_7mYqPkwVzwZjlQJ,Old Control,cham,0,0,video3_cred_cham,cred_cham,50,3,0.643741874,Female,Yes,4,1,0,0,0,0,0,0,0,0,Low,Moderate,Yes,Female,1,0,1
4000,R_7mYqPkwVzwZjlQJ,Old Control,fab,0,0,video4_cred_fab,cred_fab,20,4,-0.41121072,Female,Yes,4,1,0,0,0,0,0,0,0,0,Low,Moderate,Yes,Female,1,0,0
4001,R_7mYqPkwVzwZjlQJ,Old Control,mae,0,0,video5_cred_mae,cred_mae,31,5,-0.024394769,Female,Yes,4,1,0,0,0,0,0,0,0,0,Low,Moderate,Yes,Female,1,0,1
4002,R_7mYqPkwVzwZjlQJ,Old Control,zanx,0,0,video6_cred_zanx,cred_zanx,11,6,-0.727696498,Female,Yes,4,1,0,0,0,0,0,0,0,0,Low,Moderate,Yes,Female,1,0,0
4003,R_7nMmxn9kw4KodLm,Young Treat,aby,0,1,video1_cred_aby,cred_aby,32,1,0.010770317,Female,Yes,3,1,0,0,0,0,0,0.5,1,2,Low,Moderate,Yes,Female,1,0,1
4004,R_7nMmxn9kw4KodLm,Young Treat,anna,1,3,video2_cred_anna,cred_anna,27,2,-0.165055115,Female,Yes,3,1,0,0,0,0,0,2,4,2,Low,High,Yes,Female,1,0,1
4005,R_7nMmxn9kw4KodLm,Young Treat,cham,0,7,video3_cred_cham,cred_cham,0,3,-1.114512449,Female,Yes,3,1,0,0,0,0,0,3.5,7,2,Low,High,Yes,Female,1,0,0
4006,R_7nMmxn9kw4KodLm,Young Treat,fab,0,0,video4_cred_fab,cred_fab,0,4,-1.114512449,Female,Yes,3,1,0,0,0,0,0,0,0,2,Low,Moderate,Yes,Female,1,0,0
4007,R_7nMmxn9kw4KodLm,Young Treat,mae,0,1,video5_cred_mae,cred_mae,25,5,-0.235385288,Female,Yes,3,1,0,0,0,0,0,0.5,1,2,Low,Moderate,Yes,Female,1,0,1
4008,R_7nMmxn9kw4KodLm,Young Treat,zanx,0,0,video6_cred_zanx,cred_zanx,0,6,-1.114512449,Female,Yes,3,1,0,0,0,0,0,0,0,2,Low,Moderate,Yes,Female,1,0,0
4009,R_7nT2s61jL4f8Zug,Old Control,aby,1,1,video1_cred_aby,cred_aby,4,1,-0.973852103,Male,No,3,1,0,0,0,0,1,1,2,2,Low,Moderate,No,Male,1,0,0
4010,R_7nT2s61jL4f8Zug,Old Control,anna,1,1,video2_cred_anna,cred_anna,11,2,-0.727696498,Male,No,3,1,0,0,0,0,1,1,2,2,Low,Moderate,No,Male,1,0,0
4011,R_7nT2s61jL4f8Zug,Old Control,cham,1,1,video3_cred_cham,cred_cham,8,3,-0.833191758,Male,No,3,1,0,0,0,0,1,1,2,2,Low,Moderate,No,Male,1,0,0
4012,R_7nT2s61jL4f8Zug,Old Control,fab,1,1,video4_cred_fab,cred_fab,10,4,-0.762861585,Male,No,3,1,0,0,0,0,1,1,2,2,Low,Moderate,No,Male,1,0,0
4013,R_7nT2s61jL4f8Zug,Old Control,mae,1,1,video5_cred_mae,cred_mae,12,5,-0.692531412,Male,No,3,1,0,0,0,0,1,1,2,2,Low,Moderate,No,Male,1,0,0
4014,R_7nT2s61jL4f8Zug,Old Control,zanx,1,1,video6_cred_zanx,cred_zanx,14,6,-0.622201239,Male,No,3,1,0,0,0,0,1,1,2,2,Low,Moderate,No,Male,1,0,0
4015,R_7nqnDgeuJX8hG6u,Old Control,aby,2,1,video1_cred_aby,cred_aby,23,1,-0.305715461,Female,Yes,2,0,0,0,0,1,0,1.5,3,0,Low,High,Yes,Female,1,0,1
4016,R_7nqnDgeuJX8hG6u,Old Control,anna,1,2,video2_cred_anna,cred_anna,38,2,0.221760836,Female,Yes,2,0,0,0,0,1,0,1.5,3,0,Low,High,Yes,Female,1,0,1
4017,R_7nqnDgeuJX8hG6u,Old Control,cham,2,1,video3_cred_cham,cred_cham,39,3,0.256925923,Female,Yes,2,0,0,0,0,1,0,1.5,3,0,Low,High,Yes,Female,1,0,1
4018,R_7nqnDgeuJX8hG6u,Old Control,fab,1,1,video4_cred_fab,cred_fab,14,4,-0.622201239,Female,Yes,2,0,0,0,0,1,0,1,2,0,Low,Moderate,Yes,Female,1,0,0
4019,R_7nqnDgeuJX8hG6u,Old Control,mae,1,1,video5_cred_mae,cred_mae,15,5,-0.587036152,Female,Yes,2,0,0,0,0,1,0,1,2,0,Low,Moderate,Yes,Female,1,0,0
4020,R_7nqnDgeuJX8hG6u,Old Control,zanx,1,1,video6_cred_zanx,cred_zanx,21,6,-0.376045634,Female,Yes,2,0,0,0,0,1,0,1,2,0,Low,Moderate,Yes,Female,1,0,0
4021,R_7oEG4Tub79kLtJP,Old Treat,aby,0,0,video1_cred_aby,cred_aby,30,1,-0.059559855,Female,Yes,4,1,0,0,0,0,1,0,0,0,Low,Moderate,Yes,Female,1,0,1
4022,R_7oEG4Tub79kLtJP,Old Treat,anna,0,0,video2_cred_anna,cred_anna,0,2,-1.114512449,Female,Yes,4,1,0,0,0,0,1,0,0,0,Low,Moderate,Yes,Female,1,0,0
4023,R_7oEG4Tub79kLtJP,Old Treat,cham,0,0,video3_cred_cham,cred_cham,19,3,-0.446375807,Female,Yes,4,1,0,0,0,0,1,0,0,0,Low,Moderate,Yes,Female,1,0,0
4024,R_7oEG4Tub79kLtJP,Old Treat,fab,0,0,video4_cred_fab,cred_fab,0,4,-1.114512449,Female,Yes,4,1,0,0,0,0,1,0,0,0,Low,Moderate,Yes,Female,1,0,0
4025,R_7oEG4Tub79kLtJP,Old Treat,mae,0,0,video5_cred_mae,cred_mae,8,5,-0.833191758,Female,Yes,4,1,0,0,0,0,1,0,0,0,Low,Moderate,Yes,Female,1,0,0
4026,R_7oEG4Tub79kLtJP,Old Treat,zanx,0,0,video6_cred_zanx,cred_zanx,0,6,-1.114512449,Female,Yes,4,1,0,0,0,0,1,0,0,0,Low,Moderate,Yes,Female,1,0,0
4027,R_7oTmSxaKTj6HQd7,Young Control,aby,4,5,video1_cred_aby,cred_aby,65,1,1.171218171,Male,No,3,1,0,0,0,0,1,4.5,9,9,Moderate,High,No,Male,2,1,1
4028,R_7oTmSxaKTj6HQd7,Young Control,anna,4,5,video2_cred_anna,cred_anna,77,2,1.593199208,Male,No,3,1,0,0,0,0,1,4.5,9,9,Moderate,High,No,Male,2,1,1
4029,R_7oTmSxaKTj6HQd7,Young Control,cham,4,5,video3_cred_cham,cred_cham,81,3,1.733859554,Male,No,3,1,0,0,0,0,1,4.5,9,9,Moderate,High,No,Male,2,1,1
4030,R_7oTmSxaKTj6HQd7,Young Control,fab,5,4,video4_cred_fab,cred_fab,75,4,1.522869035,Male,No,3,1,0,0,0,0,1,4.5,9,9,Moderate,High,No,Male,2,1,1
4031,R_7oTmSxaKTj6HQd7,Young Control,mae,4,5,video5_cred_mae,cred_mae,69,5,1.311878516,Male,No,3,1,0,0,0,0,1,4.5,9,9,Moderate,High,No,Male,2,1,1
4032,R_7oTmSxaKTj6HQd7,Young Control,zanx,4,6,video6_cred_zanx,cred_zanx,78,6,1.628364295,Male,No,3,1,0,0,0,0,1,5,10,9,Moderate,High,No,Male,2,1,1
4033,R_7oY3zYHDj5ESZpv,Young Control,aby,NA,5,video1_cred_aby,cred_aby,69,1,1.311878516,Male,No,2,0,1,0,0,0,0,5,NA,11,High,NA,No,Male,1,1,1
4034,R_7oY3zYHDj5ESZpv,Young Control,anna,5,NA,video2_cred_anna,cred_anna,67.5,2,1.259130887,Male,No,2,0,1,0,0,0,0,5,NA,11,High,NA,No,Male,1,1,1
4035,R_7oY3zYHDj5ESZpv,Young Control,cham,5,5,video3_cred_cham,cred_cham,NA,3,NA,Male,No,2,0,1,0,0,0,0,5,10,11,High,High,No,Male,1,1,NA
4036,R_7oY3zYHDj5ESZpv,Young Control,fab,6,NA,video4_cred_fab,cred_fab,NA,4,NA,Male,No,2,0,1,0,0,0,0,6,NA,11,High,NA,No,Male,1,1,NA
4037,R_7oY3zYHDj5ESZpv,Young Control,mae,NA,NA,video5_cred_mae,cred_mae,NA,5,NA,Male,No,2,0,1,0,0,0,0,NA,NA,11,High,NA,No,Male,1,1,NA
4038,R_7oY3zYHDj5ESZpv,Young Control,zanx,NA,NA,video6_cred_zanx,cred_zanx,NA,6,NA,Male,No,2,0,1,0,0,0,0,NA,NA,11,High,NA,No,Male,1,1,NA
4039,R_7ojwwb3ILBadHSI,Old Treat,aby,0,0,video1_cred_aby,cred_aby,75,1,1.522869035,Female,No,4,1,0,1,0,0,0,0,0,0,Low,Moderate,No,Female,1,0,1
4040,R_7ojwwb3ILBadHSI,Old Treat,anna,0,0,video2_cred_anna,cred_anna,75,2,1.522869035,Female,No,4,1,0,1,0,0,0,0,0,0,Low,Moderate,No,Female,1,0,1
4041,R_7ojwwb3ILBadHSI,Old Treat,cham,0,0,video3_cred_cham,cred_cham,75,3,1.522869035,Female,No,4,1,0,1,0,0,0,0,0,0,Low,Moderate,No,Female,1,0,1
4042,R_7ojwwb3ILBadHSI,Old Treat,fab,0,0,video4_cred_fab,cred_fab,75.5,4,1.540451578,Female,No,4,1,0,1,0,0,0,0,0,0,Low,Moderate,No,Female,1,0,1
4043,R_7ojwwb3ILBadHSI,Old Treat,mae,0,0,video5_cred_mae,cred_mae,100,5,2.401996197,Female,No,4,1,0,1,0,0,0,0,0,0,Low,Moderate,No,Female,1,0,1
4044,R_7ojwwb3ILBadHSI,Old Treat,zanx,0,0,video6_cred_zanx,cred_zanx,75,6,1.522869035,Female,No,4,1,0,1,0,0,0,0,0,0,Low,Moderate,No,Female,1,0,1
4045,R_7on0Ve3hZma5ITn,Young Treat,aby,0,0,video1_cred_aby,cred_aby,2,1,-1.044182276,Female,No,4,1,1,0,0,0,0,0,0,0,Low,Moderate,No,Female,1,0,0
4046,R_7on0Ve3hZma5ITn,Young Treat,anna,0,0,video2_cred_anna,cred_anna,2,2,-1.044182276,Female,No,4,1,1,0,0,0,0,0,0,0,Low,Moderate,No,Female,1,0,0
4047,R_7on0Ve3hZma5ITn,Young Treat,cham,0,0,video3_cred_cham,cred_cham,0,3,-1.114512449,Female,No,4,1,1,0,0,0,0,0,0,0,Low,Moderate,No,Female,1,0,0
4048,R_7on0Ve3hZma5ITn,Young Treat,fab,0,0,video4_cred_fab,cred_fab,0,4,-1.114512449,Female,No,4,1,1,0,0,0,0,0,0,0,Low,Moderate,No,Female,1,0,0
4049,R_7on0Ve3hZma5ITn,Young Treat,mae,0,0,video5_cred_mae,cred_mae,29,5,-0.094724942,Female,No,4,1,1,0,0,0,0,0,0,0,Low,Moderate,No,Female,1,0,1
4050,R_7on0Ve3hZma5ITn,Young Treat,zanx,0,0,video6_cred_zanx,cred_zanx,0,6,-1.114512449,Female,No,4,1,1,0,0,0,0,0,0,0,Low,Moderate,No,Female,1,0,0
4051,R_7pKRaSz8GkyinQz,Old Treat,aby,0,0,video1_cred_aby,cred_aby,5,1,-0.938687017,Male,Yes,3,0,0,0,1,0,1,0,0,0,Low,Moderate,Yes,Male,1,0,0
4052,R_7pKRaSz8GkyinQz,Old Treat,anna,0,0,video2_cred_anna,cred_anna,64,2,1.136053084,Male,Yes,3,0,0,0,1,0,1,0,0,0,Low,Moderate,Yes,Male,1,0,1
4053,R_7pKRaSz8GkyinQz,Old Treat,cham,0,0,video3_cred_cham,cred_cham,23,3,-0.305715461,Male,Yes,3,0,0,0,1,0,1,0,0,0,Low,Moderate,Yes,Male,1,0,1
4054,R_7pKRaSz8GkyinQz,Old Treat,fab,0,0,video4_cred_fab,cred_fab,24,4,-0.270550374,Male,Yes,3,0,0,0,1,0,1,0,0,0,Low,Moderate,Yes,Male,1,0,1
4055,R_7pKRaSz8GkyinQz,Old Treat,mae,1,2,video5_cred_mae,cred_mae,7,5,-0.868356844,Male,Yes,3,0,0,0,1,0,1,1.5,3,0,Low,High,Yes,Male,1,0,0
4056,R_7pKRaSz8GkyinQz,Old Treat,zanx,0,0,video6_cred_zanx,cred_zanx,8,6,-0.833191758,Male,Yes,3,0,0,0,1,0,1,0,0,0,Low,Moderate,Yes,Male,1,0,0
4057,R_7pQe4wnYU1zY3Od,Young Control,aby,0,0,video1_cred_aby,cred_aby,0,1,-1.114512449,Female,Yes,3,0,0,0,1,0,0,0,0,0,Low,Moderate,Yes,Female,1,0,0
4058,R_7pQe4wnYU1zY3Od,Young Control,anna,0,0,video2_cred_anna,cred_anna,0,2,-1.114512449,Female,Yes,3,0,0,0,1,0,0,0,0,0,Low,Moderate,Yes,Female,1,0,0
4059,R_7pQe4wnYU1zY3Od,Young Control,cham,0,0,video3_cred_cham,cred_cham,0,3,-1.114512449,Female,Yes,3,0,0,0,1,0,0,0,0,0,Low,Moderate,Yes,Female,1,0,0
4060,R_7pQe4wnYU1zY3Od,Young Control,fab,0,0,video4_cred_fab,cred_fab,100,4,2.401996197,Female,Yes,3,0,0,0,1,0,0,0,0,0,Low,Moderate,Yes,Female,1,0,1
4061,R_7pQe4wnYU1zY3Od,Young Control,mae,0,0,video5_cred_mae,cred_mae,0,5,-1.114512449,Female,Yes,3,0,0,0,1,0,0,0,0,0,Low,Moderate,Yes,Female,1,0,0
4062,R_7pQe4wnYU1zY3Od,Young Control,zanx,0,0,video6_cred_zanx,cred_zanx,5,6,-0.938687017,Female,Yes,3,0,0,0,1,0,0,0,0,0,Low,Moderate,Yes,Female,1,0,0
4063,R_7pnzbNYR2zEivVw,Old Control,aby,5,5,video1_cred_aby,cred_aby,82,1,1.76902464,Female,Yes,2,0,0,1,0,0,0,5,10,8,Moderate,High,Yes,Female,1,1,1
4064,R_7pnzbNYR2zEivVw,Old Control,anna,4,4,video2_cred_anna,cred_anna,74,2,1.487703949,Female,Yes,2,0,0,1,0,0,0,4,8,8,Moderate,High,Yes,Female,1,1,1
4065,R_7pnzbNYR2zEivVw,Old Control,cham,5,5,video3_cred_cham,cred_cham,80,3,1.698694468,Female,Yes,2,0,0,1,0,0,0,5,10,8,Moderate,High,Yes,Female,1,1,1
4066,R_7pnzbNYR2zEivVw,Old Control,fab,5,5,video4_cred_fab,cred_fab,80,4,1.698694468,Female,Yes,2,0,0,1,0,0,0,5,10,8,Moderate,High,Yes,Female,1,1,1
4067,R_7pnzbNYR2zEivVw,Old Control,mae,5,5,video5_cred_mae,cred_mae,77,5,1.593199208,Female,Yes,2,0,0,1,0,0,0,5,10,8,Moderate,High,Yes,Female,1,1,1
4068,R_7pnzbNYR2zEivVw,Old Control,zanx,5,5,video6_cred_zanx,cred_zanx,77,6,1.593199208,Female,Yes,2,0,0,1,0,0,0,5,10,8,Moderate,High,Yes,Female,1,1,1
4069,R_7qPUwkyoiOCED7X,Old Control,aby,0,0,video1_cred_aby,cred_aby,0,1,-1.114512449,Female,Yes,2,0,0,0,0,1,0,0,0,0,Low,Moderate,Yes,Female,1,0,0
4070,R_7qPUwkyoiOCED7X,Old Control,anna,0,0,video2_cred_anna,cred_anna,0,2,-1.114512449,Female,Yes,2,0,0,0,0,1,0,0,0,0,Low,Moderate,Yes,Female,1,0,0
4071,R_7qPUwkyoiOCED7X,Old Control,cham,0,0,video3_cred_cham,cred_cham,0,3,-1.114512449,Female,Yes,2,0,0,0,0,1,0,0,0,0,Low,Moderate,Yes,Female,1,0,0
4072,R_7qPUwkyoiOCED7X,Old Control,fab,0,0,video4_cred_fab,cred_fab,0,4,-1.114512449,Female,Yes,2,0,0,0,0,1,0,0,0,0,Low,Moderate,Yes,Female,1,0,0
4073,R_7qPUwkyoiOCED7X,Old Control,mae,0,0,video5_cred_mae,cred_mae,0,5,-1.114512449,Female,Yes,2,0,0,0,0,1,0,0,0,0,Low,Moderate,Yes,Female,1,0,0
4074,R_7qPUwkyoiOCED7X,Old Control,zanx,0,0,video6_cred_zanx,cred_zanx,0,6,-1.114512449,Female,Yes,2,0,0,0,0,1,0,0,0,0,Low,Moderate,Yes,Female,1,0,0
4075,R_7qR7eQ6u2V7me7F,Old Control,aby,0,0,video1_cred_aby,cred_aby,74,1,1.487703949,Male,Yes,1,0,0,0,0,1,0,0,0,0,Low,Moderate,Yes,Male,2,0,1
4076,R_7qR7eQ6u2V7me7F,Old Control,anna,0,0,video2_cred_anna,cred_anna,29,2,-0.094724942,Male,Yes,1,0,0,0,0,1,0,0,0,0,Low,Moderate,Yes,Male,2,0,1
4077,R_7qR7eQ6u2V7me7F,Old Control,cham,0,0,video3_cred_cham,cred_cham,46,3,0.503081528,Male,Yes,1,0,0,0,0,1,0,0,0,0,Low,Moderate,Yes,Male,2,0,1
4078,R_7qR7eQ6u2V7me7F,Old Control,fab,0,0,video4_cred_fab,cred_fab,31,4,-0.024394769,Male,Yes,1,0,0,0,0,1,0,0,0,0,Low,Moderate,Yes,Male,2,0,1
4079,R_7qR7eQ6u2V7me7F,Old Control,mae,0,0,video5_cred_mae,cred_mae,25,5,-0.235385288,Male,Yes,1,0,0,0,0,1,0,0,0,0,Low,Moderate,Yes,Male,2,0,1
4080,R_7qR7eQ6u2V7me7F,Old Control,zanx,0,0,video6_cred_zanx,cred_zanx,20,6,-0.41121072,Male,Yes,1,0,0,0,0,1,0,0,0,0,Low,Moderate,Yes,Male,2,0,0
4081,R_7qeHlvtjM0wySkA,Old Treat,aby,6,5,video1_cred_aby,cred_aby,84,1,1.839354813,Male,No,4,1,0,0,0,0,0,5.5,11,11,High,High,No,Male,3,1,1
4082,R_7qeHlvtjM0wySkA,Old Treat,anna,6,5,video2_cred_anna,cred_anna,82,2,1.76902464,Male,No,4,1,0,0,0,0,0,5.5,11,11,High,High,No,Male,3,1,1
4083,R_7qeHlvtjM0wySkA,Old Treat,cham,6,5,video3_cred_cham,cred_cham,81,3,1.733859554,Male,No,4,1,0,0,0,0,0,5.5,11,11,High,High,No,Male,3,1,1
4084,R_7qeHlvtjM0wySkA,Old Treat,fab,5,6,video4_cred_fab,cred_fab,79,4,1.663529381,Male,No,4,1,0,0,0,0,0,5.5,11,11,High,High,No,Male,3,1,1
4085,R_7qeHlvtjM0wySkA,Old Treat,mae,5,6,video5_cred_mae,cred_mae,83,5,1.804189727,Male,No,4,1,0,0,0,0,0,5.5,11,11,High,High,No,Male,3,1,1
4086,R_7qeHlvtjM0wySkA,Old Treat,zanx,6,5,video6_cred_zanx,cred_zanx,82,6,1.76902464,Male,No,4,1,0,0,0,0,0,5.5,11,11,High,High,No,Male,3,1,1
4087,R_7rSB07BQQdM4cJv,Young Treat,aby,0,0,video1_cred_aby,cred_aby,5,1,-0.938687017,Male,Yes,4,0,0,0,0,0,0,0,0,0,Low,Moderate,Yes,Male,1,0,0
4088,R_7rSB07BQQdM4cJv,Young Treat,anna,0,1,video2_cred_anna,cred_anna,8,2,-0.833191758,Male,Yes,4,0,0,0,0,0,0,0.5,1,0,Low,Moderate,Yes,Male,1,0,0
4089,R_7rSB07BQQdM4cJv,Young Treat,cham,1,1,video3_cred_cham,cred_cham,4,3,-0.973852103,Male,Yes,4,0,0,0,0,0,0,1,2,0,Low,Moderate,Yes,Male,1,0,0
4090,R_7rSB07BQQdM4cJv,Young Treat,fab,0,1,video4_cred_fab,cred_fab,6,4,-0.903521931,Male,Yes,4,0,0,0,0,0,0,0.5,1,0,Low,Moderate,Yes,Male,1,0,0
4091,R_7rSB07BQQdM4cJv,Young Treat,mae,1,1,video5_cred_mae,cred_mae,19,5,-0.446375807,Male,Yes,4,0,0,0,0,0,0,1,2,0,Low,Moderate,Yes,Male,1,0,0
4092,R_7rSB07BQQdM4cJv,Young Treat,zanx,0,1,video6_cred_zanx,cred_zanx,6,6,-0.903521931,Male,Yes,4,0,0,0,0,0,0,0.5,1,0,Low,Moderate,Yes,Male,1,0,0
4093,R_7rSsgiP4cZwOvhD,Young Treat,aby,0,0,video1_cred_aby,cred_aby,10,1,-0.762861585,Female,No,2,1,0,0,0,1,0,0,0,0,Low,Moderate,No,Female,3,0,0
4094,R_7rSsgiP4cZwOvhD,Young Treat,anna,0,0,video2_cred_anna,cred_anna,33,2,0.045935404,Female,No,2,1,0,0,0,1,0,0,0,0,Low,Moderate,No,Female,3,0,1
4095,R_7rSsgiP4cZwOvhD,Young Treat,cham,0,0,video3_cred_cham,cred_cham,41,3,0.327256096,Female,No,2,1,0,0,0,1,0,0,0,0,Low,Moderate,No,Female,3,0,1
4096,R_7rSsgiP4cZwOvhD,Young Treat,fab,0,0,video4_cred_fab,cred_fab,8,4,-0.833191758,Female,No,2,1,0,0,0,1,0,0,0,0,Low,Moderate,No,Female,3,0,0
4097,R_7rSsgiP4cZwOvhD,Young Treat,mae,0,0,video5_cred_mae,cred_mae,58,5,0.925062565,Female,No,2,1,0,0,0,1,0,0,0,0,Low,Moderate,No,Female,3,0,1
4098,R_7rSsgiP4cZwOvhD,Young Treat,zanx,0,0,video6_cred_zanx,cred_zanx,33,6,0.045935404,Female,No,2,1,0,0,0,1,0,0,0,0,Low,Moderate,No,Female,3,0,1
4099,R_7rrntLZZmNwx1b8,Young Control,aby,0,0,video1_cred_aby,cred_aby,3,1,-1.00901719,Female,No,3,1,0,0,0,0,0,0,0,0,Low,Moderate,No,Female,3,0,0
4100,R_7rrntLZZmNwx1b8,Young Control,anna,0,0,video2_cred_anna,cred_anna,5,2,-0.938687017,Female,No,3,1,0,0,0,0,0,0,0,0,Low,Moderate,No,Female,3,0,0
4101,R_7rrntLZZmNwx1b8,Young Control,cham,0,0,video3_cred_cham,cred_cham,8,3,-0.833191758,Female,No,3,1,0,0,0,0,0,0,0,0,Low,Moderate,No,Female,3,0,0
4102,R_7rrntLZZmNwx1b8,Young Control,fab,0,0,video4_cred_fab,cred_fab,8,4,-0.833191758,Female,No,3,1,0,0,0,0,0,0,0,0,Low,Moderate,No,Female,3,0,0
4103,R_7rrntLZZmNwx1b8,Young Control,mae,0,0,video5_cred_mae,cred_mae,3,5,-1.00901719,Female,No,3,1,0,0,0,0,0,0,0,0,Low,Moderate,No,Female,3,0,0
4104,R_7rrntLZZmNwx1b8,Young Control,zanx,0,0,video6_cred_zanx,cred_zanx,2,6,-1.044182276,Female,No,3,1,0,0,0,0,0,0,0,0,Low,Moderate,No,Female,3,0,0
4105,R_7rvyF4kpnIgdPdY,Old Treat,aby,1,1,video1_cred_aby,cred_aby,40,1,0.292091009,Male,Yes,4,0,0,0,0,1,0,1,2,2,Low,Moderate,Yes,Male,1,0,1
4106,R_7rvyF4kpnIgdPdY,Old Treat,anna,1,1,video2_cred_anna,cred_anna,8,2,-0.833191758,Male,Yes,4,0,0,0,0,1,0,1,2,2,Low,Moderate,Yes,Male,1,0,0
4107,R_7rvyF4kpnIgdPdY,Old Treat,cham,1,1,video3_cred_cham,cred_cham,20,3,-0.41121072,Male,Yes,4,0,0,0,0,1,0,1,2,2,Low,Moderate,Yes,Male,1,0,0
4108,R_7rvyF4kpnIgdPdY,Old Treat,fab,1,1,video4_cred_fab,cred_fab,20,4,-0.41121072,Male,Yes,4,0,0,0,0,1,0,1,2,2,Low,Moderate,Yes,Male,1,0,0
4109,R_7rvyF4kpnIgdPdY,Old Treat,mae,1,1,video5_cred_mae,cred_mae,10,5,-0.762861585,Male,Yes,4,0,0,0,0,1,0,1,2,2,Low,Moderate,Yes,Male,1,0,0
4110,R_7rvyF4kpnIgdPdY,Old Treat,zanx,1,1,video6_cred_zanx,cred_zanx,13,6,-0.657366325,Male,Yes,4,0,0,0,0,1,0,1,2,2,Low,Moderate,Yes,Male,1,0,0
4111,R_7sU0XItd0S2sBVL,Young Control,aby,1,1,video1_cred_aby,cred_aby,11,1,-0.727696498,Male,No,1,1,1,0,0,0,1,1,2,2,Low,Moderate,No,Male,2,0,0
4112,R_7sU0XItd0S2sBVL,Young Control,anna,1,1,video2_cred_anna,cred_anna,12,2,-0.692531412,Male,No,1,1,1,0,0,0,1,1,2,2,Low,Moderate,No,Male,2,0,0
4113,R_7sU0XItd0S2sBVL,Young Control,cham,1,1,video3_cred_cham,cred_cham,11,3,-0.727696498,Male,No,1,1,1,0,0,0,1,1,2,2,Low,Moderate,No,Male,2,0,0
4114,R_7sU0XItd0S2sBVL,Young Control,fab,1,1,video4_cred_fab,cred_fab,6,4,-0.903521931,Male,No,1,1,1,0,0,0,1,1,2,2,Low,Moderate,No,Male,2,0,0
4115,R_7sU0XItd0S2sBVL,Young Control,mae,1,1,video5_cred_mae,cred_mae,9,5,-0.798026671,Male,No,1,1,1,0,0,0,1,1,2,2,Low,Moderate,No,Male,2,0,0
4116,R_7sU0XItd0S2sBVL,Young Control,zanx,1,1,video6_cred_zanx,cred_zanx,10,6,-0.762861585,Male,No,1,1,1,0,0,0,1,1,2,2,Low,Moderate,No,Male,2,0,0
4117,R_7scqICUkFUgvV6w,Old Treat,aby,0,0,video1_cred_aby,cred_aby,3,1,-1.00901719,Female,Yes,2,0,0,0,0,1,0,0,0,11,High,Moderate,Yes,Female,1,0,0
4118,R_7scqICUkFUgvV6w,Old Treat,anna,3,4,video2_cred_anna,cred_anna,15,2,-0.587036152,Female,Yes,2,0,0,0,0,1,0,3.5,7,11,High,High,Yes,Female,1,0,0
4119,R_7scqICUkFUgvV6w,Old Treat,cham,1,5,video3_cred_cham,cred_cham,34,3,0.08110049,Female,Yes,2,0,0,0,0,1,0,3,6,11,High,High,Yes,Female,1,0,1
4120,R_7scqICUkFUgvV6w,Old Treat,fab,0,0,video4_cred_fab,cred_fab,25,4,-0.235385288,Female,Yes,2,0,0,0,0,1,0,0,0,11,High,Moderate,Yes,Female,1,0,1
4121,R_7scqICUkFUgvV6w,Old Treat,mae,7,7,video5_cred_mae,cred_mae,34,5,0.08110049,Female,Yes,2,0,0,0,0,1,0,7,14,11,High,High,Yes,Female,1,0,1
4122,R_7scqICUkFUgvV6w,Old Treat,zanx,1,0,video6_cred_zanx,cred_zanx,11,6,-0.727696498,Female,Yes,2,0,0,0,0,1,0,0.5,1,11,High,Moderate,Yes,Female,1,0,0
4123,R_7sqiu1yKp0GcS0V,Young Treat,aby,2,2,video1_cred_aby,cred_aby,62,1,1.065722911,Female,No,3,0,1,0,0,0,1,2,4,7,Moderate,High,No,Female,1,0,1
4124,R_7sqiu1yKp0GcS0V,Young Treat,anna,2,2,video2_cred_anna,cred_anna,50,2,0.643741874,Female,No,3,0,1,0,0,0,1,2,4,7,Moderate,High,No,Female,1,0,1
4125,R_7sqiu1yKp0GcS0V,Young Treat,cham,2,2,video3_cred_cham,cred_cham,70,3,1.347043603,Female,No,3,0,1,0,0,0,1,2,4,7,Moderate,High,No,Female,1,0,1
4126,R_7sqiu1yKp0GcS0V,Young Treat,fab,2,2,video4_cred_fab,cred_fab,51,4,0.67890696,Female,No,3,0,1,0,0,0,1,2,4,7,Moderate,High,No,Female,1,0,1
4127,R_7sqiu1yKp0GcS0V,Young Treat,mae,2,2,video5_cred_mae,cred_mae,60,5,0.995392738,Female,No,3,0,1,0,0,0,1,2,4,7,Moderate,High,No,Female,1,0,1
4128,R_7sqiu1yKp0GcS0V,Young Treat,zanx,2,2,video6_cred_zanx,cred_zanx,50,6,0.643741874,Female,No,3,0,1,0,0,0,1,2,4,7,Moderate,High,No,Female,1,0,1
4129,R_7t9G8BTVGFdcLVU,Old Control,aby,NA,NA,video1_cred_aby,cred_aby,NA,1,NA,Male,Yes,2,0,0,1,0,0,1,NA,NA,NA,NA,NA,Yes,Male,1,1,NA
4130,R_7t9G8BTVGFdcLVU,Old Control,anna,NA,NA,video2_cred_anna,cred_anna,NA,2,NA,Male,Yes,2,0,0,1,0,0,1,NA,NA,NA,NA,NA,Yes,Male,1,1,NA
4131,R_7t9G8BTVGFdcLVU,Old Control,cham,NA,NA,video3_cred_cham,cred_cham,NA,3,NA,Male,Yes,2,0,0,1,0,0,1,NA,NA,NA,NA,NA,Yes,Male,1,1,NA
4132,R_7t9G8BTVGFdcLVU,Old Control,fab,NA,NA,video4_cred_fab,cred_fab,NA,4,NA,Male,Yes,2,0,0,1,0,0,1,NA,NA,NA,NA,NA,Yes,Male,1,1,NA
4133,R_7t9G8BTVGFdcLVU,Old Control,mae,NA,NA,video5_cred_mae,cred_mae,NA,5,NA,Male,Yes,2,0,0,1,0,0,1,NA,NA,NA,NA,NA,Yes,Male,1,1,NA
4134,R_7t9G8BTVGFdcLVU,Old Control,zanx,NA,NA,video6_cred_zanx,cred_zanx,NA,6,NA,Male,Yes,2,0,0,1,0,0,1,NA,NA,NA,NA,NA,Yes,Male,1,1,NA
4135,R_7trt0e6omAcgmWZ,Young Control,aby,NA,NA,video1_cred_aby,cred_aby,NA,1,NA,Male,Yes,2,0,0,1,0,0,1,NA,NA,NA,NA,NA,Yes,Male,2,1,NA
4136,R_7trt0e6omAcgmWZ,Young Control,anna,NA,NA,video2_cred_anna,cred_anna,NA,2,NA,Male,Yes,2,0,0,1,0,0,1,NA,NA,NA,NA,NA,Yes,Male,2,1,NA
4137,R_7trt0e6omAcgmWZ,Young Control,cham,NA,NA,video3_cred_cham,cred_cham,NA,3,NA,Male,Yes,2,0,0,1,0,0,1,NA,NA,NA,NA,NA,Yes,Male,2,1,NA
4138,R_7trt0e6omAcgmWZ,Young Control,fab,NA,NA,video4_cred_fab,cred_fab,NA,4,NA,Male,Yes,2,0,0,1,0,0,1,NA,NA,NA,NA,NA,Yes,Male,2,1,NA
4139,R_7trt0e6omAcgmWZ,Young Control,mae,NA,NA,video5_cred_mae,cred_mae,NA,5,NA,Male,Yes,2,0,0,1,0,0,1,NA,NA,NA,NA,NA,Yes,Male,2,1,NA
4140,R_7trt0e6omAcgmWZ,Young Control,zanx,NA,NA,video6_cred_zanx,cred_zanx,NA,6,NA,Male,Yes,2,0,0,1,0,0,1,NA,NA,NA,NA,NA,Yes,Male,2,1,NA
4141,R_7uJRZnZSGNcUsnb,Young Control,aby,0,0,video1_cred_aby,cred_aby,1,1,-1.079347363,Male,Yes,3,0,0,0,0,1,1,0,0,3,Low,Moderate,Yes,Male,1,0,0
4142,R_7uJRZnZSGNcUsnb,Young Control,anna,3,2,video2_cred_anna,cred_anna,65,2,1.171218171,Male,Yes,3,0,0,0,0,1,1,2.5,5,3,Low,High,Yes,Male,1,0,1
4143,R_7uJRZnZSGNcUsnb,Young Control,cham,1,1,video3_cred_cham,cred_cham,22,3,-0.340880547,Male,Yes,3,0,0,0,0,1,1,1,2,3,Low,Moderate,Yes,Male,1,0,0
4144,R_7uJRZnZSGNcUsnb,Young Control,fab,0,0,video4_cred_fab,cred_fab,0,4,-1.114512449,Male,Yes,3,0,0,0,0,1,1,0,0,3,Low,Moderate,Yes,Male,1,0,0
4145,R_7uJRZnZSGNcUsnb,Young Control,mae,2,3,video5_cred_mae,cred_mae,50,5,0.643741874,Male,Yes,3,0,0,0,0,1,1,2.5,5,3,Low,High,Yes,Male,1,0,1
4146,R_7uJRZnZSGNcUsnb,Young Control,zanx,0,0,video6_cred_zanx,cred_zanx,0,6,-1.114512449,Male,Yes,3,0,0,0,0,1,1,0,0,3,Low,Moderate,Yes,Male,1,0,0
4147,R_7uq9LWEMEUqfial,Young Control,aby,NA,3,video1_cred_aby,cred_aby,33.5,1,0.063517947,Male,Yes,4,0,0,0,0,1,0,3,NA,6,Moderate,NA,Yes,Male,1,0,1
4148,R_7uq9LWEMEUqfial,Young Control,anna,6,2,video2_cred_anna,cred_anna,34,2,0.08110049,Male,Yes,4,0,0,0,0,1,0,4,8,6,Moderate,High,Yes,Male,1,0,1
4149,R_7uq9LWEMEUqfial,Young Control,cham,3,4,video3_cred_cham,cred_cham,32,3,0.010770317,Male,Yes,4,0,0,0,0,1,0,3.5,7,6,Moderate,High,Yes,Male,1,0,1
4150,R_7uq9LWEMEUqfial,Young Control,fab,2,3,video4_cred_fab,cred_fab,33,4,0.045935404,Male,Yes,4,0,0,0,0,1,0,2.5,5,6,Moderate,High,Yes,Male,1,0,1
4151,R_7uq9LWEMEUqfial,Young Control,mae,6,2,video5_cred_mae,cred_mae,30,5,-0.059559855,Male,Yes,4,0,0,0,0,1,0,4,8,6,Moderate,High,Yes,Male,1,0,1
4152,R_7uq9LWEMEUqfial,Young Control,zanx,7,3,video6_cred_zanx,cred_zanx,33,6,0.045935404,Male,Yes,4,0,0,0,0,1,0,5,10,6,Moderate,High,Yes,Male,1,0,1
4153,R_7xFYg16jIEmUWMg,Young Control,aby,0,0,video1_cred_aby,cred_aby,0,1,-1.114512449,Female,No,1,0,0,0,0,0,0,0,0,0,Low,Moderate,No,Female,3,0,0
4154,R_7xFYg16jIEmUWMg,Young Control,anna,0,0,video2_cred_anna,cred_anna,0,2,-1.114512449,Female,No,1,0,0,0,0,0,0,0,0,0,Low,Moderate,No,Female,3,0,0
4155,R_7xFYg16jIEmUWMg,Young Control,cham,0,0,video3_cred_cham,cred_cham,0,3,-1.114512449,Female,No,1,0,0,0,0,0,0,0,0,0,Low,Moderate,No,Female,3,0,0
4156,R_7xFYg16jIEmUWMg,Young Control,fab,0,0,video4_cred_fab,cred_fab,0,4,-1.114512449,Female,No,1,0,0,0,0,0,0,0,0,0,Low,Moderate,No,Female,3,0,0
4157,R_7xFYg16jIEmUWMg,Young Control,mae,0,0,video5_cred_mae,cred_mae,0,5,-1.114512449,Female,No,1,0,0,0,0,0,0,0,0,0,Low,Moderate,No,Female,3,0,0
4158,R_7xFYg16jIEmUWMg,Young Control,zanx,0,0,video6_cred_zanx,cred_zanx,0,6,-1.114512449,Female,No,1,0,0,0,0,0,0,0,0,0,Low,Moderate,No,Female,3,0,0
4159,R_7xZrguqQUjwLhxD,Old Control,aby,0,2,video1_cred_aby,cred_aby,58,1,0.925062565,Female,No,3,0,0,1,0,0,0,1,2,0,Low,Moderate,No,Female,1,0,1
4160,R_7xZrguqQUjwLhxD,Old Control,anna,0,NA,video2_cred_anna,cred_anna,81,2,1.733859554,Female,No,3,0,0,1,0,0,0,0,NA,0,Low,NA,No,Female,1,0,1
4161,R_7xZrguqQUjwLhxD,Old Control,cham,0,0,video3_cred_cham,cred_cham,0,3,-1.114512449,Female,No,3,0,0,1,0,0,0,0,0,0,Low,Moderate,No,Female,1,0,0
4162,R_7xZrguqQUjwLhxD,Old Control,fab,0,0,video4_cred_fab,cred_fab,84,4,1.839354813,Female,No,3,0,0,1,0,0,0,0,0,0,Low,Moderate,No,Female,1,0,1
4163,R_7xZrguqQUjwLhxD,Old Control,mae,0,NA,video5_cred_mae,cred_mae,73,5,1.452538862,Female,No,3,0,0,1,0,0,0,0,NA,0,Low,NA,No,Female,1,0,1
4164,R_7xZrguqQUjwLhxD,Old Control,zanx,0,0,video6_cred_zanx,cred_zanx,0,6,-1.114512449,Female,No,3,0,0,1,0,0,0,0,0,0,Low,Moderate,No,Female,1,0,0
4165,R_7z03sCX6dPlI9zz,Old Treat,aby,0,0,video1_cred_aby,cred_aby,21,1,-0.376045634,Female,No,3,1,0,0,0,0,0,0,0,0,Low,Moderate,No,Female,1,0,0
4166,R_7z03sCX6dPlI9zz,Old Treat,anna,0,0,video2_cred_anna,cred_anna,0,2,-1.114512449,Female,No,3,1,0,0,0,0,0,0,0,0,Low,Moderate,No,Female,1,0,0
4167,R_7z03sCX6dPlI9zz,Old Treat,cham,0,0,video3_cred_cham,cred_cham,0,3,-1.114512449,Female,No,3,1,0,0,0,0,0,0,0,0,Low,Moderate,No,Female,1,0,0
4168,R_7z03sCX6dPlI9zz,Old Treat,fab,0,0,video4_cred_fab,cred_fab,22,4,-0.340880547,Female,No,3,1,0,0,0,0,0,0,0,0,Low,Moderate,No,Female,1,0,0
4169,R_7z03sCX6dPlI9zz,Old Treat,mae,0,0,video5_cred_mae,cred_mae,19,5,-0.446375807,Female,No,3,1,0,0,0,0,0,0,0,0,Low,Moderate,No,Female,1,0,0
4170,R_7z03sCX6dPlI9zz,Old Treat,zanx,0,0,video6_cred_zanx,cred_zanx,20,6,-0.41121072,Female,No,3,1,0,0,0,0,0,0,0,0,Low,Moderate,No,Female,1,0,0
4171,R_7zFOcCVFkj3zN4L,Old Treat,aby,0,0,video1_cred_aby,cred_aby,0,1,-1.114512449,Female,No,4,0,1,0,0,0,0,0,0,0,Low,Moderate,No,Female,1,0,0
4172,R_7zFOcCVFkj3zN4L,Old Treat,anna,0,0,video2_cred_anna,cred_anna,0,2,-1.114512449,Female,No,4,0,1,0,0,0,0,0,0,0,Low,Moderate,No,Female,1,0,0
4173,R_7zFOcCVFkj3zN4L,Old Treat,cham,0,0,video3_cred_cham,cred_cham,0,3,-1.114512449,Female,No,4,0,1,0,0,0,0,0,0,0,Low,Moderate,No,Female,1,0,0
4174,R_7zFOcCVFkj3zN4L,Old Treat,fab,0,0,video4_cred_fab,cred_fab,0,4,-1.114512449,Female,No,4,0,1,0,0,0,0,0,0,0,Low,Moderate,No,Female,1,0,0
4175,R_7zFOcCVFkj3zN4L,Old Treat,mae,0,0,video5_cred_mae,cred_mae,0,5,-1.114512449,Female,No,4,0,1,0,0,0,0,0,0,0,Low,Moderate,No,Female,1,0,0
4176,R_7zFOcCVFkj3zN4L,Old Treat,zanx,0,0,video6_cred_zanx,cred_zanx,26,6,-0.200220201,Female,No,4,0,1,0,0,0,0,0,0,0,Low,Moderate,No,Female,1,0,1
4177,R_7zITdWa1QFH0D9E,Old Control,aby,1,1,video1_cred_aby,cred_aby,75,1,1.522869035,Female,Yes,4,1,0,0,0,0,0,1,2,0,Low,Moderate,Yes,Female,1,0,1
4178,R_7zITdWa1QFH0D9E,Old Control,anna,0,0,video2_cred_anna,cred_anna,10,2,-0.762861585,Female,Yes,4,1,0,0,0,0,0,0,0,0,Low,Moderate,Yes,Female,1,0,0
4179,R_7zITdWa1QFH0D9E,Old Control,cham,0,0,video3_cred_cham,cred_cham,10,3,-0.762861585,Female,Yes,4,1,0,0,0,0,0,0,0,0,Low,Moderate,Yes,Female,1,0,0
4180,R_7zITdWa1QFH0D9E,Old Control,fab,0,0,video4_cred_fab,cred_fab,20,4,-0.41121072,Female,Yes,4,1,0,0,0,0,0,0,0,0,Low,Moderate,Yes,Female,1,0,0
4181,R_7zITdWa1QFH0D9E,Old Control,mae,0,1,video5_cred_mae,cred_mae,30,5,-0.059559855,Female,Yes,4,1,0,0,0,0,0,0.5,1,0,Low,Moderate,Yes,Female,1,0,1
4182,R_7zITdWa1QFH0D9E,Old Control,zanx,0,0,video6_cred_zanx,cred_zanx,20,6,-0.41121072,Female,Yes,4,1,0,0,0,0,0,0,0,0,Low,Moderate,Yes,Female,1,0,0
4183,R_7zOxREm025k5AuB,Young Treat,aby,2,2,video1_cred_aby,cred_aby,47,1,0.538246614,Female,No,4,1,0,0,0,0,0,2,4,8,Moderate,High,No,Female,2,0,1
4184,R_7zOxREm025k5AuB,Young Treat,anna,3,3,video2_cred_anna,cred_anna,41,2,0.327256096,Female,No,4,1,0,0,0,0,0,3,6,8,Moderate,High,No,Female,2,0,1
4185,R_7zOxREm025k5AuB,Young Treat,cham,3,2,video3_cred_cham,cred_cham,54,3,0.78440222,Female,No,4,1,0,0,0,0,0,2.5,5,8,Moderate,High,No,Female,2,0,1
4186,R_7zOxREm025k5AuB,Young Treat,fab,2,2,video4_cred_fab,cred_fab,43,4,0.397586269,Female,No,4,1,0,0,0,0,0,2,4,8,Moderate,High,No,Female,2,0,1
4187,R_7zOxREm025k5AuB,Young Treat,mae,3,2,video5_cred_mae,cred_mae,56,5,0.854732392,Female,No,4,1,0,0,0,0,0,2.5,5,8,Moderate,High,No,Female,2,0,1
4188,R_7zOxREm025k5AuB,Young Treat,zanx,2,3,video6_cred_zanx,cred_zanx,42,6,0.362421182,Female,No,4,1,0,0,0,0,0,2.5,5,8,Moderate,High,No,Female,2,0,1
4189,R_7zYMX1f1OcxACPZ,Young Control,aby,0,0,video1_cred_aby,cred_aby,0,1,-1.114512449,Female,Yes,4,0,0,0,0,0,0,0,0,0,Low,Moderate,Yes,Female,1,0,0
4190,R_7zYMX1f1OcxACPZ,Young Control,anna,0,0,video2_cred_anna,cred_anna,0,2,-1.114512449,Female,Yes,4,0,0,0,0,0,0,0,0,0,Low,Moderate,Yes,Female,1,0,0
4191,R_7zYMX1f1OcxACPZ,Young Control,cham,0,0,video3_cred_cham,cred_cham,0,3,-1.114512449,Female,Yes,4,0,0,0,0,0,0,0,0,0,Low,Moderate,Yes,Female,1,0,0
4192,R_7zYMX1f1OcxACPZ,Young Control,fab,0,0,video4_cred_fab,cred_fab,0,4,-1.114512449,Female,Yes,4,0,0,0,0,0,0,0,0,0,Low,Moderate,Yes,Female,1,0,0
4193,R_7zYMX1f1OcxACPZ,Young Control,mae,0,0,video5_cred_mae,cred_mae,0,5,-1.114512449,Female,Yes,4,0,0,0,0,0,0,0,0,0,Low,Moderate,Yes,Female,1,0,0
4194,R_7zYMX1f1OcxACPZ,Young Control,zanx,0,0,video6_cred_zanx,cred_zanx,0,6,-1.114512449,Female,Yes,4,0,0,0,0,0,0,0,0,0,Low,Moderate,Yes,Female,1,0,0
4195,R_7zdN8UfKzcut7zr,Young Treat,aby,NA,NA,video1_cred_aby,cred_aby,NA,1,NA,Female,No,2,0,0,1,0,0,0,NA,NA,11,High,NA,No,Female,1,1,NA
4196,R_7zdN8UfKzcut7zr,Young Treat,anna,NA,NA,video2_cred_anna,cred_anna,NA,2,NA,Female,No,2,0,0,1,0,0,0,NA,NA,11,High,NA,No,Female,1,1,NA
4197,R_7zdN8UfKzcut7zr,Young Treat,cham,NA,NA,video3_cred_cham,cred_cham,NA,3,NA,Female,No,2,0,0,1,0,0,0,NA,NA,11,High,NA,No,Female,1,1,NA
4198,R_7zdN8UfKzcut7zr,Young Treat,fab,NA,NA,video4_cred_fab,cred_fab,NA,4,NA,Female,No,2,0,0,1,0,0,0,NA,NA,11,High,NA,No,Female,1,1,NA
4199,R_7zdN8UfKzcut7zr,Young Treat,mae,NA,NA,video5_cred_mae,cred_mae,NA,5,NA,Female,No,2,0,0,1,0,0,0,NA,NA,11,High,NA,No,Female,1,1,NA
4200,R_7zdN8UfKzcut7zr,Young Treat,zanx,NA,NA,video6_cred_zanx,cred_zanx,NA,6,NA,Female,No,2,0,0,1,0,0,0,NA,NA,11,High,NA,No,Female,1,1,NA