ResponseId,Age,Ethnicity,Honesty_YT_Aby_1,Trustworthy_YT_Aby_1,Informed_YT_Aby_1,Harm_YT_Aby,NicotineCool_YT_Aby_1,NicoAttra_YT_Aby_1,VapeFriends_YT_Aby,VapeMonths_YT_Aby,VapeInt_YT_Aby,Honesty_YT_Anna_1,Trustworthy_YT_Anna_1,Informed_YT_Anna_1,Harm_YT_Anna,NicotineCool_YT_Anna_1,NicoAttra_YT_Ann_1,VapeFriends_YT_Anna,VapeMonths_YT_Anna,VapeInt_YT_Anna,Honesty_YT_Cham_1,Trustworthy_YT_Cham_1,Informed_YT_Cham_1,Harm_YT_Cham,NicotineCool_YT_Cham_1,NicoAttra_YT_Cham_1,VapeFriends_YT_Cham,VapeMonths_YT_Cham,VapeInt_YT_Cham,Honesty_YT_Fab_1,Trustworthy_YT_Fab_1,Informed_YT_Fab_1,Harm_YT_Fab,NicotineCool_YT_Fab_1,NicoAttra_YT_Fab_1,VapeFriends_YT_Fab,VapeMonths_YT_Fab,VapeInt_YT_Fab,Honesty_YT_Mae_1,Trustworthy_YT_Mae_1,Informed_YT_Mae_1,Harm_YT_Mae,NicotineCool_YT_Mae_1,NicoAttra_YT_Mae_1,VapeFriends_YT_Mae,VapeMonths_YT_Mae,VapeInt_YT_Mae,Honesty_YT_Zanx_1,Trustworthy_YT_Zanx_1,Informed_YT_Zanx_1,Harm_YT_Zanx,NicotineCool_YT_Zanx_1,NicoAttra_YT_Zanx_1,VapeFriends_YT_Zanx,VapeMonths_YT_Zanx,VapeInt_YT_Zanx,Honesty_OT_Aby_1,Trustworthy_OT_Aby_1,Informed_OT_Aby_1,Harm_OT_Aby,NicotineCool_OT_Aby_1,NicoAttra_OT_Aby_1,VapeFriends_OT_Aby,VapeMonths_OT_Aby,VapeInt_OT_Aby,Honesty_OT_Anna_1,Trustworthy_OT_Anna_1,Informed_OT_Anna_1,Harm_OT_Anna,NicotineCool_OT_Anna_1,NicoAttra_OT_Anna_1,VapeFriends_OT_Anna,VapeMonths_OT_Anna,VapeInt_OT_Anna,Honesty_OT_Cham_1,Trustworthy_OT_Cham_1,Informed_OT_Cham_1,Harm_OT_Cham,NicotineCool_OT_Cham_1,NicoAttra_OT_Cham_1,VapeFriends_OT_Cham,VapeMonths_OT_Cham,VapeInt_OT_Cham,Honesty_OT_Fab_1,Trustworthy_OT_Fab_1,Informed_OT_Fab_1,Harm_OT_Fab,NicotineCool_OT_Fab_1,NicoAttra_OT_Fab_1,VapeFriends_OT_Fab,VapeMonths_OT_Fab,VapeInt_OT_Fab,Honesty_OT_Mae_1,Trustworthy_OT_Mae_1,Informed_OT_Mae_1,Harm_OT_Mae,NicotineCool_OT_Mae_1,NicoAttra_OT_Mae_1,VapeFriends_OT_Mae,VapeMonths_OT_Mae,VapeInt_OT_Mae,Honesty_OT_Zanx_1,Trustworthy_OT_Zanx_1,Informed_OT_Zanx_1,Harm_OT_Zanx,NicotineCool_OT_Zanx_1,NicoAttra_OT_Zanx_1,VapeFriends_OT_Zanx,VapeMonths_OT_Zanx,VapeInt_OT_Zanx,Honesty_YC_Aby_1,Trustworthy_YC_Aby_1,Informed_YC_Aby_1,Harm_YC_Aby,NicotineCool_YC_Aby_1,NicoAttra_YC_Aby_1,VapeFriends_YC_Aby,VapeMonths_YC_Aby,VapeInt_YC_Aby,Honesty_YC_Anna_1,Trustworthy_YC_Anna_1,Informed_YC_Anna_1,Harm_YC_Anna,NicotineCool_YC_Anna_1,NicoAttra_YC_Anna_1,VapeFriends_YC_Anna,VapeMonths_YC_Anna,VapeInt_YC_Anna,Honesty_YC_Cham_1,Trustworthy_YC_Cham_1,Informed_YC_Cham_1,Harm_YC_Cham,NicotineCool_YC_Cham_1,NicoAttra_YC_Cham_1,VapeFriends_YC_Cham,VapeMonths_YC_Cham,VapeInt_YC_Cham,Honesty_YC_Fab_1,Trustworthy_YC_Fab_1,Informed_YC_Fab_1,Harm_YC_Fab,NicotineCool_YC_Fab_1,NicoAttra_YC_Fab_1,VapeFriends_YC_Fab,VapeMonths_YC_Fab,VapeInt_YC_Fab,Honesty_YC_Mae_1,Trustworthy_YC_Mae_1,Informed_YC_Mae_1,Harm_YC_Mae,NicotineCool_YC_Mae_1,NicoAttra_YC_Mae_1,VapeFriends_YC_Mae,VapeMonths_YC_Mae,VapeInt_YC_Mae,Honesty_YC_Zanx_1,Trustworthy_YC_Zanx_1,Informed_YC_Zanx_1,Harm_YC_Zanx,NicotineCool_YC_Zanx_1,NicoAttra_YC_Zanx_1,VapeFriends_YC_Zanx,VapeMonths_YC_Zanx,VapeInt_YC_Zanx,Honesty_OC_Aby_1,Trustworthy_OC_Aby_1,Informed_OC_Aby_1,Harm_OC_Aby,NicotineCool_OC_Aby_1,NicoAttra_OC_Aby_1,VapeFriends_OC_Aby,VapeMonths_OC_Aby,VapeInt_OC_Aby,Honesty_OC_Anna_1,Trustworthy_OC_Anna_1,Informed_OC_Anna_1,Harm_OC_Anna,NicotineCool_OC_Anna_1,NicoAttra_OC_Anna_1,VapeFriends_OC_Anna,VapeMonths_OC_Anna,VapeInt_OC_Anna,Honesty_OC_Cham_1,Trustworthy_OC_Cham_1,Informed_OC_Cham_1,Harm_OC_Cham,NicotineCool_OC_Cham_1,NicoAttra_OC_Cham_1,VapeFriends_OC_Cham,VapeMonths_OC_Cham,VapeInt_OC_Cham,Q274_First.Click,Q274_Last.Click,Q274_Page.Submit,Q274_Click.Count,Honesty_OC_Fab_1,Trustworthy_OC_Fab_1,Informed_OC_Fab_1,Harm_OC_Fab,NicotineCool_OC_Fab_1,NicoAttra_OC_Fab_1,VapeFriends_OC_Fab,VapeMonths_OC_Fab,VapeInt_OC_Fab,Q285_First.Click,Q285_Last.Click,Q285_Page.Submit,Q285_Click.Count,Honesty_OC_Mae_1,Trustworthy_OC_Mae_1,Informed_OC_Mae_1,Harm_OC_Mae,NicotineCool_OC_Mae_1,NicoAttra_OC_Mae_1,VapeFriends_OC_Mae,VapeMonths_OC_Mae,VapeInt_OC_Mae,Honesty_OC_Zanx_1,Trustworthy_OC_Zanx_1,Informed_OC_Zanx_1,Harm_OC_Zanx,NicotineCool_OC_Zanx_1,NicoAttra_OC_Zanx_1,VapeFriends_OC_Zanx,VapeMonths_OC_Zanx,VapeInt_OC_Zanx,ControlQuestion_fitness,ControlQuestion_nofitness,ControlQuestionAge,Condition,white,asian,black,multi,other,sm_exposure,infl_expos,nic_30dayuse,ecig_30dayuse,harmvape_pretest,appeal_cool_pretest,suscept_pretest,sm_freq_use,sub_30dayuse,cigcan_30dayuse
R_1uOpjEeRyglMzlv,14,Yes,29,34,36,Very harmful,2,3,Probably not,I prefer not to answer,Definitely not,19,23,15,Slightly harmful,3,3,Definitely not,Probably not,Definitely not,31,24,18,Very harmful,2,1,Definitely not,Definitely not,Definitely not,16,21,17,Not at all harmful,2,2,Probably yes,Probably yes,Probably yes,0,0,0,Not at all harmful,3,3,Probably not,Definitely not,Definitely yes,0,0,0,Slightly harmful,0,1,Definitely not,Probably yes,Definitely not,NA,NA,NA,,NA,NA,,,,NA,NA,NA,,NA,NA,,,,NA,NA,NA,,NA,NA,,,,NA,NA,NA,,NA,NA,,,,NA,NA,NA,,NA,NA,,,,NA,NA,NA,,NA,NA,,,,NA,NA,NA,,NA,NA,,,,NA,NA,NA,,NA,NA,,,,NA,NA,NA,,NA,NA,,,,NA,NA,NA,,NA,NA,,,,NA,NA,NA,,NA,NA,,,,NA,NA,NA,,NA,NA,,,,NA,NA,NA,,NA,NA,,,,NA,NA,NA,,NA,NA,,,,NA,NA,NA,,NA,NA,,,,NA,NA,NA,NA,NA,NA,NA,,NA,NA,,,,NA,NA,NA,NA,NA,NA,NA,,NA,NA,,,,NA,NA,NA,,NA,NA,,,,People vaping and exercising,,14,Young Treat,0,0,0,0,1,0,0,0,0,1,1,1,NA,0,0
R_3Sv5S0UzzMdnErc,16,No,NA,NA,NA,,NA,NA,,,,NA,NA,NA,,NA,NA,,,,NA,NA,NA,,NA,NA,,,,NA,NA,NA,,NA,NA,,,,NA,NA,NA,,NA,NA,,,,NA,NA,NA,,NA,NA,,,,NA,NA,NA,,NA,NA,,,,NA,NA,NA,,NA,NA,,,,NA,NA,NA,,NA,NA,,,,NA,NA,NA,,NA,NA,,,,NA,NA,NA,,NA,NA,,,,NA,NA,NA,,NA,NA,,,,NA,NA,NA,,NA,NA,,,,NA,NA,NA,,NA,NA,,,,NA,NA,NA,,NA,NA,,,,NA,NA,NA,,NA,NA,,,,NA,NA,NA,,NA,NA,,,,NA,NA,NA,,NA,NA,,,,4,3,17,Extremely harmful,1,1,Definitely not,Definitely not,Definitely not,1,1,6,Extremely harmful,1,0,Probably not,Definitely not,Definitely not,14,18,57,Extremely harmful,2,3,Probably yes,Definitely not,Definitely not,10.657,10.657,11.294,1,4,9,49,Extremely harmful,1,1,Definitely not,Definitely not,Definitely not,8.998,8.998,11.263,1,21,27,33,Extremely harmful,2,2,Definitely not,Definitely not,Definitely not,50,0,26,Extremely harmful,1,1,Probably yes,Definitely not,Probably yes,,People vaping,16,Old Control,1,0,0,0,0,1,0,0,0,1,1,1,3,0,0
R_5j6jcmYQQi6oKW7,14,Yes,10,0,6,Very harmful,0,0,Definitely not,Definitely not,Definitely not,0,0,0,Very harmful,0,0,Definitely not,Definitely not,Definitely not,4,1,5,Very harmful,0,0,Definitely not,Definitely not,Definitely not,0,0,0,Very harmful,0,0,Definitely not,Definitely not,Definitely not,10,15,0,Very harmful,0,0,Definitely not,Definitely not,Probably not,28,0,8,Very harmful,0,0,Definitely not,Definitely not,Definitely not,NA,NA,NA,,NA,NA,,,,NA,NA,NA,,NA,NA,,,,NA,NA,NA,,NA,NA,,,,NA,NA,NA,,NA,NA,,,,NA,NA,NA,,NA,NA,,,,NA,NA,NA,,NA,NA,,,,NA,NA,NA,,NA,NA,,,,NA,NA,NA,,NA,NA,,,,NA,NA,NA,,NA,NA,,,,NA,NA,NA,,NA,NA,,,,NA,NA,NA,,NA,NA,,,,NA,NA,NA,,NA,NA,,,,NA,NA,NA,,NA,NA,,,,NA,NA,NA,,NA,NA,,,,NA,NA,NA,,NA,NA,,,,NA,NA,NA,NA,NA,NA,NA,,NA,NA,,,,NA,NA,NA,NA,NA,NA,NA,,NA,NA,,,,NA,NA,NA,,NA,NA,,,,People vaping and exercising,People vaping,14,Young Treat,0,0,0,1,0,0,0,0,0,2,2,1,1,0,0
R_3JepPjUPKeEnHnv,17,Yes,NA,NA,NA,,NA,NA,,,,NA,NA,NA,,NA,NA,,,,NA,NA,NA,,NA,NA,,,,NA,NA,NA,,NA,NA,,,,NA,NA,NA,,NA,NA,,,,NA,NA,NA,,NA,NA,,,,NA,NA,NA,,NA,NA,,,,NA,NA,NA,,NA,NA,,,,NA,NA,NA,,NA,NA,,,,NA,NA,NA,,NA,NA,,,,NA,NA,NA,,NA,NA,,,,NA,NA,NA,,NA,NA,,,,14,7,7,Slightly harmful,1,1,Probably not,Probably not,Probably not,48,29,40,Very harmful,1,1,Probably not,Probably not,Definitely not,10,10,11,Very harmful,1,1,Probably not,Probably not,Probably not,6,10,59,Very harmful,1,1,Definitely not,Definitely not,Definitely not,8,8,8,Very harmful,1,1,Probably not,Probably not,Definitely not,11,13,32,Very harmful,1,1,Definitely not,Definitely not,Definitely not,NA,NA,NA,,NA,NA,,,,NA,NA,NA,,NA,NA,,,,NA,NA,NA,,NA,NA,,,,NA,NA,NA,NA,NA,NA,NA,,NA,NA,,,,NA,NA,NA,NA,NA,NA,NA,,NA,NA,,,,NA,NA,NA,,NA,NA,,,,,People vaping,17,Young Control,0,0,0,0,1,0,0,0,0,2,2,1,1,0,0
R_5fbDHQl6bRPUo2B,17,No,1,17,3,Extremely harmful,0,0,Definitely not,Definitely not,Definitely not,0,0,0,Extremely harmful,0,1,Definitely not,Definitely not,Definitely not,9,3,9,Extremely harmful,0,1,Definitely not,Definitely not,Definitely not,0,0,0,Extremely harmful,0,0,Definitely not,Definitely not,Definitely not,48,12,0,Very harmful,0,0,Definitely not,Definitely not,Definitely not,0,0,0,Extremely harmful,0,0,Definitely not,Definitely not,Definitely not,NA,NA,NA,,NA,NA,,,,NA,NA,NA,,NA,NA,,,,NA,NA,NA,,NA,NA,,,,NA,NA,NA,,NA,NA,,,,NA,NA,NA,,NA,NA,,,,NA,NA,NA,,NA,NA,,,,NA,NA,NA,,NA,NA,,,,NA,NA,NA,,NA,NA,,,,NA,NA,NA,,NA,NA,,,,NA,NA,NA,,NA,NA,,,,NA,NA,NA,,NA,NA,,,,NA,NA,NA,,NA,NA,,,,NA,NA,NA,,NA,NA,,,,NA,NA,NA,,NA,NA,,,,NA,NA,NA,,NA,NA,,,,NA,NA,NA,NA,NA,NA,NA,,NA,NA,,,,NA,NA,NA,NA,NA,NA,NA,,NA,NA,,,,NA,NA,NA,,NA,NA,,,,People vaping and exercising,People vaping,17,Young Treat,0,0,0,0,1,1,0,0,0,1,1,1,1,0,0
R_664GesTxyeI46c9,16,No,NA,NA,NA,,NA,NA,,,,NA,NA,NA,,NA,NA,,,,NA,NA,NA,,NA,NA,,,,NA,NA,NA,,NA,NA,,,,NA,NA,NA,,NA,NA,,,,NA,NA,NA,,NA,NA,,,,NA,NA,50,Very harmful,3,3,Probably yes,Probably yes,Probably yes,NA,NA,NA,Very harmful,3,3,Probably yes,Probably yes,Probably yes,NA,NA,50,Very harmful,3,3,Definitely yes,Probably yes,Probably yes,NA,NA,50,Very harmful,3,3,Probably yes,Probably yes,Probably not,NA,NA,50,Very harmful,3,3,Probably yes,Probably yes,Probably yes,NA,NA,49,Very harmful,3,3,Probably yes,Probably yes,Probably yes,NA,NA,NA,,NA,NA,,,,NA,NA,NA,,NA,NA,,,,NA,NA,NA,,NA,NA,,,,NA,NA,NA,,NA,NA,,,,NA,NA,NA,,NA,NA,,,,NA,NA,NA,,NA,NA,,,,NA,NA,NA,,NA,NA,,,,NA,NA,NA,,NA,NA,,,,NA,NA,NA,,NA,NA,,,,NA,NA,NA,NA,NA,NA,NA,,NA,NA,,,,NA,NA,NA,NA,NA,NA,NA,,NA,NA,,,,NA,NA,NA,,NA,NA,,,,People vaping and exercising,People vaping,16,Old Treat,0,0,1,0,0,1,1,1,1,2,2,1,1,1,1
R_3lRoYLtcIkKZTlD,17,Yes,NA,NA,NA,,NA,NA,,,,NA,NA,NA,,NA,NA,,,,NA,NA,NA,,NA,NA,,,,NA,NA,NA,,NA,NA,,,,NA,NA,NA,,NA,NA,,,,NA,NA,NA,,NA,NA,,,,NA,NA,NA,,NA,NA,,,,NA,NA,NA,,NA,NA,,,,NA,NA,NA,,NA,NA,,,,NA,NA,NA,,NA,NA,,,,NA,NA,NA,,NA,NA,,,,NA,NA,NA,,NA,NA,,,,NA,NA,NA,,NA,NA,,,,NA,NA,NA,,NA,NA,,,,NA,NA,NA,,NA,NA,,,,NA,NA,NA,,NA,NA,,,,NA,NA,NA,,NA,NA,,,,NA,NA,NA,,NA,NA,,,,42,2,2,Extremely harmful,0,0,Definitely not,Definitely not,Definitely not,80,0,3,Extremely harmful,0,0,Definitely not,Definitely not,Definitely not,50,2,4,Extremely harmful,0,0,Definitely not,Definitely not,Definitely not,1.541,25.211,26.196,2,NA,NA,3,Extremely harmful,0,0,Definitely not,Definitely not,Definitely not,1.836,16.742,18.552,2,44,13,8,Extremely harmful,0,0,Definitely not,Definitely not,Definitely not,NA,4,4,Extremely harmful,0,0,Definitely not,Definitely not,Definitely not,People vaping and exercising,People vaping,17,Old Control,1,0,0,1,0,0,0,0,0,1,1,1,1,0,0
R_6aEllBktwbJyDCo,17,Yes,NA,NA,NA,,NA,NA,,,,NA,NA,NA,,NA,NA,,,,NA,NA,NA,,NA,NA,,,,NA,NA,NA,,NA,NA,,,,NA,NA,NA,,NA,NA,,,,NA,NA,NA,,NA,NA,,,,NA,NA,NA,,NA,NA,,,,NA,NA,NA,,NA,NA,,,,NA,NA,NA,,NA,NA,,,,NA,NA,NA,,NA,NA,,,,NA,NA,NA,,NA,NA,,,,NA,NA,NA,,NA,NA,,,,26,44,32,Somewhat harmful,4,5,Probably yes,Probably not,Probably yes,51,9,13,Somewhat harmful,4,3,Probably yes,Probably yes,Definitely not,62,53,52,Slightly harmful,6,6,Probably yes,Probably yes,Probably yes,48,28,31,Somewhat harmful,4,6,Probably yes,Probably not,Probably not,27,42,26,Slightly harmful,5,5,Probably yes,Probably yes,Probably yes,26,29,33,Very harmful,1,1,Probably not,Probably not,Probably not,NA,NA,NA,,NA,NA,,,,NA,NA,NA,,NA,NA,,,,NA,NA,NA,,NA,NA,,,,NA,NA,NA,NA,NA,NA,NA,,NA,NA,,,,NA,NA,NA,NA,NA,NA,NA,,NA,NA,,,,NA,NA,NA,,NA,NA,,,,,People vaping,17,Young Control,0,0,0,0,1,0,0,0,0,3,3,1,1,0,0
R_5q1zObvm5cmXah3,16,Yes,0,0,30,Very harmful,0,0,Definitely not,Definitely not,Definitely not,0,0,0,Very harmful,0,0,Definitely not,Definitely not,Definitely not,10,0,50,Very harmful,0,0,Definitely not,Definitely not,Definitely not,0,0,0,Very harmful,0,0,Definitely not,Definitely not,Definitely not,40,10,50,Very harmful,0,0,Definitely not,Definitely not,Definitely not,0,0,0,Very harmful,0,0,Definitely not,Definitely not,Definitely not,NA,NA,NA,,NA,NA,,,,NA,NA,NA,,NA,NA,,,,NA,NA,NA,,NA,NA,,,,NA,NA,NA,,NA,NA,,,,NA,NA,NA,,NA,NA,,,,NA,NA,NA,,NA,NA,,,,NA,NA,NA,,NA,NA,,,,NA,NA,NA,,NA,NA,,,,NA,NA,NA,,NA,NA,,,,NA,NA,NA,,NA,NA,,,,NA,NA,NA,,NA,NA,,,,NA,NA,NA,,NA,NA,,,,NA,NA,NA,,NA,NA,,,,NA,NA,NA,,NA,NA,,,,NA,NA,NA,,NA,NA,,,,NA,NA,NA,NA,NA,NA,NA,,NA,NA,,,,NA,NA,NA,NA,NA,NA,NA,,NA,NA,,,,NA,NA,NA,,NA,NA,,,,People vaping and exercising,People vaping,16,Young Treat,1,0,0,0,0,0,0,0,0,2,2,1,3,0,0
R_16eTFdIjKP5gM4R,17,Yes,NA,NA,NA,,NA,NA,,,,NA,NA,NA,,NA,NA,,,,NA,NA,NA,,NA,NA,,,,NA,NA,NA,,NA,NA,,,,NA,NA,NA,,NA,NA,,,,NA,NA,NA,,NA,NA,,,,NA,NA,NA,,NA,NA,,,,NA,NA,NA,,NA,NA,,,,NA,NA,NA,,NA,NA,,,,NA,NA,NA,,NA,NA,,,,NA,NA,NA,,NA,NA,,,,NA,NA,NA,,NA,NA,,,,0,10,14,Extremely harmful,1,0,Definitely not,Definitely not,Definitely not,6,0,6,Extremely harmful,0,0,Definitely not,Definitely not,Definitely not,40,19,50,Extremely harmful,2,1,I prefer not to answer,Definitely not,Definitely not,0,0,0,Extremely harmful,0,0,Definitely not,Definitely not,Definitely not,0,3,4,Extremely harmful,0,1,I prefer not to answer,Definitely not,Definitely not,0,0,0,Extremely harmful,1,0,Definitely not,Definitely not,Definitely not,NA,NA,NA,,NA,NA,,,,NA,NA,NA,,NA,NA,,,,NA,NA,NA,,NA,NA,,,,NA,NA,NA,NA,NA,NA,NA,,NA,NA,,,,NA,NA,NA,NA,NA,NA,NA,,NA,NA,,,,NA,NA,NA,,NA,NA,,,,People vaping and exercising,,17,Young Control,0,0,0,0,1,1,1,0,0,2,2,1,1,0,0
R_6eUSgABQlzcXG0C,14,No,NA,NA,NA,,NA,NA,,,,NA,NA,NA,,NA,NA,,,,NA,NA,NA,,NA,NA,,,,NA,NA,NA,,NA,NA,,,,NA,NA,NA,,NA,NA,,,,NA,NA,NA,,NA,NA,,,,NA,NA,NA,,NA,NA,,,,NA,NA,NA,,NA,NA,,,,NA,NA,NA,,NA,NA,,,,NA,NA,NA,,NA,NA,,,,NA,NA,NA,,NA,NA,,,,NA,NA,NA,,NA,NA,,,,NA,NA,NA,,NA,NA,,,,NA,NA,NA,,NA,NA,,,,NA,NA,NA,,NA,NA,,,,NA,NA,NA,,NA,NA,,,,NA,NA,NA,,NA,NA,,,,NA,NA,NA,,NA,NA,,,,4,5,2,Extremely harmful,0,0,Definitely not,Definitely not,Definitely not,0,0,0,Extremely harmful,0,0,Definitely not,Definitely not,Definitely not,0,0,0,Extremely harmful,0,0,Definitely not,Definitely not,Definitely not,9.928,9.928,10.501,1,0,0,0,Extremely harmful,0,0,Definitely not,Definitely not,Definitely not,8.828,8.828,10.897,1,0,3,6,Extremely harmful,0,0,Definitely not,Definitely not,Definitely not,0,0,0,Extremely harmful,0,0,Definitely not,Definitely not,Definitely not,,People vaping,14,Old Control,1,0,0,0,0,0,1,0,0,1,1,1,1,0,0
R_5Xiw76Mg1ra7M6l,16,No,NA,NA,NA,,NA,NA,,,,NA,NA,NA,,NA,NA,,,,NA,NA,NA,,NA,NA,,,,NA,NA,NA,,NA,NA,,,,NA,NA,NA,,NA,NA,,,,NA,NA,NA,,NA,NA,,,,9,7,9,Extremely harmful,0,0,Definitely not,Definitely not,Definitely not,20,0,0,Extremely harmful,0,0,Definitely not,Definitely not,Definitely not,10,9,10,Extremely harmful,0,0,Definitely not,Definitely not,Definitely not,29,13,9,Extremely harmful,0,0,Definitely not,Definitely not,Definitely not,30,20,0,Extremely harmful,0,0,Definitely not,Definitely not,Definitely not,22,17,19,Extremely harmful,0,0,Definitely not,Definitely not,Definitely not,NA,NA,NA,,NA,NA,,,,NA,NA,NA,,NA,NA,,,,NA,NA,NA,,NA,NA,,,,NA,NA,NA,,NA,NA,,,,NA,NA,NA,,NA,NA,,,,NA,NA,NA,,NA,NA,,,,NA,NA,NA,,NA,NA,,,,NA,NA,NA,,NA,NA,,,,NA,NA,NA,,NA,NA,,,,NA,NA,NA,NA,NA,NA,NA,,NA,NA,,,,NA,NA,NA,NA,NA,NA,NA,,NA,NA,,,,NA,NA,NA,,NA,NA,,,,People vaping and exercising,People vaping,16,Old Treat,0,1,0,0,0,0,0,0,0,1,1,1,1,0,0
R_3OvI5N2L59Coml1,17,No,NA,NA,NA,,NA,NA,,,,NA,NA,NA,,NA,NA,,,,NA,NA,NA,,NA,NA,,,,NA,NA,NA,,NA,NA,,,,NA,NA,NA,,NA,NA,,,,NA,NA,NA,,NA,NA,,,,15,28,34,Extremely harmful,1,2,Definitely not,Definitely not,Definitely not,29,40,33,Extremely harmful,2,4,Definitely not,Definitely not,Definitely not,45,39,33,Extremely harmful,2,4,Definitely not,Definitely not,Definitely not,25,46,65,Extremely harmful,2,3,Definitely not,Definitely not,Definitely not,15,43,38,Extremely harmful,1,2,Definitely not,Probably not,Probably not,39,48,27,Not at all harmful,2,4,Definitely not,Definitely not,Definitely not,NA,NA,NA,,NA,NA,,,,NA,NA,NA,,NA,NA,,,,NA,NA,NA,,NA,NA,,,,NA,NA,NA,,NA,NA,,,,NA,NA,NA,,NA,NA,,,,NA,NA,NA,,NA,NA,,,,NA,NA,NA,,NA,NA,,,,NA,NA,NA,,NA,NA,,,,NA,NA,NA,,NA,NA,,,,NA,NA,NA,NA,NA,NA,NA,,NA,NA,,,,NA,NA,NA,NA,NA,NA,NA,,NA,NA,,,,NA,NA,NA,,NA,NA,,,,People vaping and exercising,,17,Old Treat,1,0,0,0,0,0,1,0,0,1,1,1,3,0,0
R_7zdN8UfKzcut7zr,15,No,NA,NA,NA,Slightly harmful,NA,NA,Definitely yes,Definitely yes,I prefer not to answer,NA,NA,NA,Not at all harmful,NA,NA,Definitely yes,Definitely yes,Definitely yes,NA,NA,NA,Not at all harmful,NA,NA,Definitely yes,Definitely yes,Definitely yes,NA,NA,NA,Not at all harmful,NA,NA,Definitely yes,Definitely yes,Definitely yes,NA,NA,NA,Not at all harmful,NA,NA,Definitely yes,Definitely yes,Definitely yes,NA,NA,NA,Slightly harmful,NA,NA,Definitely yes,Definitely yes,Definitely yes,NA,NA,NA,,NA,NA,,,,NA,NA,NA,,NA,NA,,,,NA,NA,NA,,NA,NA,,,,NA,NA,NA,,NA,NA,,,,NA,NA,NA,,NA,NA,,,,NA,NA,NA,,NA,NA,,,,NA,NA,NA,,NA,NA,,,,NA,NA,NA,,NA,NA,,,,NA,NA,NA,,NA,NA,,,,NA,NA,NA,,NA,NA,,,,NA,NA,NA,,NA,NA,,,,NA,NA,NA,,NA,NA,,,,NA,NA,NA,,NA,NA,,,,NA,NA,NA,,NA,NA,,,,NA,NA,NA,,NA,NA,,,,NA,NA,NA,NA,NA,NA,NA,,NA,NA,,,,NA,NA,NA,NA,NA,NA,NA,,NA,NA,,,,NA,NA,NA,,NA,NA,,,,People vaping and exercising,People vaping,15,Young Treat,0,0,1,0,0,1,0,1,1,3,3,1,1,1,1
R_7ZBr5bNoNd4NqPW,17,No,NA,NA,NA,,NA,NA,,,,NA,NA,NA,,NA,NA,,,,NA,NA,NA,,NA,NA,,,,NA,NA,NA,,NA,NA,,,,NA,NA,NA,,NA,NA,,,,NA,NA,NA,,NA,NA,,,,NA,NA,NA,,NA,NA,,,,NA,NA,NA,,NA,NA,,,,NA,NA,NA,,NA,NA,,,,NA,NA,NA,,NA,NA,,,,NA,NA,NA,,NA,NA,,,,NA,NA,NA,,NA,NA,,,,NA,NA,NA,,NA,NA,,,,NA,NA,NA,,NA,NA,,,,NA,NA,NA,,NA,NA,,,,NA,NA,NA,,NA,NA,,,,NA,NA,NA,,NA,NA,,,,NA,NA,NA,,NA,NA,,,,100,0,6,Extremely harmful,0,0,Definitely not,Definitely not,Definitely not,100,0,0,Extremely harmful,0,0,Definitely not,Definitely not,Definitely not,0,0,0,Extremely harmful,0,0,Definitely not,Definitely not,Definitely not,0,0,11.465,0,100,0,0,Extremely harmful,0,0,Definitely not,Definitely not,Definitely not,0,0,11.46,0,100,0,0,Extremely harmful,0,0,Definitely not,Definitely not,Definitely not,0,0,0,Extremely harmful,0,0,Definitely not,Definitely not,Definitely not,,People vaping,17,Old Control,0,1,0,0,0,1,0,0,0,1,1,1,3,0,0
R_7uJRZnZSGNcUsnb,16,Yes,NA,NA,NA,,NA,NA,,,,NA,NA,NA,,NA,NA,,,,NA,NA,NA,,NA,NA,,,,NA,NA,NA,,NA,NA,,,,NA,NA,NA,,NA,NA,,,,NA,NA,NA,,NA,NA,,,,NA,NA,NA,,NA,NA,,,,NA,NA,NA,,NA,NA,,,,NA,NA,NA,,NA,NA,,,,NA,NA,NA,,NA,NA,,,,NA,NA,NA,,NA,NA,,,,NA,NA,NA,,NA,NA,,,,0,3,1,Very harmful,0,0,Definitely not,Definitely not,Definitely not,65,65,30,Somewhat harmful,3,2,Probably not,Probably not,Probably not,16,28,22,Somewhat harmful,1,1,Probably not,Probably not,Probably not,0,0,0,Very harmful,0,0,Probably not,Probably not,Probably not,50,51,31,Somewhat harmful,2,3,Probably not,Probably not,Probably not,0,0,0,Very harmful,0,0,Probably not,Probably not,Probably not,NA,NA,NA,,NA,NA,,,,NA,NA,NA,,NA,NA,,,,NA,NA,NA,,NA,NA,,,,NA,NA,NA,NA,NA,NA,NA,,NA,NA,,,,NA,NA,NA,NA,NA,NA,NA,,NA,NA,,,,NA,NA,NA,,NA,NA,,,,,People vaping,16,Young Control,0,0,0,0,1,0,1,0,0,3,3,1,1,0,0
R_3e2MuWCpekv9x2k,16,No,NA,NA,NA,,NA,NA,,,,NA,NA,NA,,NA,NA,,,,NA,NA,NA,,NA,NA,,,,NA,NA,NA,,NA,NA,,,,NA,NA,NA,,NA,NA,,,,NA,NA,NA,,NA,NA,,,,NA,NA,NA,,NA,NA,,,,NA,NA,NA,,NA,NA,,,,NA,NA,NA,,NA,NA,,,,NA,NA,NA,,NA,NA,,,,NA,NA,NA,,NA,NA,,,,NA,NA,NA,,NA,NA,,,,NA,NA,NA,,NA,NA,,,,NA,NA,NA,,NA,NA,,,,NA,NA,NA,,NA,NA,,,,NA,NA,NA,,NA,NA,,,,NA,NA,NA,,NA,NA,,,,NA,NA,NA,,NA,NA,,,,91,87,89,Extremely harmful,0,0,Definitely not,Definitely not,Definitely not,12,17,11,Extremely harmful,0,0,Definitely not,Definitely not,Definitely not,73,16,80,Extremely harmful,0,0,Definitely not,Definitely not,Definitely not,1.185,2.208,10.8,2,20,17,17,Extremely harmful,0,3,Definitely not,Definitely not,Definitely not,1.201,13.921,21.681,4,56,36,76,Extremely harmful,0,3,Definitely not,Definitely not,Definitely not,11,14,13,Extremely harmful,7,2,Definitely not,Definitely not,Definitely not,,People vaping,16,Old Control,0,1,0,0,0,0,0,0,0,1,1,1,3,0,0
R_7rvyF4kpnIgdPdY,17,Yes,NA,NA,NA,,NA,NA,,,,NA,NA,NA,,NA,NA,,,,NA,NA,NA,,NA,NA,,,,NA,NA,NA,,NA,NA,,,,NA,NA,NA,,NA,NA,,,,NA,NA,NA,,NA,NA,,,,40,40,10,Very harmful,1,1,Probably not,Definitely not,Definitely not,8,8,4,Very harmful,1,1,Definitely not,Definitely not,Definitely not,20,20,6,Very harmful,1,1,Definitely not,Definitely not,Definitely not,20,20,5,Very harmful,1,1,Definitely not,Definitely not,Definitely not,10,10,4,Very harmful,1,1,Definitely not,Definitely not,Definitely not,14,13,3,Very harmful,1,1,Definitely not,Definitely not,Definitely not,NA,NA,NA,,NA,NA,,,,NA,NA,NA,,NA,NA,,,,NA,NA,NA,,NA,NA,,,,NA,NA,NA,,NA,NA,,,,NA,NA,NA,,NA,NA,,,,NA,NA,NA,,NA,NA,,,,NA,NA,NA,,NA,NA,,,,NA,NA,NA,,NA,NA,,,,NA,NA,NA,,NA,NA,,,,NA,NA,NA,NA,NA,NA,NA,,NA,NA,,,,NA,NA,NA,NA,NA,NA,NA,,NA,NA,,,,NA,NA,NA,,NA,NA,,,,People vaping and exercising,People vaping,17,Old Treat,0,0,0,0,1,0,0,0,0,2,2,1,1,0,0
R_3PTSWCXdewrKOv7,17,No,NA,NA,NA,,NA,NA,,,,NA,NA,NA,,NA,NA,,,,NA,NA,NA,,NA,NA,,,,NA,NA,NA,,NA,NA,,,,NA,NA,NA,,NA,NA,,,,NA,NA,NA,,NA,NA,,,,NA,NA,NA,,NA,NA,,,,NA,NA,NA,,NA,NA,,,,NA,NA,NA,,NA,NA,,,,NA,NA,NA,,NA,NA,,,,NA,NA,NA,,NA,NA,,,,NA,NA,NA,,NA,NA,,,,4,4,4,Extremely harmful,0,0,Definitely not,Definitely not,Definitely not,3,9,6,Very harmful,0,0,Probably not,Definitely not,Definitely not,17,44,16,Extremely harmful,0,0,Definitely not,Definitely not,Definitely not,5,8,7,Extremely harmful,0,0,Definitely not,Definitely not,Definitely not,7,4,4,Extremely harmful,0,0,Definitely not,Definitely not,Definitely not,6,3,4,Extremely harmful,0,0,Definitely not,Definitely not,Definitely not,NA,NA,NA,,NA,NA,,,,NA,NA,NA,,NA,NA,,,,NA,NA,NA,,NA,NA,,,,NA,NA,NA,NA,NA,NA,NA,,NA,NA,,,,NA,NA,NA,NA,NA,NA,NA,,NA,NA,,,,NA,NA,NA,,NA,NA,,,,,People vaping,17,Young Control,0,1,1,0,0,1,0,0,0,2,2,1,1,0,0
R_6OrxtuZZ888bfYX,16,Yes,NA,NA,NA,,NA,NA,,,,NA,NA,NA,,NA,NA,,,,NA,NA,NA,,NA,NA,,,,NA,NA,NA,,NA,NA,,,,NA,NA,NA,,NA,NA,,,,NA,NA,NA,,NA,NA,,,,13,9,10,Extremely harmful,1,1,Probably not,Probably not,Probably yes,12,12,11,Extremely harmful,1,1,Probably not,Probably not,Probably yes,9,12,15,Extremely harmful,1,1,Probably not,Probably not,Probably yes,10,8,9,Extremely harmful,1,1,Probably not,Probably not,Probably yes,9,8,9,Extremely harmful,1,1,Probably not,Probably not,Probably yes,11,8,10,Extremely harmful,1,1,Probably not,Probably not,Probably yes,NA,NA,NA,,NA,NA,,,,NA,NA,NA,,NA,NA,,,,NA,NA,NA,,NA,NA,,,,NA,NA,NA,,NA,NA,,,,NA,NA,NA,,NA,NA,,,,NA,NA,NA,,NA,NA,,,,NA,NA,NA,,NA,NA,,,,NA,NA,NA,,NA,NA,,,,NA,NA,NA,,NA,NA,,,,NA,NA,NA,NA,NA,NA,NA,,NA,NA,,,,NA,NA,NA,NA,NA,NA,NA,,NA,NA,,,,NA,NA,NA,,NA,NA,,,,People vaping and exercising,People vaping,16,Old Treat,1,0,0,0,1,0,1,0,0,1,1,1,1,0,0
R_5ffl7x9DkTR1BCo,14,No,NA,NA,NA,,NA,NA,,,,NA,NA,NA,,NA,NA,,,,NA,NA,NA,,NA,NA,,,,NA,NA,NA,,NA,NA,,,,NA,NA,NA,,NA,NA,,,,NA,NA,NA,,NA,NA,,,,NA,NA,NA,,NA,NA,,,,NA,NA,NA,,NA,NA,,,,NA,NA,NA,,NA,NA,,,,NA,NA,NA,,NA,NA,,,,NA,NA,NA,,NA,NA,,,,NA,NA,NA,,NA,NA,,,,3,7,5,Extremely harmful,0,0,Definitely not,Definitely not,Definitely not,5,3,4,Extremely harmful,0,0,Definitely not,Definitely not,Definitely not,2,3,2,Extremely harmful,0,0,Definitely not,Definitely not,Definitely not,2,2,5,Extremely harmful,0,0,Definitely not,Definitely not,Definitely not,1,1,3,Extremely harmful,0,0,Definitely not,Definitely not,Definitely not,2,3,3,Extremely harmful,0,0,Definitely not,Definitely not,Definitely not,NA,NA,NA,,NA,NA,,,,NA,NA,NA,,NA,NA,,,,NA,NA,NA,,NA,NA,,,,NA,NA,NA,NA,NA,NA,NA,,NA,NA,,,,NA,NA,NA,NA,NA,NA,NA,,NA,NA,,,,NA,NA,NA,,NA,NA,,,,,People vaping,14,Young Control,0,0,0,0,0,1,0,0,0,1,1,1,1,0,0
R_78Vo2qt2Ka9OPLz,17,No,7,7,8,Very harmful,1,0,Definitely not,Definitely not,Definitely not,0,7,7,Very harmful,0,1,Definitely not,Definitely not,Definitely not,8,9,9,Very harmful,1,1,Definitely not,Definitely not,Definitely not,9,9,7,Very harmful,0,1,Definitely not,Definitely not,Definitely not,5,10,9,Very harmful,0,1,Definitely not,Definitely not,Definitely not,0,0,0,Very harmful,0,0,Definitely not,Definitely not,Definitely not,NA,NA,NA,,NA,NA,,,,NA,NA,NA,,NA,NA,,,,NA,NA,NA,,NA,NA,,,,NA,NA,NA,,NA,NA,,,,NA,NA,NA,,NA,NA,,,,NA,NA,NA,,NA,NA,,,,NA,NA,NA,,NA,NA,,,,NA,NA,NA,,NA,NA,,,,NA,NA,NA,,NA,NA,,,,NA,NA,NA,,NA,NA,,,,NA,NA,NA,,NA,NA,,,,NA,NA,NA,,NA,NA,,,,NA,NA,NA,,NA,NA,,,,NA,NA,NA,,NA,NA,,,,NA,NA,NA,,NA,NA,,,,NA,NA,NA,NA,NA,NA,NA,,NA,NA,,,,NA,NA,NA,NA,NA,NA,NA,,NA,NA,,,,NA,NA,NA,,NA,NA,,,,People vaping and exercising,People vaping,17,Young Treat,0,0,0,0,1,0,1,0,0,2,2,1,1,0,0
R_7B6KbfULaobzATn,16,No,NA,NA,NA,,NA,NA,,,,NA,NA,NA,,NA,NA,,,,NA,NA,NA,,NA,NA,,,,NA,NA,NA,,NA,NA,,,,NA,NA,NA,,NA,NA,,,,NA,NA,NA,,NA,NA,,,,NA,NA,NA,,NA,NA,,,,NA,NA,NA,,NA,NA,,,,NA,NA,NA,,NA,NA,,,,NA,NA,NA,,NA,NA,,,,NA,NA,NA,,NA,NA,,,,NA,NA,NA,,NA,NA,,,,NA,NA,NA,,NA,NA,,,,NA,NA,NA,,NA,NA,,,,NA,NA,NA,,NA,NA,,,,NA,NA,NA,,NA,NA,,,,NA,NA,NA,,NA,NA,,,,NA,NA,NA,,NA,NA,,,,0,0,0,Extremely harmful,0,0,Definitely not,Definitely not,Definitely not,0,1,0,Extremely harmful,0,0,Definitely not,Definitely not,Definitely not,0,0,0,Extremely harmful,0,0,Definitely not,Definitely not,Definitely not,1.617,14.265,15.285,2,0,0,0,Extremely harmful,0,0,Definitely not,Definitely not,Definitely not,1.052,1.052,13.325,1,0,0,0,Extremely harmful,0,0,Definitely not,Definitely not,Definitely not,0,0,0,Extremely harmful,0,0,Definitely not,Definitely not,Definitely not,,People vaping,16,Old Control,0,0,1,0,0,0,0,0,0,1,1,1,1,0,0
R_1n29u8dMSU6WgRC,14,No,NA,NA,NA,,NA,NA,,,,NA,NA,NA,,NA,NA,,,,NA,NA,NA,,NA,NA,,,,NA,NA,NA,,NA,NA,,,,NA,NA,NA,,NA,NA,,,,NA,NA,NA,,NA,NA,,,,NA,NA,NA,,NA,NA,,,,NA,NA,NA,,NA,NA,,,,NA,NA,NA,,NA,NA,,,,NA,NA,NA,,NA,NA,,,,NA,NA,NA,,NA,NA,,,,NA,NA,NA,,NA,NA,,,,NA,NA,NA,,NA,NA,,,,NA,NA,NA,,NA,NA,,,,NA,NA,NA,,NA,NA,,,,NA,NA,NA,,NA,NA,,,,NA,NA,NA,,NA,NA,,,,NA,NA,NA,,NA,NA,,,,20,20,20,Extremely harmful,1,1,Definitely not,Definitely not,Definitely not,18,10,10,Extremely harmful,1,1,Definitely not,Definitely not,Definitely not,21,20,24,Very harmful,1,0,Definitely not,Definitely not,Definitely not,2.801,18.349,19.051,3,22,9,37,Very harmful,0,0,Probably not,Definitely not,Definitely not,1.351,12.075,13.281,2,17,20,16,Very harmful,0,1,Definitely not,Definitely not,Definitely not,NA,26,22,Extremely harmful,1,1,Definitely not,Definitely not,Definitely not,,People vaping,14,Old Control,0,0,0,1,0,1,0,0,0,1,1,1,1,0,0
R_1OZIO90QaKVzlu9,15,No,NA,NA,NA,,NA,NA,,,,NA,NA,NA,,NA,NA,,,,NA,NA,NA,,NA,NA,,,,NA,NA,NA,,NA,NA,,,,NA,NA,NA,,NA,NA,,,,NA,NA,NA,,NA,NA,,,,25,43,4,Not at all harmful,1,2,Definitely not,Definitely not,Definitely not,48,30,11,Not at all harmful,6,7,Definitely not,Definitely not,Definitely not,15,10,26,Not at all harmful,6,4,Definitely not,Definitely not,Definitely not,4,5,5,Slightly harmful,5,3,Definitely not,Definitely not,Definitely not,56,29,11,Not at all harmful,6,7,Definitely not,Definitely not,Definitely not,6,6,6,Extremely harmful,0,0,Definitely not,Definitely not,Definitely not,NA,NA,NA,,NA,NA,,,,NA,NA,NA,,NA,NA,,,,NA,NA,NA,,NA,NA,,,,NA,NA,NA,,NA,NA,,,,NA,NA,NA,,NA,NA,,,,NA,NA,NA,,NA,NA,,,,NA,NA,NA,,NA,NA,,,,NA,NA,NA,,NA,NA,,,,NA,NA,NA,,NA,NA,,,,NA,NA,NA,NA,NA,NA,NA,,NA,NA,,,,NA,NA,NA,NA,NA,NA,NA,,NA,NA,,,,NA,NA,NA,,NA,NA,,,,People vaping and exercising,People vaping,15,Old Treat,1,0,0,0,0,0,1,0,0,2,2,1,3,0,0
R_1QEdYqvrPZVBb1s,14,Yes,NA,NA,NA,,NA,NA,,,,NA,NA,NA,,NA,NA,,,,NA,NA,NA,,NA,NA,,,,NA,NA,NA,,NA,NA,,,,NA,NA,NA,,NA,NA,,,,NA,NA,NA,,NA,NA,,,,NA,NA,NA,,NA,NA,,,,NA,NA,NA,,NA,NA,,,,NA,NA,NA,,NA,NA,,,,NA,NA,NA,,NA,NA,,,,NA,NA,NA,,NA,NA,,,,NA,NA,NA,,NA,NA,,,,NA,NA,NA,,NA,NA,,,,NA,NA,NA,,NA,NA,,,,NA,NA,NA,,NA,NA,,,,NA,NA,NA,,NA,NA,,,,NA,NA,NA,,NA,NA,,,,NA,NA,NA,,NA,NA,,,,60,59,15,Very harmful,0,0,Definitely not,Definitely not,Definitely not,14,4,8,Extremely harmful,0,0,Definitely not,Definitely not,Definitely not,45,20,16,Very harmful,0,0,Definitely not,Definitely not,Definitely not,3.001,12.381,13.308,2,33,8,11,Extremely harmful,0,0,Definitely not,Definitely not,Definitely not,1.392,9.752,11.295,4,17,16,8,Extremely harmful,0,0,Definitely not,Definitely not,Definitely not,16,21,20,Very harmful,0,0,Definitely not,Definitely not,Definitely not,,People vaping,14,Old Control,0,0,0,0,1,0,0,0,0,1,1,1,1,0,0
R_73Wt1BPsnW5PD9F,17,No,0,0,0,I prefer not to answer,0,0,I prefer not to answer,I prefer not to answer,I prefer not to answer,0,0,0,I prefer not to answer,0,0,I prefer not to answer,I prefer not to answer,I prefer not to answer,0,0,0,I prefer not to answer,0,0,Definitely not,Definitely not,Definitely not,0,0,0,I prefer not to answer,0,0,I prefer not to answer,I prefer not to answer,I prefer not to answer,0,0,0,I prefer not to answer,0,0,I prefer not to answer,I prefer not to answer,I prefer not to answer,0,0,0,I prefer not to answer,0,0,Definitely not,Definitely not,Definitely not,NA,NA,NA,,NA,NA,,,,NA,NA,NA,,NA,NA,,,,NA,NA,NA,,NA,NA,,,,NA,NA,NA,,NA,NA,,,,NA,NA,NA,,NA,NA,,,,NA,NA,NA,,NA,NA,,,,NA,NA,NA,,NA,NA,,,,NA,NA,NA,,NA,NA,,,,NA,NA,NA,,NA,NA,,,,NA,NA,NA,,NA,NA,,,,NA,NA,NA,,NA,NA,,,,NA,NA,NA,,NA,NA,,,,NA,NA,NA,,NA,NA,,,,NA,NA,NA,,NA,NA,,,,NA,NA,NA,,NA,NA,,,,NA,NA,NA,NA,NA,NA,NA,,NA,NA,,,,NA,NA,NA,NA,NA,NA,NA,,NA,NA,,,,NA,NA,NA,,NA,NA,,,,People vaping and exercising,People vaping,17,Young Treat,1,0,0,0,0,0,0,0,0,1,1,1,NA,0,0
R_1szuBkReEx7sFRo,16,No,NA,NA,NA,,NA,NA,,,,NA,NA,NA,,NA,NA,,,,NA,NA,NA,,NA,NA,,,,NA,NA,NA,,NA,NA,,,,NA,NA,NA,,NA,NA,,,,NA,NA,NA,,NA,NA,,,,NA,NA,NA,,NA,NA,,,,NA,NA,NA,,NA,NA,,,,NA,NA,NA,,NA,NA,,,,NA,NA,NA,,NA,NA,,,,NA,NA,NA,,NA,NA,,,,NA,NA,NA,,NA,NA,,,,100,32,100,Extremely harmful,0,0,Definitely not,Definitely not,Definitely not,5,0,9,Slightly harmful,0,0,Definitely not,Definitely not,Definitely not,0,0,0,Extremely harmful,0,0,Definitely not,Definitely not,Definitely not,30,0,22,Not at all harmful,0,0,Definitely not,Definitely not,Definitely not,2,0,0,Extremely harmful,0,0,Definitely not,Definitely not,Definitely not,0,0,0,Extremely harmful,0,0,Definitely not,Definitely not,Definitely not,NA,NA,NA,,NA,NA,,,,NA,NA,NA,,NA,NA,,,,NA,NA,NA,,NA,NA,,,,NA,NA,NA,NA,NA,NA,NA,,NA,NA,,,,NA,NA,NA,NA,NA,NA,NA,,NA,NA,,,,NA,NA,NA,,NA,NA,,,,,People vaping,16,Young Control,0,0,1,0,0,1,0,0,0,1,1,1,1,0,0
R_5gijlfE0UnnNo6l,14,No,NA,NA,NA,,NA,NA,,,,NA,NA,NA,,NA,NA,,,,NA,NA,NA,,NA,NA,,,,NA,NA,NA,,NA,NA,,,,NA,NA,NA,,NA,NA,,,,NA,NA,NA,,NA,NA,,,,0,0,1,Extremely harmful,0,0,Definitely not,Definitely not,Definitely not,0,0,6,Extremely harmful,0,0,Definitely not,Definitely not,Definitely not,9,9,26,Extremely harmful,0,0,Definitely not,Definitely not,Definitely not,8,0,8,Extremely harmful,0,0,Definitely not,Definitely not,Definitely not,0,0,9,Extremely harmful,0,0,Definitely not,Definitely not,Definitely not,0,0,1,Extremely harmful,0,0,Definitely not,Definitely not,Definitely not,NA,NA,NA,,NA,NA,,,,NA,NA,NA,,NA,NA,,,,NA,NA,NA,,NA,NA,,,,NA,NA,NA,,NA,NA,,,,NA,NA,NA,,NA,NA,,,,NA,NA,NA,,NA,NA,,,,NA,NA,NA,,NA,NA,,,,NA,NA,NA,,NA,NA,,,,NA,NA,NA,,NA,NA,,,,NA,NA,NA,NA,NA,NA,NA,,NA,NA,,,,NA,NA,NA,NA,NA,NA,NA,,NA,NA,,,,NA,NA,NA,,NA,NA,,,,People vaping and exercising,People vaping,14,Old Treat,0,1,0,0,0,0,1,0,0,1,1,1,1,0,0
R_5Y5j8vLyrjUpL33,17,Yes,NA,NA,NA,,NA,NA,,,,NA,NA,NA,,NA,NA,,,,NA,NA,NA,,NA,NA,,,,NA,NA,NA,,NA,NA,,,,NA,NA,NA,,NA,NA,,,,NA,NA,NA,,NA,NA,,,,NA,NA,NA,,NA,NA,,,,NA,NA,NA,,NA,NA,,,,NA,NA,NA,,NA,NA,,,,NA,NA,NA,,NA,NA,,,,NA,NA,NA,,NA,NA,,,,NA,NA,NA,,NA,NA,,,,NA,NA,NA,,NA,NA,,,,NA,NA,NA,,NA,NA,,,,NA,NA,NA,,NA,NA,,,,NA,NA,NA,,NA,NA,,,,NA,NA,NA,,NA,NA,,,,NA,NA,NA,,NA,NA,,,,52,54,31,Extremely harmful,0,0,Probably not,Definitely not,Definitely not,33,40,40,Extremely harmful,0,1,Definitely not,Definitely not,Probably not,79,51,31,Extremely harmful,0,0,Probably not,Definitely not,I prefer not to answer,1.084,29.349,29.743,2,61,49,59,Extremely harmful,0,0,Definitely not,Definitely not,Definitely not,3.939,19.013,20.09,2,48,33,41,Extremely harmful,0,0,Probably not,Definitely not,Probably not,53,15,29,Extremely harmful,0,0,Definitely not,Definitely not,Definitely not,,People vaping,17,Old Control,0,0,0,0,1,0,0,0,0,1,1,1,1,0,0
R_3pnctO7wz3yv7I0,17,Yes,0,0,0,Extremely harmful,1,0,Definitely not,Definitely not,Definitely not,0,2,0,Somewhat harmful,1,0,Probably not,Definitely not,Definitely not,NA,0,0,Extremely harmful,0,0,Definitely not,Definitely not,Definitely not,0,0,0,Extremely harmful,7,7,Definitely not,Definitely not,Definitely not,0,0,0,Very harmful,0,7,Definitely not,Definitely not,Definitely not,0,0,0,Extremely harmful,0,0,Definitely not,Definitely not,Definitely not,NA,NA,NA,,NA,NA,,,,NA,NA,NA,,NA,NA,,,,NA,NA,NA,,NA,NA,,,,NA,NA,NA,,NA,NA,,,,NA,NA,NA,,NA,NA,,,,NA,NA,NA,,NA,NA,,,,NA,NA,NA,,NA,NA,,,,NA,NA,NA,,NA,NA,,,,NA,NA,NA,,NA,NA,,,,NA,NA,NA,,NA,NA,,,,NA,NA,NA,,NA,NA,,,,NA,NA,NA,,NA,NA,,,,NA,NA,NA,,NA,NA,,,,NA,NA,NA,,NA,NA,,,,NA,NA,NA,,NA,NA,,,,NA,NA,NA,NA,NA,NA,NA,,NA,NA,,,,NA,NA,NA,NA,NA,NA,NA,,NA,NA,,,,NA,NA,NA,,NA,NA,,,,People vaping and exercising,People vaping,17,Young Treat,0,0,0,0,0,0,0,0,0,1,1,1,1,0,0
R_1SAKxbDBtYHtb3Z,16,No,NA,NA,NA,,NA,NA,,,,NA,NA,NA,,NA,NA,,,,NA,NA,NA,,NA,NA,,,,NA,NA,NA,,NA,NA,,,,NA,NA,NA,,NA,NA,,,,NA,NA,NA,,NA,NA,,,,NA,NA,NA,,NA,NA,,,,NA,NA,NA,,NA,NA,,,,NA,NA,NA,,NA,NA,,,,NA,NA,NA,,NA,NA,,,,NA,NA,NA,,NA,NA,,,,NA,NA,NA,,NA,NA,,,,NA,NA,NA,,NA,NA,,,,NA,NA,NA,,NA,NA,,,,NA,NA,NA,,NA,NA,,,,NA,NA,NA,,NA,NA,,,,NA,NA,NA,,NA,NA,,,,NA,NA,NA,,NA,NA,,,,7,8,9,Extremely harmful,0,0,Definitely not,Definitely not,Definitely not,29,18,35,Extremely harmful,0,0,Definitely not,Definitely not,Definitely not,10,18,13,Extremely harmful,0,0,Definitely not,Definitely not,Definitely not,3.416,13.992,14.761,3,27,18,25,Extremely harmful,0,0,Definitely not,Definitely not,Definitely not,1.6,12.32,13.597,2,15,13,8,Extremely harmful,0,0,Definitely not,Definitely not,Definitely not,18,16,21,Extremely harmful,0,0,Definitely not,Definitely not,Definitely not,People vaping and exercising,People vaping,16,Old Control,0,1,0,0,0,0,1,0,0,1,1,1,1,0,0
R_6U4WnGtn00qYapV,17,No,NA,NA,NA,,NA,NA,,,,NA,NA,NA,,NA,NA,,,,NA,NA,NA,,NA,NA,,,,NA,NA,NA,,NA,NA,,,,NA,NA,NA,,NA,NA,,,,NA,NA,NA,,NA,NA,,,,0,0,0,Not at all harmful,0,0,Definitely not,Definitely not,Definitely not,NA,NA,NA,Not at all harmful,0,0,Definitely not,Definitely not,Definitely not,NA,NA,NA,Not at all harmful,0,0,Definitely not,Definitely not,Definitely not,NA,NA,NA,Not at all harmful,0,0,Definitely not,Definitely not,Definitely not,NA,NA,NA,Not at all harmful,0,0,Definitely not,Definitely not,Definitely not,NA,NA,NA,Slightly harmful,0,0,Definitely not,Definitely not,Definitely not,NA,NA,NA,,NA,NA,,,,NA,NA,NA,,NA,NA,,,,NA,NA,NA,,NA,NA,,,,NA,NA,NA,,NA,NA,,,,NA,NA,NA,,NA,NA,,,,NA,NA,NA,,NA,NA,,,,NA,NA,NA,,NA,NA,,,,NA,NA,NA,,NA,NA,,,,NA,NA,NA,,NA,NA,,,,NA,NA,NA,NA,NA,NA,NA,,NA,NA,,,,NA,NA,NA,NA,NA,NA,NA,,NA,NA,,,,NA,NA,NA,,NA,NA,,,,People vaping and exercising,People vaping,17,Old Treat,0,1,0,0,0,0,0,0,0,3,3,1,1,0,0
R_6fZ5s9RhvBTzMlI,17,No,NA,NA,NA,,NA,NA,,,,NA,NA,NA,,NA,NA,,,,NA,NA,NA,,NA,NA,,,,NA,NA,NA,,NA,NA,,,,NA,NA,NA,,NA,NA,,,,NA,NA,NA,,NA,NA,,,,NA,NA,NA,,NA,NA,,,,NA,NA,NA,,NA,NA,,,,NA,NA,NA,,NA,NA,,,,NA,NA,NA,,NA,NA,,,,NA,NA,NA,,NA,NA,,,,NA,NA,NA,,NA,NA,,,,41,51,10,Slightly harmful,0,0,Definitely not,Definitely not,Definitely not,20,30,0,Somewhat harmful,0,0,Definitely not,Definitely not,Definitely not,20,30,20,Slightly harmful,1,1,Probably not,Definitely not,Definitely not,20,30,30,Somewhat harmful,2,1,Probably not,Definitely not,Definitely not,25,20,30,Slightly harmful,1,2,Probably not,Definitely not,Definitely not,30,41,20,Somewhat harmful,0,0,Probably not,Definitely not,Definitely not,NA,NA,NA,,NA,NA,,,,NA,NA,NA,,NA,NA,,,,NA,NA,NA,,NA,NA,,,,NA,NA,NA,NA,NA,NA,NA,,NA,NA,,,,NA,NA,NA,NA,NA,NA,NA,,NA,NA,,,,NA,NA,NA,,NA,NA,,,,,People vaping,17,Young Control,0,1,0,0,0,0,1,0,0,2,2,1,1,0,0
R_6Cdqq8KMb0Nc52Y,17,Yes,NA,NA,NA,,NA,NA,,,,NA,NA,NA,,NA,NA,,,,NA,NA,NA,,NA,NA,,,,NA,NA,NA,,NA,NA,,,,NA,NA,NA,,NA,NA,,,,NA,NA,NA,,NA,NA,,,,30,17,17,Extremely harmful,0,0,Definitely not,Definitely not,Definitely not,50,38,19,Extremely harmful,0,0,Definitely not,Definitely not,Definitely not,70,50,40,Extremely harmful,0,0,Definitely not,Definitely not,Definitely not,41,24,27,Extremely harmful,0,0,Definitely not,Definitely not,Definitely not,39,30,21,Extremely harmful,0,0,Definitely not,Definitely not,Definitely not,60,40,7,Extremely harmful,0,0,Definitely not,Definitely not,Definitely not,NA,NA,NA,,NA,NA,,,,NA,NA,NA,,NA,NA,,,,NA,NA,NA,,NA,NA,,,,NA,NA,NA,,NA,NA,,,,NA,NA,NA,,NA,NA,,,,NA,NA,NA,,NA,NA,,,,NA,NA,NA,,NA,NA,,,,NA,NA,NA,,NA,NA,,,,NA,NA,NA,,NA,NA,,,,NA,NA,NA,NA,NA,NA,NA,,NA,NA,,,,NA,NA,NA,NA,NA,NA,NA,,NA,NA,,,,NA,NA,NA,,NA,NA,,,,People vaping and exercising,People vaping,17,Old Treat,1,0,0,0,0,1,1,0,0,1,1,1,1,0,0
R_6zfFFkkIiGI7thT,15,No,NA,NA,NA,,NA,NA,,,,NA,NA,NA,,NA,NA,,,,NA,NA,NA,,NA,NA,,,,NA,NA,NA,,NA,NA,,,,NA,NA,NA,,NA,NA,,,,NA,NA,NA,,NA,NA,,,,NA,NA,NA,,NA,NA,,,,NA,NA,NA,,NA,NA,,,,NA,NA,NA,,NA,NA,,,,NA,NA,NA,,NA,NA,,,,NA,NA,NA,,NA,NA,,,,NA,NA,NA,,NA,NA,,,,NA,NA,NA,,NA,NA,,,,NA,NA,NA,,NA,NA,,,,NA,NA,NA,,NA,NA,,,,NA,NA,NA,,NA,NA,,,,NA,NA,NA,,NA,NA,,,,NA,NA,NA,,NA,NA,,,,0,21,33,Slightly harmful,2,1,Probably not,Probably not,Probably yes,50,50,0,Somewhat harmful,0,0,Probably not,Probably not,Probably yes,6,9,15,Slightly harmful,0,0,Probably not,Probably not,Probably not,11.383,21.63,30.391,4,49,32,6,Somewhat harmful,1,0,Probably not,Probably not,Probably not,1.358,22.108,22.757,3,46,16,18,Slightly harmful,2,2,Probably yes,Probably not,Probably yes,53,13,39,Somewhat harmful,3,1,Probably not,Probably not,Probably yes,,People vaping,15,Old Control,0,0,1,0,0,0,0,0,0,1,1,1,1,0,0
R_1woSsAtr7J6qNY2,16,Yes,NA,NA,NA,,NA,NA,,,,NA,NA,NA,,NA,NA,,,,NA,NA,NA,,NA,NA,,,,NA,NA,NA,,NA,NA,,,,NA,NA,NA,,NA,NA,,,,NA,NA,NA,,NA,NA,,,,NA,NA,NA,,NA,NA,,,,NA,NA,NA,,NA,NA,,,,NA,NA,NA,,NA,NA,,,,NA,NA,NA,,NA,NA,,,,NA,NA,NA,,NA,NA,,,,NA,NA,NA,,NA,NA,,,,32,57,8,Extremely harmful,1,1,Definitely not,Definitely not,Definitely not,42,49,17,Extremely harmful,2,2,Probably not,Probably not,Probably yes,43,57,0,Extremely harmful,0,0,Definitely not,Definitely not,Definitely not,11,15,8,Extremely harmful,0,0,Definitely not,Definitely not,Definitely not,28,29,15,Extremely harmful,1,1,Definitely not,Definitely not,Definitely not,10,11,11,Extremely harmful,0,0,Definitely not,Definitely not,Definitely not,NA,NA,NA,,NA,NA,,,,NA,NA,NA,,NA,NA,,,,NA,NA,NA,,NA,NA,,,,NA,NA,NA,NA,NA,NA,NA,,NA,NA,,,,NA,NA,NA,NA,NA,NA,NA,,NA,NA,,,,NA,NA,NA,,NA,NA,,,,People vaping and exercising,People vaping,16,Young Control,0,0,0,0,1,0,1,0,0,2,2,1,1,0,0
R_3FQyBo8ZfEKXSu1,14,No,NA,NA,NA,,NA,NA,,,,NA,NA,NA,,NA,NA,,,,NA,NA,NA,,NA,NA,,,,NA,NA,NA,,NA,NA,,,,NA,NA,NA,,NA,NA,,,,NA,NA,NA,,NA,NA,,,,NA,NA,NA,,NA,NA,,,,NA,NA,NA,,NA,NA,,,,NA,NA,NA,,NA,NA,,,,NA,NA,NA,,NA,NA,,,,NA,NA,NA,,NA,NA,,,,NA,NA,NA,,NA,NA,,,,NA,NA,NA,,NA,NA,,,,NA,NA,NA,,NA,NA,,,,NA,NA,NA,,NA,NA,,,,NA,NA,NA,,NA,NA,,,,NA,NA,NA,,NA,NA,,,,NA,NA,NA,,NA,NA,,,,14,21,17,Extremely harmful,1,1,Definitely not,Definitely not,Definitely not,21,15,30,Extremely harmful,1,1,Definitely not,Definitely not,Definitely not,13,41,23,Very harmful,0,1,Definitely not,Definitely not,Definitely not,3.055,29.01,30.381,2,11,9,19,Extremely harmful,1,1,Definitely not,Definitely not,Definitely not,2.101,28.89,30.294,2,14,19,13,Extremely harmful,1,6,Definitely not,Definitely not,Definitely not,26,0,34,Very harmful,1,1,Definitely not,Definitely not,Definitely not,,People vaping,14,Old Control,1,0,0,0,0,0,0,0,0,1,1,1,3,0,0
R_6gbvZMO0IGFZNwe,17,Yes,0,0,0,Very harmful,0,0,Probably not,Definitely not,Definitely not,0,0,0,Very harmful,0,0,Definitely not,Probably not,Definitely not,0,0,0,Very harmful,0,0,Definitely not,Probably not,Definitely not,0,0,0,Very harmful,0,0,Definitely not,Probably not,Definitely not,0,0,0,Very harmful,0,0,Definitely not,Probably not,Definitely not,0,0,0,Very harmful,0,0,Definitely not,Probably not,Definitely not,NA,NA,NA,,NA,NA,,,,NA,NA,NA,,NA,NA,,,,NA,NA,NA,,NA,NA,,,,NA,NA,NA,,NA,NA,,,,NA,NA,NA,,NA,NA,,,,NA,NA,NA,,NA,NA,,,,NA,NA,NA,,NA,NA,,,,NA,NA,NA,,NA,NA,,,,NA,NA,NA,,NA,NA,,,,NA,NA,NA,,NA,NA,,,,NA,NA,NA,,NA,NA,,,,NA,NA,NA,,NA,NA,,,,NA,NA,NA,,NA,NA,,,,NA,NA,NA,,NA,NA,,,,NA,NA,NA,,NA,NA,,,,NA,NA,NA,NA,NA,NA,NA,,NA,NA,,,,NA,NA,NA,NA,NA,NA,NA,,NA,NA,,,,NA,NA,NA,,NA,NA,,,,,People vaping,17,Young Treat,0,0,0,1,0,0,1,0,0,2,2,1,1,0,0
R_1EGCG2LTrDW0QbJ,17,No,NA,NA,NA,,NA,NA,,,,NA,NA,NA,,NA,NA,,,,NA,NA,NA,,NA,NA,,,,NA,NA,NA,,NA,NA,,,,NA,NA,NA,,NA,NA,,,,NA,NA,NA,,NA,NA,,,,NA,NA,NA,,NA,NA,,,,NA,NA,NA,,NA,NA,,,,NA,NA,NA,,NA,NA,,,,NA,NA,NA,,NA,NA,,,,NA,NA,NA,,NA,NA,,,,NA,NA,NA,,NA,NA,,,,NA,NA,NA,,NA,NA,,,,NA,NA,NA,,NA,NA,,,,NA,NA,NA,,NA,NA,,,,NA,NA,NA,,NA,NA,,,,NA,NA,NA,,NA,NA,,,,NA,NA,NA,,NA,NA,,,,74,NA,100,Very harmful,1,0,Definitely not,Definitely not,Definitely not,0,0,0,Very harmful,0,0,Probably not,Probably not,Probably yes,99,NA,NA,Very harmful,4,0,Definitely yes,Probably yes,Probably yes,1.673,6.872,11.282,2,NA,NA,100,Extremely harmful,0,1,Definitely not,Definitely not,Definitely not,1.75,1.75,11.476,1,0,0,0,Very harmful,0,0,Probably yes,Probably yes,Probably yes,NA,71,100,Very harmful,0,NA,Probably yes,Probably not,Definitely not,,People vaping,17,Old Control,0,1,0,0,0,1,1,0,0,2,2,1,1,0,0
R_31A4wwSbqPrci1r,17,Yes,NA,NA,NA,,NA,NA,,,,NA,NA,NA,,NA,NA,,,,NA,NA,NA,,NA,NA,,,,NA,NA,NA,,NA,NA,,,,NA,NA,NA,,NA,NA,,,,NA,NA,NA,,NA,NA,,,,0,0,0,Extremely harmful,0,0,Definitely not,Definitely not,Definitely not,34,0,0,Extremely harmful,0,0,Definitely not,Definitely not,Definitely not,16,17,2,Extremely harmful,0,0,Definitely not,Definitely not,Definitely not,0,0,0,Extremely harmful,0,0,Definitely not,Definitely not,Definitely not,17,8,12,Extremely harmful,0,0,Definitely not,Definitely not,Definitely not,16,9,9,Extremely harmful,1,0,Definitely not,Definitely not,Definitely not,NA,NA,NA,,NA,NA,,,,NA,NA,NA,,NA,NA,,,,NA,NA,NA,,NA,NA,,,,NA,NA,NA,,NA,NA,,,,NA,NA,NA,,NA,NA,,,,NA,NA,NA,,NA,NA,,,,NA,NA,NA,,NA,NA,,,,NA,NA,NA,,NA,NA,,,,NA,NA,NA,,NA,NA,,,,NA,NA,NA,NA,NA,NA,NA,,NA,NA,,,,NA,NA,NA,NA,NA,NA,NA,,NA,NA,,,,NA,NA,NA,,NA,NA,,,,People vaping and exercising,People vaping,17,Old Treat,0,0,0,0,1,1,0,0,0,1,1,1,1,0,0
R_7on0Ve3hZma5ITn,17,No,3,2,2,Extremely harmful,0,0,Definitely not,Definitely not,Definitely not,2,4,2,Extremely harmful,0,0,Definitely not,Definitely not,Definitely not,0,1,0,Extremely harmful,0,0,Definitely not,Definitely not,Definitely not,0,1,0,Extremely harmful,0,0,Definitely not,Definitely not,Definitely not,29,40,0,Extremely harmful,0,0,Definitely not,Definitely not,Definitely not,0,0,0,Extremely harmful,0,0,Definitely not,Definitely not,Definitely not,NA,NA,NA,,NA,NA,,,,NA,NA,NA,,NA,NA,,,,NA,NA,NA,,NA,NA,,,,NA,NA,NA,,NA,NA,,,,NA,NA,NA,,NA,NA,,,,NA,NA,NA,,NA,NA,,,,NA,NA,NA,,NA,NA,,,,NA,NA,NA,,NA,NA,,,,NA,NA,NA,,NA,NA,,,,NA,NA,NA,,NA,NA,,,,NA,NA,NA,,NA,NA,,,,NA,NA,NA,,NA,NA,,,,NA,NA,NA,,NA,NA,,,,NA,NA,NA,,NA,NA,,,,NA,NA,NA,,NA,NA,,,,NA,NA,NA,NA,NA,NA,NA,,NA,NA,,,,NA,NA,NA,NA,NA,NA,NA,,NA,NA,,,,NA,NA,NA,,NA,NA,,,,People vaping and exercising,People vaping,17,Young Treat,1,1,0,0,0,0,0,0,0,1,1,1,1,0,0
R_6OCCe6QINskn7tD,17,No,NA,NA,NA,,NA,NA,,,,NA,NA,NA,,NA,NA,,,,NA,NA,NA,,NA,NA,,,,NA,NA,NA,,NA,NA,,,,NA,NA,NA,,NA,NA,,,,NA,NA,NA,,NA,NA,,,,NA,NA,NA,,NA,NA,,,,NA,NA,NA,,NA,NA,,,,NA,NA,NA,,NA,NA,,,,NA,NA,NA,,NA,NA,,,,NA,NA,NA,,NA,NA,,,,NA,NA,NA,,NA,NA,,,,NA,NA,NA,,NA,NA,,,,NA,NA,NA,,NA,NA,,,,NA,NA,NA,,NA,NA,,,,NA,NA,NA,,NA,NA,,,,NA,NA,NA,,NA,NA,,,,NA,NA,NA,,NA,NA,,,,0,0,0,Extremely harmful,0,0,Definitely not,Definitely not,Definitely not,0,0,0,Extremely harmful,0,0,Definitely not,Definitely not,Definitely not,0,0,0,Extremely harmful,0,0,Definitely not,Definitely not,Definitely not,1.448,11.6,13.749,3,0,0,0,Extremely harmful,0,0,Definitely not,Definitely not,Definitely not,1.202,12.13,13,2,0,0,0,Extremely harmful,0,0,Definitely not,Definitely not,Definitely not,3,0,1,Extremely harmful,0,0,Definitely not,Definitely not,Definitely not,,People vaping,17,Old Control,1,1,0,0,0,0,0,0,0,1,1,1,1,0,0
R_7rSB07BQQdM4cJv,17,Yes,6,5,4,Extremely harmful,0,0,Definitely not,Definitely not,Probably yes,10,8,8,Extremely harmful,0,1,Definitely not,Definitely not,Probably yes,5,3,4,Extremely harmful,1,1,Definitely not,Definitely not,Probably yes,6,7,4,Extremely harmful,0,1,Definitely not,Definitely not,Probably yes,19,8,24,Extremely harmful,1,1,Definitely not,Definitely not,Probably yes,4,8,6,Extremely harmful,0,1,Definitely not,Definitely not,Probably yes,NA,NA,NA,,NA,NA,,,,NA,NA,NA,,NA,NA,,,,NA,NA,NA,,NA,NA,,,,NA,NA,NA,,NA,NA,,,,NA,NA,NA,,NA,NA,,,,NA,NA,NA,,NA,NA,,,,NA,NA,NA,,NA,NA,,,,NA,NA,NA,,NA,NA,,,,NA,NA,NA,,NA,NA,,,,NA,NA,NA,,NA,NA,,,,NA,NA,NA,,NA,NA,,,,NA,NA,NA,,NA,NA,,,,NA,NA,NA,,NA,NA,,,,NA,NA,NA,,NA,NA,,,,NA,NA,NA,,NA,NA,,,,NA,NA,NA,NA,NA,NA,NA,,NA,NA,,,,NA,NA,NA,NA,NA,NA,NA,,NA,NA,,,,NA,NA,NA,,NA,NA,,,,People vaping and exercising,People vaping,17,Young Treat,0,0,0,0,0,0,0,0,0,1,1,1,1,0,0
R_7Gj6rHbNvc5OcuD,15,No,NA,NA,NA,,NA,NA,,,,NA,NA,NA,,NA,NA,,,,NA,NA,NA,,NA,NA,,,,NA,NA,NA,,NA,NA,,,,NA,NA,NA,,NA,NA,,,,NA,NA,NA,,NA,NA,,,,NA,NA,NA,,NA,NA,,,,NA,NA,NA,,NA,NA,,,,NA,NA,NA,,NA,NA,,,,NA,NA,NA,,NA,NA,,,,NA,NA,NA,,NA,NA,,,,NA,NA,NA,,NA,NA,,,,70,40,100,Extremely harmful,0,0,Definitely not,Definitely not,Definitely not,20,40,70,Extremely harmful,0,0,Definitely not,Definitely not,Definitely not,20,20,40,Extremely harmful,0,0,Definitely not,Definitely not,Definitely not,20,50,0,Extremely harmful,0,0,Definitely not,Definitely not,Definitely not,50,30,70,Extremely harmful,0,0,Definitely not,Definitely not,Definitely not,50,50,90,Extremely harmful,0,0,Definitely not,Definitely not,Definitely not,NA,NA,NA,,NA,NA,,,,NA,NA,NA,,NA,NA,,,,NA,NA,NA,,NA,NA,,,,NA,NA,NA,NA,NA,NA,NA,,NA,NA,,,,NA,NA,NA,NA,NA,NA,NA,,NA,NA,,,,NA,NA,NA,,NA,NA,,,,,People vaping,15,Young Control,0,1,0,0,0,0,0,0,0,1,1,1,1,0,0
R_7z03sCX6dPlI9zz,16,No,NA,NA,NA,,NA,NA,,,,NA,NA,NA,,NA,NA,,,,NA,NA,NA,,NA,NA,,,,NA,NA,NA,,NA,NA,,,,NA,NA,NA,,NA,NA,,,,NA,NA,NA,,NA,NA,,,,15,21,32,Extremely harmful,0,0,Definitely not,Definitely not,Definitely not,0,0,50,Extremely harmful,0,0,Definitely not,Definitely not,Definitely not,0,0,50,Extremely harmful,0,0,Definitely not,Definitely not,Definitely not,30,22,4,Extremely harmful,0,0,Definitely not,Definitely not,Definitely not,19,8,30,Extremely harmful,0,0,Definitely not,Definitely not,Definitely not,29,20,20,Extremely harmful,0,0,Definitely not,Definitely not,Definitely not,NA,NA,NA,,NA,NA,,,,NA,NA,NA,,NA,NA,,,,NA,NA,NA,,NA,NA,,,,NA,NA,NA,,NA,NA,,,,NA,NA,NA,,NA,NA,,,,NA,NA,NA,,NA,NA,,,,NA,NA,NA,,NA,NA,,,,NA,NA,NA,,NA,NA,,,,NA,NA,NA,,NA,NA,,,,NA,NA,NA,NA,NA,NA,NA,,NA,NA,,,,NA,NA,NA,NA,NA,NA,NA,,NA,NA,,,,NA,NA,NA,,NA,NA,,,,People vaping and exercising,People vaping,16,Old Treat,1,0,0,0,0,0,0,0,0,1,1,1,1,0,0
R_6Io2RAccN6rLfe5,16,No,NA,NA,NA,,NA,NA,,,,NA,NA,NA,,NA,NA,,,,NA,NA,NA,,NA,NA,,,,NA,NA,NA,,NA,NA,,,,NA,NA,NA,,NA,NA,,,,NA,NA,NA,,NA,NA,,,,NA,NA,NA,,NA,NA,,,,NA,NA,NA,,NA,NA,,,,NA,NA,NA,,NA,NA,,,,NA,NA,NA,,NA,NA,,,,NA,NA,NA,,NA,NA,,,,NA,NA,NA,,NA,NA,,,,56,64,10,Somewhat harmful,1,4,Probably yes,Probably yes,Probably yes,53,20,3,Somewhat harmful,1,2,Definitely yes,Probably yes,Probably yes,41,55,10,Somewhat harmful,2,4,Probably yes,Probably yes,Probably yes,9,14,11,Somewhat harmful,0,0,Probably yes,Probably yes,Probably yes,14,12,10,Somewhat harmful,0,0,Probably yes,Probably yes,Probably yes,5,27,8,Somewhat harmful,0,0,Probably yes,Probably not,Probably yes,NA,NA,NA,,NA,NA,,,,NA,NA,NA,,NA,NA,,,,NA,NA,NA,,NA,NA,,,,NA,NA,NA,NA,NA,NA,NA,,NA,NA,,,,NA,NA,NA,NA,NA,NA,NA,,NA,NA,,,,NA,NA,NA,,NA,NA,,,,People vaping and exercising,People vaping,16,Young Control,1,0,0,0,0,1,0,1,1,3,3,1,1,1,1
R_5nr6r5bQ18oVKhQ,16,Yes,NA,NA,NA,,NA,NA,,,,NA,NA,NA,,NA,NA,,,,NA,NA,NA,,NA,NA,,,,NA,NA,NA,,NA,NA,,,,NA,NA,NA,,NA,NA,,,,NA,NA,NA,,NA,NA,,,,78,76,17,Somewhat harmful,7,4,Probably yes,Probably not,Probably not,8,6,22,Somewhat harmful,3,4,Probably yes,Probably not,Probably not,40,37,24,Somewhat harmful,1,1,Probably yes,Probably not,Probably not,32,34,30,Somewhat harmful,5,5,Probably yes,Probably not,Probably not,20,12,20,Somewhat harmful,2,1,Probably yes,Probably not,Probably not,81,61,40,Somewhat harmful,5,4,Probably yes,Probably not,Probably not,NA,NA,NA,,NA,NA,,,,NA,NA,NA,,NA,NA,,,,NA,NA,NA,,NA,NA,,,,NA,NA,NA,,NA,NA,,,,NA,NA,NA,,NA,NA,,,,NA,NA,NA,,NA,NA,,,,NA,NA,NA,,NA,NA,,,,NA,NA,NA,,NA,NA,,,,NA,NA,NA,,NA,NA,,,,NA,NA,NA,NA,NA,NA,NA,,NA,NA,,,,NA,NA,NA,NA,NA,NA,NA,,NA,NA,,,,NA,NA,NA,,NA,NA,,,,People vaping and exercising,People vaping,16,Old Treat,1,0,0,0,0,1,1,0,0,3,3,1,1,1,1
R_5q39BZTf5ebWXJD,17,No,NA,NA,NA,,NA,NA,,,,NA,NA,NA,,NA,NA,,,,NA,NA,NA,,NA,NA,,,,NA,NA,NA,,NA,NA,,,,NA,NA,NA,,NA,NA,,,,NA,NA,NA,,NA,NA,,,,NA,NA,NA,,NA,NA,,,,NA,NA,NA,,NA,NA,,,,NA,NA,NA,,NA,NA,,,,NA,NA,NA,,NA,NA,,,,NA,NA,NA,,NA,NA,,,,NA,NA,NA,,NA,NA,,,,56,61,54,Very harmful,4,4,Probably yes,Probably yes,Probably not,52,42,57,Somewhat harmful,3,4,Probably yes,Probably yes,Probably yes,61,61,23,Very harmful,3,4,Probably yes,Probably yes,Probably yes,61,47,54,Very harmful,4,4,Probably yes,Probably yes,Probably yes,50,41,59,Somewhat harmful,5,4,Probably yes,Probably yes,Probably yes,57,49,58,Somewhat harmful,3,4,Probably yes,Probably yes,Probably not,NA,NA,NA,,NA,NA,,,,NA,NA,NA,,NA,NA,,,,NA,NA,NA,,NA,NA,,,,NA,NA,NA,NA,NA,NA,NA,,NA,NA,,,,NA,NA,NA,NA,NA,NA,NA,,NA,NA,,,,NA,NA,NA,,NA,NA,,,,,People vaping,17,Young Control,1,0,0,0,0,1,1,1,1,2,2,1,2,1,1
R_7ZWQjzrxy3r4lcB,17,No,61,60,57,Very harmful,4,5,Probably yes,Probably not,Probably yes,56,67,50,Somewhat harmful,4,5,Probably yes,Probably yes,Probably not,69,64,62,Very harmful,4,4,Probably yes,Probably yes,Probably yes,63,63,60,Very harmful,5,4,Probably yes,Probably yes,Definitely yes,60,50,60,Somewhat harmful,3,4,Probably yes,Probably yes,Probably yes,53,58,51,Somewhat harmful,4,3,Probably yes,Probably yes,Probably not,NA,NA,NA,,NA,NA,,,,NA,NA,NA,,NA,NA,,,,NA,NA,NA,,NA,NA,,,,NA,NA,NA,,NA,NA,,,,NA,NA,NA,,NA,NA,,,,NA,NA,NA,,NA,NA,,,,NA,NA,NA,,NA,NA,,,,NA,NA,NA,,NA,NA,,,,NA,NA,NA,,NA,NA,,,,NA,NA,NA,,NA,NA,,,,NA,NA,NA,,NA,NA,,,,NA,NA,NA,,NA,NA,,,,NA,NA,NA,,NA,NA,,,,NA,NA,NA,,NA,NA,,,,NA,NA,NA,,NA,NA,,,,NA,NA,NA,NA,NA,NA,NA,,NA,NA,,,,NA,NA,NA,NA,NA,NA,NA,,NA,NA,,,,NA,NA,NA,,NA,NA,,,,People vaping and exercising,People vaping,17,Young Treat,1,0,0,0,0,1,1,1,1,2,2,1,2,1,1
R_34wMQH8aJKM3Ssr,17,No,NA,NA,NA,,NA,NA,,,,NA,NA,NA,,NA,NA,,,,NA,NA,NA,,NA,NA,,,,NA,NA,NA,,NA,NA,,,,NA,NA,NA,,NA,NA,,,,NA,NA,NA,,NA,NA,,,,NA,NA,NA,,NA,NA,,,,NA,NA,NA,,NA,NA,,,,NA,NA,NA,,NA,NA,,,,NA,NA,NA,,NA,NA,,,,NA,NA,NA,,NA,NA,,,,NA,NA,NA,,NA,NA,,,,NA,NA,NA,,NA,NA,,,,NA,NA,NA,,NA,NA,,,,NA,NA,NA,,NA,NA,,,,NA,NA,NA,,NA,NA,,,,NA,NA,NA,,NA,NA,,,,NA,NA,NA,,NA,NA,,,,65,60,73,Somewhat harmful,4,5,Probably yes,Probably yes,Probably not,70,63,76,Somewhat harmful,5,4,Probably yes,Probably not,Probably yes,70,51,61,Somewhat harmful,4,5,Probably yes,Probably yes,Probably yes,0,0,15.373,0,68,57,66,Very harmful,4,5,Probably yes,Probably yes,Probably not,0,0,22.057,0,61,54,70,Very harmful,5,4,Probably yes,Probably yes,Probably yes,62,71,61,Very harmful,4,5,Probably yes,Probably yes,Probably yes,People vaping and exercising,People vaping,17,Old Control,1,0,0,0,0,1,1,1,1,2,2,1,1,1,1
R_5luL7nbSlKgIdYu,16,Yes,NA,NA,NA,,NA,NA,,,,NA,NA,NA,,NA,NA,,,,NA,NA,NA,,NA,NA,,,,NA,NA,NA,,NA,NA,,,,NA,NA,NA,,NA,NA,,,,NA,NA,NA,,NA,NA,,,,42,18,25,Extremely harmful,2,2,Probably not,Probably not,Probably not,50,57,66,Extremely harmful,2,1,I prefer not to answer,Probably not,Definitely not,78,52,73,Extremely harmful,1,2,Probably not,Probably not,Probably not,40,33,39,Extremely harmful,2,3,Probably not,Probably not,Probably not,92,79,81,Extremely harmful,1,2,Probably not,Probably not,Probably not,25,34,6,Extremely harmful,1,2,Probably not,Probably not,Probably not,NA,NA,NA,,NA,NA,,,,NA,NA,NA,,NA,NA,,,,NA,NA,NA,,NA,NA,,,,NA,NA,NA,,NA,NA,,,,NA,NA,NA,,NA,NA,,,,NA,NA,NA,,NA,NA,,,,NA,NA,NA,,NA,NA,,,,NA,NA,NA,,NA,NA,,,,NA,NA,NA,,NA,NA,,,,NA,NA,NA,NA,NA,NA,NA,,NA,NA,,,,NA,NA,NA,NA,NA,NA,NA,,NA,NA,,,,NA,NA,NA,,NA,NA,,,,People vaping and exercising,People vaping,16,Old Treat,0,0,0,0,0,1,1,1,1,1,1,1,1,1,0
R_6R2AJyUdWf2JlrX,17,No,NA,NA,NA,,NA,NA,,,,NA,NA,NA,,NA,NA,,,,NA,NA,NA,,NA,NA,,,,NA,NA,NA,,NA,NA,,,,NA,NA,NA,,NA,NA,,,,NA,NA,NA,,NA,NA,,,,NA,NA,NA,,NA,NA,,,,NA,NA,NA,,NA,NA,,,,NA,NA,NA,,NA,NA,,,,NA,NA,NA,,NA,NA,,,,NA,NA,NA,,NA,NA,,,,NA,NA,NA,,NA,NA,,,,68,67,70,Very harmful,5,4,Probably yes,Probably yes,Probably not,59,54,66,Very harmful,4,5,Probably yes,Probably yes,Probably not,65,73,71,Very harmful,3,4,Probably yes,Probably yes,Probably not,66,55,73,Very harmful,5,4,Probably yes,Probably yes,Probably not,68,62,80,Somewhat harmful,4,5,Probably yes,Probably yes,Probably not,71,66,60,Very harmful,5,4,Probably yes,Probably yes,Probably yes,NA,NA,NA,,NA,NA,,,,NA,NA,NA,,NA,NA,,,,NA,NA,NA,,NA,NA,,,,NA,NA,NA,NA,NA,NA,NA,,NA,NA,,,,NA,NA,NA,NA,NA,NA,NA,,NA,NA,,,,NA,NA,NA,,NA,NA,,,,People vaping and exercising,People vaping,17,Young Control,1,0,0,0,0,1,1,1,1,3,3,1,2,1,1
R_5SlbKiMBfxY3i2r,17,No,NA,NA,NA,,NA,NA,,,,NA,NA,NA,,NA,NA,,,,NA,NA,NA,,NA,NA,,,,NA,NA,NA,,NA,NA,,,,NA,NA,NA,,NA,NA,,,,NA,NA,NA,,NA,NA,,,,NA,NA,NA,,NA,NA,,,,NA,NA,NA,,NA,NA,,,,NA,NA,NA,,NA,NA,,,,NA,NA,NA,,NA,NA,,,,NA,NA,NA,,NA,NA,,,,NA,NA,NA,,NA,NA,,,,NA,NA,NA,,NA,NA,,,,NA,NA,NA,,NA,NA,,,,NA,NA,NA,,NA,NA,,,,NA,NA,NA,,NA,NA,,,,NA,NA,NA,,NA,NA,,,,NA,NA,NA,,NA,NA,,,,66,66,69,Very harmful,3,5,Probably yes,Probably yes,Probably yes,58,68,64,Very harmful,4,5,Probably yes,Probably yes,Probably not,65,51,64,Very harmful,4,5,Probably yes,Probably yes,Probably not,0,0,29.153,0,66,65,72,Very harmful,5,4,Probably yes,Probably not,Probably yes,0,0,20.383,0,59,54,61,Very harmful,4,5,Probably yes,Probably yes,Probably not,66,60,69,Somewhat harmful,4,5,Probably yes,Probably yes,Probably not,People vaping and exercising,People vaping,17,Old Control,1,0,0,0,0,1,1,1,0,2,2,1,1,1,1
R_5U6qZ0o0TJAG53s,17,Yes,NA,NA,NA,,NA,NA,,,,NA,NA,NA,,NA,NA,,,,NA,NA,NA,,NA,NA,,,,NA,NA,NA,,NA,NA,,,,NA,NA,NA,,NA,NA,,,,NA,NA,NA,,NA,NA,,,,57,8,26,Extremely harmful,0,0,Definitely not,Definitely not,Definitely not,59,15,0,Extremely harmful,0,0,Definitely not,Definitely not,Definitely not,32,13,11,Extremely harmful,0,0,Definitely not,Definitely not,Definitely not,0,0,0,Extremely harmful,0,0,Definitely not,Definitely not,Definitely not,12,0,4,Extremely harmful,0,0,Definitely not,Definitely not,Definitely not,10,0,0,Extremely harmful,0,0,Definitely not,Definitely not,Definitely not,NA,NA,NA,,NA,NA,,,,NA,NA,NA,,NA,NA,,,,NA,NA,NA,,NA,NA,,,,NA,NA,NA,,NA,NA,,,,NA,NA,NA,,NA,NA,,,,NA,NA,NA,,NA,NA,,,,NA,NA,NA,,NA,NA,,,,NA,NA,NA,,NA,NA,,,,NA,NA,NA,,NA,NA,,,,NA,NA,NA,NA,NA,NA,NA,,NA,NA,,,,NA,NA,NA,NA,NA,NA,NA,,NA,NA,,,,NA,NA,NA,,NA,NA,,,,People vaping and exercising,People vaping,17,Old Treat,1,0,0,0,0,0,0,0,0,1,1,1,1,0,0
R_3zrFQNTFWRRqphL,17,No,78,95,82,Somewhat harmful,5,7,Probably yes,Probably yes,Definitely yes,76,100,78,Very harmful,5,7,Probably not,Probably yes,Probably yes,71,87,82,Somewhat harmful,6,6,Probably yes,Probably yes,Probably yes,82,93,79,Somewhat harmful,5,7,Probably yes,Definitely yes,Probably yes,70,95,73,Very harmful,5,7,Probably yes,Probably yes,Probably yes,73,98,80,Very harmful,6,7,Probably yes,Probably yes,Probably yes,NA,NA,NA,,NA,NA,,,,NA,NA,NA,,NA,NA,,,,NA,NA,NA,,NA,NA,,,,NA,NA,NA,,NA,NA,,,,NA,NA,NA,,NA,NA,,,,NA,NA,NA,,NA,NA,,,,NA,NA,NA,,NA,NA,,,,NA,NA,NA,,NA,NA,,,,NA,NA,NA,,NA,NA,,,,NA,NA,NA,,NA,NA,,,,NA,NA,NA,,NA,NA,,,,NA,NA,NA,,NA,NA,,,,NA,NA,NA,,NA,NA,,,,NA,NA,NA,,NA,NA,,,,NA,NA,NA,,NA,NA,,,,NA,NA,NA,NA,NA,NA,NA,,NA,NA,,,,NA,NA,NA,NA,NA,NA,NA,,NA,NA,,,,NA,NA,NA,,NA,NA,,,,People vaping and exercising,People vaping,17,Young Treat,1,0,0,0,0,1,1,1,1,2,2,1,1,1,1
R_1HbJqx6QoVzKrMZ,17,No,NA,NA,NA,,NA,NA,,,,NA,NA,NA,,NA,NA,,,,NA,NA,NA,,NA,NA,,,,NA,NA,NA,,NA,NA,,,,NA,NA,NA,,NA,NA,,,,NA,NA,NA,,NA,NA,,,,NA,NA,NA,,NA,NA,,,,NA,NA,NA,,NA,NA,,,,NA,NA,NA,,NA,NA,,,,NA,NA,NA,,NA,NA,,,,NA,NA,NA,,NA,NA,,,,NA,NA,NA,,NA,NA,,,,NA,NA,NA,,NA,NA,,,,NA,NA,NA,,NA,NA,,,,NA,NA,NA,,NA,NA,,,,NA,NA,NA,,NA,NA,,,,NA,NA,NA,,NA,NA,,,,NA,NA,NA,,NA,NA,,,,72,95,75,Somewhat harmful,6,7,Definitely yes,Probably not,Probably not,84,100,61,Somewhat harmful,6,4,Definitely not,Probably not,Probably yes,77,90,71,Somewhat harmful,5,7,Probably not,Probably yes,Probably yes,2.064,2.064,13.975,1,75,97,70,Very harmful,6,7,Definitely yes,Probably yes,Definitely yes,0,0,11.293,0,76,100,66,Somewhat harmful,6,7,Probably yes,Probably yes,Probably yes,60,95,73,Very harmful,5,7,Probably yes,Probably yes,Probably yes,People vaping and exercising,People vaping,17,Old Control,1,0,0,0,0,1,1,1,1,2,2,1,1,1,0
R_6jlWOVVsoe06pAN,17,No,NA,NA,NA,,NA,NA,,,,NA,NA,NA,,NA,NA,,,,NA,NA,NA,,NA,NA,,,,NA,NA,NA,,NA,NA,,,,NA,NA,NA,,NA,NA,,,,NA,NA,NA,,NA,NA,,,,59,54,70,Somewhat harmful,3,4,Probably yes,Probably yes,Probably not,70,54,57,Very harmful,3,5,Probably yes,Probably yes,Probably not,68,60,66,Somewhat harmful,3,4,Probably yes,Probably yes,Probably not,61,58,63,Somewhat harmful,4,3,Probably yes,Probably yes,Probably yes,55,59,55,Very harmful,3,4,Probably yes,Probably yes,Probably yes,61,56,61,Very harmful,4,5,Probably yes,Probably yes,Probably not,NA,NA,NA,,NA,NA,,,,NA,NA,NA,,NA,NA,,,,NA,NA,NA,,NA,NA,,,,NA,NA,NA,,NA,NA,,,,NA,NA,NA,,NA,NA,,,,NA,NA,NA,,NA,NA,,,,NA,NA,NA,,NA,NA,,,,NA,NA,NA,,NA,NA,,,,NA,NA,NA,,NA,NA,,,,NA,NA,NA,NA,NA,NA,NA,,NA,NA,,,,NA,NA,NA,NA,NA,NA,NA,,NA,NA,,,,NA,NA,NA,,NA,NA,,,,People vaping and exercising,People vaping,17,Old Treat,1,0,0,0,0,1,1,1,1,2,2,1,1,1,1
R_34bD4yDb1nqUEEr,17,No,NA,NA,NA,,NA,NA,,,,NA,NA,NA,,NA,NA,,,,NA,NA,NA,,NA,NA,,,,NA,NA,NA,,NA,NA,,,,NA,NA,NA,,NA,NA,,,,NA,NA,NA,,NA,NA,,,,55,81,71,Somewhat harmful,5,4,Probably yes,Probably yes,Probably yes,58,53,71,Somewhat harmful,4,5,Probably yes,Probably yes,Probably not,65,58,51,Very harmful,4,4,Probably yes,Definitely yes,Probably yes,56,51,57,Somewhat harmful,4,4,Probably yes,Probably not,Probably yes,71,53,64,Somewhat harmful,4,4,Probably yes,Probably yes,Probably yes,51,64,51,Somewhat harmful,4,4,Probably yes,Probably yes,Probably not,NA,NA,NA,,NA,NA,,,,NA,NA,NA,,NA,NA,,,,NA,NA,NA,,NA,NA,,,,NA,NA,NA,,NA,NA,,,,NA,NA,NA,,NA,NA,,,,NA,NA,NA,,NA,NA,,,,NA,NA,NA,,NA,NA,,,,NA,NA,NA,,NA,NA,,,,NA,NA,NA,,NA,NA,,,,NA,NA,NA,NA,NA,NA,NA,,NA,NA,,,,NA,NA,NA,NA,NA,NA,NA,,NA,NA,,,,NA,NA,NA,,NA,NA,,,,People vaping and exercising,People vaping,17,Old Treat,1,0,0,0,0,1,1,1,1,3,3,1,1,1,1
R_7RQcbcCv6UIqkhM,17,No,NA,NA,NA,,NA,NA,,,,NA,NA,NA,,NA,NA,,,,NA,NA,NA,,NA,NA,,,,NA,NA,NA,,NA,NA,,,,NA,NA,NA,,NA,NA,,,,NA,NA,NA,,NA,NA,,,,NA,NA,NA,,NA,NA,,,,NA,NA,NA,,NA,NA,,,,NA,NA,NA,,NA,NA,,,,NA,NA,NA,,NA,NA,,,,NA,NA,NA,,NA,NA,,,,NA,NA,NA,,NA,NA,,,,NA,NA,NA,,NA,NA,,,,NA,NA,NA,,NA,NA,,,,NA,NA,NA,,NA,NA,,,,NA,NA,NA,,NA,NA,,,,NA,NA,NA,,NA,NA,,,,NA,NA,NA,,NA,NA,,,,64,58,63,Somewhat harmful,4,4,Probably yes,Probably yes,Probably not,63,59,61,Somewhat harmful,3,4,Probably yes,Probably not,Probably yes,54,65,62,Somewhat harmful,4,3,Probably yes,Probably yes,Probably not,0,0,31.323,0,59,69,57,Somewhat harmful,5,4,Probably yes,Probably yes,Probably not,0,0,43.372,0,60,62,50,Very harmful,4,3,Probably yes,Probably not,Probably yes,55,61,55,Somewhat harmful,4,5,Probably yes,Probably yes,Probably not,People vaping and exercising,People vaping,17,Old Control,1,0,0,0,0,1,1,1,1,3,3,1,1,1,1
R_7pQe4wnYU1zY3Od,16,Yes,NA,NA,NA,,NA,NA,,,,NA,NA,NA,,NA,NA,,,,NA,NA,NA,,NA,NA,,,,NA,NA,NA,,NA,NA,,,,NA,NA,NA,,NA,NA,,,,NA,NA,NA,,NA,NA,,,,NA,NA,NA,,NA,NA,,,,NA,NA,NA,,NA,NA,,,,NA,NA,NA,,NA,NA,,,,NA,NA,NA,,NA,NA,,,,NA,NA,NA,,NA,NA,,,,NA,NA,NA,,NA,NA,,,,50,0,0,Extremely harmful,0,0,Definitely not,Definitely not,Definitely not,0,0,0,Extremely harmful,0,0,Definitely not,Definitely not,Definitely not,0,0,0,Extremely harmful,0,0,Definitely not,Definitely not,Definitely not,100,100,100,Extremely harmful,0,0,Definitely not,Definitely not,Definitely not,0,0,0,Extremely harmful,0,0,Definitely not,Definitely not,Definitely not,50,5,0,Extremely harmful,0,0,Definitely not,Definitely not,Definitely not,NA,NA,NA,,NA,NA,,,,NA,NA,NA,,NA,NA,,,,NA,NA,NA,,NA,NA,,,,NA,NA,NA,NA,NA,NA,NA,,NA,NA,,,,NA,NA,NA,NA,NA,NA,NA,,NA,NA,,,,NA,NA,NA,,NA,NA,,,,,People vaping,16,Young Control,0,0,0,1,0,1,0,0,0,1,1,1,1,0,0
R_56Nwh7RI2sqieSR,17,No,NA,NA,NA,,NA,NA,,,,NA,NA,NA,,NA,NA,,,,NA,NA,NA,,NA,NA,,,,NA,NA,NA,,NA,NA,,,,NA,NA,NA,,NA,NA,,,,NA,NA,NA,,NA,NA,,,,NA,NA,NA,,NA,NA,,,,NA,NA,NA,,NA,NA,,,,NA,NA,NA,,NA,NA,,,,NA,NA,NA,,NA,NA,,,,NA,NA,NA,,NA,NA,,,,NA,NA,NA,,NA,NA,,,,83,0,NA,Slightly harmful,5,4,Definitely yes,Probably not,Definitely yes,100,0,52,Somewhat harmful,4,4,Definitely yes,Probably not,Definitely yes,100,0,38,Not at all harmful,6,6,Definitely yes,Probably not,Definitely yes,40,40,83,Somewhat harmful,5,5,Definitely yes,Probably not,Definitely yes,35,0,NA,Not at all harmful,5,6,Probably yes,Probably not,Definitely yes,90,0,NA,Slightly harmful,6,6,Definitely yes,Probably yes,Definitely yes,NA,NA,NA,,NA,NA,,,,NA,NA,NA,,NA,NA,,,,NA,NA,NA,,NA,NA,,,,NA,NA,NA,NA,NA,NA,NA,,NA,NA,,,,NA,NA,NA,NA,NA,NA,NA,,NA,NA,,,,NA,NA,NA,,NA,NA,,,,,People vaping,17,Young Control,1,0,0,0,0,0,0,1,1,1,1,1,2,1,0
R_6Qg26wPedyxmGFB,16,Yes,23,50,27,Very harmful,2,1,Definitely yes,Definitely yes,Definitely yes,100,94,86,Somewhat harmful,7,7,Definitely yes,Probably not,Definitely yes,100,81,86,Slightly harmful,7,7,Definitely yes,Definitely yes,Definitely yes,100,10,11,Extremely harmful,1,1,Definitely yes,Probably yes,Probably yes,18,10,9,Very harmful,2,7,Definitely yes,Definitely yes,Definitely not,19,30,16,Extremely harmful,1,1,Definitely yes,Definitely not,Probably not,NA,NA,NA,,NA,NA,,,,NA,NA,NA,,NA,NA,,,,NA,NA,NA,,NA,NA,,,,NA,NA,NA,,NA,NA,,,,NA,NA,NA,,NA,NA,,,,NA,NA,NA,,NA,NA,,,,NA,NA,NA,,NA,NA,,,,NA,NA,NA,,NA,NA,,,,NA,NA,NA,,NA,NA,,,,NA,NA,NA,,NA,NA,,,,NA,NA,NA,,NA,NA,,,,NA,NA,NA,,NA,NA,,,,NA,NA,NA,,NA,NA,,,,NA,NA,NA,,NA,NA,,,,NA,NA,NA,,NA,NA,,,,NA,NA,NA,NA,NA,NA,NA,,NA,NA,,,,NA,NA,NA,NA,NA,NA,NA,,NA,NA,,,,NA,NA,NA,,NA,NA,,,,People vaping and exercising,People vaping,16,Young Treat,0,0,0,0,1,1,1,1,1,1,1,1,1,1,1
R_37NGiENZ9vT3BWy,14,Yes,NA,NA,NA,,NA,NA,,,,NA,NA,NA,,NA,NA,,,,NA,NA,NA,,NA,NA,,,,NA,NA,NA,,NA,NA,,,,NA,NA,NA,,NA,NA,,,,NA,NA,NA,,NA,NA,,,,1,1,1,Slightly harmful,0,0,Definitely not,Definitely not,Definitely not,0,1,0,Somewhat harmful,0,0,Definitely not,Definitely not,Definitely not,91,100,95,I prefer not to answer,0,0,Definitely not,Definitely not,Definitely not,0,2,0,Extremely harmful,0,0,Definitely not,Definitely not,Definitely not,2,4,1,Very harmful,0,0,Definitely not,Definitely not,Definitely not,1,3,3,Extremely harmful,0,0,Definitely not,Definitely not,Definitely not,NA,NA,NA,,NA,NA,,,,NA,NA,NA,,NA,NA,,,,NA,NA,NA,,NA,NA,,,,NA,NA,NA,,NA,NA,,,,NA,NA,NA,,NA,NA,,,,NA,NA,NA,,NA,NA,,,,NA,NA,NA,,NA,NA,,,,NA,NA,NA,,NA,NA,,,,NA,NA,NA,,NA,NA,,,,NA,NA,NA,NA,NA,NA,NA,,NA,NA,,,,NA,NA,NA,NA,NA,NA,NA,,NA,NA,,,,NA,NA,NA,,NA,NA,,,,People vaping and exercising,People vaping,14,Old Treat,0,0,0,0,1,0,0,0,0,1,1,1,1,0,0
R_5kQfa97OG1EJVWF,17,Yes,0,0,0,Somewhat harmful,0,0,Probably not,Probably not,Probably not,22,24,19,Slightly harmful,1,2,Definitely not,Definitely not,Definitely not,0,0,0,Slightly harmful,0,0,Probably not,Probably not,Probably not,12,22,14,Not at all harmful,1,1,Definitely not,Definitely not,Definitely not,0,0,0,Slightly harmful,0,0,Definitely not,Definitely not,Definitely not,0,0,0,Slightly harmful,0,0,Definitely not,Definitely not,Definitely not,NA,NA,NA,,NA,NA,,,,NA,NA,NA,,NA,NA,,,,NA,NA,NA,,NA,NA,,,,NA,NA,NA,,NA,NA,,,,NA,NA,NA,,NA,NA,,,,NA,NA,NA,,NA,NA,,,,NA,NA,NA,,NA,NA,,,,NA,NA,NA,,NA,NA,,,,NA,NA,NA,,NA,NA,,,,NA,NA,NA,,NA,NA,,,,NA,NA,NA,,NA,NA,,,,NA,NA,NA,,NA,NA,,,,NA,NA,NA,,NA,NA,,,,NA,NA,NA,,NA,NA,,,,NA,NA,NA,,NA,NA,,,,NA,NA,NA,NA,NA,NA,NA,,NA,NA,,,,NA,NA,NA,NA,NA,NA,NA,,NA,NA,,,,NA,NA,NA,,NA,NA,,,,People vaping and exercising,People vaping,17,Young Treat,1,0,0,0,0,0,0,0,0,3,3,1,1,0,0
R_3zjYxNuWgM2W23O,17,Yes,NA,NA,NA,,NA,NA,,,,NA,NA,NA,,NA,NA,,,,NA,NA,NA,,NA,NA,,,,NA,NA,NA,,NA,NA,,,,NA,NA,NA,,NA,NA,,,,NA,NA,NA,,NA,NA,,,,NA,NA,NA,,NA,NA,,,,NA,NA,NA,,NA,NA,,,,NA,NA,NA,,NA,NA,,,,NA,NA,NA,,NA,NA,,,,NA,NA,NA,,NA,NA,,,,NA,NA,NA,,NA,NA,,,,NA,NA,NA,,NA,NA,,,,NA,NA,NA,,NA,NA,,,,NA,NA,NA,,NA,NA,,,,NA,NA,NA,,NA,NA,,,,NA,NA,NA,,NA,NA,,,,NA,NA,NA,,NA,NA,,,,40,30,20,Extremely harmful,0,0,Definitely not,Definitely not,Definitely not,30,15,20,Extremely harmful,0,0,Definitely not,Definitely not,Definitely not,40,20,30,Extremely harmful,0,0,Definitely not,Definitely not,Definitely not,2.468,2.468,12.754,1,0,2,20,Extremely harmful,0,0,Definitely not,Definitely not,Definitely not,12.528,12.528,14.153,1,20,30,21,Extremely harmful,0,0,Definitely not,Definitely not,Definitely not,0,2,10,Extremely harmful,0,0,Definitely not,Definitely not,Definitely not,,People vaping,17,Old Control,1,0,0,0,0,0,0,0,0,1,1,1,1,0,0
R_7YaklOQfG2I7utr,17,Yes,NA,NA,NA,,NA,NA,,,,NA,NA,NA,,NA,NA,,,,NA,NA,NA,,NA,NA,,,,NA,NA,NA,,NA,NA,,,,NA,NA,NA,,NA,NA,,,,NA,NA,NA,,NA,NA,,,,10,10,9,Extremely harmful,1,1,Definitely not,Definitely not,Definitely not,9,10,7,Extremely harmful,1,1,Definitely not,Definitely not,Definitely not,10,12,14,Extremely harmful,1,1,Definitely not,Definitely not,Definitely not,12,11,9,Extremely harmful,1,1,Definitely not,Definitely not,Definitely not,12,10,10,Extremely harmful,1,1,Definitely not,Definitely not,Definitely not,9,9,10,Extremely harmful,1,1,Definitely not,Definitely not,Definitely not,NA,NA,NA,,NA,NA,,,,NA,NA,NA,,NA,NA,,,,NA,NA,NA,,NA,NA,,,,NA,NA,NA,,NA,NA,,,,NA,NA,NA,,NA,NA,,,,NA,NA,NA,,NA,NA,,,,NA,NA,NA,,NA,NA,,,,NA,NA,NA,,NA,NA,,,,NA,NA,NA,,NA,NA,,,,NA,NA,NA,NA,NA,NA,NA,,NA,NA,,,,NA,NA,NA,NA,NA,NA,NA,,NA,NA,,,,NA,NA,NA,,NA,NA,,,,People vaping and exercising,,17,Old Treat,1,0,0,0,1,1,1,0,0,1,1,1,1,0,0
R_5j3bslNbmyMNqdz,17,No,NA,NA,NA,,NA,NA,,,,NA,NA,NA,,NA,NA,,,,NA,NA,NA,,NA,NA,,,,NA,NA,NA,,NA,NA,,,,NA,NA,NA,,NA,NA,,,,NA,NA,NA,,NA,NA,,,,0,0,0,Somewhat harmful,0,0,Probably yes,Probably not,Probably yes,20,11,0,Very harmful,0,0,Probably yes,Probably not,Definitely yes,0,0,0,Very harmful,0,0,Probably yes,Probably not,Probably yes,20,0,0,Very harmful,0,0,Probably yes,Probably not,Definitely yes,0,0,0,Somewhat harmful,0,0,Probably yes,Probably not,Probably yes,NA,NA,0,Extremely harmful,0,NA,Probably yes,Probably not,Definitely yes,NA,NA,NA,,NA,NA,,,,NA,NA,NA,,NA,NA,,,,NA,NA,NA,,NA,NA,,,,NA,NA,NA,,NA,NA,,,,NA,NA,NA,,NA,NA,,,,NA,NA,NA,,NA,NA,,,,NA,NA,NA,,NA,NA,,,,NA,NA,NA,,NA,NA,,,,NA,NA,NA,,NA,NA,,,,NA,NA,NA,NA,NA,NA,NA,,NA,NA,,,,NA,NA,NA,NA,NA,NA,NA,,NA,NA,,,,NA,NA,NA,,NA,NA,,,,People vaping and exercising,People vaping,17,Old Treat,0,1,0,0,0,0,1,0,0,1,1,1,1,0,0
R_7LGWJhVvSywX62l,17,No,42,50,20,Slightly harmful,3,3,Definitely not,Definitely not,Definitely not,24,19,13,Somewhat harmful,1,1,Definitely not,Definitely not,Definitely not,30,6,23,Slightly harmful,2,1,Definitely not,Definitely not,Definitely not,18,12,22,Somewhat harmful,2,1,Definitely not,Definitely not,Definitely not,22,13,13,Very harmful,1,1,Definitely not,Definitely not,Definitely not,25,22,11,Slightly harmful,1,2,Definitely not,Definitely not,Definitely not,NA,NA,NA,,NA,NA,,,,NA,NA,NA,,NA,NA,,,,NA,NA,NA,,NA,NA,,,,NA,NA,NA,,NA,NA,,,,NA,NA,NA,,NA,NA,,,,NA,NA,NA,,NA,NA,,,,NA,NA,NA,,NA,NA,,,,NA,NA,NA,,NA,NA,,,,NA,NA,NA,,NA,NA,,,,NA,NA,NA,,NA,NA,,,,NA,NA,NA,,NA,NA,,,,NA,NA,NA,,NA,NA,,,,NA,NA,NA,,NA,NA,,,,NA,NA,NA,,NA,NA,,,,NA,NA,NA,,NA,NA,,,,NA,NA,NA,NA,NA,NA,NA,,NA,NA,,,,NA,NA,NA,NA,NA,NA,NA,,NA,NA,,,,NA,NA,NA,,NA,NA,,,,,People vaping,17,Young Treat,1,0,0,0,0,1,0,0,0,1,1,1,3,0,0
R_1woRiNrqQ55ZfuJ,15,Yes,NA,NA,NA,,NA,NA,,,,NA,NA,NA,,NA,NA,,,,NA,NA,NA,,NA,NA,,,,NA,NA,NA,,NA,NA,,,,NA,NA,NA,,NA,NA,,,,NA,NA,NA,,NA,NA,,,,32,68,59,Not at all harmful,7,5,Probably yes,Probably yes,Probably yes,100,92,90,Not at all harmful,7,7,Definitely yes,Definitely yes,Definitely yes,75,67,75,Not at all harmful,5,6,Probably yes,Probably yes,Probably yes,62,78,58,Not at all harmful,5,5,Definitely yes,Definitely yes,Definitely yes,98,100,99,Not at all harmful,7,7,Definitely yes,Definitely yes,Definitely yes,84,84,75,Not at all harmful,7,6,Definitely yes,Probably yes,Definitely yes,NA,NA,NA,,NA,NA,,,,NA,NA,NA,,NA,NA,,,,NA,NA,NA,,NA,NA,,,,NA,NA,NA,,NA,NA,,,,NA,NA,NA,,NA,NA,,,,NA,NA,NA,,NA,NA,,,,NA,NA,NA,,NA,NA,,,,NA,NA,NA,,NA,NA,,,,NA,NA,NA,,NA,NA,,,,NA,NA,NA,NA,NA,NA,NA,,NA,NA,,,,NA,NA,NA,NA,NA,NA,NA,,NA,NA,,,,NA,NA,NA,,NA,NA,,,,People vaping and exercising,People vaping,15,Old Treat,0,0,0,0,1,0,0,0,0,1,1,1,1,0,0
R_1HGKnEuK8zjJ3Hs,14,Yes,NA,NA,NA,,NA,NA,,,,NA,NA,NA,,NA,NA,,,,NA,NA,NA,,NA,NA,,,,NA,NA,NA,,NA,NA,,,,NA,NA,NA,,NA,NA,,,,NA,NA,NA,,NA,NA,,,,NA,NA,NA,,NA,NA,,,,NA,NA,NA,,NA,NA,,,,NA,NA,NA,,NA,NA,,,,NA,NA,NA,,NA,NA,,,,NA,NA,NA,,NA,NA,,,,NA,NA,NA,,NA,NA,,,,NA,NA,NA,,NA,NA,,,,NA,NA,NA,,NA,NA,,,,NA,NA,NA,,NA,NA,,,,NA,NA,NA,,NA,NA,,,,NA,NA,NA,,NA,NA,,,,NA,NA,NA,,NA,NA,,,,0,0,0,Extremely harmful,0,0,Probably not,Probably not,Definitely not,0,0,0,Slightly harmful,0,0,Definitely not,Definitely not,Definitely not,50,43,22,Extremely harmful,0,0,Probably not,Probably not,Probably not,1.031,16.657,17.579,6,0,0,0,Not at all harmful,0,0,Probably not,Definitely not,Definitely not,1.441,15.174,15.4,2,0,0,0,Slightly harmful,0,0,Definitely not,Definitely not,Definitely not,13,13,9,Extremely harmful,0,0,Probably not,Probably not,Definitely not,,People vaping,14,Old Control,0,0,0,0,1,0,0,0,0,1,1,1,1,0,0
R_5nr2GXLcm7Vvt8b,15,I prefer not to answer,NA,NA,NA,,NA,NA,,,,NA,NA,NA,,NA,NA,,,,NA,NA,NA,,NA,NA,,,,NA,NA,NA,,NA,NA,,,,NA,NA,NA,,NA,NA,,,,NA,NA,NA,,NA,NA,,,,NA,NA,NA,,NA,NA,,,,NA,NA,NA,,NA,NA,,,,NA,NA,NA,,NA,NA,,,,NA,NA,NA,,NA,NA,,,,NA,NA,NA,,NA,NA,,,,NA,NA,NA,,NA,NA,,,,10,13,12,Extremely harmful,1,1,Definitely not,Definitely not,Definitely not,14,9,14,Extremely harmful,1,1,Definitely not,Definitely not,Definitely not,9,11,11,Extremely harmful,1,1,Definitely not,Definitely not,Definitely not,9,17,7,Extremely harmful,1,1,Definitely not,Definitely not,Definitely not,16,12,11,Extremely harmful,1,1,Definitely not,Definitely not,Definitely not,13,12,13,Extremely harmful,1,1,Definitely not,Definitely not,Definitely not,NA,NA,NA,,NA,NA,,,,NA,NA,NA,,NA,NA,,,,NA,NA,NA,,NA,NA,,,,NA,NA,NA,NA,NA,NA,NA,,NA,NA,,,,NA,NA,NA,NA,NA,NA,NA,,NA,NA,,,,NA,NA,NA,,NA,NA,,,,,People vaping,15,Young Control,0,0,0,0,1,1,1,0,0,1,1,1,3,0,0
R_7Cf0oThogdagzst,15,Yes,2,1,3,Extremely harmful,0,0,Definitely not,Definitely not,Definitely not,0,0,0,Extremely harmful,0,0,Probably not,Definitely not,Definitely not,0,0,0,Very harmful,0,0,Definitely not,Definitely not,Definitely not,0,0,0,Extremely harmful,0,0,Definitely not,Definitely not,Definitely not,0,0,0,Extremely harmful,0,0,Probably yes,Definitely not,Definitely not,0,0,0,Extremely harmful,0,0,Probably yes,Definitely not,Definitely not,NA,NA,NA,,NA,NA,,,,NA,NA,NA,,NA,NA,,,,NA,NA,NA,,NA,NA,,,,NA,NA,NA,,NA,NA,,,,NA,NA,NA,,NA,NA,,,,NA,NA,NA,,NA,NA,,,,NA,NA,NA,,NA,NA,,,,NA,NA,NA,,NA,NA,,,,NA,NA,NA,,NA,NA,,,,NA,NA,NA,,NA,NA,,,,NA,NA,NA,,NA,NA,,,,NA,NA,NA,,NA,NA,,,,NA,NA,NA,,NA,NA,,,,NA,NA,NA,,NA,NA,,,,NA,NA,NA,,NA,NA,,,,NA,NA,NA,NA,NA,NA,NA,,NA,NA,,,,NA,NA,NA,NA,NA,NA,NA,,NA,NA,,,,NA,NA,NA,,NA,NA,,,,People vaping and exercising,People vaping,15,Young Treat,0,0,0,1,0,0,0,0,0,1,1,1,1,0,0
R_3T7FxMumUUJGEa5,17,Yes,NA,NA,NA,,NA,NA,,,,NA,NA,NA,,NA,NA,,,,NA,NA,NA,,NA,NA,,,,NA,NA,NA,,NA,NA,,,,NA,NA,NA,,NA,NA,,,,NA,NA,NA,,NA,NA,,,,NA,NA,NA,,NA,NA,,,,NA,NA,NA,,NA,NA,,,,NA,NA,NA,,NA,NA,,,,NA,NA,NA,,NA,NA,,,,NA,NA,NA,,NA,NA,,,,NA,NA,NA,,NA,NA,,,,0,0,0,Somewhat harmful,0,0,Definitely not,Definitely not,Definitely not,0,0,0,Somewhat harmful,0,0,Definitely not,Definitely not,Definitely not,0,0,89,Somewhat harmful,0,0,Definitely not,Definitely not,Definitely not,0,0,0,Somewhat harmful,0,0,Definitely not,Definitely not,Definitely not,0,0,0,Somewhat harmful,0,0,Definitely not,Definitely not,Definitely not,0,0,0,Somewhat harmful,0,0,Definitely not,Definitely not,Definitely not,NA,NA,NA,,NA,NA,,,,NA,NA,NA,,NA,NA,,,,NA,NA,NA,,NA,NA,,,,NA,NA,NA,NA,NA,NA,NA,,NA,NA,,,,NA,NA,NA,NA,NA,NA,NA,,NA,NA,,,,NA,NA,NA,,NA,NA,,,,,People vaping,17,Young Control,0,1,0,1,0,1,0,0,0,1,1,1,1,0,0
R_1KQXwlPtRSMNEHf,17,Yes,NA,NA,NA,,NA,NA,,,,NA,NA,NA,,NA,NA,,,,NA,NA,NA,,NA,NA,,,,NA,NA,NA,,NA,NA,,,,NA,NA,NA,,NA,NA,,,,NA,NA,NA,,NA,NA,,,,NA,NA,NA,,NA,NA,,,,NA,NA,NA,,NA,NA,,,,NA,NA,NA,,NA,NA,,,,NA,NA,NA,,NA,NA,,,,NA,NA,NA,,NA,NA,,,,NA,NA,NA,,NA,NA,,,,NA,NA,NA,,NA,NA,,,,NA,NA,NA,,NA,NA,,,,NA,NA,NA,,NA,NA,,,,NA,NA,NA,,NA,NA,,,,NA,NA,NA,,NA,NA,,,,NA,NA,NA,,NA,NA,,,,59,62,39,Extremely harmful,0,0,Definitely not,Definitely not,Definitely not,42,33,8,Extremely harmful,0,0,Definitely not,Definitely not,Definitely not,50,50,2,Extremely harmful,0,0,Definitely not,Definitely not,Definitely not,0,0,62.99,0,0,0,0,Extremely harmful,0,0,Definitely not,Definitely not,Definitely not,0,0,11.965,0,25,0,0,Extremely harmful,0,0,Definitely not,Definitely not,Definitely not,0,0,0,Extremely harmful,0,0,Definitely not,Definitely not,Definitely not,,People vaping,17,Old Control,1,0,0,0,0,1,1,0,0,1,1,1,1,0,0
R_3gLn6H8LrFGT1tO,17,No,24,23,33,Extremely harmful,0,0,Probably not,Definitely not,Definitely not,16,16,15,Extremely harmful,0,0,Definitely not,Definitely not,Definitely not,27,28,25,Extremely harmful,0,0,Definitely not,Definitely not,Definitely not,18,19,22,Extremely harmful,0,0,Definitely not,Definitely not,Definitely not,23,24,50,Extremely harmful,0,0,Probably not,Definitely not,Definitely not,29,37,50,Extremely harmful,0,0,Probably not,Definitely not,Definitely not,NA,NA,NA,,NA,NA,,,,NA,NA,NA,,NA,NA,,,,NA,NA,NA,,NA,NA,,,,NA,NA,NA,,NA,NA,,,,NA,NA,NA,,NA,NA,,,,NA,NA,NA,,NA,NA,,,,NA,NA,NA,,NA,NA,,,,NA,NA,NA,,NA,NA,,,,NA,NA,NA,,NA,NA,,,,NA,NA,NA,,NA,NA,,,,NA,NA,NA,,NA,NA,,,,NA,NA,NA,,NA,NA,,,,NA,NA,NA,,NA,NA,,,,NA,NA,NA,,NA,NA,,,,NA,NA,NA,,NA,NA,,,,NA,NA,NA,NA,NA,NA,NA,,NA,NA,,,,NA,NA,NA,NA,NA,NA,NA,,NA,NA,,,,NA,NA,NA,,NA,NA,,,,People vaping and exercising,People vaping,17,Young Treat,1,1,0,0,0,0,1,0,0,1,1,1,1,0,0
R_1TSQNbZa8QjGYVl,17,No,0,0,0,Extremely harmful,0,0,Definitely not,Definitely not,Definitely not,15,15,15,Very harmful,0,0,Definitely not,Definitely not,Definitely not,0,0,0,Very harmful,0,1,Definitely not,Definitely not,Definitely not,0,10,20,Extremely harmful,0,0,Definitely not,Definitely not,Definitely not,0,0,0,Very harmful,0,0,Definitely not,Definitely not,Definitely not,45,10,20,Extremely harmful,0,0,Definitely not,Definitely not,Definitely not,NA,NA,NA,,NA,NA,,,,NA,NA,NA,,NA,NA,,,,NA,NA,NA,,NA,NA,,,,NA,NA,NA,,NA,NA,,,,NA,NA,NA,,NA,NA,,,,NA,NA,NA,,NA,NA,,,,NA,NA,NA,,NA,NA,,,,NA,NA,NA,,NA,NA,,,,NA,NA,NA,,NA,NA,,,,NA,NA,NA,,NA,NA,,,,NA,NA,NA,,NA,NA,,,,NA,NA,NA,,NA,NA,,,,NA,NA,NA,,NA,NA,,,,NA,NA,NA,,NA,NA,,,,NA,NA,NA,,NA,NA,,,,NA,NA,NA,NA,NA,NA,NA,,NA,NA,,,,NA,NA,NA,NA,NA,NA,NA,,NA,NA,,,,NA,NA,NA,,NA,NA,,,,People vaping and exercising,People vaping,17,Young Treat,0,1,0,0,0,0,1,0,0,2,2,1,1,0,0
R_7DckEo8BGUkq542,15,No,NA,NA,NA,,NA,NA,,,,NA,NA,NA,,NA,NA,,,,NA,NA,NA,,NA,NA,,,,NA,NA,NA,,NA,NA,,,,NA,NA,NA,,NA,NA,,,,NA,NA,NA,,NA,NA,,,,NA,NA,NA,,NA,NA,,,,NA,NA,NA,,NA,NA,,,,NA,NA,NA,,NA,NA,,,,NA,NA,NA,,NA,NA,,,,NA,NA,NA,,NA,NA,,,,NA,NA,NA,,NA,NA,,,,NA,NA,NA,Extremely harmful,NA,NA,Definitely not,Definitely not,Definitely not,NA,NA,NA,Somewhat harmful,NA,NA,Definitely not,Definitely not,Definitely not,1,1,1,Very harmful,0,0,Definitely not,Definitely not,Definitely not,NA,NA,NA,Extremely harmful,NA,NA,Definitely not,Definitely not,Definitely not,NA,NA,NA,Extremely harmful,NA,NA,Definitely not,Definitely not,Definitely not,2,1,3,Very harmful,NA,NA,Definitely not,Definitely not,Definitely not,NA,NA,NA,,NA,NA,,,,NA,NA,NA,,NA,NA,,,,NA,NA,NA,,NA,NA,,,,NA,NA,NA,NA,NA,NA,NA,,NA,NA,,,,NA,NA,NA,NA,NA,NA,NA,,NA,NA,,,,NA,NA,NA,,NA,NA,,,,,People vaping,15,Young Control,0,0,1,0,1,0,0,0,0,1,1,1,1,0,0
R_7c6ZoqfqMcrbviV,17,No,NA,NA,NA,,NA,NA,,,,NA,NA,NA,,NA,NA,,,,NA,NA,NA,,NA,NA,,,,NA,NA,NA,,NA,NA,,,,NA,NA,NA,,NA,NA,,,,NA,NA,NA,,NA,NA,,,,6,4,5,Extremely harmful,0,0,Definitely not,Definitely not,Definitely not,1,2,4,Extremely harmful,0,0,Definitely not,Definitely not,Definitely not,2,4,2,Extremely harmful,0,0,Definitely not,Definitely not,Definitely not,2,3,4,Extremely harmful,0,0,Definitely not,Definitely not,Definitely not,50,50,50,Extremely harmful,0,0,Definitely not,Definitely not,Definitely not,5,3,6,Extremely harmful,0,0,Definitely not,Definitely not,Definitely not,NA,NA,NA,,NA,NA,,,,NA,NA,NA,,NA,NA,,,,NA,NA,NA,,NA,NA,,,,NA,NA,NA,,NA,NA,,,,NA,NA,NA,,NA,NA,,,,NA,NA,NA,,NA,NA,,,,NA,NA,NA,,NA,NA,,,,NA,NA,NA,,NA,NA,,,,NA,NA,NA,,NA,NA,,,,NA,NA,NA,NA,NA,NA,NA,,NA,NA,,,,NA,NA,NA,NA,NA,NA,NA,,NA,NA,,,,NA,NA,NA,,NA,NA,,,,People vaping and exercising,People vaping,17,Old Treat,0,1,0,0,0,0,0,0,0,1,1,1,1,1,1
R_5awU0XnEFslgOOH,17,Yes,54,26,38,Extremely harmful,0,0,Definitely not,Definitely not,Definitely not,0,0,0,Extremely harmful,0,0,Definitely not,Definitely not,Definitely not,0,0,16,Extremely harmful,0,0,Definitely not,Definitely not,Definitely not,12,13,44,Extremely harmful,0,0,Definitely not,Definitely not,Definitely not,19,0,25,Extremely harmful,0,0,Definitely not,Definitely not,Definitely not,22,0,0,Extremely harmful,0,0,Definitely not,Definitely not,Definitely not,NA,NA,NA,,NA,NA,,,,NA,NA,NA,,NA,NA,,,,NA,NA,NA,,NA,NA,,,,NA,NA,NA,,NA,NA,,,,NA,NA,NA,,NA,NA,,,,NA,NA,NA,,NA,NA,,,,NA,NA,NA,,NA,NA,,,,NA,NA,NA,,NA,NA,,,,NA,NA,NA,,NA,NA,,,,NA,NA,NA,,NA,NA,,,,NA,NA,NA,,NA,NA,,,,NA,NA,NA,,NA,NA,,,,NA,NA,NA,,NA,NA,,,,NA,NA,NA,,NA,NA,,,,NA,NA,NA,,NA,NA,,,,NA,NA,NA,NA,NA,NA,NA,,NA,NA,,,,NA,NA,NA,NA,NA,NA,NA,,NA,NA,,,,NA,NA,NA,,NA,NA,,,,People vaping and exercising,People vaping,17,Young Treat,0,0,0,0,1,0,0,0,0,1,1,1,1,0,0
R_6oiv4XVGrOCkDbb,16,Yes,NA,NA,NA,,NA,NA,,,,NA,NA,NA,,NA,NA,,,,NA,NA,NA,,NA,NA,,,,NA,NA,NA,,NA,NA,,,,NA,NA,NA,,NA,NA,,,,NA,NA,NA,,NA,NA,,,,11,18,24,Extremely harmful,1,1,Definitely not,Definitely not,Definitely not,11,19,13,Extremely harmful,1,1,Definitely not,Definitely not,Definitely not,17,16,19,Extremely harmful,1,1,Definitely not,Definitely not,Definitely not,17,23,13,Extremely harmful,1,1,Definitely not,Definitely not,Definitely not,4,18,10,Extremely harmful,1,1,Definitely not,Definitely not,Definitely not,24,26,58,Extremely harmful,1,1,Definitely not,Definitely not,Definitely not,NA,NA,NA,,NA,NA,,,,NA,NA,NA,,NA,NA,,,,NA,NA,NA,,NA,NA,,,,NA,NA,NA,,NA,NA,,,,NA,NA,NA,,NA,NA,,,,NA,NA,NA,,NA,NA,,,,NA,NA,NA,,NA,NA,,,,NA,NA,NA,,NA,NA,,,,NA,NA,NA,,NA,NA,,,,NA,NA,NA,NA,NA,NA,NA,,NA,NA,,,,NA,NA,NA,NA,NA,NA,NA,,NA,NA,,,,NA,NA,NA,,NA,NA,,,,People vaping and exercising,People vaping,16,Old Treat,0,0,0,0,1,1,0,0,0,1,1,1,3,0,0
R_3R9Azy25aijgCcy,17,Yes,NA,NA,NA,,NA,NA,,,,NA,NA,NA,,NA,NA,,,,NA,NA,NA,,NA,NA,,,,NA,NA,NA,,NA,NA,,,,NA,NA,NA,,NA,NA,,,,NA,NA,NA,,NA,NA,,,,NA,NA,NA,,NA,NA,,,,NA,NA,NA,,NA,NA,,,,NA,NA,NA,,NA,NA,,,,NA,NA,NA,,NA,NA,,,,NA,NA,NA,,NA,NA,,,,NA,NA,NA,,NA,NA,,,,2,2,3,Very harmful,1,1,Definitely not,Definitely not,I prefer not to answer,1,1,1,Very harmful,1,1,Definitely not,Definitely not,Definitely not,1,1,1,Somewhat harmful,1,1,Definitely not,Definitely not,Definitely not,1,1,1,Very harmful,1,1,Definitely not,Definitely not,Definitely not,1,1,1,Very harmful,1,1,Definitely not,Definitely not,Definitely not,1,1,1,Very harmful,1,1,Definitely not,Definitely not,Definitely not,NA,NA,NA,,NA,NA,,,,NA,NA,NA,,NA,NA,,,,NA,NA,NA,,NA,NA,,,,NA,NA,NA,NA,NA,NA,NA,,NA,NA,,,,NA,NA,NA,NA,NA,NA,NA,,NA,NA,,,,NA,NA,NA,,NA,NA,,,,,People vaping,17,Young Control,0,0,0,0,0,1,0,0,0,2,2,1,1,0,0
R_61gcvXsnrAthsdG,17,Yes,NA,NA,NA,,NA,NA,,,,NA,NA,NA,,NA,NA,,,,NA,NA,NA,,NA,NA,,,,NA,NA,NA,,NA,NA,,,,NA,NA,NA,,NA,NA,,,,NA,NA,NA,,NA,NA,,,,NA,NA,40,Extremely harmful,0,2,Probably not,Probably not,Probably yes,38,40,80,Extremely harmful,0,2,Probably not,Probably not,Probably yes,60,NA,NA,Extremely harmful,0,2,Probably not,Probably not,Probably yes,NA,NA,NA,Extremely harmful,0,2,Probably not,Probably not,Probably yes,NA,NA,NA,Extremely harmful,0,2,Probably not,Probably not,Probably yes,NA,NA,80,Extremely harmful,0,2,Probably not,Probably not,Probably yes,NA,NA,NA,,NA,NA,,,,NA,NA,NA,,NA,NA,,,,NA,NA,NA,,NA,NA,,,,NA,NA,NA,,NA,NA,,,,NA,NA,NA,,NA,NA,,,,NA,NA,NA,,NA,NA,,,,NA,NA,NA,,NA,NA,,,,NA,NA,NA,,NA,NA,,,,NA,NA,NA,,NA,NA,,,,NA,NA,NA,NA,NA,NA,NA,,NA,NA,,,,NA,NA,NA,NA,NA,NA,NA,,NA,NA,,,,NA,NA,NA,,NA,NA,,,,People vaping and exercising,People vaping,17,Old Treat,0,0,0,1,0,1,1,1,1,1,1,1,1,1,0
R_7mFyPQqfk93tfl0,16,Yes,50,50,1,Not at all harmful,1,1,Definitely not,Definitely not,Probably yes,1,1,1,Slightly harmful,1,1,Definitely not,Probably not,Probably yes,50,1,1,Slightly harmful,1,1,Definitely not,Probably not,Probably yes,1,1,1,Not at all harmful,1,1,Definitely not,Definitely not,Probably yes,1,1,1,Not at all harmful,1,1,Definitely not,Probably not,Probably yes,2,1,1,Not at all harmful,1,1,Definitely not,Probably not,Probably yes,NA,NA,NA,,NA,NA,,,,NA,NA,NA,,NA,NA,,,,NA,NA,NA,,NA,NA,,,,NA,NA,NA,,NA,NA,,,,NA,NA,NA,,NA,NA,,,,NA,NA,NA,,NA,NA,,,,NA,NA,NA,,NA,NA,,,,NA,NA,NA,,NA,NA,,,,NA,NA,NA,,NA,NA,,,,NA,NA,NA,,NA,NA,,,,NA,NA,NA,,NA,NA,,,,NA,NA,NA,,NA,NA,,,,NA,NA,NA,,NA,NA,,,,NA,NA,NA,,NA,NA,,,,NA,NA,NA,,NA,NA,,,,NA,NA,NA,NA,NA,NA,NA,,NA,NA,,,,NA,NA,NA,NA,NA,NA,NA,,NA,NA,,,,NA,NA,NA,,NA,NA,,,,People vaping and exercising,People vaping,16,Young Treat,0,0,0,0,0,0,0,0,0,2,2,1,1,0,0
R_3lxcLOHYl5tbFAt,17,Yes,37,26,24,Very harmful,2,3,Probably not,Probably not,Probably not,21,75,9,Very harmful,2,6,Probably not,Probably not,Probably not,47,59,44,Very harmful,2,5,Probably not,Probably not,Probably not,21,27,29,Very harmful,3,5,Probably not,Probably not,Probably yes,10,35,17,Very harmful,5,7,Probably yes,Probably not,Probably yes,33,60,27,Very harmful,2,1,Probably not,Probably not,Probably yes,NA,NA,NA,,NA,NA,,,,NA,NA,NA,,NA,NA,,,,NA,NA,NA,,NA,NA,,,,NA,NA,NA,,NA,NA,,,,NA,NA,NA,,NA,NA,,,,NA,NA,NA,,NA,NA,,,,NA,NA,NA,,NA,NA,,,,NA,NA,NA,,NA,NA,,,,NA,NA,NA,,NA,NA,,,,NA,NA,NA,,NA,NA,,,,NA,NA,NA,,NA,NA,,,,NA,NA,NA,,NA,NA,,,,NA,NA,NA,,NA,NA,,,,NA,NA,NA,,NA,NA,,,,NA,NA,NA,,NA,NA,,,,NA,NA,NA,NA,NA,NA,NA,,NA,NA,,,,NA,NA,NA,NA,NA,NA,NA,,NA,NA,,,,NA,NA,NA,,NA,NA,,,,People vaping and exercising,People vaping,17,Young Treat,0,0,0,0,1,1,0,0,0,2,2,1,1,0,0
R_1eXXAfHL622jU4b,14,No,NA,NA,NA,,NA,NA,,,,NA,NA,NA,,NA,NA,,,,NA,NA,NA,,NA,NA,,,,NA,NA,NA,,NA,NA,,,,NA,NA,NA,,NA,NA,,,,NA,NA,NA,,NA,NA,,,,9,20,2,Extremely harmful,0,0,Definitely not,Definitely not,Definitely not,3,2,40,Very harmful,0,0,Definitely not,Definitely not,Definitely not,0,2,19,Extremely harmful,0,0,Definitely not,Definitely not,Definitely not,7,7,28,Extremely harmful,0,0,Definitely not,Definitely not,Definitely not,5,9,35,Very harmful,0,0,Definitely not,Definitely not,Definitely not,0,32,2,Very harmful,0,0,Definitely not,Definitely not,Definitely not,NA,NA,NA,,NA,NA,,,,NA,NA,NA,,NA,NA,,,,NA,NA,NA,,NA,NA,,,,NA,NA,NA,,NA,NA,,,,NA,NA,NA,,NA,NA,,,,NA,NA,NA,,NA,NA,,,,NA,NA,NA,,NA,NA,,,,NA,NA,NA,,NA,NA,,,,NA,NA,NA,,NA,NA,,,,NA,NA,NA,NA,NA,NA,NA,,NA,NA,,,,NA,NA,NA,NA,NA,NA,NA,,NA,NA,,,,NA,NA,NA,,NA,NA,,,,People vaping and exercising,People vaping,14,Old Treat,1,1,0,0,0,0,0,0,0,1,1,1,3,0,0
R_7uq9LWEMEUqfial,17,Yes,NA,NA,NA,,NA,NA,,,,NA,NA,NA,,NA,NA,,,,NA,NA,NA,,NA,NA,,,,NA,NA,NA,,NA,NA,,,,NA,NA,NA,,NA,NA,,,,NA,NA,NA,,NA,NA,,,,NA,NA,NA,,NA,NA,,,,NA,NA,NA,,NA,NA,,,,NA,NA,NA,,NA,NA,,,,NA,NA,NA,,NA,NA,,,,NA,NA,NA,,NA,NA,,,,NA,NA,NA,,NA,NA,,,,30,NA,37,Slightly harmful,NA,3,Probably yes,Definitely yes,Probably not,43,34,20,Very harmful,6,2,Definitely yes,Probably yes,Probably not,32,26,59,Somewhat harmful,3,4,Probably yes,Definitely yes,Probably not,24,33,37,Slightly harmful,2,3,Definitely yes,Probably yes,Probably not,36,30,21,Somewhat harmful,6,2,Probably yes,Probably not,Probably yes,46,33,29,Somewhat harmful,7,3,Probably yes,Probably not,Probably not,NA,NA,NA,,NA,NA,,,,NA,NA,NA,,NA,NA,,,,NA,NA,NA,,NA,NA,,,,NA,NA,NA,NA,NA,NA,NA,,NA,NA,,,,NA,NA,NA,NA,NA,NA,NA,,NA,NA,,,,NA,NA,NA,,NA,NA,,,,,People vaping,17,Young Control,0,0,0,0,1,1,0,0,0,2,2,1,1,0,0
R_3luZntG3xwp4k0h,17,No,NA,NA,NA,,NA,NA,,,,NA,NA,NA,,NA,NA,,,,NA,NA,NA,,NA,NA,,,,NA,NA,NA,,NA,NA,,,,NA,NA,NA,,NA,NA,,,,NA,NA,NA,,NA,NA,,,,NA,NA,NA,,NA,NA,,,,NA,NA,NA,,NA,NA,,,,NA,NA,NA,,NA,NA,,,,NA,NA,NA,,NA,NA,,,,NA,NA,NA,,NA,NA,,,,NA,NA,NA,,NA,NA,,,,NA,NA,NA,,NA,NA,,,,NA,NA,NA,,NA,NA,,,,NA,NA,NA,,NA,NA,,,,NA,NA,NA,,NA,NA,,,,NA,NA,NA,,NA,NA,,,,NA,NA,NA,,NA,NA,,,,57,37,80,Extremely harmful,1,1,Definitely not,Definitely not,Definitely not,44,15,84,Extremely harmful,1,1,Definitely not,Definitely not,Definitely not,45,30,49,Extremely harmful,1,0,Definitely not,Definitely not,Definitely not,1.885,13.744,17.271,2,48,6,51,Extremely harmful,1,1,Definitely not,Definitely not,Definitely not,1.435,14.05,15.674,2,60,50,30,Extremely harmful,2,2,Definitely not,Definitely not,Definitely not,12,11,92,Extremely harmful,1,1,Definitely not,Definitely not,Definitely not,,People vaping,17,Old Control,0,0,1,0,0,0,0,0,0,1,1,1,1,0,0
R_7D059b8lwwQM8rV,17,Yes,59,45,77,Somewhat harmful,3,0,Definitely not,Definitely not,Definitely not,60,51,58,Somewhat harmful,1,2,Definitely not,Definitely not,Definitely not,53,62,50,Very harmful,2,1,Definitely not,Definitely not,Definitely not,71,60,89,Somewhat harmful,2,1,Probably not,Definitely not,Definitely not,6,8,88,Very harmful,1,0,Probably not,Definitely not,Definitely not,16,15,98,Somewhat harmful,3,3,Definitely not,Definitely not,Definitely not,NA,NA,NA,,NA,NA,,,,NA,NA,NA,,NA,NA,,,,NA,NA,NA,,NA,NA,,,,NA,NA,NA,,NA,NA,,,,NA,NA,NA,,NA,NA,,,,NA,NA,NA,,NA,NA,,,,NA,NA,NA,,NA,NA,,,,NA,NA,NA,,NA,NA,,,,NA,NA,NA,,NA,NA,,,,NA,NA,NA,,NA,NA,,,,NA,NA,NA,,NA,NA,,,,NA,NA,NA,,NA,NA,,,,NA,NA,NA,,NA,NA,,,,NA,NA,NA,,NA,NA,,,,NA,NA,NA,,NA,NA,,,,NA,NA,NA,NA,NA,NA,NA,,NA,NA,,,,NA,NA,NA,NA,NA,NA,NA,,NA,NA,,,,NA,NA,NA,,NA,NA,,,,People vaping and exercising,People vaping,17,Young Treat,0,1,0,0,0,0,1,0,0,2,2,1,2,0,0
R_5idyd6Yb33aD5WF,17,No,NA,NA,NA,,NA,NA,,,,NA,NA,NA,,NA,NA,,,,NA,NA,NA,,NA,NA,,,,NA,NA,NA,,NA,NA,,,,NA,NA,NA,,NA,NA,,,,NA,NA,NA,,NA,NA,,,,NA,NA,NA,,NA,NA,,,,NA,NA,NA,,NA,NA,,,,NA,NA,NA,,NA,NA,,,,NA,NA,NA,,NA,NA,,,,NA,NA,NA,,NA,NA,,,,NA,NA,NA,,NA,NA,,,,7,7,7,Slightly harmful,1,2,Definitely not,Definitely not,Definitely not,23,27,27,Extremely harmful,1,1,Definitely not,Definitely not,Definitely not,29,29,39,Somewhat harmful,1,1,Probably not,Definitely not,Definitely not,37,45,48,Somewhat harmful,3,2,Probably not,Definitely not,Definitely not,43,50,55,Somewhat harmful,2,3,Definitely not,Definitely not,Definitely not,15,9,8,Extremely harmful,0,0,Definitely not,Definitely not,Definitely not,NA,NA,NA,,NA,NA,,,,NA,NA,NA,,NA,NA,,,,NA,NA,NA,,NA,NA,,,,NA,NA,NA,NA,NA,NA,NA,,NA,NA,,,,NA,NA,NA,NA,NA,NA,NA,,NA,NA,,,,NA,NA,NA,,NA,NA,,,,,People vaping,17,Young Control,1,0,0,0,0,1,1,0,0,1,1,1,1,0,0
R_7zFOcCVFkj3zN4L,17,No,NA,NA,NA,,NA,NA,,,,NA,NA,NA,,NA,NA,,,,NA,NA,NA,,NA,NA,,,,NA,NA,NA,,NA,NA,,,,NA,NA,NA,,NA,NA,,,,NA,NA,NA,,NA,NA,,,,0,0,0,Extremely harmful,0,0,Definitely not,Definitely not,Definitely not,0,0,7,Extremely harmful,0,0,Definitely not,Definitely not,Definitely not,0,0,0,Extremely harmful,0,0,Definitely not,Definitely not,Definitely not,0,0,0,Extremely harmful,0,0,Definitely not,Definitely not,Definitely not,0,0,7,Extremely harmful,0,0,Definitely not,Definitely not,Definitely not,36,19,26,Extremely harmful,0,0,Definitely not,Definitely not,Definitely not,NA,NA,NA,,NA,NA,,,,NA,NA,NA,,NA,NA,,,,NA,NA,NA,,NA,NA,,,,NA,NA,NA,,NA,NA,,,,NA,NA,NA,,NA,NA,,,,NA,NA,NA,,NA,NA,,,,NA,NA,NA,,NA,NA,,,,NA,NA,NA,,NA,NA,,,,NA,NA,NA,,NA,NA,,,,NA,NA,NA,NA,NA,NA,NA,,NA,NA,,,,NA,NA,NA,NA,NA,NA,NA,,NA,NA,,,,NA,NA,NA,,NA,NA,,,,People vaping and exercising,People vaping,17,Old Treat,0,1,0,0,0,0,0,0,0,1,1,1,1,0,0
R_3Se6K6jaaFDqWg8,17,No,NA,NA,NA,,NA,NA,,,,NA,NA,NA,,NA,NA,,,,NA,NA,NA,,NA,NA,,,,NA,NA,NA,,NA,NA,,,,NA,NA,NA,,NA,NA,,,,NA,NA,NA,,NA,NA,,,,NA,NA,NA,,NA,NA,,,,NA,NA,NA,,NA,NA,,,,NA,NA,NA,,NA,NA,,,,NA,NA,NA,,NA,NA,,,,NA,NA,NA,,NA,NA,,,,NA,NA,NA,,NA,NA,,,,NA,NA,NA,,NA,NA,,,,NA,NA,NA,,NA,NA,,,,NA,NA,NA,,NA,NA,,,,NA,NA,NA,,NA,NA,,,,NA,NA,NA,,NA,NA,,,,NA,NA,NA,,NA,NA,,,,50,50,47,Extremely harmful,0,0,Definitely not,Definitely not,Definitely not,0,0,1,Extremely harmful,0,0,Definitely not,Definitely not,Definitely not,49,47,51,Extremely harmful,0,0,Definitely not,Definitely not,Definitely not,11.117,11.117,11.529,1,0,1,0,Extremely harmful,0,0,Definitely not,Definitely not,Definitely not,13.129,13.129,14.223,1,36,55,90,Very harmful,0,0,Definitely not,Definitely not,Definitely not,49,21,52,Extremely harmful,2,0,Definitely not,Definitely not,Definitely not,,People vaping,17,Old Control,0,1,0,0,0,1,0,0,0,1,1,1,1,0,0
R_5TMDOpa7JoEep0N,14,Yes,NA,NA,NA,,NA,NA,,,,NA,NA,NA,,NA,NA,,,,NA,NA,NA,,NA,NA,,,,NA,NA,NA,,NA,NA,,,,NA,NA,NA,,NA,NA,,,,NA,NA,NA,,NA,NA,,,,NA,NA,NA,,NA,NA,,,,NA,NA,NA,,NA,NA,,,,NA,NA,NA,,NA,NA,,,,NA,NA,NA,,NA,NA,,,,NA,NA,NA,,NA,NA,,,,NA,NA,NA,,NA,NA,,,,5,10,9,Extremely harmful,1,1,Definitely not,Definitely not,Definitely not,12,22,14,Extremely harmful,1,1,Definitely not,Definitely not,Definitely not,15,16,22,Extremely harmful,1,1,Definitely not,Definitely not,Definitely not,10,11,5,Extremely harmful,0,0,Definitely not,Definitely not,Definitely not,4,9,12,Extremely harmful,1,1,Definitely not,Definitely not,Definitely not,5,8,6,Extremely harmful,0,0,Definitely not,Definitely not,Definitely not,NA,NA,NA,,NA,NA,,,,NA,NA,NA,,NA,NA,,,,NA,NA,NA,,NA,NA,,,,NA,NA,NA,NA,NA,NA,NA,,NA,NA,,,,NA,NA,NA,NA,NA,NA,NA,,NA,NA,,,,NA,NA,NA,,NA,NA,,,,,People vaping,14,Young Control,0,0,0,0,1,1,1,0,0,1,1,1,2,0,0
R_6lX5npkCVOoz4ql,14,No,NA,NA,NA,,NA,NA,,,,NA,NA,NA,,NA,NA,,,,NA,NA,NA,,NA,NA,,,,NA,NA,NA,,NA,NA,,,,NA,NA,NA,,NA,NA,,,,NA,NA,NA,,NA,NA,,,,11,18,38,Extremely harmful,0,0,Definitely not,Definitely not,Definitely not,0,1,0,Extremely harmful,0,0,Definitely not,Definitely not,Definitely not,15,1,23,Extremely harmful,0,0,Definitely not,Definitely not,Definitely not,10,23,5,Very harmful,0,0,Definitely not,Definitely not,Definitely not,0,0,0,Extremely harmful,0,0,Definitely not,Definitely not,Definitely not,23,15,27,Extremely harmful,0,0,Definitely not,Definitely not,Definitely not,NA,NA,NA,,NA,NA,,,,NA,NA,NA,,NA,NA,,,,NA,NA,NA,,NA,NA,,,,NA,NA,NA,,NA,NA,,,,NA,NA,NA,,NA,NA,,,,NA,NA,NA,,NA,NA,,,,NA,NA,NA,,NA,NA,,,,NA,NA,NA,,NA,NA,,,,NA,NA,NA,,NA,NA,,,,NA,NA,NA,NA,NA,NA,NA,,NA,NA,,,,NA,NA,NA,NA,NA,NA,NA,,NA,NA,,,,NA,NA,NA,,NA,NA,,,,,People vaping,14,Old Treat,1,0,0,0,0,1,0,0,0,1,1,1,1,0,0
R_5QGvjg3C1zOR2zw,16,Yes,20,18,20,Extremely harmful,1,1,Definitely not,Definitely not,Probably not,9,5,36,Extremely harmful,1,1,Definitely not,Definitely not,Probably not,40,51,100,Extremely harmful,1,1,Definitely not,Definitely not,Definitely not,51,29,34,Extremely harmful,1,1,Definitely not,Definitely not,Probably not,9,7,100,Extremely harmful,1,1,Definitely not,Definitely not,Probably not,5,3,11,Not at all harmful,1,1,Definitely not,Definitely not,Probably not,NA,NA,NA,,NA,NA,,,,NA,NA,NA,,NA,NA,,,,NA,NA,NA,,NA,NA,,,,NA,NA,NA,,NA,NA,,,,NA,NA,NA,,NA,NA,,,,NA,NA,NA,,NA,NA,,,,NA,NA,NA,,NA,NA,,,,NA,NA,NA,,NA,NA,,,,NA,NA,NA,,NA,NA,,,,NA,NA,NA,,NA,NA,,,,NA,NA,NA,,NA,NA,,,,NA,NA,NA,,NA,NA,,,,NA,NA,NA,,NA,NA,,,,NA,NA,NA,,NA,NA,,,,NA,NA,NA,,NA,NA,,,,NA,NA,NA,NA,NA,NA,NA,,NA,NA,,,,NA,NA,NA,NA,NA,NA,NA,,NA,NA,,,,NA,NA,NA,,NA,NA,,,,People vaping and exercising,People vaping,16,Young Treat,1,0,0,0,0,0,1,0,0,1,1,1,1,0,0
R_7ojwwb3ILBadHSI,17,No,NA,NA,NA,,NA,NA,,,,NA,NA,NA,,NA,NA,,,,NA,NA,NA,,NA,NA,,,,NA,NA,NA,,NA,NA,,,,NA,NA,NA,,NA,NA,,,,NA,NA,NA,,NA,NA,,,,100,NA,50,Somewhat harmful,0,0,Definitely not,Definitely not,Definitely not,100,NA,50,Somewhat harmful,0,0,Definitely not,Definitely not,Definitely not,100,NA,50,Somewhat harmful,0,0,Definitely not,Definitely not,Definitely not,100,NA,51,Somewhat harmful,0,0,Definitely not,Definitely not,Definitely not,100,100,0,Somewhat harmful,0,0,Definitely not,Definitely not,Definitely not,100,NA,50,Very harmful,0,0,Definitely not,Definitely not,Definitely not,NA,NA,NA,,NA,NA,,,,NA,NA,NA,,NA,NA,,,,NA,NA,NA,,NA,NA,,,,NA,NA,NA,,NA,NA,,,,NA,NA,NA,,NA,NA,,,,NA,NA,NA,,NA,NA,,,,NA,NA,NA,,NA,NA,,,,NA,NA,NA,,NA,NA,,,,NA,NA,NA,,NA,NA,,,,NA,NA,NA,NA,NA,NA,NA,,NA,NA,,,,NA,NA,NA,NA,NA,NA,NA,,NA,NA,,,,NA,NA,NA,,NA,NA,,,,People vaping and exercising,People vaping,17,Old Treat,1,0,1,0,0,0,0,0,0,1,1,1,1,0,0
R_7dzQgZKWTBTxjnw,16,No,NA,NA,NA,,NA,NA,,,,NA,NA,NA,,NA,NA,,,,NA,NA,NA,,NA,NA,,,,NA,NA,NA,,NA,NA,,,,NA,NA,NA,,NA,NA,,,,NA,NA,NA,,NA,NA,,,,49,0,1,Somewhat harmful,3,0,Probably not,Probably not,Probably yes,100,100,100,Slightly harmful,7,7,Probably yes,Probably yes,Probably yes,100,100,100,Slightly harmful,7,0,Probably yes,Probably not,Probably yes,0,0,0,Somewhat harmful,0,0,Probably not,Probably not,Probably yes,100,100,100,Slightly harmful,7,7,Probably yes,Probably yes,Probably yes,5,5,0,Somewhat harmful,0,0,Probably not,Probably not,Probably yes,NA,NA,NA,,NA,NA,,,,NA,NA,NA,,NA,NA,,,,NA,NA,NA,,NA,NA,,,,NA,NA,NA,,NA,NA,,,,NA,NA,NA,,NA,NA,,,,NA,NA,NA,,NA,NA,,,,NA,NA,NA,,NA,NA,,,,NA,NA,NA,,NA,NA,,,,NA,NA,NA,,NA,NA,,,,NA,NA,NA,NA,NA,NA,NA,,NA,NA,,,,NA,NA,NA,NA,NA,NA,NA,,NA,NA,,,,NA,NA,NA,,NA,NA,,,,People vaping and exercising,People vaping,16,Old Treat,0,0,1,0,0,0,0,0,0,3,3,1,1,0,0
R_6QLT35lAtn1TyiA,16,No,49,47,47,Somewhat harmful,0,1,Probably not,Probably not,Probably not,5,50,NA,Very harmful,0,0,Probably not,Probably not,Probably yes,50,50,50,Somewhat harmful,1,1,Probably not,Probably not,Probably not,51,50,47,Slightly harmful,0,0,Probably not,Probably not,Probably not,50,49,49,Slightly harmful,0,1,Probably not,Probably not,Probably not,51,49,49,Somewhat harmful,0,0,Probably not,Probably not,Probably not,NA,NA,NA,,NA,NA,,,,NA,NA,NA,,NA,NA,,,,NA,NA,NA,,NA,NA,,,,NA,NA,NA,,NA,NA,,,,NA,NA,NA,,NA,NA,,,,NA,NA,NA,,NA,NA,,,,NA,NA,NA,,NA,NA,,,,NA,NA,NA,,NA,NA,,,,NA,NA,NA,,NA,NA,,,,NA,NA,NA,,NA,NA,,,,NA,NA,NA,,NA,NA,,,,NA,NA,NA,,NA,NA,,,,NA,NA,NA,,NA,NA,,,,NA,NA,NA,,NA,NA,,,,NA,NA,NA,,NA,NA,,,,NA,NA,NA,NA,NA,NA,NA,,NA,NA,,,,NA,NA,NA,NA,NA,NA,NA,,NA,NA,,,,NA,NA,NA,,NA,NA,,,,People vaping and exercising,People vaping,16,Young Treat,1,0,0,0,0,0,0,0,0,2,2,1,2,0,0
R_3ltYvG3Gw9UZjWW,16,No,NA,NA,NA,,NA,NA,,,,NA,NA,NA,,NA,NA,,,,NA,NA,NA,,NA,NA,,,,NA,NA,NA,,NA,NA,,,,NA,NA,NA,,NA,NA,,,,NA,NA,NA,,NA,NA,,,,NA,NA,NA,,NA,NA,,,,NA,NA,NA,,NA,NA,,,,NA,NA,NA,,NA,NA,,,,NA,NA,NA,,NA,NA,,,,NA,NA,NA,,NA,NA,,,,NA,NA,NA,,NA,NA,,,,0,5,46,Not at all harmful,0,2,Definitely not,Definitely not,Definitely not,2,0,0,Somewhat harmful,0,0,Definitely not,Definitely not,Definitely not,1,8,0,Very harmful,0,2,Definitely not,Definitely not,Definitely not,1,6,20,Not at all harmful,0,2,Definitely not,Definitely not,Definitely not,24,1,0,Very harmful,0,2,Definitely not,Definitely not,Definitely not,0,0,5,Not at all harmful,0,2,Definitely not,Definitely not,Definitely not,NA,NA,NA,,NA,NA,,,,NA,NA,NA,,NA,NA,,,,NA,NA,NA,,NA,NA,,,,NA,NA,NA,NA,NA,NA,NA,,NA,NA,,,,NA,NA,NA,NA,NA,NA,NA,,NA,NA,,,,NA,NA,NA,,NA,NA,,,,,People vaping,16,Young Control,0,1,0,0,0,0,0,0,0,2,2,1,3,0,0
R_6aQfXLWTXtVe29R,17,Yes,50,40,70,Not at all harmful,2,3,Definitely not,Definitely not,Definitely not,49,40,41,Not at all harmful,2,5,Definitely not,Definitely not,Definitely not,65,60,40,Not at all harmful,0,4,Definitely not,Definitely not,Definitely not,60,40,45,Not at all harmful,1,2,Definitely not,Definitely not,Definitely not,40,50,30,Not at all harmful,4,5,Definitely not,Definitely not,Definitely not,50,40,40,Not at all harmful,4,3,Definitely not,Definitely not,Definitely not,NA,NA,NA,,NA,NA,,,,NA,NA,NA,,NA,NA,,,,NA,NA,NA,,NA,NA,,,,NA,NA,NA,,NA,NA,,,,NA,NA,NA,,NA,NA,,,,NA,NA,NA,,NA,NA,,,,NA,NA,NA,,NA,NA,,,,NA,NA,NA,,NA,NA,,,,NA,NA,NA,,NA,NA,,,,NA,NA,NA,,NA,NA,,,,NA,NA,NA,,NA,NA,,,,NA,NA,NA,,NA,NA,,,,NA,NA,NA,,NA,NA,,,,NA,NA,NA,,NA,NA,,,,NA,NA,NA,,NA,NA,,,,NA,NA,NA,NA,NA,NA,NA,,NA,NA,,,,NA,NA,NA,NA,NA,NA,NA,,NA,NA,,,,NA,NA,NA,,NA,NA,,,,People vaping and exercising,People vaping,17,Young Treat,1,0,0,0,0,0,0,0,0,2,2,1,2,0,0
R_3rIG4lH6fK2gE2c,16,No,0,0,0,Extremely harmful,0,0,Definitely not,Definitely not,Definitely not,0,0,1,Extremely harmful,0,0,Definitely not,Definitely not,Definitely not,0,0,0,Extremely harmful,0,0,Definitely not,Definitely not,Definitely not,0,0,0,Extremely harmful,0,0,Definitely not,Definitely not,Definitely not,0,0,0,Extremely harmful,0,0,Definitely not,Definitely not,Definitely not,37,5,0,Extremely harmful,0,0,Definitely not,Definitely not,Definitely not,NA,NA,NA,,NA,NA,,,,NA,NA,NA,,NA,NA,,,,NA,NA,NA,,NA,NA,,,,NA,NA,NA,,NA,NA,,,,NA,NA,NA,,NA,NA,,,,NA,NA,NA,,NA,NA,,,,NA,NA,NA,,NA,NA,,,,NA,NA,NA,,NA,NA,,,,NA,NA,NA,,NA,NA,,,,NA,NA,NA,,NA,NA,,,,NA,NA,NA,,NA,NA,,,,NA,NA,NA,,NA,NA,,,,NA,NA,NA,,NA,NA,,,,NA,NA,NA,,NA,NA,,,,NA,NA,NA,,NA,NA,,,,NA,NA,NA,NA,NA,NA,NA,,NA,NA,,,,NA,NA,NA,NA,NA,NA,NA,,NA,NA,,,,NA,NA,NA,,NA,NA,,,,People vaping and exercising,People vaping,16,Young Treat,0,1,0,0,0,0,1,0,0,1,1,1,1,0,0
R_6cJLsLMVLpUvnmV,17,No,NA,NA,NA,,NA,NA,,,,NA,NA,NA,,NA,NA,,,,NA,NA,NA,,NA,NA,,,,NA,NA,NA,,NA,NA,,,,NA,NA,NA,,NA,NA,,,,NA,NA,NA,,NA,NA,,,,NA,NA,NA,,NA,NA,,,,NA,NA,NA,,NA,NA,,,,NA,NA,NA,,NA,NA,,,,NA,NA,NA,,NA,NA,,,,NA,NA,NA,,NA,NA,,,,NA,NA,NA,,NA,NA,,,,NA,NA,NA,,NA,NA,,,,NA,NA,NA,,NA,NA,,,,NA,NA,NA,,NA,NA,,,,NA,NA,NA,,NA,NA,,,,NA,NA,NA,,NA,NA,,,,NA,NA,NA,,NA,NA,,,,66,71,0,Very harmful,0,NA,Definitely not,Definitely not,Definitely not,28,41,0,Not at all harmful,7,NA,Definitely not,Definitely not,Probably not,0,0,0,Somewhat harmful,7,NA,Definitely not,Definitely not,Probably not,10.91,10.91,12.619,1,23,35,50,Slightly harmful,5,NA,Definitely not,Definitely not,Probably not,6.428,7.866,12.767,3,51,60,0,Very harmful,0,NA,Definitely not,Definitely not,Probably not,0,0,28,Extremely harmful,7,NA,Definitely not,Definitely not,Definitely not,,People vaping,17,Old Control,1,0,0,0,0,0,1,0,0,3,3,1,3,0,0
R_5rO87PCxKOFJbmm,17,No,NA,NA,NA,,NA,NA,,,,NA,NA,NA,,NA,NA,,,,NA,NA,NA,,NA,NA,,,,NA,NA,NA,,NA,NA,,,,NA,NA,NA,,NA,NA,,,,NA,NA,NA,,NA,NA,,,,NA,NA,NA,,NA,NA,,,,NA,NA,NA,,NA,NA,,,,NA,NA,NA,,NA,NA,,,,NA,NA,NA,,NA,NA,,,,NA,NA,NA,,NA,NA,,,,NA,NA,NA,,NA,NA,,,,67,51,79,Very harmful,4,4,Probably yes,Probably yes,Definitely not,60,61,75,Very harmful,5,5,Probably yes,Probably yes,Definitely not,69,72,83,Very harmful,5,5,Probably yes,Probably yes,Definitely not,57,55,75,Very harmful,4,5,Probably yes,Probably yes,Definitely not,79,79,83,Very harmful,5,5,Probably yes,Probably yes,Definitely not,67,66,77,Very harmful,4,5,Probably yes,Probably yes,Definitely not,NA,NA,NA,,NA,NA,,,,NA,NA,NA,,NA,NA,,,,NA,NA,NA,,NA,NA,,,,NA,NA,NA,NA,NA,NA,NA,,NA,NA,,,,NA,NA,NA,NA,NA,NA,NA,,NA,NA,,,,NA,NA,NA,,NA,NA,,,,,People vaping,17,Young Control,0,1,0,0,0,1,0,1,1,2,2,1,1,1,0
R_731sQYqi9ZABJvc,16,Yes,NA,NA,NA,,NA,NA,,,,NA,NA,NA,,NA,NA,,,,NA,NA,NA,,NA,NA,,,,NA,NA,NA,,NA,NA,,,,NA,NA,NA,,NA,NA,,,,NA,NA,NA,,NA,NA,,,,0,1,0,Extremely harmful,0,0,Definitely not,Definitely not,Definitely not,0,0,0,Extremely harmful,0,0,Definitely not,Definitely not,Definitely not,0,0,0,Extremely harmful,0,0,Definitely not,Definitely not,Definitely not,10,46,10,Extremely harmful,0,0,Definitely not,Definitely not,Definitely not,2,0,0,Extremely harmful,0,0,Definitely not,Definitely not,Definitely not,0,0,0,Extremely harmful,0,0,Definitely not,Definitely not,Definitely not,NA,NA,NA,,NA,NA,,,,NA,NA,NA,,NA,NA,,,,NA,NA,NA,,NA,NA,,,,NA,NA,NA,,NA,NA,,,,NA,NA,NA,,NA,NA,,,,NA,NA,NA,,NA,NA,,,,NA,NA,NA,,NA,NA,,,,NA,NA,NA,,NA,NA,,,,NA,NA,NA,,NA,NA,,,,NA,NA,NA,NA,NA,NA,NA,,NA,NA,,,,NA,NA,NA,NA,NA,NA,NA,,NA,NA,,,,NA,NA,NA,,NA,NA,,,,People vaping and exercising,,16,Old Treat,0,0,0,0,1,0,0,0,0,1,1,1,1,0,0
R_3KIMElcIumYBDd1,17,Yes,NA,NA,NA,,NA,NA,,,,NA,NA,NA,,NA,NA,,,,NA,NA,NA,,NA,NA,,,,NA,NA,NA,,NA,NA,,,,NA,NA,NA,,NA,NA,,,,NA,NA,NA,,NA,NA,,,,NA,NA,NA,,NA,NA,,,,NA,NA,NA,,NA,NA,,,,NA,NA,NA,,NA,NA,,,,NA,NA,NA,,NA,NA,,,,NA,NA,NA,,NA,NA,,,,NA,NA,NA,,NA,NA,,,,NA,NA,NA,,NA,NA,,,,NA,NA,NA,,NA,NA,,,,NA,NA,NA,,NA,NA,,,,NA,NA,NA,,NA,NA,,,,NA,NA,NA,,NA,NA,,,,NA,NA,NA,,NA,NA,,,,1,4,1,Extremely harmful,0,0,Definitely not,Definitely not,Definitely not,0,0,0,Extremely harmful,0,0,Definitely not,Definitely not,Definitely not,1,0,0,Extremely harmful,0,0,Definitely not,Definitely not,Definitely not,12.807,12.807,17.4,1,0,0,0,Extremely harmful,0,0,Definitely not,Definitely not,Definitely not,14.005,14.005,14.8,1,2,1,2,Extremely harmful,0,0,Definitely not,Definitely not,Definitely not,0,0,0,Extremely harmful,0,0,Definitely not,Definitely not,Definitely not,,People vaping,17,Old Control,0,0,0,1,0,0,0,0,0,1,1,1,1,0,0
R_6qnOVW9LO6ZfiQp,17,Yes,NA,NA,NA,,NA,NA,,,,NA,NA,NA,,NA,NA,,,,NA,NA,NA,,NA,NA,,,,NA,NA,NA,,NA,NA,,,,NA,NA,NA,,NA,NA,,,,NA,NA,NA,,NA,NA,,,,NA,NA,NA,,NA,NA,,,,NA,NA,NA,,NA,NA,,,,NA,NA,NA,,NA,NA,,,,NA,NA,NA,,NA,NA,,,,NA,NA,NA,,NA,NA,,,,NA,NA,NA,,NA,NA,,,,44,50,64,Somewhat harmful,5,3,Probably not,Probably not,Definitely not,38,39,41,Very harmful,3,3,Probably not,Probably not,Definitely not,43,37,NA,Somewhat harmful,3,NA,Probably not,Probably not,Definitely not,50,50,33,Very harmful,2,3,Probably not,Probably not,Definitely not,74,51,NA,Somewhat harmful,4,2,Probably not,Probably not,Definitely not,59,54,62,Somewhat harmful,5,4,Probably not,Probably not,Definitely not,NA,NA,NA,,NA,NA,,,,NA,NA,NA,,NA,NA,,,,NA,NA,NA,,NA,NA,,,,NA,NA,NA,NA,NA,NA,NA,,NA,NA,,,,NA,NA,NA,NA,NA,NA,NA,,NA,NA,,,,NA,NA,NA,,NA,NA,,,,,People vaping,17,Young Control,0,0,1,0,0,1,0,0,0,2,2,1,1,1,1
R_1AG4IjdDDq9AHNx,14,No,NA,NA,NA,,NA,NA,,,,NA,NA,NA,,NA,NA,,,,NA,NA,NA,,NA,NA,,,,NA,NA,NA,,NA,NA,,,,NA,NA,NA,,NA,NA,,,,NA,NA,NA,,NA,NA,,,,NA,NA,NA,,NA,NA,,,,NA,NA,NA,,NA,NA,,,,NA,NA,NA,,NA,NA,,,,NA,NA,NA,,NA,NA,,,,NA,NA,NA,,NA,NA,,,,NA,NA,NA,,NA,NA,,,,NA,NA,NA,,NA,NA,,,,NA,NA,NA,,NA,NA,,,,NA,NA,NA,,NA,NA,,,,NA,NA,NA,,NA,NA,,,,NA,NA,NA,,NA,NA,,,,NA,NA,NA,,NA,NA,,,,NA,NA,NA,Extremely harmful,NA,NA,Definitely not,Definitely not,Definitely not,6,NA,NA,Extremely harmful,NA,NA,I prefer not to answer,I prefer not to answer,I prefer not to answer,NA,NA,NA,Extremely harmful,NA,NA,Definitely not,Definitely not,Definitely not,1.655,10.16,11.231,7,3,4,4,Extremely harmful,0,1,Definitely not,Definitely not,Definitely not,1.812,17.048,17.613,5,NA,NA,NA,Extremely harmful,NA,NA,Definitely not,Definitely not,Definitely not,NA,NA,NA,Extremely harmful,NA,NA,Definitely not,Definitely not,Definitely not,,People vaping,14,Old Control,1,0,0,0,0,0,0,0,0,1,1,1,3,0,0
R_7DvVhKim5ZgF8U2,14,Yes,NA,NA,NA,,NA,NA,,,,NA,NA,NA,,NA,NA,,,,NA,NA,NA,,NA,NA,,,,NA,NA,NA,,NA,NA,,,,NA,NA,NA,,NA,NA,,,,NA,NA,NA,,NA,NA,,,,75,93,86,Not at all harmful,0,0,Definitely not,Definitely not,Definitely not,100,73,100,Extremely harmful,0,0,Probably not,Definitely not,Probably not,100,59,47,Not at all harmful,0,0,Probably not,Definitely not,Definitely not,78,79,89,Not at all harmful,0,0,Definitely not,Definitely not,Definitely not,100,49,55,Extremely harmful,0,0,Probably not,Definitely not,Probably not,100,61,75,Not at all harmful,0,0,Definitely not,Definitely not,Definitely not,NA,NA,NA,,NA,NA,,,,NA,NA,NA,,NA,NA,,,,NA,NA,NA,,NA,NA,,,,NA,NA,NA,,NA,NA,,,,NA,NA,NA,,NA,NA,,,,NA,NA,NA,,NA,NA,,,,NA,NA,NA,,NA,NA,,,,NA,NA,NA,,NA,NA,,,,NA,NA,NA,,NA,NA,,,,NA,NA,NA,NA,NA,NA,NA,,NA,NA,,,,NA,NA,NA,NA,NA,NA,NA,,NA,NA,,,,NA,NA,NA,,NA,NA,,,,People vaping and exercising,People vaping,14,Old Treat,0,0,0,0,1,0,0,0,0,1,1,1,1,0,0
R_1exi3BMQZX4LVK8,17,Yes,NA,NA,NA,,NA,NA,,,,NA,NA,NA,,NA,NA,,,,NA,NA,NA,,NA,NA,,,,NA,NA,NA,,NA,NA,,,,NA,NA,NA,,NA,NA,,,,NA,NA,NA,,NA,NA,,,,NA,NA,NA,,NA,NA,,,,NA,NA,NA,,NA,NA,,,,NA,NA,NA,,NA,NA,,,,NA,NA,NA,,NA,NA,,,,NA,NA,NA,,NA,NA,,,,NA,NA,NA,,NA,NA,,,,NA,NA,NA,,NA,NA,,,,NA,NA,NA,,NA,NA,,,,NA,NA,NA,,NA,NA,,,,NA,NA,NA,,NA,NA,,,,NA,NA,NA,,NA,NA,,,,NA,NA,NA,,NA,NA,,,,3,38,3,Extremely harmful,1,2,Definitely not,Definitely not,Probably not,0,4,0,Extremely harmful,0,0,Definitely not,Definitely not,Definitely not,4,0,0,Extremely harmful,0,2,Definitely not,Definitely not,Definitely not,1.733,12.074,12.952,2,0,0,0,Extremely harmful,0,0,Definitely not,Definitely not,Definitely not,1.535,12.973,13.868,2,1,1,1,Extremely harmful,0,2,Definitely not,Definitely not,Definitely not,1,8,0,Extremely harmful,0,0,Definitely not,Definitely not,Definitely not,People vaping and exercising,People vaping,17,Old Control,0,0,0,1,0,1,1,0,0,1,1,1,1,0,0
R_1aWhvbJBbMR6zat,14,No,NA,NA,NA,,NA,NA,,,,NA,NA,NA,,NA,NA,,,,NA,NA,NA,,NA,NA,,,,NA,NA,NA,,NA,NA,,,,NA,NA,NA,,NA,NA,,,,NA,NA,NA,,NA,NA,,,,NA,NA,NA,,NA,NA,,,,NA,NA,NA,,NA,NA,,,,NA,NA,NA,,NA,NA,,,,NA,NA,NA,,NA,NA,,,,NA,NA,NA,,NA,NA,,,,NA,NA,NA,,NA,NA,,,,4,3,0,Extremely harmful,0,0,Definitely not,Definitely not,Definitely not,2,1,3,Extremely harmful,0,0,Definitely not,Definitely not,Definitely not,0,0,0,Extremely harmful,0,0,Definitely not,Definitely not,Definitely not,0,0,2,Extremely harmful,0,0,Definitely not,Definitely not,Definitely not,1,3,6,Extremely harmful,0,0,Definitely not,Definitely not,Definitely not,0,0,1,Extremely harmful,0,0,Definitely not,Definitely not,Definitely not,NA,NA,NA,,NA,NA,,,,NA,NA,NA,,NA,NA,,,,NA,NA,NA,,NA,NA,,,,NA,NA,NA,NA,NA,NA,NA,,NA,NA,,,,NA,NA,NA,NA,NA,NA,NA,,NA,NA,,,,NA,NA,NA,,NA,NA,,,,,People vaping,14,Young Control,1,0,0,0,0,0,0,0,0,1,1,1,1,0,0
R_5jUTOnXEddD2tZP,15,No,14,46,1,Somewhat harmful,1,2,Probably not,Probably yes,Probably not,0,0,0,Somewhat harmful,5,6,Probably yes,Probably yes,Probably yes,35,66,45,Slightly harmful,5,5,Probably yes,Probably yes,Probably yes,1,0,4,Somewhat harmful,0,0,Probably not,Probably not,Probably not,44,41,35,Somewhat harmful,6,7,Definitely yes,Definitely yes,Definitely yes,11,11,1,Somewhat harmful,5,3,Probably yes,Probably yes,Probably yes,NA,NA,NA,,NA,NA,,,,NA,NA,NA,,NA,NA,,,,NA,NA,NA,,NA,NA,,,,NA,NA,NA,,NA,NA,,,,NA,NA,NA,,NA,NA,,,,NA,NA,NA,,NA,NA,,,,NA,NA,NA,,NA,NA,,,,NA,NA,NA,,NA,NA,,,,NA,NA,NA,,NA,NA,,,,NA,NA,NA,,NA,NA,,,,NA,NA,NA,,NA,NA,,,,NA,NA,NA,,NA,NA,,,,NA,NA,NA,,NA,NA,,,,NA,NA,NA,,NA,NA,,,,NA,NA,NA,,NA,NA,,,,NA,NA,NA,NA,NA,NA,NA,,NA,NA,,,,NA,NA,NA,NA,NA,NA,NA,,NA,NA,,,,NA,NA,NA,,NA,NA,,,,People vaping and exercising,People vaping,15,Young Treat,1,0,0,0,1,1,0,0,0,5,5,1,1,1,1
R_11BLK8pDJprL2ff,16,No,NA,NA,NA,,NA,NA,,,,NA,NA,NA,,NA,NA,,,,NA,NA,NA,,NA,NA,,,,NA,NA,NA,,NA,NA,,,,NA,NA,NA,,NA,NA,,,,NA,NA,NA,,NA,NA,,,,0,0,0,Extremely harmful,0,0,Definitely not,Definitely not,Definitely not,0,0,40,Extremely harmful,0,0,Probably not,Definitely not,Probably not,51,NA,41,Extremely harmful,0,0,Probably not,Definitely not,Probably not,26,13,20,Extremely harmful,0,0,Probably not,Definitely not,Probably not,0,0,0,Extremely harmful,0,0,Probably not,Definitely not,Definitely not,21,4,14,Extremely harmful,0,0,Probably not,Definitely not,Probably not,NA,NA,NA,,NA,NA,,,,NA,NA,NA,,NA,NA,,,,NA,NA,NA,,NA,NA,,,,NA,NA,NA,,NA,NA,,,,NA,NA,NA,,NA,NA,,,,NA,NA,NA,,NA,NA,,,,NA,NA,NA,,NA,NA,,,,NA,NA,NA,,NA,NA,,,,NA,NA,NA,,NA,NA,,,,NA,NA,NA,NA,NA,NA,NA,,NA,NA,,,,NA,NA,NA,NA,NA,NA,NA,,NA,NA,,,,NA,NA,NA,,NA,NA,,,,People vaping and exercising,People vaping,16,Old Treat,0,1,0,0,0,0,0,0,0,1,1,1,1,0,0
R_5dnAkGEog1s1vIJ,17,Yes,NA,NA,NA,,NA,NA,,,,NA,NA,NA,,NA,NA,,,,NA,NA,NA,,NA,NA,,,,NA,NA,NA,,NA,NA,,,,NA,NA,NA,,NA,NA,,,,NA,NA,NA,,NA,NA,,,,NA,NA,NA,,NA,NA,,,,NA,NA,NA,,NA,NA,,,,NA,NA,NA,,NA,NA,,,,NA,NA,NA,,NA,NA,,,,NA,NA,NA,,NA,NA,,,,NA,NA,NA,,NA,NA,,,,60,23,46,Somewhat harmful,1,1,Probably not,Probably not,Probably not,37,35,5,Somewhat harmful,2,1,Probably yes,Probably yes,Probably not,9,8,25,Very harmful,0,0,Probably not,Probably not,Definitely not,5,8,8,Very harmful,1,1,Probably not,Probably not,Definitely not,15,33,39,Somewhat harmful,1,1,Probably not,Probably not,Definitely not,40,50,75,Somewhat harmful,2,2,Probably yes,Probably yes,Probably not,NA,NA,NA,,NA,NA,,,,NA,NA,NA,,NA,NA,,,,NA,NA,NA,,NA,NA,,,,NA,NA,NA,NA,NA,NA,NA,,NA,NA,,,,NA,NA,NA,NA,NA,NA,NA,,NA,NA,,,,NA,NA,NA,,NA,NA,,,,,People vaping,17,Young Control,0,0,0,1,0,1,1,1,1,2,2,1,1,1,1
R_6uJVa7kBXFV3zee,14,No,NA,NA,NA,,NA,NA,,,,NA,NA,NA,,NA,NA,,,,NA,NA,NA,,NA,NA,,,,NA,NA,NA,,NA,NA,,,,NA,NA,NA,,NA,NA,,,,NA,NA,NA,,NA,NA,,,,NA,NA,NA,,NA,NA,,,,NA,NA,NA,,NA,NA,,,,NA,NA,NA,,NA,NA,,,,NA,NA,NA,,NA,NA,,,,NA,NA,NA,,NA,NA,,,,NA,NA,NA,,NA,NA,,,,NA,NA,NA,,NA,NA,,,,NA,NA,NA,,NA,NA,,,,NA,NA,NA,,NA,NA,,,,NA,NA,NA,,NA,NA,,,,NA,NA,NA,,NA,NA,,,,NA,NA,NA,,NA,NA,,,,NA,NA,NA,Extremely harmful,0,0,Definitely not,Definitely not,Definitely not,NA,NA,NA,Extremely harmful,0,0,Definitely not,Definitely not,Definitely not,NA,NA,NA,Very harmful,0,0,Definitely not,Definitely not,Definitely not,4.501,12.512,14.572,2,NA,NA,NA,Very harmful,0,0,Definitely not,Definitely not,Definitely not,1.954,13.119,13.428,6,NA,NA,NA,Extremely harmful,0,0,Definitely not,Definitely not,Definitely not,NA,NA,NA,Extremely harmful,0,0,Definitely not,Definitely not,Definitely not,,People vaping,14,Old Control,0,0,1,0,0,1,0,0,0,1,1,1,1,0,0
R_5Mq4klA1bh22XXH,17,No,13,11,45,Extremely harmful,0,1,Definitely not,Definitely not,Definitely not,11,17,13,Extremely harmful,1,1,Definitely not,Definitely not,Definitely not,41,25,83,Extremely harmful,1,1,Definitely not,Definitely not,Definitely not,4,3,6,Extremely harmful,0,0,Definitely not,Definitely not,Definitely not,14,10,9,Extremely harmful,0,0,Definitely not,Definitely not,Definitely not,5,5,6,Extremely harmful,0,0,I prefer not to answer,Definitely not,Definitely not,NA,NA,NA,,NA,NA,,,,NA,NA,NA,,NA,NA,,,,NA,NA,NA,,NA,NA,,,,NA,NA,NA,,NA,NA,,,,NA,NA,NA,,NA,NA,,,,NA,NA,NA,,NA,NA,,,,NA,NA,NA,,NA,NA,,,,NA,NA,NA,,NA,NA,,,,NA,NA,NA,,NA,NA,,,,NA,NA,NA,,NA,NA,,,,NA,NA,NA,,NA,NA,,,,NA,NA,NA,,NA,NA,,,,NA,NA,NA,,NA,NA,,,,NA,NA,NA,,NA,NA,,,,NA,NA,NA,,NA,NA,,,,NA,NA,NA,NA,NA,NA,NA,,NA,NA,,,,NA,NA,NA,NA,NA,NA,NA,,NA,NA,,,,NA,NA,NA,,NA,NA,,,,People vaping and exercising,People vaping,17,Young Treat,0,0,0,0,1,1,0,0,0,2,2,1,1,0,0
R_6ZJQlU85n3Br5xD,17,Yes,50,50,50,Slightly harmful,0,0,Definitely not,Definitely not,Definitely not,50,50,50,Slightly harmful,0,0,Definitely not,Definitely not,Definitely not,50,50,50,Somewhat harmful,0,0,Definitely not,Definitely not,Probably yes,50,50,50,Slightly harmful,0,0,Definitely not,Definitely not,Definitely not,50,50,50,Slightly harmful,0,0,Definitely not,Definitely not,Probably not,50,50,50,Slightly harmful,0,0,Definitely not,Definitely not,Probably not,NA,NA,NA,,NA,NA,,,,NA,NA,NA,,NA,NA,,,,NA,NA,NA,,NA,NA,,,,NA,NA,NA,,NA,NA,,,,NA,NA,NA,,NA,NA,,,,NA,NA,NA,,NA,NA,,,,NA,NA,NA,,NA,NA,,,,NA,NA,NA,,NA,NA,,,,NA,NA,NA,,NA,NA,,,,NA,NA,NA,,NA,NA,,,,NA,NA,NA,,NA,NA,,,,NA,NA,NA,,NA,NA,,,,NA,NA,NA,,NA,NA,,,,NA,NA,NA,,NA,NA,,,,NA,NA,NA,,NA,NA,,,,NA,NA,NA,NA,NA,NA,NA,,NA,NA,,,,NA,NA,NA,NA,NA,NA,NA,,NA,NA,,,,NA,NA,NA,,NA,NA,,,,People vaping and exercising,People vaping,17,Young Treat,0,0,0,0,1,1,0,0,0,3,3,1,1,0,0
R_7pKRaSz8GkyinQz,16,Yes,NA,NA,NA,,NA,NA,,,,NA,NA,NA,,NA,NA,,,,NA,NA,NA,,NA,NA,,,,NA,NA,NA,,NA,NA,,,,NA,NA,NA,,NA,NA,,,,NA,NA,NA,,NA,NA,,,,14,4,5,Extremely harmful,0,0,Definitely not,Definitely not,Definitely not,66,28,64,Very harmful,0,0,Definitely not,Definitely not,Definitely not,68,20,23,Very harmful,0,0,Probably not,Definitely not,Definitely not,33,24,9,Very harmful,0,0,Definitely not,Definitely not,Definitely not,9,7,5,Somewhat harmful,1,2,Definitely not,Definitely not,Probably not,8,20,8,Extremely harmful,0,0,Definitely not,Definitely not,Definitely not,NA,NA,NA,,NA,NA,,,,NA,NA,NA,,NA,NA,,,,NA,NA,NA,,NA,NA,,,,NA,NA,NA,,NA,NA,,,,NA,NA,NA,,NA,NA,,,,NA,NA,NA,,NA,NA,,,,NA,NA,NA,,NA,NA,,,,NA,NA,NA,,NA,NA,,,,NA,NA,NA,,NA,NA,,,,NA,NA,NA,NA,NA,NA,NA,,NA,NA,,,,NA,NA,NA,NA,NA,NA,NA,,NA,NA,,,,NA,NA,NA,,NA,NA,,,,People vaping and exercising,People vaping,16,Old Treat,0,0,0,1,0,0,1,0,0,2,2,1,1,0,0
R_6zWFKAPO2yrL44h,15,Yes,NA,NA,NA,,NA,NA,,,,NA,NA,NA,,NA,NA,,,,NA,NA,NA,,NA,NA,,,,NA,NA,NA,,NA,NA,,,,NA,NA,NA,,NA,NA,,,,NA,NA,NA,,NA,NA,,,,0,0,0,Extremely harmful,0,0,Probably not,Definitely not,Definitely not,0,0,0,Extremely harmful,0,0,Probably not,Definitely not,Probably not,0,0,0,Extremely harmful,0,0,Definitely not,Definitely not,Definitely not,0,0,0,Extremely harmful,0,0,Probably not,Definitely not,Definitely not,0,0,0,Extremely harmful,0,0,Definitely not,Definitely not,Definitely not,0,0,0,Extremely harmful,0,0,Probably not,Definitely not,Definitely not,NA,NA,NA,,NA,NA,,,,NA,NA,NA,,NA,NA,,,,NA,NA,NA,,NA,NA,,,,NA,NA,NA,,NA,NA,,,,NA,NA,NA,,NA,NA,,,,NA,NA,NA,,NA,NA,,,,NA,NA,NA,,NA,NA,,,,NA,NA,NA,,NA,NA,,,,NA,NA,NA,,NA,NA,,,,NA,NA,NA,NA,NA,NA,NA,,NA,NA,,,,NA,NA,NA,NA,NA,NA,NA,,NA,NA,,,,NA,NA,NA,,NA,NA,,,,,People vaping,15,Old Treat,1,0,0,0,0,0,0,0,0,2,2,1,1,0,0
R_1Ojkn8XleL4SN6X,17,Yes,NA,NA,NA,,NA,NA,,,,NA,NA,NA,,NA,NA,,,,NA,NA,NA,,NA,NA,,,,NA,NA,NA,,NA,NA,,,,NA,NA,NA,,NA,NA,,,,NA,NA,NA,,NA,NA,,,,NA,NA,NA,,NA,NA,,,,NA,NA,NA,,NA,NA,,,,NA,NA,NA,,NA,NA,,,,NA,NA,NA,,NA,NA,,,,NA,NA,NA,,NA,NA,,,,NA,NA,NA,,NA,NA,,,,NA,NA,NA,,NA,NA,,,,NA,NA,NA,,NA,NA,,,,NA,NA,NA,,NA,NA,,,,NA,NA,NA,,NA,NA,,,,NA,NA,NA,,NA,NA,,,,NA,NA,NA,,NA,NA,,,,10,13,14,Extremely harmful,0,0,Definitely not,Definitely not,Definitely not,9,12,14,Extremely harmful,0,0,Definitely not,Definitely not,Definitely not,8,10,15,Extremely harmful,0,0,Definitely not,Definitely not,Definitely not,3.157,14.255,16.089,2,7,8,10,Extremely harmful,0,0,Definitely not,Definitely not,Definitely not,1.901,17,18.429,2,38,10,17,Extremely harmful,0,0,Definitely not,Definitely not,Definitely not,12,13,13,Extremely harmful,0,0,Definitely not,Definitely not,Definitely not,,People vaping,17,Old Control,1,0,0,0,0,0,1,0,0,1,1,1,2,0,0
R_5qx4LJme9H1QxQB,17,Yes,NA,NA,NA,,NA,NA,,,,NA,NA,NA,,NA,NA,,,,NA,NA,NA,,NA,NA,,,,NA,NA,NA,,NA,NA,,,,NA,NA,NA,,NA,NA,,,,NA,NA,NA,,NA,NA,,,,NA,NA,NA,,NA,NA,,,,NA,NA,NA,,NA,NA,,,,NA,NA,NA,,NA,NA,,,,NA,NA,NA,,NA,NA,,,,NA,NA,NA,,NA,NA,,,,NA,NA,NA,,NA,NA,,,,NA,NA,NA,,NA,NA,,,,NA,NA,NA,,NA,NA,,,,NA,NA,NA,,NA,NA,,,,NA,NA,NA,,NA,NA,,,,NA,NA,NA,,NA,NA,,,,NA,NA,NA,,NA,NA,,,,100,100,71,Extremely harmful,1,1,Probably not,Probably not,Probably not,82,28,50,Extremely harmful,1,1,Probably not,Definitely not,Definitely not,100,72,71,Extremely harmful,1,1,Probably not,Probably not,Probably not,1.48,11.594,12.53,2,100,100,94,Extremely harmful,1,1,Probably not,Probably not,Probably not,1.002,12.717,13.189,2,71,51,53,Extremely harmful,1,1,Probably not,Probably not,Probably not,71,37,50,Extremely harmful,1,1,Probably not,Probably not,Probably not,People vaping and exercising,People vaping,17,Old Control,0,0,0,0,1,0,0,0,0,1,1,1,1,0,0
R_3dMXTH5VSzUiibc,17,Yes,NA,NA,NA,,NA,NA,,,,NA,NA,NA,,NA,NA,,,,NA,NA,NA,,NA,NA,,,,NA,NA,NA,,NA,NA,,,,NA,NA,NA,,NA,NA,,,,NA,NA,NA,,NA,NA,,,,48,50,82,Slightly harmful,1,1,Definitely not,Definitely not,Definitely not,4,5,43,Very harmful,1,1,Definitely not,Definitely not,Definitely not,23,27,56,Very harmful,1,1,Definitely not,Definitely not,Definitely not,6,8,6,Very harmful,1,1,Definitely not,Definitely not,Definitely not,12,10,9,Extremely harmful,1,1,Definitely not,Definitely not,Definitely not,13,18,15,Very harmful,1,1,Definitely not,Definitely not,Definitely not,NA,NA,NA,,NA,NA,,,,NA,NA,NA,,NA,NA,,,,NA,NA,NA,,NA,NA,,,,NA,NA,NA,,NA,NA,,,,NA,NA,NA,,NA,NA,,,,NA,NA,NA,,NA,NA,,,,NA,NA,NA,,NA,NA,,,,NA,NA,NA,,NA,NA,,,,NA,NA,NA,,NA,NA,,,,NA,NA,NA,NA,NA,NA,NA,,NA,NA,,,,NA,NA,NA,NA,NA,NA,NA,,NA,NA,,,,NA,NA,NA,,NA,NA,,,,People vaping and exercising,People vaping,17,Old Treat,1,0,0,0,0,0,0,0,0,1,1,1,1,0,0
R_6tLMZTY7T7enBTw,16,No,10,0,8,Extremely harmful,0,0,Probably not,Probably not,Definitely not,9,7,8,Very harmful,0,1,Probably not,Probably not,Definitely not,20,18,0,Somewhat harmful,1,0,Probably not,Probably not,Definitely not,19,6,0,Very harmful,1,1,Probably not,Definitely not,Probably not,0,0,19,Extremely harmful,1,1,Definitely not,Definitely not,Definitely not,18,8,22,Extremely harmful,1,1,Probably not,Probably not,Definitely not,NA,NA,NA,,NA,NA,,,,NA,NA,NA,,NA,NA,,,,NA,NA,NA,,NA,NA,,,,NA,NA,NA,,NA,NA,,,,NA,NA,NA,,NA,NA,,,,NA,NA,NA,,NA,NA,,,,NA,NA,NA,,NA,NA,,,,NA,NA,NA,,NA,NA,,,,NA,NA,NA,,NA,NA,,,,NA,NA,NA,,NA,NA,,,,NA,NA,NA,,NA,NA,,,,NA,NA,NA,,NA,NA,,,,NA,NA,NA,,NA,NA,,,,NA,NA,NA,,NA,NA,,,,NA,NA,NA,,NA,NA,,,,NA,NA,NA,NA,NA,NA,NA,,NA,NA,,,,NA,NA,NA,NA,NA,NA,NA,,NA,NA,,,,NA,NA,NA,,NA,NA,,,,People vaping and exercising,People vaping,16,Young Treat,1,0,0,0,0,0,1,0,0,1,1,1,1,0,0
R_1R1rmOaFuChni2R,14,Yes,NA,NA,NA,,NA,NA,,,,NA,NA,NA,,NA,NA,,,,NA,NA,NA,,NA,NA,,,,NA,NA,NA,,NA,NA,,,,NA,NA,NA,,NA,NA,,,,NA,NA,NA,,NA,NA,,,,NA,NA,NA,,NA,NA,,,,NA,NA,NA,,NA,NA,,,,NA,NA,NA,,NA,NA,,,,NA,NA,NA,,NA,NA,,,,NA,NA,NA,,NA,NA,,,,NA,NA,NA,,NA,NA,,,,35,40,4,Somewhat harmful,5,5,Probably yes,Probably not,Definitely not,24,23,40,Very harmful,2,4,Probably yes,Definitely not,Definitely not,0,0,30,Somewhat harmful,2,4,Probably yes,Probably not,Definitely not,0,0,0,Very harmful,0,0,Definitely not,Definitely not,Definitely not,10,14,21,Extremely harmful,1,0,Definitely not,Definitely not,Definitely not,17,21,13,Extremely harmful,1,1,Definitely not,Definitely not,Definitely not,NA,NA,NA,,NA,NA,,,,NA,NA,NA,,NA,NA,,,,NA,NA,NA,,NA,NA,,,,NA,NA,NA,NA,NA,NA,NA,,NA,NA,,,,NA,NA,NA,NA,NA,NA,NA,,NA,NA,,,,NA,NA,NA,,NA,NA,,,,,People vaping,14,Young Control,0,0,0,1,0,0,1,0,0,3,3,1,1,0,0
R_1rDvDg9h58m2Fk5,17,Yes,18,13,18,Extremely harmful,0,0,Definitely not,Definitely not,Probably not,62,63,56,Extremely harmful,0,0,Definitely not,Definitely not,Probably not,NA,60,NA,Extremely harmful,0,0,Definitely not,Definitely not,Probably not,30,34,25,Extremely harmful,0,0,Definitely not,Definitely not,Probably not,51,45,36,Extremely harmful,0,0,Definitely not,Definitely not,Probably not,14,10,55,Extremely harmful,0,0,Definitely not,Definitely not,Probably not,NA,NA,NA,,NA,NA,,,,NA,NA,NA,,NA,NA,,,,NA,NA,NA,,NA,NA,,,,NA,NA,NA,,NA,NA,,,,NA,NA,NA,,NA,NA,,,,NA,NA,NA,,NA,NA,,,,NA,NA,NA,,NA,NA,,,,NA,NA,NA,,NA,NA,,,,NA,NA,NA,,NA,NA,,,,NA,NA,NA,,NA,NA,,,,NA,NA,NA,,NA,NA,,,,NA,NA,NA,,NA,NA,,,,NA,NA,NA,,NA,NA,,,,NA,NA,NA,,NA,NA,,,,NA,NA,NA,,NA,NA,,,,NA,NA,NA,NA,NA,NA,NA,,NA,NA,,,,NA,NA,NA,NA,NA,NA,NA,,NA,NA,,,,NA,NA,NA,,NA,NA,,,,People vaping and exercising,People vaping,17,Young Treat,0,0,0,0,0,0,0,0,0,1,1,1,1,0,0
R_6ilCz0tSghM6SZD,16,No,NA,NA,NA,,NA,NA,,,,NA,NA,NA,,NA,NA,,,,NA,NA,NA,,NA,NA,,,,NA,NA,NA,,NA,NA,,,,NA,NA,NA,,NA,NA,,,,NA,NA,NA,,NA,NA,,,,NA,NA,NA,,NA,NA,,,,NA,NA,NA,,NA,NA,,,,NA,NA,NA,,NA,NA,,,,NA,NA,NA,,NA,NA,,,,NA,NA,NA,,NA,NA,,,,NA,NA,NA,,NA,NA,,,,17,24,40,Extremely harmful,0,0,Probably yes,Definitely not,Definitely yes,0,0,0,Extremely harmful,0,0,Definitely not,Definitely not,Definitely not,0,0,10,Extremely harmful,0,0,Definitely not,Definitely not,Definitely not,0,0,0,Extremely harmful,0,0,Probably yes,Probably not,Probably yes,0,0,0,Extremely harmful,0,0,Definitely yes,Definitely not,Definitely not,0,0,0,Extremely harmful,0,0,Definitely not,Definitely not,Definitely not,NA,NA,NA,,NA,NA,,,,NA,NA,NA,,NA,NA,,,,NA,NA,NA,,NA,NA,,,,NA,NA,NA,NA,NA,NA,NA,,NA,NA,,,,NA,NA,NA,NA,NA,NA,NA,,NA,NA,,,,NA,NA,NA,,NA,NA,,,,,People vaping,16,Young Control,1,0,0,0,0,1,0,0,0,1,1,1,1,0,0
R_1yru4RK0ndyd3As,16,Yes,NA,NA,NA,,NA,NA,,,,NA,NA,NA,,NA,NA,,,,NA,NA,NA,,NA,NA,,,,NA,NA,NA,,NA,NA,,,,NA,NA,NA,,NA,NA,,,,NA,NA,NA,,NA,NA,,,,0,0,0,Extremely harmful,0,0,Definitely not,Definitely not,Definitely not,0,0,0,Extremely harmful,0,0,Definitely not,Definitely not,Definitely not,1,0,0,Extremely harmful,NA,NA,Definitely not,Definitely not,Definitely not,0,0,0,Extremely harmful,0,0,Definitely not,Definitely not,Definitely not,0,0,0,Extremely harmful,NA,NA,Definitely not,Definitely not,Definitely not,NA,NA,NA,Extremely harmful,NA,NA,Definitely not,Definitely not,Definitely not,NA,NA,NA,,NA,NA,,,,NA,NA,NA,,NA,NA,,,,NA,NA,NA,,NA,NA,,,,NA,NA,NA,,NA,NA,,,,NA,NA,NA,,NA,NA,,,,NA,NA,NA,,NA,NA,,,,NA,NA,NA,,NA,NA,,,,NA,NA,NA,,NA,NA,,,,NA,NA,NA,,NA,NA,,,,NA,NA,NA,NA,NA,NA,NA,,NA,NA,,,,NA,NA,NA,NA,NA,NA,NA,,NA,NA,,,,NA,NA,NA,,NA,NA,,,,,People vaping,16,Old Treat,0,0,0,0,1,0,0,0,0,1,1,1,1,0,0
R_6hN634xlkuYZMKl,16,Yes,NA,NA,NA,,NA,NA,,,,NA,NA,NA,,NA,NA,,,,NA,NA,NA,,NA,NA,,,,NA,NA,NA,,NA,NA,,,,NA,NA,NA,,NA,NA,,,,NA,NA,NA,,NA,NA,,,,NA,NA,NA,,NA,NA,,,,NA,NA,NA,,NA,NA,,,,NA,NA,NA,,NA,NA,,,,NA,NA,NA,,NA,NA,,,,NA,NA,NA,,NA,NA,,,,NA,NA,NA,,NA,NA,,,,NA,NA,NA,,NA,NA,,,,NA,NA,NA,,NA,NA,,,,NA,NA,NA,,NA,NA,,,,NA,NA,NA,,NA,NA,,,,NA,NA,NA,,NA,NA,,,,NA,NA,NA,,NA,NA,,,,9,10,33,Extremely harmful,0,0,Definitely not,Definitely not,Definitely not,30,30,20,Very harmful,0,2,Definitely not,Definitely not,Definitely not,22,11,30,Extremely harmful,0,0,Definitely not,Definitely not,Definitely not,2.198,2.524,12.6,2,4,5,3,Extremely harmful,0,0,Definitely not,Definitely not,Definitely not,1.784,10.036,11.945,3,6,7,7,Extremely harmful,0,3,Definitely not,Definitely not,Definitely not,6,3,10,Extremely harmful,0,0,Definitely not,Definitely not,Definitely not,,People vaping,16,Old Control,0,0,0,0,1,0,0,0,0,1,1,1,1,0,0
R_1lBQuCl6FwweyGd,17,Yes,NA,NA,NA,,NA,NA,,,,NA,NA,NA,,NA,NA,,,,NA,NA,NA,,NA,NA,,,,NA,NA,NA,,NA,NA,,,,NA,NA,NA,,NA,NA,,,,NA,NA,NA,,NA,NA,,,,NA,NA,NA,,NA,NA,,,,NA,NA,NA,,NA,NA,,,,NA,NA,NA,,NA,NA,,,,NA,NA,NA,,NA,NA,,,,NA,NA,NA,,NA,NA,,,,NA,NA,NA,,NA,NA,,,,NA,NA,NA,,NA,NA,,,,NA,NA,NA,,NA,NA,,,,NA,NA,NA,,NA,NA,,,,NA,NA,NA,,NA,NA,,,,NA,NA,NA,,NA,NA,,,,NA,NA,NA,,NA,NA,,,,NA,NA,NA,Somewhat harmful,NA,NA,Probably yes,Probably not,Definitely not,NA,NA,NA,Somewhat harmful,NA,NA,Definitely yes,Probably yes,Definitely not,NA,NA,NA,Somewhat harmful,NA,NA,Definitely yes,Definitely yes,Definitely yes,2.001,14.336,15.239,3,50,50,50,Somewhat harmful,NA,NA,Probably yes,Definitely not,Definitely not,1.301,12.329,13.175,2,NA,NA,NA,Somewhat harmful,NA,NA,Definitely yes,Probably yes,Probably yes,NA,NA,NA,Somewhat harmful,NA,NA,Probably yes,Probably not,Definitely not,People vaping and exercising,People vaping,17,Old Control,0,0,1,0,0,0,0,0,0,3,3,1,1,0,0
R_1DTWfLvIHSzCU6Z,17,Yes,NA,NA,NA,,NA,NA,,,,NA,NA,NA,,NA,NA,,,,NA,NA,NA,,NA,NA,,,,NA,NA,NA,,NA,NA,,,,NA,NA,NA,,NA,NA,,,,NA,NA,NA,,NA,NA,,,,NA,NA,NA,,NA,NA,,,,NA,NA,NA,,NA,NA,,,,NA,NA,NA,,NA,NA,,,,NA,NA,NA,,NA,NA,,,,NA,NA,NA,,NA,NA,,,,NA,NA,NA,,NA,NA,,,,12,22,21,Extremely harmful,1,2,Definitely not,Definitely not,Definitely not,27,24,44,Extremely harmful,0,0,Definitely not,Definitely not,Definitely not,10,6,12,Extremely harmful,0,0,Definitely not,Definitely not,Definitely not,7,7,10,Extremely harmful,0,1,Definitely not,Definitely not,Definitely not,16,9,21,Extremely harmful,0,0,Definitely not,Definitely not,Definitely not,14,8,5,Extremely harmful,0,0,Definitely not,Definitely not,Definitely not,NA,NA,NA,,NA,NA,,,,NA,NA,NA,,NA,NA,,,,NA,NA,NA,,NA,NA,,,,NA,NA,NA,NA,NA,NA,NA,,NA,NA,,,,NA,NA,NA,NA,NA,NA,NA,,NA,NA,,,,NA,NA,NA,,NA,NA,,,,,People vaping,17,Young Control,0,0,0,0,1,0,0,0,0,2,2,1,1,1,1
R_7JKhloB5jqM2SxY,14,Yes,NA,NA,NA,,NA,NA,,,,NA,NA,NA,,NA,NA,,,,NA,NA,NA,,NA,NA,,,,NA,NA,NA,,NA,NA,,,,NA,NA,NA,,NA,NA,,,,NA,NA,NA,,NA,NA,,,,NA,NA,NA,,NA,NA,,,,NA,NA,NA,,NA,NA,,,,NA,NA,NA,,NA,NA,,,,NA,NA,NA,,NA,NA,,,,NA,NA,NA,,NA,NA,,,,NA,NA,NA,,NA,NA,,,,16,0,3,Extremely harmful,0,0,Definitely not,Definitely not,Definitely not,0,0,0,Extremely harmful,0,0,Definitely not,Definitely not,Definitely not,1,0,0,Extremely harmful,0,0,Definitely not,Definitely not,Definitely not,0,0,0,Extremely harmful,0,0,Definitely not,Definitely not,Definitely not,0,0,0,Extremely harmful,0,0,Definitely not,Definitely not,Definitely not,0,0,0,Extremely harmful,0,0,Definitely not,Definitely not,Definitely not,NA,NA,NA,,NA,NA,,,,NA,NA,NA,,NA,NA,,,,NA,NA,NA,,NA,NA,,,,NA,NA,NA,NA,NA,NA,NA,,NA,NA,,,,NA,NA,NA,NA,NA,NA,NA,,NA,NA,,,,NA,NA,NA,,NA,NA,,,,,People vaping,14,Young Control,1,0,0,0,0,0,0,0,0,1,1,1,1,0,0
R_7mP3iuk0uNdas3x,17,Yes,NA,NA,NA,,NA,NA,,,,NA,NA,NA,,NA,NA,,,,NA,NA,NA,,NA,NA,,,,NA,NA,NA,,NA,NA,,,,NA,NA,NA,,NA,NA,,,,NA,NA,NA,,NA,NA,,,,NA,NA,NA,Very harmful,0,0,Definitely not,Definitely not,Definitely not,75,78,NA,Very harmful,NA,NA,Definitely not,Definitely not,Definitely not,83,84,NA,Very harmful,NA,NA,Definitely not,Definitely not,Definitely not,50,30,NA,Very harmful,NA,NA,Definitely not,Definitely not,Definitely not,35,50,44,Very harmful,0,0,Definitely not,Definitely not,Definitely not,NA,NA,NA,Very harmful,NA,NA,Definitely not,Definitely not,Definitely not,NA,NA,NA,,NA,NA,,,,NA,NA,NA,,NA,NA,,,,NA,NA,NA,,NA,NA,,,,NA,NA,NA,,NA,NA,,,,NA,NA,NA,,NA,NA,,,,NA,NA,NA,,NA,NA,,,,NA,NA,NA,,NA,NA,,,,NA,NA,NA,,NA,NA,,,,NA,NA,NA,,NA,NA,,,,NA,NA,NA,NA,NA,NA,NA,,NA,NA,,,,NA,NA,NA,NA,NA,NA,NA,,NA,NA,,,,NA,NA,NA,,NA,NA,,,,People vaping and exercising,,17,Old Treat,0,0,0,0,0,1,0,0,0,NA,NA,1,1,1,1
R_3PIog9QxI0aebQt,17,Yes,16,17,16,Extremely harmful,0,0,Definitely not,Definitely not,Definitely not,17,18,32,Extremely harmful,0,0,Definitely not,Definitely not,Definitely not,7,19,40,Extremely harmful,0,0,Definitely not,Definitely not,Definitely not,23,18,36,Extremely harmful,0,0,Definitely not,Definitely not,Definitely not,9,12,23,Extremely harmful,0,0,Definitely not,Definitely not,Definitely not,18,16,23,Extremely harmful,0,0,Definitely not,Definitely not,Definitely not,NA,NA,NA,,NA,NA,,,,NA,NA,NA,,NA,NA,,,,NA,NA,NA,,NA,NA,,,,NA,NA,NA,,NA,NA,,,,NA,NA,NA,,NA,NA,,,,NA,NA,NA,,NA,NA,,,,NA,NA,NA,,NA,NA,,,,NA,NA,NA,,NA,NA,,,,NA,NA,NA,,NA,NA,,,,NA,NA,NA,,NA,NA,,,,NA,NA,NA,,NA,NA,,,,NA,NA,NA,,NA,NA,,,,NA,NA,NA,,NA,NA,,,,NA,NA,NA,,NA,NA,,,,NA,NA,NA,,NA,NA,,,,NA,NA,NA,NA,NA,NA,NA,,NA,NA,,,,NA,NA,NA,NA,NA,NA,NA,,NA,NA,,,,NA,NA,NA,,NA,NA,,,,People vaping and exercising,People vaping,17,Young Treat,0,0,0,0,1,0,0,0,0,1,1,1,1,0,0
R_6lfBlJ1D2PSwzct,16,Yes,NA,NA,NA,,NA,NA,,,,NA,NA,NA,,NA,NA,,,,NA,NA,NA,,NA,NA,,,,NA,NA,NA,,NA,NA,,,,NA,NA,NA,,NA,NA,,,,NA,NA,NA,,NA,NA,,,,5,2,2,Very harmful,0,0,Probably not,Definitely not,Definitely not,0,0,0,Very harmful,0,0,Probably yes,Definitely not,Definitely not,3,0,0,Very harmful,0,0,Probably yes,Probably yes,Probably yes,0,0,0,Extremely harmful,0,0,Definitely not,Definitely not,Definitely not,0,1,1,Extremely harmful,0,0,Definitely not,Definitely not,Definitely not,0,0,0,Extremely harmful,0,0,Definitely not,Definitely not,Definitely not,NA,NA,NA,,NA,NA,,,,NA,NA,NA,,NA,NA,,,,NA,NA,NA,,NA,NA,,,,NA,NA,NA,,NA,NA,,,,NA,NA,NA,,NA,NA,,,,NA,NA,NA,,NA,NA,,,,NA,NA,NA,,NA,NA,,,,NA,NA,NA,,NA,NA,,,,NA,NA,NA,,NA,NA,,,,NA,NA,NA,NA,NA,NA,NA,,NA,NA,,,,NA,NA,NA,NA,NA,NA,NA,,NA,NA,,,,NA,NA,NA,,NA,NA,,,,People vaping and exercising,People vaping,16,Old Treat,0,0,0,0,1,0,1,1,1,2,2,1,1,1,0
R_1mqJZagv8d8p5M8,15,No,NA,NA,NA,,NA,NA,,,,NA,NA,NA,,NA,NA,,,,NA,NA,NA,,NA,NA,,,,NA,NA,NA,,NA,NA,,,,NA,NA,NA,,NA,NA,,,,NA,NA,NA,,NA,NA,,,,NA,NA,NA,,NA,NA,,,,NA,NA,NA,,NA,NA,,,,NA,NA,NA,,NA,NA,,,,NA,NA,NA,,NA,NA,,,,NA,NA,NA,,NA,NA,,,,NA,NA,NA,,NA,NA,,,,75,70,79,Somewhat harmful,5,5,Probably yes,Probably yes,Probably yes,77,75,73,Somewhat harmful,5,5,Probably yes,Probably yes,Probably yes,74,77,76,Somewhat harmful,6,5,Probably yes,Probably yes,Probably yes,70,68,75,Somewhat harmful,5,5,Probably yes,Probably yes,Probably yes,74,70,70,Somewhat harmful,5,5,Probably yes,Probably yes,Probably yes,77,75,74,Somewhat harmful,5,6,Probably yes,Probably yes,Probably yes,NA,NA,NA,,NA,NA,,,,NA,NA,NA,,NA,NA,,,,NA,NA,NA,,NA,NA,,,,NA,NA,NA,NA,NA,NA,NA,,NA,NA,,,,NA,NA,NA,NA,NA,NA,NA,,NA,NA,,,,NA,NA,NA,,NA,NA,,,,,People vaping,15,Young Control,0,0,1,0,0,0,0,1,1,3,3,1,1,1,1
R_1X1l6i5mLb0eNbP,16,I prefer not to answer,NA,NA,NA,,NA,NA,,,,NA,NA,NA,,NA,NA,,,,NA,NA,NA,,NA,NA,,,,NA,NA,NA,,NA,NA,,,,NA,NA,NA,,NA,NA,,,,NA,NA,NA,,NA,NA,,,,NA,NA,NA,,NA,NA,,,,NA,NA,NA,,NA,NA,,,,NA,NA,NA,,NA,NA,,,,NA,NA,NA,,NA,NA,,,,NA,NA,NA,,NA,NA,,,,NA,NA,NA,,NA,NA,,,,NA,NA,NA,,NA,NA,,,,NA,NA,NA,,NA,NA,,,,NA,NA,NA,,NA,NA,,,,NA,NA,NA,,NA,NA,,,,NA,NA,NA,,NA,NA,,,,NA,NA,NA,,NA,NA,,,,15,9,2,Very harmful,1,0,Probably not,Definitely not,Definitely not,64,59,10,Somewhat harmful,1,0,Probably not,Probably not,Probably not,43,51,45,Slightly harmful,2,1,Probably yes,Probably yes,Probably not,1.977,17.679,18.101,6,19,12,14,Very harmful,1,0,Probably yes,Probably yes,Probably not,2.541,21.281,22.201,6,39,26,25,Very harmful,1,1,Definitely not,Definitely not,Probably yes,26,42,72,Extremely harmful,0,0,Definitely not,Definitely not,Probably yes,,People vaping,16,Old Control,1,0,0,0,0,1,1,0,0,2,2,1,1,0,0
R_6iMpmBFQZWSiT3H,15,No,NA,NA,NA,,NA,NA,,,,NA,NA,NA,,NA,NA,,,,NA,NA,NA,,NA,NA,,,,NA,NA,NA,,NA,NA,,,,NA,NA,NA,,NA,NA,,,,NA,NA,NA,,NA,NA,,,,NA,NA,NA,,NA,NA,,,,NA,NA,NA,,NA,NA,,,,NA,NA,NA,,NA,NA,,,,NA,NA,NA,,NA,NA,,,,NA,NA,NA,,NA,NA,,,,NA,NA,NA,,NA,NA,,,,76,78,77,Slightly harmful,5,5,Probably yes,Probably yes,Probably yes,63,78,73,Somewhat harmful,3,2,Probably yes,Probably yes,Probably yes,87,71,71,Slightly harmful,4,6,Probably yes,Probably yes,Probably yes,76,77,NA,Somewhat harmful,NA,NA,Probably yes,Probably yes,Probably yes,71,74,72,Slightly harmful,4,4,Probably yes,Probably yes,Probably yes,68,79,82,Slightly harmful,5,5,Probably yes,Probably yes,Probably yes,NA,NA,NA,,NA,NA,,,,NA,NA,NA,,NA,NA,,,,NA,NA,NA,,NA,NA,,,,NA,NA,NA,NA,NA,NA,NA,,NA,NA,,,,NA,NA,NA,NA,NA,NA,NA,,NA,NA,,,,NA,NA,NA,,NA,NA,,,,,People vaping,15,Young Control,0,0,1,0,0,1,0,1,1,4,4,1,1,1,1
R_3QzFNGgFjtdG1bj,15,No,80,90,80,Slightly harmful,4,5,Probably yes,Probably yes,Probably yes,71,68,73,Slightly harmful,5,5,Probably yes,Probably yes,Probably yes,85,83,68,Slightly harmful,4,6,Probably yes,Probably yes,Probably yes,78,75,76,Slightly harmful,5,6,Probably yes,Probably yes,Probably yes,73,62,69,Slightly harmful,4,5,Probably yes,Probably yes,Probably yes,79,66,74,Slightly harmful,6,3,Probably yes,Probably yes,Probably yes,NA,NA,NA,,NA,NA,,,,NA,NA,NA,,NA,NA,,,,NA,NA,NA,,NA,NA,,,,NA,NA,NA,,NA,NA,,,,NA,NA,NA,,NA,NA,,,,NA,NA,NA,,NA,NA,,,,NA,NA,NA,,NA,NA,,,,NA,NA,NA,,NA,NA,,,,NA,NA,NA,,NA,NA,,,,NA,NA,NA,,NA,NA,,,,NA,NA,NA,,NA,NA,,,,NA,NA,NA,,NA,NA,,,,NA,NA,NA,,NA,NA,,,,NA,NA,NA,,NA,NA,,,,NA,NA,NA,,NA,NA,,,,NA,NA,NA,NA,NA,NA,NA,,NA,NA,,,,NA,NA,NA,NA,NA,NA,NA,,NA,NA,,,,NA,NA,NA,,NA,NA,,,,,People vaping,15,Young Treat,0,0,1,0,0,1,0,1,1,4,4,1,1,1,1
R_1WNCBQqzLc2PIzc,15,No,NA,NA,NA,,NA,NA,,,,NA,NA,NA,,NA,NA,,,,NA,NA,NA,,NA,NA,,,,NA,NA,NA,,NA,NA,,,,NA,NA,NA,,NA,NA,,,,NA,NA,NA,,NA,NA,,,,70,67,83,Slightly harmful,6,6,Probably yes,Probably yes,Probably yes,NA,NA,NA,Somewhat harmful,6,5,Probably yes,Probably yes,Probably yes,77,78,78,Slightly harmful,5,5,Probably yes,Probably yes,Probably yes,74,85,81,Slightly harmful,5,5,Probably yes,Probably yes,Probably yes,72,77,79,Slightly harmful,6,5,Probably yes,Probably yes,Probably yes,68,63,67,Somewhat harmful,4,4,Probably yes,Probably yes,Probably yes,NA,NA,NA,,NA,NA,,,,NA,NA,NA,,NA,NA,,,,NA,NA,NA,,NA,NA,,,,NA,NA,NA,,NA,NA,,,,NA,NA,NA,,NA,NA,,,,NA,NA,NA,,NA,NA,,,,NA,NA,NA,,NA,NA,,,,NA,NA,NA,,NA,NA,,,,NA,NA,NA,,NA,NA,,,,NA,NA,NA,NA,NA,NA,NA,,NA,NA,,,,NA,NA,NA,NA,NA,NA,NA,,NA,NA,,,,NA,NA,NA,,NA,NA,,,,,People vaping,15,Old Treat,0,0,1,0,0,1,0,1,1,4,4,1,1,1,1
R_740KG4RDI9oQKr4,15,No,NA,NA,NA,,NA,NA,,,,NA,NA,NA,,NA,NA,,,,NA,NA,NA,,NA,NA,,,,NA,NA,NA,,NA,NA,,,,NA,NA,NA,,NA,NA,,,,NA,NA,NA,,NA,NA,,,,NA,NA,NA,,NA,NA,,,,NA,NA,NA,,NA,NA,,,,NA,NA,NA,,NA,NA,,,,NA,NA,NA,,NA,NA,,,,NA,NA,NA,,NA,NA,,,,NA,NA,NA,,NA,NA,,,,NA,NA,NA,,NA,NA,,,,NA,NA,NA,,NA,NA,,,,NA,NA,NA,,NA,NA,,,,NA,NA,NA,,NA,NA,,,,NA,NA,NA,,NA,NA,,,,NA,NA,NA,,NA,NA,,,,6,6,6,Extremely harmful,1,1,Definitely not,Definitely not,Definitely not,21,17,18,Very harmful,2,2,Probably not,Probably not,Probably not,24,23,19,Very harmful,1,1,Probably not,Probably not,Probably not,0,0,21.937,0,69,84,62,Very harmful,3,1,Probably yes,Probably yes,Definitely yes,0,0,16.783,0,90,86,82,Somewhat harmful,5,5,Probably yes,Probably yes,Probably yes,16,15,12,Very harmful,1,1,Probably not,Probably not,Probably not,,People vaping,15,Old Control,1,0,0,0,0,0,0,0,0,3,3,1,3,0,0
R_1BowpYSByMNuf4Z,15,Yes,NA,NA,NA,,NA,NA,,,,NA,NA,NA,,NA,NA,,,,NA,NA,NA,,NA,NA,,,,NA,NA,NA,,NA,NA,,,,NA,NA,NA,,NA,NA,,,,NA,NA,NA,,NA,NA,,,,75,76,71,Somewhat harmful,5,5,Probably yes,Probably yes,Probably yes,75,70,73,Somewhat harmful,5,6,Probably yes,Probably yes,Probably yes,67,72,75,Somewhat harmful,5,5,Probably yes,Probably yes,Probably yes,64,66,71,Somewhat harmful,5,5,Probably yes,Probably yes,Probably yes,75,80,80,Somewhat harmful,5,5,Probably yes,Probably yes,Probably yes,77,78,77,Somewhat harmful,5,5,Probably yes,Probably yes,Probably yes,NA,NA,NA,,NA,NA,,,,NA,NA,NA,,NA,NA,,,,NA,NA,NA,,NA,NA,,,,NA,NA,NA,,NA,NA,,,,NA,NA,NA,,NA,NA,,,,NA,NA,NA,,NA,NA,,,,NA,NA,NA,,NA,NA,,,,NA,NA,NA,,NA,NA,,,,NA,NA,NA,,NA,NA,,,,NA,NA,NA,NA,NA,NA,NA,,NA,NA,,,,NA,NA,NA,NA,NA,NA,NA,,NA,NA,,,,NA,NA,NA,,NA,NA,,,,,People vaping,15,Old Treat,0,0,1,0,0,0,0,1,1,4,4,1,2,1,0
R_7pnzbNYR2zEivVw,15,Yes,NA,NA,NA,,NA,NA,,,,NA,NA,NA,,NA,NA,,,,NA,NA,NA,,NA,NA,,,,NA,NA,NA,,NA,NA,,,,NA,NA,NA,,NA,NA,,,,NA,NA,NA,,NA,NA,,,,NA,NA,NA,,NA,NA,,,,NA,NA,NA,,NA,NA,,,,NA,NA,NA,,NA,NA,,,,NA,NA,NA,,NA,NA,,,,NA,NA,NA,,NA,NA,,,,NA,NA,NA,,NA,NA,,,,NA,NA,NA,,NA,NA,,,,NA,NA,NA,,NA,NA,,,,NA,NA,NA,,NA,NA,,,,NA,NA,NA,,NA,NA,,,,NA,NA,NA,,NA,NA,,,,NA,NA,NA,,NA,NA,,,,77,83,82,Slightly harmful,5,5,Probably yes,Probably yes,Probably yes,73,75,74,Slightly harmful,4,4,Probably yes,Probably yes,Probably yes,80,80,72,Slightly harmful,5,5,Probably yes,Probably yes,Probably yes,0,0,20.289,0,74,81,80,Slightly harmful,5,5,Probably yes,Probably yes,Probably yes,0,0,16.917,0,68,78,77,Slightly harmful,5,5,Probably yes,Probably yes,Probably yes,77,78,75,Slightly harmful,5,5,Probably yes,Probably yes,Probably yes,,People vaping,15,Old Control,0,0,1,0,0,1,0,1,1,4,4,1,1,1,0
R_3VgUdmnBE6Yosdf,15,Yes,NA,NA,NA,,NA,NA,,,,NA,NA,NA,,NA,NA,,,,NA,NA,NA,,NA,NA,,,,NA,NA,NA,,NA,NA,,,,NA,NA,NA,,NA,NA,,,,NA,NA,NA,,NA,NA,,,,NA,NA,NA,,NA,NA,,,,NA,NA,NA,,NA,NA,,,,NA,NA,NA,,NA,NA,,,,NA,NA,NA,,NA,NA,,,,NA,NA,NA,,NA,NA,,,,NA,NA,NA,,NA,NA,,,,NA,NA,NA,,NA,NA,,,,NA,NA,NA,,NA,NA,,,,NA,NA,NA,,NA,NA,,,,NA,NA,NA,,NA,NA,,,,NA,NA,NA,,NA,NA,,,,NA,NA,NA,,NA,NA,,,,65,65,61,Very harmful,5,5,Probably yes,Probably yes,Probably yes,64,73,64,Somewhat harmful,5,4,Probably not,Probably not,Probably not,74,68,67,Very harmful,5,5,Probably yes,Probably yes,Probably yes,0,0,12.541,0,69,71,66,Very harmful,4,5,Probably yes,Probably yes,Probably yes,0,0,22.113,0,64,67,63,Very harmful,4,4,Probably yes,Definitely yes,Probably yes,72,66,64,Somewhat harmful,5,5,Probably yes,Probably yes,Definitely yes,,People vaping,15,Old Control,0,0,1,0,0,0,1,1,1,3,3,1,2,1,1
R_12Phd55lrFTOKoM,15,Yes,85,82,79,Slightly harmful,6,6,Definitely yes,Definitely yes,Definitely yes,78,77,76,Slightly harmful,5,6,Probably yes,Definitely yes,Definitely yes,79,81,81,Slightly harmful,5,6,Definitely yes,Definitely yes,Definitely yes,77,80,79,Slightly harmful,5,6,Definitely yes,Definitely yes,Definitely yes,75,72,74,Slightly harmful,5,5,Probably not,Probably yes,Definitely yes,77,78,76,Slightly harmful,5,6,Definitely yes,Definitely yes,Definitely yes,NA,NA,NA,,NA,NA,,,,NA,NA,NA,,NA,NA,,,,NA,NA,NA,,NA,NA,,,,NA,NA,NA,,NA,NA,,,,NA,NA,NA,,NA,NA,,,,NA,NA,NA,,NA,NA,,,,NA,NA,NA,,NA,NA,,,,NA,NA,NA,,NA,NA,,,,NA,NA,NA,,NA,NA,,,,NA,NA,NA,,NA,NA,,,,NA,NA,NA,,NA,NA,,,,NA,NA,NA,,NA,NA,,,,NA,NA,NA,,NA,NA,,,,NA,NA,NA,,NA,NA,,,,NA,NA,NA,,NA,NA,,,,NA,NA,NA,NA,NA,NA,NA,,NA,NA,,,,NA,NA,NA,NA,NA,NA,NA,,NA,NA,,,,NA,NA,NA,,NA,NA,,,,People vaping and exercising,People vaping,15,Young Treat,0,0,1,0,0,0,1,1,1,3,3,1,1,1,1
R_5nMzDiHOoKp6m89,15,Yes,NA,NA,NA,,NA,NA,,,,NA,NA,NA,,NA,NA,,,,NA,NA,NA,,NA,NA,,,,NA,NA,NA,,NA,NA,,,,NA,NA,NA,,NA,NA,,,,NA,NA,NA,,NA,NA,,,,NA,NA,NA,,NA,NA,,,,NA,NA,NA,,NA,NA,,,,NA,NA,NA,,NA,NA,,,,NA,NA,NA,,NA,NA,,,,NA,NA,NA,,NA,NA,,,,NA,NA,NA,,NA,NA,,,,NA,NA,NA,,NA,NA,,,,NA,NA,NA,,NA,NA,,,,NA,NA,NA,,NA,NA,,,,NA,NA,NA,,NA,NA,,,,NA,NA,NA,,NA,NA,,,,NA,NA,NA,,NA,NA,,,,63,68,64,Somewhat harmful,4,5,Probably yes,Probably yes,Probably yes,66,67,73,Somewhat harmful,6,4,Probably yes,Probably yes,Probably yes,63,71,67,Very harmful,5,5,Probably yes,Probably yes,Probably yes,0,0,16.76,0,70,67,NA,Somewhat harmful,NA,NA,Probably yes,Probably yes,Probably yes,0,0,21.121,0,66,70,73,Very harmful,5,5,Probably not,Probably yes,Probably not,73,71,66,Very harmful,5,4,Definitely yes,Definitely yes,Probably yes,,People vaping,15,Old Control,0,0,0,0,1,1,1,1,1,3,3,1,1,1,1
R_1dtts8SowRwAioV,15,No,81,77,80,Somewhat harmful,6,5,Probably yes,Probably yes,Probably yes,74,78,72,Somewhat harmful,6,5,Probably yes,Probably yes,Probably yes,75,85,80,Somewhat harmful,5,6,Probably yes,Probably yes,Probably yes,81,77,77,Somewhat harmful,6,5,Probably yes,Probably yes,Probably yes,77,81,76,Somewhat harmful,5,6,Probably yes,Probably yes,Probably yes,79,78,74,Somewhat harmful,6,5,Probably yes,Probably yes,Probably yes,NA,NA,NA,,NA,NA,,,,NA,NA,NA,,NA,NA,,,,NA,NA,NA,,NA,NA,,,,NA,NA,NA,,NA,NA,,,,NA,NA,NA,,NA,NA,,,,NA,NA,NA,,NA,NA,,,,NA,NA,NA,,NA,NA,,,,NA,NA,NA,,NA,NA,,,,NA,NA,NA,,NA,NA,,,,NA,NA,NA,,NA,NA,,,,NA,NA,NA,,NA,NA,,,,NA,NA,NA,,NA,NA,,,,NA,NA,NA,,NA,NA,,,,NA,NA,NA,,NA,NA,,,,NA,NA,NA,,NA,NA,,,,NA,NA,NA,NA,NA,NA,NA,,NA,NA,,,,NA,NA,NA,NA,NA,NA,NA,,NA,NA,,,,NA,NA,NA,,NA,NA,,,,People vaping and exercising,People vaping,15,Young Treat,1,0,0,0,0,0,0,1,1,3,3,1,1,1,1
R_7Ihwha8YGLs4i8p,15,No,77,77,83,Somewhat harmful,6,5,Probably yes,Probably yes,Probably yes,74,73,77,Somewhat harmful,6,5,Probably yes,Probably yes,Probably yes,79,82,82,Somewhat harmful,5,6,Probably yes,Probably yes,Probably yes,81,84,79,Somewhat harmful,5,6,Probably yes,Probably yes,Probably yes,79,79,83,Somewhat harmful,5,6,Probably yes,Probably yes,Probably yes,77,78,79,Somewhat harmful,5,6,Probably yes,Probably yes,Probably yes,NA,NA,NA,,NA,NA,,,,NA,NA,NA,,NA,NA,,,,NA,NA,NA,,NA,NA,,,,NA,NA,NA,,NA,NA,,,,NA,NA,NA,,NA,NA,,,,NA,NA,NA,,NA,NA,,,,NA,NA,NA,,NA,NA,,,,NA,NA,NA,,NA,NA,,,,NA,NA,NA,,NA,NA,,,,NA,NA,NA,,NA,NA,,,,NA,NA,NA,,NA,NA,,,,NA,NA,NA,,NA,NA,,,,NA,NA,NA,,NA,NA,,,,NA,NA,NA,,NA,NA,,,,NA,NA,NA,,NA,NA,,,,NA,NA,NA,NA,NA,NA,NA,,NA,NA,,,,NA,NA,NA,NA,NA,NA,NA,,NA,NA,,,,NA,NA,NA,,NA,NA,,,,People vaping and exercising,People vaping,15,Young Treat,1,0,0,0,0,0,0,1,1,3,3,1,1,1,1
R_6968sxWufyKMH4d,15,No,NA,NA,NA,,NA,NA,,,,NA,NA,NA,,NA,NA,,,,NA,NA,NA,,NA,NA,,,,NA,NA,NA,,NA,NA,,,,NA,NA,NA,,NA,NA,,,,NA,NA,NA,,NA,NA,,,,NA,NA,NA,,NA,NA,,,,NA,NA,NA,,NA,NA,,,,NA,NA,NA,,NA,NA,,,,NA,NA,NA,,NA,NA,,,,NA,NA,NA,,NA,NA,,,,NA,NA,NA,,NA,NA,,,,NA,NA,NA,Somewhat harmful,5,5,Probably yes,Probably yes,Probably yes,NA,NA,NA,Somewhat harmful,5,5,Probably yes,Probably yes,Probably yes,NA,NA,NA,Very harmful,6,6,Probably yes,Probably yes,Probably yes,NA,NA,NA,Somewhat harmful,NA,NA,Probably yes,Probably yes,Definitely yes,73,NA,NA,Somewhat harmful,NA,NA,Probably yes,Probably yes,Definitely yes,NA,NA,NA,Somewhat harmful,5,5,Probably yes,Probably yes,Probably yes,NA,NA,NA,,NA,NA,,,,NA,NA,NA,,NA,NA,,,,NA,NA,NA,,NA,NA,,,,NA,NA,NA,NA,NA,NA,NA,,NA,NA,,,,NA,NA,NA,NA,NA,NA,NA,,NA,NA,,,,NA,NA,NA,,NA,NA,,,,,People vaping,15,Young Control,0,0,1,0,0,1,0,1,1,3,3,1,1,1,1
R_7oY3zYHDj5ESZpv,15,No,NA,NA,NA,,NA,NA,,,,NA,NA,NA,,NA,NA,,,,NA,NA,NA,,NA,NA,,,,NA,NA,NA,,NA,NA,,,,NA,NA,NA,,NA,NA,,,,NA,NA,NA,,NA,NA,,,,NA,NA,NA,,NA,NA,,,,NA,NA,NA,,NA,NA,,,,NA,NA,NA,,NA,NA,,,,NA,NA,NA,,NA,NA,,,,NA,NA,NA,,NA,NA,,,,NA,NA,NA,,NA,NA,,,,66,69,69,Somewhat harmful,NA,5,Probably yes,Probably yes,Probably yes,70,65,NA,Somewhat harmful,5,NA,Probably yes,Probably yes,Probably yes,NA,NA,NA,Somewhat harmful,5,5,Probably yes,Probably yes,Probably yes,NA,NA,NA,Somewhat harmful,6,NA,Probably yes,Probably yes,Probably yes,NA,NA,NA,Very harmful,NA,NA,Probably yes,Probably yes,Probably yes,NA,NA,NA,Somewhat harmful,NA,NA,Probably yes,Probably yes,Probably yes,NA,NA,NA,,NA,NA,,,,NA,NA,NA,,NA,NA,,,,NA,NA,NA,,NA,NA,,,,NA,NA,NA,NA,NA,NA,NA,,NA,NA,,,,NA,NA,NA,NA,NA,NA,NA,,NA,NA,,,,NA,NA,NA,,NA,NA,,,,,People vaping,15,Young Control,0,1,0,0,0,1,0,1,1,3,3,1,1,1,1
R_32PbtmPEbTMIk5J,15,No,NA,NA,NA,,NA,NA,,,,NA,NA,NA,,NA,NA,,,,NA,NA,NA,,NA,NA,,,,NA,NA,NA,,NA,NA,,,,NA,NA,NA,,NA,NA,,,,NA,NA,NA,,NA,NA,,,,NA,75,71,Somewhat harmful,5,5,Probably yes,Probably yes,Probably yes,82,NA,80,Somewhat harmful,NA,NA,Probably yes,Probably yes,Probably yes,NA,NA,NA,Somewhat harmful,NA,NA,Probably yes,Probably yes,Probably yes,NA,NA,NA,Somewhat harmful,NA,NA,Probably yes,Probably yes,Probably yes,NA,NA,NA,Somewhat harmful,NA,NA,Probably yes,Probably yes,Probably yes,NA,NA,62,Somewhat harmful,5,5,Probably yes,Probably yes,Probably yes,NA,NA,NA,,NA,NA,,,,NA,NA,NA,,NA,NA,,,,NA,NA,NA,,NA,NA,,,,NA,NA,NA,,NA,NA,,,,NA,NA,NA,,NA,NA,,,,NA,NA,NA,,NA,NA,,,,NA,NA,NA,,NA,NA,,,,NA,NA,NA,,NA,NA,,,,NA,NA,NA,,NA,NA,,,,NA,NA,NA,NA,NA,NA,NA,,NA,NA,,,,NA,NA,NA,NA,NA,NA,NA,,NA,NA,,,,NA,NA,NA,,NA,NA,,,,,People vaping,15,Old Treat,0,0,1,0,0,1,0,1,1,3,3,1,1,1,1
R_7qR7eQ6u2V7me7F,14,Yes,NA,NA,NA,,NA,NA,,,,NA,NA,NA,,NA,NA,,,,NA,NA,NA,,NA,NA,,,,NA,NA,NA,,NA,NA,,,,NA,NA,NA,,NA,NA,,,,NA,NA,NA,,NA,NA,,,,NA,NA,NA,,NA,NA,,,,NA,NA,NA,,NA,NA,,,,NA,NA,NA,,NA,NA,,,,NA,NA,NA,,NA,NA,,,,NA,NA,NA,,NA,NA,,,,NA,NA,NA,,NA,NA,,,,NA,NA,NA,,NA,NA,,,,NA,NA,NA,,NA,NA,,,,NA,NA,NA,,NA,NA,,,,NA,NA,NA,,NA,NA,,,,NA,NA,NA,,NA,NA,,,,NA,NA,NA,,NA,NA,,,,91,74,31,Somewhat harmful,0,0,Definitely not,Definitely not,Definitely not,29,57,20,Somewhat harmful,0,0,Definitely not,Definitely not,Probably not,61,46,26,Somewhat harmful,0,0,Definitely not,Definitely not,Probably yes,1.124,13.288,14.442,3,30,31,37,Somewhat harmful,0,0,Definitely not,Definitely not,Probably not,1.801,27.246,28.665,2,25,44,20,Somewhat harmful,0,0,Definitely not,Definitely not,Probably not,40,20,8,Somewhat harmful,0,0,Definitely not,Definitely not,Probably not,,People vaping,14,Old Control,0,0,0,0,1,0,0,0,0,3,3,1,2,0,0
R_32eR3PxAuVSD14d,15,Yes,NA,NA,NA,Very harmful,NA,NA,Probably yes,Probably yes,Probably not,NA,NA,NA,Very harmful,NA,NA,Probably yes,Probably yes,Probably yes,NA,NA,NA,Somewhat harmful,NA,NA,Probably yes,Probably yes,Probably yes,NA,NA,NA,Somewhat harmful,NA,NA,Definitely yes,Probably yes,Probably yes,NA,NA,NA,Very harmful,NA,NA,Probably yes,Probably yes,Probably not,NA,NA,NA,Very harmful,NA,NA,Definitely yes,Probably yes,Probably not,NA,NA,NA,,NA,NA,,,,NA,NA,NA,,NA,NA,,,,NA,NA,NA,,NA,NA,,,,NA,NA,NA,,NA,NA,,,,NA,NA,NA,,NA,NA,,,,NA,NA,NA,,NA,NA,,,,NA,NA,NA,,NA,NA,,,,NA,NA,NA,,NA,NA,,,,NA,NA,NA,,NA,NA,,,,NA,NA,NA,,NA,NA,,,,NA,NA,NA,,NA,NA,,,,NA,NA,NA,,NA,NA,,,,NA,NA,NA,,NA,NA,,,,NA,NA,NA,,NA,NA,,,,NA,NA,NA,,NA,NA,,,,NA,NA,NA,NA,NA,NA,NA,,NA,NA,,,,NA,NA,NA,NA,NA,NA,NA,,NA,NA,,,,NA,NA,NA,,NA,NA,,,,,People vaping,15,Young Treat,0,0,1,0,0,1,1,1,1,2,2,1,3,1,1
R_7DkgkhI0r5p13yy,15,Yes,NA,NA,NA,,NA,NA,,,,NA,NA,NA,,NA,NA,,,,NA,NA,NA,,NA,NA,,,,NA,NA,NA,,NA,NA,,,,NA,NA,NA,,NA,NA,,,,NA,NA,NA,,NA,NA,,,,NA,NA,NA,Somewhat harmful,NA,NA,Probably yes,Probably yes,Definitely yes,NA,NA,NA,Very harmful,NA,NA,Definitely yes,Probably yes,Probably yes,NA,NA,NA,Very harmful,NA,NA,Probably yes,Probably yes,Probably yes,NA,NA,NA,Very harmful,NA,NA,Definitely yes,Probably yes,Probably yes,NA,NA,NA,Very harmful,NA,NA,Probably yes,Probably yes,Definitely yes,NA,NA,NA,Somewhat harmful,NA,NA,Probably yes,Probably yes,Probably yes,NA,NA,NA,,NA,NA,,,,NA,NA,NA,,NA,NA,,,,NA,NA,NA,,NA,NA,,,,NA,NA,NA,,NA,NA,,,,NA,NA,NA,,NA,NA,,,,NA,NA,NA,,NA,NA,,,,NA,NA,NA,,NA,NA,,,,NA,NA,NA,,NA,NA,,,,NA,NA,NA,,NA,NA,,,,NA,NA,NA,NA,NA,NA,NA,,NA,NA,,,,NA,NA,NA,NA,NA,NA,NA,,NA,NA,,,,NA,NA,NA,,NA,NA,,,,,People vaping,15,Old Treat,0,0,1,0,0,1,1,1,1,2,2,1,3,1,1
R_7t9G8BTVGFdcLVU,15,Yes,NA,NA,NA,,NA,NA,,,,NA,NA,NA,,NA,NA,,,,NA,NA,NA,,NA,NA,,,,NA,NA,NA,,NA,NA,,,,NA,NA,NA,,NA,NA,,,,NA,NA,NA,,NA,NA,,,,NA,NA,NA,,NA,NA,,,,NA,NA,NA,,NA,NA,,,,NA,NA,NA,,NA,NA,,,,NA,NA,NA,,NA,NA,,,,NA,NA,NA,,NA,NA,,,,NA,NA,NA,,NA,NA,,,,NA,NA,NA,,NA,NA,,,,NA,NA,NA,,NA,NA,,,,NA,NA,NA,,NA,NA,,,,NA,NA,NA,,NA,NA,,,,NA,NA,NA,,NA,NA,,,,NA,NA,NA,,NA,NA,,,,NA,NA,NA,Very harmful,NA,NA,Definitely yes,Definitely yes,Probably yes,NA,NA,NA,Very harmful,NA,NA,Probably yes,Probably yes,Probably yes,NA,NA,NA,Somewhat harmful,NA,NA,Probably yes,Probably yes,Probably yes,0,0,16.856,0,NA,NA,NA,Somewhat harmful,NA,NA,Probably yes,Probably yes,Probably yes,0,0,11.838,0,NA,NA,NA,Extremely harmful,NA,NA,Definitely yes,Definitely yes,Definitely yes,NA,NA,NA,Very harmful,NA,NA,Definitely yes,Definitely yes,Probably yes,,People vaping,15,Old Control,0,0,1,0,0,1,1,1,1,2,2,1,1,1,1
R_6b3PvnFUaNdcSfa,15,No,NA,NA,NA,,NA,NA,,,,NA,NA,NA,,NA,NA,,,,NA,NA,NA,,NA,NA,,,,NA,NA,NA,,NA,NA,,,,NA,NA,NA,,NA,NA,,,,NA,NA,NA,,NA,NA,,,,72,74,82,Somewhat harmful,4,6,Probably yes,Probably yes,Probably yes,58,66,61,Somewhat harmful,4,4,Probably yes,Probably yes,Probably yes,57,63,71,Somewhat harmful,5,4,Probably yes,Probably yes,Probably yes,72,67,75,Somewhat harmful,5,5,Probably yes,Probably yes,Probably yes,72,63,77,Somewhat harmful,5,4,Probably yes,Probably yes,Probably yes,72,77,76,Somewhat harmful,6,4,Probably yes,Probably yes,Probably yes,NA,NA,NA,,NA,NA,,,,NA,NA,NA,,NA,NA,,,,NA,NA,NA,,NA,NA,,,,NA,NA,NA,,NA,NA,,,,NA,NA,NA,,NA,NA,,,,NA,NA,NA,,NA,NA,,,,NA,NA,NA,,NA,NA,,,,NA,NA,NA,,NA,NA,,,,NA,NA,NA,,NA,NA,,,,NA,NA,NA,NA,NA,NA,NA,,NA,NA,,,,NA,NA,NA,NA,NA,NA,NA,,NA,NA,,,,NA,NA,NA,,NA,NA,,,,People vaping and exercising,People vaping,15,Old Treat,1,0,0,0,0,1,0,1,1,3,3,1,1,1,1
R_3rYfhQhJGZ4oHzS,15,No,NA,NA,NA,,NA,NA,,,,NA,NA,NA,,NA,NA,,,,NA,NA,NA,,NA,NA,,,,NA,NA,NA,,NA,NA,,,,NA,NA,NA,,NA,NA,,,,NA,NA,NA,,NA,NA,,,,NA,NA,NA,,NA,NA,,,,NA,NA,NA,,NA,NA,,,,NA,NA,NA,,NA,NA,,,,NA,NA,NA,,NA,NA,,,,NA,NA,NA,,NA,NA,,,,NA,NA,NA,,NA,NA,,,,NA,NA,NA,,NA,NA,,,,NA,NA,NA,,NA,NA,,,,NA,NA,NA,,NA,NA,,,,NA,NA,NA,,NA,NA,,,,NA,NA,NA,,NA,NA,,,,NA,NA,NA,,NA,NA,,,,73,85,71,Somewhat harmful,5,4,Probably yes,Probably yes,Probably yes,60,66,84,Somewhat harmful,5,5,Probably yes,Probably yes,Probably yes,67,77,76,Somewhat harmful,4,5,Probably yes,Probably yes,Probably yes,0,0,32.863,0,68,77,75,Somewhat harmful,5,6,Probably yes,Probably yes,Probably yes,0,0,14.606,0,71,76,77,Somewhat harmful,6,5,Probably yes,Probably yes,Probably yes,88,70,69,Somewhat harmful,4,6,Probably yes,Probably yes,Probably yes,People vaping and exercising,People vaping,15,Old Control,1,0,0,0,0,1,0,1,1,3,3,1,1,1,1
R_5DZNgudTM5gyb0D,15,No,NA,NA,NA,,NA,NA,,,,NA,NA,NA,,NA,NA,,,,NA,NA,NA,,NA,NA,,,,NA,NA,NA,,NA,NA,,,,NA,NA,NA,,NA,NA,,,,NA,NA,NA,,NA,NA,,,,72,61,65,Somewhat harmful,4,6,Probably yes,Probably yes,Probably yes,71,67,69,Somewhat harmful,6,5,Probably yes,Probably yes,Probably yes,70,75,77,Somewhat harmful,4,7,Probably yes,Probably yes,Probably yes,72,74,65,Somewhat harmful,4,5,Probably yes,Probably yes,Probably yes,66,68,70,Somewhat harmful,5,5,Probably yes,Probably yes,Probably yes,75,71,71,Somewhat harmful,5,4,Probably yes,Probably yes,Probably yes,NA,NA,NA,,NA,NA,,,,NA,NA,NA,,NA,NA,,,,NA,NA,NA,,NA,NA,,,,NA,NA,NA,,NA,NA,,,,NA,NA,NA,,NA,NA,,,,NA,NA,NA,,NA,NA,,,,NA,NA,NA,,NA,NA,,,,NA,NA,NA,,NA,NA,,,,NA,NA,NA,,NA,NA,,,,NA,NA,NA,NA,NA,NA,NA,,NA,NA,,,,NA,NA,NA,NA,NA,NA,NA,,NA,NA,,,,NA,NA,NA,,NA,NA,,,,People vaping and exercising,People vaping,15,Old Treat,1,0,0,0,0,1,0,1,1,3,3,1,1,1,1
R_6MsQRqHC5QHzm7b,16,Yes,NA,NA,NA,,NA,NA,,,,NA,NA,NA,,NA,NA,,,,NA,NA,NA,,NA,NA,,,,NA,NA,NA,,NA,NA,,,,NA,NA,NA,,NA,NA,,,,NA,NA,NA,,NA,NA,,,,NA,NA,NA,,NA,NA,,,,NA,NA,NA,,NA,NA,,,,NA,NA,NA,,NA,NA,,,,NA,NA,NA,,NA,NA,,,,NA,NA,NA,,NA,NA,,,,NA,NA,NA,,NA,NA,,,,71,81,83,Somewhat harmful,6,5,Probably yes,Probably yes,Probably yes,84,78,77,Somewhat harmful,6,6,Probably yes,Probably yes,Probably yes,82,69,80,Somewhat harmful,5,5,Probably yes,Probably yes,Probably yes,84,84,83,Slightly harmful,6,6,Probably yes,Probably yes,Probably yes,70,79,69,Slightly harmful,6,6,Probably not,Probably yes,Probably yes,78,83,79,Somewhat harmful,6,6,Probably yes,Probably yes,Probably yes,NA,NA,NA,,NA,NA,,,,NA,NA,NA,,NA,NA,,,,NA,NA,NA,,NA,NA,,,,NA,NA,NA,NA,NA,NA,NA,,NA,NA,,,,NA,NA,NA,NA,NA,NA,NA,,NA,NA,,,,NA,NA,NA,,NA,NA,,,,,People vaping,16,Young Control,0,0,1,0,0,0,0,1,1,4,4,1,2,1,1
R_71yp3gY4HH8OjI0,16,Yes,NA,NA,NA,,NA,NA,,,,NA,NA,NA,,NA,NA,,,,NA,NA,NA,,NA,NA,,,,NA,NA,NA,,NA,NA,,,,NA,NA,NA,,NA,NA,,,,NA,NA,NA,,NA,NA,,,,NA,NA,NA,,NA,NA,,,,NA,NA,NA,,NA,NA,,,,NA,NA,NA,,NA,NA,,,,NA,NA,NA,,NA,NA,,,,NA,NA,NA,,NA,NA,,,,NA,NA,NA,,NA,NA,,,,76,79,80,Slightly harmful,6,5,Probably yes,Probably yes,Probably yes,76,76,73,Slightly harmful,5,5,Probably yes,Probably yes,Probably yes,92,90,91,Slightly harmful,6,6,Probably yes,Probably yes,Probably yes,90,92,86,Slightly harmful,6,6,Probably yes,Probably yes,Probably yes,79,81,81,Slightly harmful,6,6,Probably yes,Probably yes,Probably yes,78,80,76,Slightly harmful,5,5,Probably yes,Probably yes,Probably yes,NA,NA,NA,,NA,NA,,,,NA,NA,NA,,NA,NA,,,,NA,NA,NA,,NA,NA,,,,NA,NA,NA,NA,NA,NA,NA,,NA,NA,,,,NA,NA,NA,NA,NA,NA,NA,,NA,NA,,,,NA,NA,NA,,NA,NA,,,,,People vaping,16,Young Control,0,0,1,0,0,1,0,1,1,4,4,1,3,1,1
R_6Q0jvmoda68D3l5,16,Yes,NA,NA,NA,,NA,NA,,,,NA,NA,NA,,NA,NA,,,,NA,NA,NA,,NA,NA,,,,NA,NA,NA,,NA,NA,,,,NA,NA,NA,,NA,NA,,,,NA,NA,NA,,NA,NA,,,,NA,NA,NA,,NA,NA,,,,NA,NA,NA,,NA,NA,,,,NA,NA,NA,,NA,NA,,,,NA,NA,NA,,NA,NA,,,,NA,NA,NA,,NA,NA,,,,NA,NA,NA,,NA,NA,,,,NA,NA,NA,,NA,NA,,,,NA,NA,NA,,NA,NA,,,,NA,NA,NA,,NA,NA,,,,NA,NA,NA,,NA,NA,,,,NA,NA,NA,,NA,NA,,,,NA,NA,NA,,NA,NA,,,,83,77,76,Very harmful,6,6,Probably yes,Probably yes,Probably yes,81,85,83,Slightly harmful,6,6,Probably yes,Probably yes,Probably yes,85,83,84,Slightly harmful,5,5,Probably yes,Probably yes,Probably yes,0,0,21.265,0,90,88,95,Very harmful,5,6,Probably yes,Probably yes,Probably yes,0,0,44.742,0,85,89,83,Very harmful,6,6,Probably yes,Probably yes,Probably yes,86,81,80,Somewhat harmful,6,6,Probably yes,Probably yes,Probably yes,,People vaping,16,Old Control,0,0,1,0,0,0,0,1,1,4,4,1,2,1,1
R_5ReJIZG2ddEeU1z,15,No,NA,NA,NA,,NA,NA,,,,NA,NA,NA,,NA,NA,,,,NA,NA,NA,,NA,NA,,,,NA,NA,NA,,NA,NA,,,,NA,NA,NA,,NA,NA,,,,NA,NA,NA,,NA,NA,,,,NA,NA,NA,Somewhat harmful,NA,NA,Probably yes,Probably yes,Probably yes,NA,NA,NA,Very harmful,NA,NA,Probably yes,Probably yes,Probably yes,NA,NA,NA,Somewhat harmful,6,6,Probably yes,Probably yes,Probably yes,NA,NA,NA,Somewhat harmful,NA,NA,Probably yes,Probably yes,Probably yes,NA,NA,NA,Very harmful,NA,NA,Probably yes,Probably yes,Definitely yes,NA,NA,NA,Somewhat harmful,NA,NA,Probably yes,Probably yes,Probably yes,NA,NA,NA,,NA,NA,,,,NA,NA,NA,,NA,NA,,,,NA,NA,NA,,NA,NA,,,,NA,NA,NA,,NA,NA,,,,NA,NA,NA,,NA,NA,,,,NA,NA,NA,,NA,NA,,,,NA,NA,NA,,NA,NA,,,,NA,NA,NA,,NA,NA,,,,NA,NA,NA,,NA,NA,,,,NA,NA,NA,NA,NA,NA,NA,,NA,NA,,,,NA,NA,NA,NA,NA,NA,NA,,NA,NA,,,,NA,NA,NA,,NA,NA,,,,,People vaping,15,Old Treat,0,0,1,0,0,1,0,1,1,3,3,1,1,1,1
R_5FCJRru2TtZc3Yw,15,No,NA,NA,NA,,NA,NA,,,,NA,NA,NA,,NA,NA,,,,NA,NA,NA,,NA,NA,,,,NA,NA,NA,,NA,NA,,,,NA,NA,NA,,NA,NA,,,,NA,NA,NA,,NA,NA,,,,NA,NA,NA,,NA,NA,,,,NA,NA,NA,,NA,NA,,,,NA,NA,NA,,NA,NA,,,,NA,NA,NA,,NA,NA,,,,NA,NA,NA,,NA,NA,,,,NA,NA,NA,,NA,NA,,,,NA,NA,NA,,NA,NA,,,,NA,NA,NA,,NA,NA,,,,NA,NA,NA,,NA,NA,,,,NA,NA,NA,,NA,NA,,,,NA,NA,NA,,NA,NA,,,,NA,NA,NA,,NA,NA,,,,NA,NA,NA,Somewhat harmful,NA,NA,Probably yes,Probably yes,Probably yes,NA,NA,NA,Somewhat harmful,NA,NA,Probably yes,Definitely yes,Probably yes,NA,NA,NA,Somewhat harmful,NA,NA,Probably yes,Probably yes,Probably yes,0,0,27.803,0,77,88,NA,Very harmful,NA,NA,Probably yes,Probably not,Probably yes,0,0,15.289,0,NA,NA,NA,Somewhat harmful,NA,NA,Probably yes,Probably yes,Probably yes,76,75,74,Somewhat harmful,NA,NA,Probably yes,Probably yes,Probably yes,,People vaping,15,Old Control,0,0,1,0,0,1,0,1,1,4,4,1,1,1,1
R_6LppkgzNZwNd6wJ,15,Yes,NA,NA,NA,,NA,NA,,,,NA,NA,NA,,NA,NA,,,,NA,NA,NA,,NA,NA,,,,NA,NA,NA,,NA,NA,,,,NA,NA,NA,,NA,NA,,,,NA,NA,NA,,NA,NA,,,,NA,NA,NA,Very harmful,NA,NA,Probably yes,Definitely yes,Probably yes,NA,NA,NA,Extremely harmful,NA,NA,Probably yes,Probably yes,Probably yes,NA,NA,NA,Somewhat harmful,NA,NA,Probably yes,Probably yes,Probably yes,NA,NA,NA,Somewhat harmful,NA,NA,Definitely yes,Probably yes,Probably not,NA,NA,NA,Very harmful,NA,NA,Probably yes,Probably yes,Probably yes,NA,NA,NA,Very harmful,NA,NA,Probably yes,Probably yes,Probably yes,NA,NA,NA,,NA,NA,,,,NA,NA,NA,,NA,NA,,,,NA,NA,NA,,NA,NA,,,,NA,NA,NA,,NA,NA,,,,NA,NA,NA,,NA,NA,,,,NA,NA,NA,,NA,NA,,,,NA,NA,NA,,NA,NA,,,,NA,NA,NA,,NA,NA,,,,NA,NA,NA,,NA,NA,,,,NA,NA,NA,NA,NA,NA,NA,,NA,NA,,,,NA,NA,NA,NA,NA,NA,NA,,NA,NA,,,,NA,NA,NA,,NA,NA,,,,,People vaping,15,Old Treat,0,0,1,0,0,1,1,1,1,2,2,1,2,1,1
R_3QW2mXW8zlhggSv,15,Yes,NA,NA,NA,,NA,NA,,,,NA,NA,NA,,NA,NA,,,,NA,NA,NA,,NA,NA,,,,NA,NA,NA,,NA,NA,,,,NA,NA,NA,,NA,NA,,,,NA,NA,NA,,NA,NA,,,,NA,NA,NA,,NA,NA,,,,NA,NA,NA,,NA,NA,,,,NA,NA,NA,,NA,NA,,,,NA,NA,NA,,NA,NA,,,,NA,NA,NA,,NA,NA,,,,NA,NA,NA,,NA,NA,,,,NA,NA,NA,Somewhat harmful,NA,NA,Probably yes,Probably yes,Probably yes,NA,NA,NA,Very harmful,NA,NA,Definitely yes,Probably yes,Probably yes,NA,NA,NA,Somewhat harmful,NA,NA,Probably yes,Definitely yes,Probably yes,NA,NA,NA,Somewhat harmful,NA,NA,Definitely yes,Probably yes,Probably yes,NA,NA,NA,Very harmful,NA,NA,Probably yes,Probably yes,Probably yes,NA,NA,NA,Somewhat harmful,NA,NA,Definitely yes,Definitely yes,Probably yes,NA,NA,NA,,NA,NA,,,,NA,NA,NA,,NA,NA,,,,NA,NA,NA,,NA,NA,,,,NA,NA,NA,NA,NA,NA,NA,,NA,NA,,,,NA,NA,NA,NA,NA,NA,NA,,NA,NA,,,,NA,NA,NA,,NA,NA,,,,,People vaping,15,Young Control,0,0,1,0,0,1,1,1,1,2,2,1,2,1,1
R_7VllgAOjH2TCaK5,16,Yes,NA,NA,NA,,NA,NA,,,,NA,NA,NA,,NA,NA,,,,NA,NA,NA,,NA,NA,,,,NA,NA,NA,,NA,NA,,,,NA,NA,NA,,NA,NA,,,,NA,NA,NA,,NA,NA,,,,NA,NA,NA,,NA,NA,,,,NA,NA,NA,,NA,NA,,,,NA,NA,NA,,NA,NA,,,,NA,NA,NA,,NA,NA,,,,NA,NA,NA,,NA,NA,,,,NA,NA,NA,,NA,NA,,,,NA,NA,NA,,NA,NA,,,,NA,NA,NA,,NA,NA,,,,NA,NA,NA,,NA,NA,,,,NA,NA,NA,,NA,NA,,,,NA,NA,NA,,NA,NA,,,,NA,NA,NA,,NA,NA,,,,82,78,76,Very harmful,5,5,Probably yes,Probably yes,Probably yes,84,89,84,Very harmful,5,5,Probably yes,Probably yes,Definitely yes,81,85,83,Very harmful,6,6,Probably yes,Probably yes,Probably yes,0,0,14.052,0,83,87,78,Very harmful,5,5,Definitely yes,Definitely yes,Definitely yes,0,0,11.195,0,88,86,85,Very harmful,6,6,Probably yes,Probably yes,Probably yes,74,79,79,Very harmful,6,6,Probably yes,Probably yes,Probably yes,,People vaping,16,Old Control,0,0,1,0,0,0,0,1,1,3,3,1,3,1,1
R_5wFwqpAxGrZ9J11,16,Yes,NA,NA,NA,,NA,NA,,,,NA,NA,NA,,NA,NA,,,,NA,NA,NA,,NA,NA,,,,NA,NA,NA,,NA,NA,,,,NA,NA,NA,,NA,NA,,,,NA,NA,NA,,NA,NA,,,,NA,NA,NA,,NA,NA,,,,NA,NA,NA,,NA,NA,,,,NA,NA,NA,,NA,NA,,,,NA,NA,NA,,NA,NA,,,,NA,NA,NA,,NA,NA,,,,NA,NA,NA,,NA,NA,,,,NA,NA,NA,,NA,NA,,,,NA,NA,NA,,NA,NA,,,,NA,NA,NA,,NA,NA,,,,NA,NA,NA,,NA,NA,,,,NA,NA,NA,,NA,NA,,,,NA,NA,NA,,NA,NA,,,,84,84,79,Somewhat harmful,6,6,Probably yes,Probably yes,Probably yes,89,85,82,Very harmful,6,5,Probably yes,Probably yes,Probably yes,80,80,78,Very harmful,6,6,Probably yes,Probably yes,Probably yes,0,0,13.881,0,79,77,79,Very harmful,5,5,Probably yes,Probably yes,Probably yes,0,0,18.058,0,83,79,77,Slightly harmful,6,6,Probably yes,Probably yes,Probably yes,86,83,81,Somewhat harmful,6,6,Probably yes,Probably yes,Probably yes,,People vaping,16,Old Control,0,0,1,0,0,0,0,1,1,3,3,1,3,1,1
R_6ZdPfSezctqJARj,15,No,NA,NA,NA,Somewhat harmful,NA,NA,Probably yes,Probably yes,Probably yes,NA,NA,NA,Very harmful,NA,NA,Probably yes,Probably yes,Probably yes,NA,NA,NA,Somewhat harmful,NA,NA,Probably yes,Probably yes,Probably yes,NA,NA,NA,Somewhat harmful,NA,6,Probably yes,Probably yes,Probably yes,NA,NA,NA,Somewhat harmful,NA,6,Probably yes,Probably yes,Probably yes,NA,NA,NA,Somewhat harmful,NA,NA,Probably yes,Probably yes,Probably yes,NA,NA,NA,,NA,NA,,,,NA,NA,NA,,NA,NA,,,,NA,NA,NA,,NA,NA,,,,NA,NA,NA,,NA,NA,,,,NA,NA,NA,,NA,NA,,,,NA,NA,NA,,NA,NA,,,,NA,NA,NA,,NA,NA,,,,NA,NA,NA,,NA,NA,,,,NA,NA,NA,,NA,NA,,,,NA,NA,NA,,NA,NA,,,,NA,NA,NA,,NA,NA,,,,NA,NA,NA,,NA,NA,,,,NA,NA,NA,,NA,NA,,,,NA,NA,NA,,NA,NA,,,,NA,NA,NA,,NA,NA,,,,NA,NA,NA,NA,NA,NA,NA,,NA,NA,,,,NA,NA,NA,NA,NA,NA,NA,,NA,NA,,,,NA,NA,NA,,NA,NA,,,,,People vaping,15,Young Treat,0,0,1,0,0,1,0,1,1,3,3,1,1,1,1
R_6aKO3mje4ACEamM,15,No,NA,NA,NA,,NA,NA,,,,NA,NA,NA,,NA,NA,,,,NA,NA,NA,,NA,NA,,,,NA,NA,NA,,NA,NA,,,,NA,NA,NA,,NA,NA,,,,NA,NA,NA,,NA,NA,,,,NA,NA,NA,,NA,NA,,,,NA,NA,NA,,NA,NA,,,,NA,NA,NA,,NA,NA,,,,NA,NA,NA,,NA,NA,,,,NA,NA,NA,,NA,NA,,,,NA,NA,NA,,NA,NA,,,,NA,NA,NA,Somewhat harmful,NA,NA,Definitely yes,Probably yes,Definitely yes,NA,NA,NA,Somewhat harmful,NA,NA,Probably yes,Probably yes,Probably yes,NA,NA,76,Somewhat harmful,NA,6,Probably yes,Probably yes,Probably yes,83,82,81,Somewhat harmful,NA,5,Probably yes,Probably yes,Probably yes,NA,NA,NA,Somewhat harmful,NA,NA,Definitely yes,Probably yes,Probably yes,NA,NA,77,Somewhat harmful,NA,NA,Probably yes,Probably yes,Probably yes,NA,NA,NA,,NA,NA,,,,NA,NA,NA,,NA,NA,,,,NA,NA,NA,,NA,NA,,,,NA,NA,NA,NA,NA,NA,NA,,NA,NA,,,,NA,NA,NA,NA,NA,NA,NA,,NA,NA,,,,NA,NA,NA,,NA,NA,,,,,People vaping,15,Young Control,0,0,1,0,0,1,0,1,1,3,3,1,1,1,1
R_5KBkeDW48ey4BWh,16,Yes,NA,NA,NA,,NA,NA,,,,NA,NA,NA,,NA,NA,,,,NA,NA,NA,,NA,NA,,,,NA,NA,NA,,NA,NA,,,,NA,NA,NA,,NA,NA,,,,NA,NA,NA,,NA,NA,,,,NA,NA,NA,,NA,NA,,,,NA,NA,NA,,NA,NA,,,,NA,NA,NA,,NA,NA,,,,NA,NA,NA,,NA,NA,,,,NA,NA,NA,,NA,NA,,,,NA,NA,NA,,NA,NA,,,,77,77,78,Somewhat harmful,5,5,Definitely yes,Definitely yes,Definitely yes,71,80,82,Somewhat harmful,5,5,Definitely yes,Definitely yes,Definitely yes,73,84,82,Somewhat harmful,6,5,Definitely yes,Definitely yes,Definitely yes,79,77,79,Somewhat harmful,5,6,Definitely yes,Definitely yes,Definitely yes,78,79,79,Somewhat harmful,6,6,Definitely yes,Definitely yes,Definitely yes,79,80,80,Somewhat harmful,5,5,Definitely yes,Definitely yes,Definitely yes,NA,NA,NA,,NA,NA,,,,NA,NA,NA,,NA,NA,,,,NA,NA,NA,,NA,NA,,,,NA,NA,NA,NA,NA,NA,NA,,NA,NA,,,,NA,NA,NA,NA,NA,NA,NA,,NA,NA,,,,NA,NA,NA,,NA,NA,,,,People vaping and exercising,People vaping,16,Young Control,0,0,1,0,0,1,1,1,1,4,4,1,2,1,1
R_1tSRiw1TSUrQV2x,15,No,NA,NA,NA,,NA,NA,,,,NA,NA,NA,,NA,NA,,,,NA,NA,NA,,NA,NA,,,,NA,NA,NA,,NA,NA,,,,NA,NA,NA,,NA,NA,,,,NA,NA,NA,,NA,NA,,,,NA,NA,NA,,NA,NA,,,,NA,NA,NA,,NA,NA,,,,NA,NA,NA,,NA,NA,,,,NA,NA,NA,,NA,NA,,,,NA,NA,NA,,NA,NA,,,,NA,NA,NA,,NA,NA,,,,NA,NA,NA,,NA,NA,,,,NA,NA,NA,,NA,NA,,,,NA,NA,NA,,NA,NA,,,,NA,NA,NA,,NA,NA,,,,NA,NA,NA,,NA,NA,,,,NA,NA,NA,,NA,NA,,,,NA,NA,NA,Very harmful,NA,6,Probably yes,Probably yes,Probably yes,NA,NA,NA,Somewhat harmful,NA,NA,Probably yes,Probably yes,Probably yes,87,83,80,Somewhat harmful,6,6,Probably yes,Probably yes,Probably yes,0,0,11.223,0,NA,NA,NA,Very harmful,NA,NA,Probably yes,Probably yes,Probably yes,0,0,14.737,0,NA,NA,NA,Somewhat harmful,NA,NA,Probably yes,Probably yes,Probably yes,NA,NA,NA,Somewhat harmful,NA,NA,Probably yes,Probably yes,Probably yes,,People vaping,15,Old Control,0,0,1,0,0,1,0,1,1,3,3,1,1,1,1
R_6LTbH8iljbyWh0t,15,Yes,NA,NA,NA,,NA,NA,,,,NA,NA,NA,,NA,NA,,,,NA,NA,NA,,NA,NA,,,,NA,NA,NA,,NA,NA,,,,NA,NA,NA,,NA,NA,,,,NA,NA,NA,,NA,NA,,,,NA,NA,NA,Very harmful,NA,NA,Probably yes,Probably yes,Probably not,NA,NA,NA,Very harmful,NA,NA,Probably yes,Definitely yes,Probably yes,NA,NA,NA,Very harmful,NA,NA,Probably yes,Definitely yes,Probably yes,NA,NA,NA,Extremely harmful,NA,NA,Definitely yes,Definitely yes,Probably yes,NA,NA,NA,Extremely harmful,NA,NA,Definitely yes,Probably yes,Probably yes,NA,NA,NA,Very harmful,NA,NA,Definitely yes,Probably yes,Definitely yes,NA,NA,NA,,NA,NA,,,,NA,NA,NA,,NA,NA,,,,NA,NA,NA,,NA,NA,,,,NA,NA,NA,,NA,NA,,,,NA,NA,NA,,NA,NA,,,,NA,NA,NA,,NA,NA,,,,NA,NA,NA,,NA,NA,,,,NA,NA,NA,,NA,NA,,,,NA,NA,NA,,NA,NA,,,,NA,NA,NA,NA,NA,NA,NA,,NA,NA,,,,NA,NA,NA,NA,NA,NA,NA,,NA,NA,,,,NA,NA,NA,,NA,NA,,,,,People vaping,15,Old Treat,0,0,1,0,0,0,1,1,1,2,2,1,2,1,1
R_3s6auboRWempPYo,15,Yes,NA,NA,NA,,NA,NA,,,,NA,NA,NA,,NA,NA,,,,NA,NA,NA,,NA,NA,,,,NA,NA,NA,,NA,NA,,,,NA,NA,NA,,NA,NA,,,,NA,NA,NA,,NA,NA,,,,NA,NA,NA,,NA,NA,,,,NA,NA,NA,,NA,NA,,,,NA,NA,NA,,NA,NA,,,,NA,NA,NA,,NA,NA,,,,NA,NA,NA,,NA,NA,,,,NA,NA,NA,,NA,NA,,,,NA,NA,NA,Very harmful,NA,NA,Definitely yes,Definitely yes,Probably yes,NA,NA,NA,Somewhat harmful,NA,NA,Probably yes,Definitely yes,Probably not,NA,NA,NA,Very harmful,NA,NA,Definitely yes,Probably not,Probably yes,NA,NA,NA,Very harmful,NA,NA,Definitely yes,Probably yes,Probably yes,NA,NA,NA,Very harmful,NA,NA,Definitely yes,Definitely yes,Definitely yes,NA,NA,NA,Very harmful,NA,NA,Probably not,Probably not,Definitely yes,NA,NA,NA,,NA,NA,,,,NA,NA,NA,,NA,NA,,,,NA,NA,NA,,NA,NA,,,,NA,NA,NA,NA,NA,NA,NA,,NA,NA,,,,NA,NA,NA,NA,NA,NA,NA,,NA,NA,,,,NA,NA,NA,,NA,NA,,,,,People vaping,15,Young Control,0,0,1,0,0,1,1,1,1,5,5,1,2,1,1
R_553kyiXQdrrDV9D,16,Yes,NA,NA,NA,,NA,NA,,,,NA,NA,NA,,NA,NA,,,,NA,NA,NA,,NA,NA,,,,NA,NA,NA,,NA,NA,,,,NA,NA,NA,,NA,NA,,,,NA,NA,NA,,NA,NA,,,,78,81,77,Somewhat harmful,5,5,Definitely yes,Definitely yes,Definitely yes,72,78,76,Somewhat harmful,5,5,Definitely yes,Definitely yes,Definitely yes,80,84,83,Somewhat harmful,6,6,Definitely yes,Definitely yes,Definitely yes,81,74,79,Somewhat harmful,5,6,Definitely yes,Definitely yes,Definitely yes,70,75,74,Somewhat harmful,5,5,Definitely yes,Definitely yes,Definitely yes,79,77,80,Somewhat harmful,6,6,Definitely yes,Definitely yes,Definitely yes,NA,NA,NA,,NA,NA,,,,NA,NA,NA,,NA,NA,,,,NA,NA,NA,,NA,NA,,,,NA,NA,NA,,NA,NA,,,,NA,NA,NA,,NA,NA,,,,NA,NA,NA,,NA,NA,,,,NA,NA,NA,,NA,NA,,,,NA,NA,NA,,NA,NA,,,,NA,NA,NA,,NA,NA,,,,NA,NA,NA,NA,NA,NA,NA,,NA,NA,,,,NA,NA,NA,NA,NA,NA,NA,,NA,NA,,,,NA,NA,NA,,NA,NA,,,,People vaping and exercising,People vaping,16,Old Treat,0,0,1,0,0,1,1,1,1,3,3,1,2,1,1
R_7FmiDDyg0XwZBCh,14,Yes,NA,NA,NA,,NA,NA,,,,NA,NA,NA,,NA,NA,,,,NA,NA,NA,,NA,NA,,,,NA,NA,NA,,NA,NA,,,,NA,NA,NA,,NA,NA,,,,NA,NA,NA,,NA,NA,,,,78,73,71,Very harmful,5,5,Probably yes,Probably yes,Probably yes,86,81,79,Very harmful,5,5,Probably yes,Definitely yes,Definitely yes,81,82,77,Very harmful,6,5,Probably yes,Probably yes,Probably yes,82,82,81,Very harmful,5,5,Probably yes,Probably yes,Probably yes,84,85,80,Very harmful,6,5,Definitely yes,Probably yes,Probably yes,84,80,80,Very harmful,5,6,Probably yes,Probably yes,Probably yes,NA,NA,NA,,NA,NA,,,,NA,NA,NA,,NA,NA,,,,NA,NA,NA,,NA,NA,,,,NA,NA,NA,,NA,NA,,,,NA,NA,NA,,NA,NA,,,,NA,NA,NA,,NA,NA,,,,NA,NA,NA,,NA,NA,,,,NA,NA,NA,,NA,NA,,,,NA,NA,NA,,NA,NA,,,,NA,NA,NA,NA,NA,NA,NA,,NA,NA,,,,NA,NA,NA,NA,NA,NA,NA,,NA,NA,,,,NA,NA,NA,,NA,NA,,,,,People vaping,14,Old Treat,0,0,1,0,0,1,0,1,1,2,2,1,2,1,1
R_3ovVomIGS2yq26f,14,Yes,NA,NA,NA,,NA,NA,,,,NA,NA,NA,,NA,NA,,,,NA,NA,NA,,NA,NA,,,,NA,NA,NA,,NA,NA,,,,NA,NA,NA,,NA,NA,,,,NA,NA,NA,,NA,NA,,,,NA,NA,NA,,NA,NA,,,,NA,NA,NA,,NA,NA,,,,NA,NA,NA,,NA,NA,,,,NA,NA,NA,,NA,NA,,,,NA,NA,NA,,NA,NA,,,,NA,NA,NA,,NA,NA,,,,NA,NA,NA,,NA,NA,,,,NA,NA,NA,,NA,NA,,,,NA,NA,NA,,NA,NA,,,,NA,NA,NA,,NA,NA,,,,NA,NA,NA,,NA,NA,,,,NA,NA,NA,,NA,NA,,,,80,82,81,Very harmful,6,5,Probably yes,Probably yes,Probably yes,79,75,73,Very harmful,6,6,Probably yes,Probably yes,Probably yes,79,81,83,Very harmful,5,5,Definitely yes,Probably yes,Probably yes,0,0,12.94,0,84,82,81,Very harmful,5,6,Probably yes,Probably yes,Probably yes,0,0,19.448,0,82,78,80,Somewhat harmful,6,5,Probably yes,Probably yes,Probably yes,70,71,73,Very harmful,5,5,Probably yes,Definitely yes,Probably yes,,People vaping,14,Old Control,0,0,1,0,0,1,0,1,1,2,2,1,2,1,1
R_5WS73oq2Ma856ZJ,16,Yes,NA,NA,NA,,NA,NA,,,,NA,NA,NA,,NA,NA,,,,NA,NA,NA,,NA,NA,,,,NA,NA,NA,,NA,NA,,,,NA,NA,NA,,NA,NA,,,,NA,NA,NA,,NA,NA,,,,NA,NA,NA,,NA,NA,,,,NA,NA,NA,,NA,NA,,,,NA,NA,NA,,NA,NA,,,,NA,NA,NA,,NA,NA,,,,NA,NA,NA,,NA,NA,,,,NA,NA,NA,,NA,NA,,,,NA,NA,NA,,NA,NA,,,,NA,NA,NA,,NA,NA,,,,NA,NA,NA,,NA,NA,,,,NA,NA,NA,,NA,NA,,,,NA,NA,NA,,NA,NA,,,,NA,NA,NA,,NA,NA,,,,77,85,88,Very harmful,6,6,Probably yes,Probably yes,Probably yes,87,84,84,Very harmful,5,6,Probably yes,Definitely yes,Probably yes,87,86,80,Very harmful,6,5,Definitely yes,Definitely yes,Probably yes,0,0,33.888,0,84,78,79,Very harmful,5,5,Definitely yes,Probably yes,Probably yes,0,0,13.933,0,79,83,87,Very harmful,6,6,Probably yes,Probably yes,Probably yes,87,83,85,Very harmful,6,5,Probably yes,Probably not,Probably yes,,People vaping,16,Old Control,0,0,1,0,0,1,0,1,1,2,2,1,2,1,1
R_5EiheJUi7d4YYtF,16,Yes,NA,NA,NA,,NA,NA,,,,NA,NA,NA,,NA,NA,,,,NA,NA,NA,,NA,NA,,,,NA,NA,NA,,NA,NA,,,,NA,NA,NA,,NA,NA,,,,NA,NA,NA,,NA,NA,,,,NA,NA,NA,,NA,NA,,,,NA,NA,NA,,NA,NA,,,,NA,NA,NA,,NA,NA,,,,NA,NA,NA,,NA,NA,,,,NA,NA,NA,,NA,NA,,,,NA,NA,NA,,NA,NA,,,,NA,NA,NA,,NA,NA,,,,NA,NA,NA,,NA,NA,,,,NA,NA,NA,,NA,NA,,,,NA,NA,NA,,NA,NA,,,,NA,NA,NA,,NA,NA,,,,NA,NA,NA,,NA,NA,,,,71,75,73,Somewhat harmful,5,5,Definitely yes,Definitely yes,Definitely yes,85,78,75,Somewhat harmful,5,5,Definitely yes,Definitely yes,Definitely yes,64,65,68,Somewhat harmful,5,5,Definitely yes,Definitely yes,Definitely yes,0,0,20.12,0,72,64,69,Somewhat harmful,6,5,Definitely yes,Definitely yes,Definitely yes,0,0,17.464,0,61,64,67,Somewhat harmful,5,5,Definitely yes,Definitely yes,Definitely yes,59,61,61,Somewhat harmful,5,5,Definitely yes,Definitely yes,Definitely yes,People vaping and exercising,People vaping,16,Old Control,0,0,1,0,0,1,1,1,1,3,3,1,2,1,1
R_3Mzjp596iVs867L,15,Yes,NA,NA,NA,,NA,NA,,,,NA,NA,NA,,NA,NA,,,,NA,NA,NA,,NA,NA,,,,NA,NA,NA,,NA,NA,,,,NA,NA,NA,,NA,NA,,,,NA,NA,NA,,NA,NA,,,,NA,NA,NA,,NA,NA,,,,NA,NA,NA,,NA,NA,,,,NA,NA,NA,,NA,NA,,,,NA,NA,NA,,NA,NA,,,,NA,NA,NA,,NA,NA,,,,NA,NA,NA,,NA,NA,,,,NA,NA,NA,Very harmful,NA,NA,Definitely yes,Probably yes,Probably yes,NA,NA,NA,Extremely harmful,NA,NA,Definitely yes,Probably yes,Probably yes,NA,NA,NA,Very harmful,NA,NA,Probably yes,Probably yes,Probably yes,NA,NA,NA,Very harmful,NA,NA,Probably yes,Probably yes,Probably yes,NA,NA,NA,Somewhat harmful,NA,NA,Definitely yes,Probably yes,Definitely yes,NA,NA,NA,Very harmful,NA,NA,Definitely yes,Definitely yes,Probably yes,NA,NA,NA,,NA,NA,,,,NA,NA,NA,,NA,NA,,,,NA,NA,NA,,NA,NA,,,,NA,NA,NA,NA,NA,NA,NA,,NA,NA,,,,NA,NA,NA,NA,NA,NA,NA,,NA,NA,,,,NA,NA,NA,,NA,NA,,,,,People vaping,15,Young Control,0,0,1,0,0,0,1,1,1,2,2,1,2,1,1
R_6oj0RzE92xLqMnj,15,Yes,NA,NA,NA,,NA,NA,,,,NA,NA,NA,,NA,NA,,,,NA,NA,NA,,NA,NA,,,,NA,NA,NA,,NA,NA,,,,NA,NA,NA,,NA,NA,,,,NA,NA,NA,,NA,NA,,,,NA,NA,NA,,NA,NA,,,,NA,NA,NA,,NA,NA,,,,NA,NA,NA,,NA,NA,,,,NA,NA,NA,,NA,NA,,,,NA,NA,NA,,NA,NA,,,,NA,NA,NA,,NA,NA,,,,NA,NA,NA,Very harmful,NA,NA,Definitely yes,Definitely yes,Probably yes,NA,NA,NA,Very harmful,NA,NA,Definitely yes,Probably yes,Definitely yes,NA,NA,NA,Very harmful,NA,NA,Definitely yes,Definitely yes,Definitely yes,NA,NA,NA,Very harmful,NA,NA,Probably yes,Probably yes,Probably yes,NA,NA,NA,Very harmful,NA,NA,Probably yes,Probably yes,Probably yes,NA,NA,NA,Very harmful,NA,NA,Definitely yes,Definitely yes,Definitely yes,NA,NA,NA,,NA,NA,,,,NA,NA,NA,,NA,NA,,,,NA,NA,NA,,NA,NA,,,,NA,NA,NA,NA,NA,NA,NA,,NA,NA,,,,NA,NA,NA,NA,NA,NA,NA,,NA,NA,,,,NA,NA,NA,,NA,NA,,,,,People vaping,15,Young Control,0,0,1,0,0,1,1,1,1,2,2,1,2,1,1
R_1OjgMdO6sFf24qE,16,Yes,NA,NA,NA,,NA,NA,,,,NA,NA,NA,,NA,NA,,,,NA,NA,NA,,NA,NA,,,,NA,NA,NA,,NA,NA,,,,NA,NA,NA,,NA,NA,,,,NA,NA,NA,,NA,NA,,,,76,77,73,Very harmful,5,5,Probably yes,Probably yes,Probably yes,84,83,84,Very harmful,6,6,Probably yes,Probably yes,Probably yes,84,81,90,Very harmful,6,5,Probably yes,Probably yes,Probably yes,91,86,89,Very harmful,6,6,Probably yes,Probably yes,Probably yes,83,83,76,Very harmful,6,5,Probably yes,Probably yes,Probably yes,81,80,81,Very harmful,6,6,Probably yes,Probably yes,Probably yes,NA,NA,NA,,NA,NA,,,,NA,NA,NA,,NA,NA,,,,NA,NA,NA,,NA,NA,,,,NA,NA,NA,,NA,NA,,,,NA,NA,NA,,NA,NA,,,,NA,NA,NA,,NA,NA,,,,NA,NA,NA,,NA,NA,,,,NA,NA,NA,,NA,NA,,,,NA,NA,NA,,NA,NA,,,,NA,NA,NA,NA,NA,NA,NA,,NA,NA,,,,NA,NA,NA,NA,NA,NA,NA,,NA,NA,,,,NA,NA,NA,,NA,NA,,,,,People vaping,16,Old Treat,0,0,1,0,0,0,0,1,1,2,2,1,3,1,1
R_7MJXCeKwaYuHDvX,15,No,NA,NA,NA,,NA,NA,,,,NA,NA,NA,,NA,NA,,,,NA,NA,NA,,NA,NA,,,,NA,NA,NA,,NA,NA,,,,NA,NA,NA,,NA,NA,,,,NA,NA,NA,,NA,NA,,,,NA,NA,NA,,NA,NA,,,,NA,NA,NA,,NA,NA,,,,NA,NA,NA,,NA,NA,,,,NA,NA,NA,,NA,NA,,,,NA,NA,NA,,NA,NA,,,,NA,NA,NA,,NA,NA,,,,NA,NA,NA,,NA,NA,,,,NA,NA,NA,,NA,NA,,,,NA,NA,NA,,NA,NA,,,,NA,NA,NA,,NA,NA,,,,NA,NA,NA,,NA,NA,,,,NA,NA,NA,,NA,NA,,,,NA,NA,NA,Somewhat harmful,NA,NA,Probably yes,Probably yes,Probably yes,NA,NA,NA,Somewhat harmful,NA,NA,Probably yes,Probably yes,Probably yes,NA,NA,NA,Very harmful,6,5,Probably yes,Probably yes,Probably yes,0,0,40.358,0,NA,NA,78,Somewhat harmful,5,NA,Probably yes,Probably yes,Probably yes,0,0,31.819,0,NA,NA,NA,Somewhat harmful,6,NA,Probably yes,Probably yes,Probably yes,NA,NA,NA,Somewhat harmful,NA,NA,Probably yes,Probably yes,Probably yes,,People vaping,15,Old Control,0,0,1,0,0,1,0,1,1,3,3,1,1,1,1
R_7Eu3QmpA25GnPwG,16,Yes,NA,NA,NA,,NA,NA,,,,NA,NA,NA,,NA,NA,,,,NA,NA,NA,,NA,NA,,,,NA,NA,NA,,NA,NA,,,,NA,NA,NA,,NA,NA,,,,NA,NA,NA,,NA,NA,,,,70,71,70,Somewhat harmful,5,5,Definitely yes,Definitely yes,Definitely yes,60,67,68,Somewhat harmful,5,5,Definitely yes,Definitely yes,Definitely yes,67,72,72,Somewhat harmful,5,5,Definitely yes,Definitely yes,Definitely yes,73,73,74,Somewhat harmful,5,5,Definitely yes,Definitely yes,Definitely yes,74,77,80,Somewhat harmful,5,5,Definitely yes,Definitely yes,Definitely yes,69,68,71,Somewhat harmful,5,5,Definitely yes,Definitely yes,Definitely yes,NA,NA,NA,,NA,NA,,,,NA,NA,NA,,NA,NA,,,,NA,NA,NA,,NA,NA,,,,NA,NA,NA,,NA,NA,,,,NA,NA,NA,,NA,NA,,,,NA,NA,NA,,NA,NA,,,,NA,NA,NA,,NA,NA,,,,NA,NA,NA,,NA,NA,,,,NA,NA,NA,,NA,NA,,,,NA,NA,NA,NA,NA,NA,NA,,NA,NA,,,,NA,NA,NA,NA,NA,NA,NA,,NA,NA,,,,NA,NA,NA,,NA,NA,,,,People vaping and exercising,People vaping,16,Old Treat,0,0,1,0,0,1,1,1,1,4,4,1,2,1,1
R_5ot2j4A77g1DDKO,15,No,NA,NA,NA,,NA,NA,,,,NA,NA,NA,,NA,NA,,,,NA,NA,NA,,NA,NA,,,,NA,NA,NA,,NA,NA,,,,NA,NA,NA,,NA,NA,,,,NA,NA,NA,,NA,NA,,,,NA,NA,83,Somewhat harmful,NA,NA,Probably yes,Probably yes,Probably yes,NA,NA,NA,Somewhat harmful,NA,NA,Probably yes,Probably yes,Probably yes,NA,NA,NA,Very harmful,5,5,Probably yes,Probably yes,Probably yes,NA,79,79,Somewhat harmful,NA,5,Probably yes,Probably yes,Probably yes,NA,NA,NA,Very harmful,NA,NA,Definitely yes,Probably yes,Probably yes,NA,NA,NA,Somewhat harmful,NA,NA,Probably yes,Probably yes,Probably yes,NA,NA,NA,,NA,NA,,,,NA,NA,NA,,NA,NA,,,,NA,NA,NA,,NA,NA,,,,NA,NA,NA,,NA,NA,,,,NA,NA,NA,,NA,NA,,,,NA,NA,NA,,NA,NA,,,,NA,NA,NA,,NA,NA,,,,NA,NA,NA,,NA,NA,,,,NA,NA,NA,,NA,NA,,,,NA,NA,NA,NA,NA,NA,NA,,NA,NA,,,,NA,NA,NA,NA,NA,NA,NA,,NA,NA,,,,NA,NA,NA,,NA,NA,,,,,People vaping,15,Old Treat,0,0,1,0,0,1,0,1,1,3,3,1,1,1,1
R_6xJ4wX7VhijIj3X,15,No,NA,NA,71,Somewhat harmful,NA,5,Probably yes,Probably yes,Probably yes,NA,NA,NA,Very harmful,NA,NA,Probably yes,Probably yes,Probably yes,NA,NA,NA,Very harmful,NA,NA,Probably yes,Probably yes,Probably yes,NA,NA,NA,Very harmful,NA,NA,Probably yes,Probably not,Probably yes,73,73,71,Somewhat harmful,NA,NA,Probably yes,Probably yes,Probably yes,NA,NA,NA,Somewhat harmful,NA,NA,Probably yes,Probably yes,Probably yes,NA,NA,NA,,NA,NA,,,,NA,NA,NA,,NA,NA,,,,NA,NA,NA,,NA,NA,,,,NA,NA,NA,,NA,NA,,,,NA,NA,NA,,NA,NA,,,,NA,NA,NA,,NA,NA,,,,NA,NA,NA,,NA,NA,,,,NA,NA,NA,,NA,NA,,,,NA,NA,NA,,NA,NA,,,,NA,NA,NA,,NA,NA,,,,NA,NA,NA,,NA,NA,,,,NA,NA,NA,,NA,NA,,,,NA,NA,NA,,NA,NA,,,,NA,NA,NA,,NA,NA,,,,NA,NA,NA,,NA,NA,,,,NA,NA,NA,NA,NA,NA,NA,,NA,NA,,,,NA,NA,NA,NA,NA,NA,NA,,NA,NA,,,,NA,NA,NA,,NA,NA,,,,,People vaping,15,Young Treat,0,0,1,0,0,1,0,1,1,3,3,1,1,1,1
R_7esAKHAY1ePDD6v,14,Yes,NA,NA,NA,,NA,NA,,,,NA,NA,NA,,NA,NA,,,,NA,NA,NA,,NA,NA,,,,NA,NA,NA,,NA,NA,,,,NA,NA,NA,,NA,NA,,,,NA,NA,NA,,NA,NA,,,,NA,NA,NA,,NA,NA,,,,NA,NA,NA,,NA,NA,,,,NA,NA,NA,,NA,NA,,,,NA,NA,NA,,NA,NA,,,,NA,NA,NA,,NA,NA,,,,NA,NA,NA,,NA,NA,,,,NA,NA,NA,,NA,NA,,,,NA,NA,NA,,NA,NA,,,,NA,NA,NA,,NA,NA,,,,NA,NA,NA,,NA,NA,,,,NA,NA,NA,,NA,NA,,,,NA,NA,NA,,NA,NA,,,,78,82,79,Very harmful,6,5,Probably yes,Probably yes,Probably yes,79,80,78,Very harmful,5,5,Probably yes,Probably yes,Probably yes,73,79,75,Very harmful,5,5,Probably yes,Probably yes,Probably yes,0,0,24.753,0,82,78,74,Very harmful,5,5,Probably yes,Probably yes,Probably yes,0,0,11.079,0,88,78,74,Very harmful,6,5,Probably yes,Probably yes,Probably yes,74,76,68,Somewhat harmful,4,5,Probably yes,Probably yes,Probably yes,,People vaping,14,Old Control,0,0,1,0,0,0,0,1,1,2,2,1,3,1,1
R_7OUCW6cyilN7bhg,14,Yes,NA,NA,NA,,NA,NA,,,,NA,NA,NA,,NA,NA,,,,NA,NA,NA,,NA,NA,,,,NA,NA,NA,,NA,NA,,,,NA,NA,NA,,NA,NA,,,,NA,NA,NA,,NA,NA,,,,NA,NA,NA,,NA,NA,,,,NA,NA,NA,,NA,NA,,,,NA,NA,NA,,NA,NA,,,,NA,NA,NA,,NA,NA,,,,NA,NA,NA,,NA,NA,,,,NA,NA,NA,,NA,NA,,,,71,76,74,Very harmful,5,6,Probably yes,Probably yes,Probably yes,75,80,78,Very harmful,6,6,Probably yes,Probably yes,Probably yes,78,75,72,Very harmful,5,5,Probably yes,Probably yes,Probably yes,81,83,79,Very harmful,5,5,Probably yes,Definitely yes,Probably yes,90,84,79,Very harmful,6,5,Probably yes,Probably yes,Probably yes,79,76,76,Very harmful,5,5,Probably yes,Probably yes,Probably yes,NA,NA,NA,,NA,NA,,,,NA,NA,NA,,NA,NA,,,,NA,NA,NA,,NA,NA,,,,NA,NA,NA,NA,NA,NA,NA,,NA,NA,,,,NA,NA,NA,NA,NA,NA,NA,,NA,NA,,,,NA,NA,NA,,NA,NA,,,,,People vaping,14,Young Control,0,0,1,0,0,0,0,1,1,2,2,1,3,1,1
R_5E06eAFcaWcn2BL,14,Yes,NA,NA,NA,,NA,NA,,,,NA,NA,NA,,NA,NA,,,,NA,NA,NA,,NA,NA,,,,NA,NA,NA,,NA,NA,,,,NA,NA,NA,,NA,NA,,,,NA,NA,NA,,NA,NA,,,,NA,NA,NA,,NA,NA,,,,NA,NA,NA,,NA,NA,,,,NA,NA,NA,,NA,NA,,,,NA,NA,NA,,NA,NA,,,,NA,NA,NA,,NA,NA,,,,NA,NA,NA,,NA,NA,,,,NA,NA,NA,,NA,NA,,,,NA,NA,NA,,NA,NA,,,,NA,NA,NA,,NA,NA,,,,NA,NA,NA,,NA,NA,,,,NA,NA,NA,,NA,NA,,,,NA,NA,NA,,NA,NA,,,,86,77,79,Somewhat harmful,6,6,Probably yes,Definitely yes,Definitely yes,81,75,78,Very harmful,4,4,Probably yes,Probably yes,Probably yes,77,81,81,Very harmful,5,5,Probably yes,Probably yes,Probably yes,0,0,11.654,0,74,76,71,Very harmful,5,5,Probably yes,Probably yes,Probably yes,0,0,13.995,0,74,84,82,Very harmful,6,6,Probably yes,Probably yes,Probably yes,81,77,77,Very harmful,5,6,Probably yes,Probably yes,Probably yes,,People vaping,14,Old Control,0,0,1,0,0,0,0,1,1,2,2,1,3,1,1
R_74tBw4ZDY2sHJdf,16,Yes,NA,NA,NA,,NA,NA,,,,NA,NA,NA,,NA,NA,,,,NA,NA,NA,,NA,NA,,,,NA,NA,NA,,NA,NA,,,,NA,NA,NA,,NA,NA,,,,NA,NA,NA,,NA,NA,,,,NA,NA,NA,,NA,NA,,,,NA,NA,NA,,NA,NA,,,,NA,NA,NA,,NA,NA,,,,NA,NA,NA,,NA,NA,,,,NA,NA,NA,,NA,NA,,,,NA,NA,NA,,NA,NA,,,,NA,NA,NA,,NA,NA,,,,NA,NA,NA,,NA,NA,,,,NA,NA,NA,,NA,NA,,,,NA,NA,NA,,NA,NA,,,,NA,NA,NA,,NA,NA,,,,NA,NA,NA,,NA,NA,,,,67,72,71,Somewhat harmful,5,5,Definitely yes,Definitely yes,Definitely yes,71,73,71,Somewhat harmful,5,5,Definitely yes,Definitely yes,Definitely yes,61,69,69,Somewhat harmful,5,5,Definitely yes,Definitely yes,Definitely yes,0,0,22.824,0,69,70,69,Somewhat harmful,5,4,Definitely yes,Definitely yes,Definitely yes,0,0,20.342,0,68,73,78,Somewhat harmful,6,6,Definitely yes,Definitely yes,Definitely yes,64,70,65,Somewhat harmful,5,5,Definitely yes,Definitely yes,Definitely yes,People vaping and exercising,People vaping,16,Old Control,0,0,1,0,0,1,1,1,1,4,4,1,2,1,1
R_3g0oek4mtekdNom,16,Yes,NA,NA,NA,Extremely harmful,NA,NA,Probably yes,Definitely yes,Probably yes,NA,NA,NA,Very harmful,NA,NA,I prefer not to answer,Probably yes,Definitely yes,NA,NA,NA,Extremely harmful,NA,NA,Definitely yes,I prefer not to answer,I prefer not to answer,NA,NA,NA,Very harmful,NA,NA,Definitely yes,Definitely yes,I prefer not to answer,NA,NA,NA,Very harmful,NA,NA,Probably yes,Probably yes,Definitely yes,NA,NA,NA,I prefer not to answer,NA,NA,Definitely yes,Definitely yes,Definitely yes,NA,NA,NA,,NA,NA,,,,NA,NA,NA,,NA,NA,,,,NA,NA,NA,,NA,NA,,,,NA,NA,NA,,NA,NA,,,,NA,NA,NA,,NA,NA,,,,NA,NA,NA,,NA,NA,,,,NA,NA,NA,,NA,NA,,,,NA,NA,NA,,NA,NA,,,,NA,NA,NA,,NA,NA,,,,NA,NA,NA,,NA,NA,,,,NA,NA,NA,,NA,NA,,,,NA,NA,NA,,NA,NA,,,,NA,NA,NA,,NA,NA,,,,NA,NA,NA,,NA,NA,,,,NA,NA,NA,,NA,NA,,,,NA,NA,NA,NA,NA,NA,NA,,NA,NA,,,,NA,NA,NA,NA,NA,NA,NA,,NA,NA,,,,NA,NA,NA,,NA,NA,,,,,People vaping,16,Young Treat,1,0,0,0,0,0,1,1,1,1,1,1,3,1,1
R_7trt0e6omAcgmWZ,15,Yes,NA,NA,NA,,NA,NA,,,,NA,NA,NA,,NA,NA,,,,NA,NA,NA,,NA,NA,,,,NA,NA,NA,,NA,NA,,,,NA,NA,NA,,NA,NA,,,,NA,NA,NA,,NA,NA,,,,NA,NA,NA,,NA,NA,,,,NA,NA,NA,,NA,NA,,,,NA,NA,NA,,NA,NA,,,,NA,NA,NA,,NA,NA,,,,NA,NA,NA,,NA,NA,,,,NA,NA,NA,,NA,NA,,,,NA,NA,NA,Very harmful,NA,NA,Definitely yes,Probably yes,Probably yes,NA,NA,NA,Very harmful,NA,NA,Definitely yes,Probably yes,Definitely yes,NA,NA,NA,Very harmful,NA,NA,Definitely yes,Definitely yes,Probably yes,NA,NA,NA,Extremely harmful,NA,NA,Probably yes,Definitely yes,Definitely yes,NA,NA,NA,Very harmful,NA,NA,Definitely yes,Probably yes,Probably yes,NA,NA,NA,Very harmful,NA,NA,Definitely yes,Definitely yes,Definitely yes,NA,NA,NA,,NA,NA,,,,NA,NA,NA,,NA,NA,,,,NA,NA,NA,,NA,NA,,,,NA,NA,NA,NA,NA,NA,NA,,NA,NA,,,,NA,NA,NA,NA,NA,NA,NA,,NA,NA,,,,NA,NA,NA,,NA,NA,,,,,People vaping,15,Young Control,0,0,1,0,0,1,1,1,1,5,5,1,2,1,1
R_1wt0Olg0uTYJP2R,15,Yes,NA,NA,NA,,NA,NA,,,,NA,NA,NA,,NA,NA,,,,NA,NA,NA,,NA,NA,,,,NA,NA,NA,,NA,NA,,,,NA,NA,NA,,NA,NA,,,,NA,NA,NA,,NA,NA,,,,NA,NA,NA,Extremely harmful,NA,NA,Probably yes,Probably yes,Probably yes,NA,NA,NA,Very harmful,NA,NA,Definitely yes,Probably yes,Definitely yes,NA,NA,NA,Extremely harmful,NA,NA,Probably yes,Probably yes,Probably yes,NA,NA,NA,Very harmful,NA,NA,Definitely yes,Definitely yes,Definitely yes,NA,NA,NA,Very harmful,NA,NA,Definitely yes,Definitely yes,Definitely yes,NA,NA,NA,Very harmful,NA,NA,Probably yes,Probably yes,Definitely yes,NA,NA,NA,,NA,NA,,,,NA,NA,NA,,NA,NA,,,,NA,NA,NA,,NA,NA,,,,NA,NA,NA,,NA,NA,,,,NA,NA,NA,,NA,NA,,,,NA,NA,NA,,NA,NA,,,,NA,NA,NA,,NA,NA,,,,NA,NA,NA,,NA,NA,,,,NA,NA,NA,,NA,NA,,,,NA,NA,NA,NA,NA,NA,NA,,NA,NA,,,,NA,NA,NA,NA,NA,NA,NA,,NA,NA,,,,NA,NA,NA,,NA,NA,,,,,People vaping,15,Old Treat,0,0,1,0,0,1,1,1,1,4,4,1,1,1,1
R_1QKiEfYBFA1yRTV,14,Yes,NA,NA,NA,,NA,NA,,,,NA,NA,NA,,NA,NA,,,,NA,NA,NA,,NA,NA,,,,NA,NA,NA,,NA,NA,,,,NA,NA,NA,,NA,NA,,,,NA,NA,NA,,NA,NA,,,,NA,NA,NA,,NA,NA,,,,NA,NA,NA,,NA,NA,,,,NA,NA,NA,,NA,NA,,,,NA,NA,NA,,NA,NA,,,,NA,NA,NA,,NA,NA,,,,NA,NA,NA,,NA,NA,,,,NA,NA,NA,,NA,NA,,,,NA,NA,NA,,NA,NA,,,,NA,NA,NA,,NA,NA,,,,NA,NA,NA,,NA,NA,,,,NA,NA,NA,,NA,NA,,,,NA,NA,NA,,NA,NA,,,,80,79,79,Very harmful,5,5,Probably yes,Probably yes,Probably yes,86,77,76,Very harmful,5,5,Probably yes,Probably yes,Probably yes,84,81,82,Very harmful,5,6,Probably yes,Probably yes,Probably yes,0,0,11.219,0,86,76,73,Somewhat harmful,5,5,Probably yes,Probably yes,Probably yes,0,0,10.703,0,79,77,77,Very harmful,5,6,Definitely yes,Definitely yes,Probably yes,78,73,67,Very harmful,5,5,Probably yes,Probably yes,Probably yes,,People vaping,14,Old Control,0,0,1,0,0,0,0,1,1,2,2,1,2,1,1
R_72XFUhS29kQqNUd,14,Yes,NA,NA,NA,,NA,NA,,,,NA,NA,NA,,NA,NA,,,,NA,NA,NA,,NA,NA,,,,NA,NA,NA,,NA,NA,,,,NA,NA,NA,,NA,NA,,,,NA,NA,NA,,NA,NA,,,,NA,NA,NA,,NA,NA,,,,NA,NA,NA,,NA,NA,,,,NA,NA,NA,,NA,NA,,,,NA,NA,NA,,NA,NA,,,,NA,NA,NA,,NA,NA,,,,NA,NA,NA,,NA,NA,,,,NA,NA,NA,,NA,NA,,,,NA,NA,NA,,NA,NA,,,,NA,NA,NA,,NA,NA,,,,NA,NA,NA,,NA,NA,,,,NA,NA,NA,,NA,NA,,,,NA,NA,NA,,NA,NA,,,,78,84,77,Very harmful,5,5,Probably yes,Probably yes,Probably yes,87,81,82,Very harmful,6,6,Probably yes,Probably yes,Probably yes,79,75,77,Very harmful,5,5,Probably yes,Probably yes,Probably yes,0,0,11.214,0,81,81,81,Very harmful,6,5,Definitely yes,Probably yes,Probably yes,0,0,11.539,0,77,73,69,Very harmful,5,5,Definitely yes,Probably yes,Probably yes,78,78,75,Very harmful,5,5,Probably yes,Probably yes,Probably yes,,People vaping,14,Old Control,0,0,1,0,0,1,0,1,1,2,2,1,2,1,1
R_33lrOK4MEzaUWBP,16,Yes,66,66,65,Somewhat harmful,5,5,Definitely yes,Definitely yes,Definitely yes,68,79,76,Somewhat harmful,5,5,Definitely yes,Definitely yes,Definitely yes,61,61,60,Somewhat harmful,4,4,Definitely yes,Definitely yes,Definitely yes,64,72,75,Somewhat harmful,5,5,Definitely yes,Definitely yes,Definitely yes,65,68,70,Somewhat harmful,5,5,Definitely yes,Definitely yes,Definitely yes,57,61,65,Somewhat harmful,4,4,Definitely yes,Definitely yes,Definitely yes,NA,NA,NA,,NA,NA,,,,NA,NA,NA,,NA,NA,,,,NA,NA,NA,,NA,NA,,,,NA,NA,NA,,NA,NA,,,,NA,NA,NA,,NA,NA,,,,NA,NA,NA,,NA,NA,,,,NA,NA,NA,,NA,NA,,,,NA,NA,NA,,NA,NA,,,,NA,NA,NA,,NA,NA,,,,NA,NA,NA,,NA,NA,,,,NA,NA,NA,,NA,NA,,,,NA,NA,NA,,NA,NA,,,,NA,NA,NA,,NA,NA,,,,NA,NA,NA,,NA,NA,,,,NA,NA,NA,,NA,NA,,,,NA,NA,NA,NA,NA,NA,NA,,NA,NA,,,,NA,NA,NA,NA,NA,NA,NA,,NA,NA,,,,NA,NA,NA,,NA,NA,,,,People vaping and exercising,People vaping,16,Young Treat,0,0,1,0,0,1,1,1,1,4,4,1,2,1,1
R_5C2bpIMhbD2Fns1,15,No,NA,NA,NA,,NA,NA,,,,NA,NA,NA,,NA,NA,,,,NA,NA,NA,,NA,NA,,,,NA,NA,NA,,NA,NA,,,,NA,NA,NA,,NA,NA,,,,NA,NA,NA,,NA,NA,,,,NA,NA,NA,,NA,NA,,,,NA,NA,NA,,NA,NA,,,,NA,NA,NA,,NA,NA,,,,NA,NA,NA,,NA,NA,,,,NA,NA,NA,,NA,NA,,,,NA,NA,NA,,NA,NA,,,,NA,NA,NA,Very harmful,NA,NA,Probably yes,Probably yes,Definitely yes,NA,NA,NA,Somewhat harmful,6,5,Probably yes,Probably yes,Probably yes,NA,NA,NA,Very harmful,NA,NA,Probably yes,Definitely yes,Definitely yes,NA,NA,NA,Somewhat harmful,NA,NA,Probably yes,Probably yes,Probably yes,NA,NA,NA,Somewhat harmful,NA,NA,Probably yes,Probably yes,Definitely yes,NA,NA,NA,Very harmful,NA,NA,Probably yes,Probably yes,Probably yes,NA,NA,NA,,NA,NA,,,,NA,NA,NA,,NA,NA,,,,NA,NA,NA,,NA,NA,,,,NA,NA,NA,NA,NA,NA,NA,,NA,NA,,,,NA,NA,NA,NA,NA,NA,NA,,NA,NA,,,,NA,NA,NA,,NA,NA,,,,,People vaping,15,Young Control,0,0,1,0,0,1,0,1,1,3,3,1,NA,1,1
R_30kFoP18qx9gs2p,16,Yes,84,88,90,Somewhat harmful,6,6,Probably yes,Probably yes,Probably yes,92,92,90,Somewhat harmful,6,6,Probably yes,Probably yes,Probably yes,91,89,92,Somewhat harmful,6,6,Probably yes,Probably yes,Probably yes,90,92,93,Somewhat harmful,7,6,Probably yes,Probably yes,Probably yes,92,94,88,Slightly harmful,6,6,Probably yes,Probably yes,Probably yes,91,95,89,Somewhat harmful,6,6,Probably yes,Probably yes,Probably yes,NA,NA,NA,,NA,NA,,,,NA,NA,NA,,NA,NA,,,,NA,NA,NA,,NA,NA,,,,NA,NA,NA,,NA,NA,,,,NA,NA,NA,,NA,NA,,,,NA,NA,NA,,NA,NA,,,,NA,NA,NA,,NA,NA,,,,NA,NA,NA,,NA,NA,,,,NA,NA,NA,,NA,NA,,,,NA,NA,NA,,NA,NA,,,,NA,NA,NA,,NA,NA,,,,NA,NA,NA,,NA,NA,,,,NA,NA,NA,,NA,NA,,,,NA,NA,NA,,NA,NA,,,,NA,NA,NA,,NA,NA,,,,NA,NA,NA,NA,NA,NA,NA,,NA,NA,,,,NA,NA,NA,NA,NA,NA,NA,,NA,NA,,,,NA,NA,NA,,NA,NA,,,,People vaping and exercising,People vaping,16,Young Treat,0,0,1,0,0,1,1,1,1,4,4,1,2,1,1
R_7D5OEkBQ7QZWVB1,15,No,NA,NA,NA,,NA,NA,,,,NA,NA,NA,,NA,NA,,,,NA,NA,NA,,NA,NA,,,,NA,NA,NA,,NA,NA,,,,NA,NA,NA,,NA,NA,,,,NA,NA,NA,,NA,NA,,,,NA,NA,NA,,NA,NA,,,,NA,NA,NA,,NA,NA,,,,NA,NA,NA,,NA,NA,,,,NA,NA,NA,,NA,NA,,,,NA,NA,NA,,NA,NA,,,,NA,NA,NA,,NA,NA,,,,NA,NA,NA,Somewhat harmful,NA,NA,Probably yes,Probably yes,Definitely yes,NA,NA,NA,Very harmful,NA,NA,Probably yes,Probably yes,Probably yes,NA,NA,NA,Very harmful,NA,NA,Probably yes,Probably yes,Probably yes,NA,NA,NA,Somewhat harmful,NA,NA,Probably yes,Probably yes,Probably yes,NA,NA,NA,Very harmful,NA,NA,Probably yes,Probably yes,Probably yes,NA,NA,NA,Somewhat harmful,NA,NA,Probably yes,Probably yes,Probably yes,NA,NA,NA,,NA,NA,,,,NA,NA,NA,,NA,NA,,,,NA,NA,NA,,NA,NA,,,,NA,NA,NA,NA,NA,NA,NA,,NA,NA,,,,NA,NA,NA,NA,NA,NA,NA,,NA,NA,,,,NA,NA,NA,,NA,NA,,,,,People vaping,15,Young Control,0,0,1,0,0,1,0,1,1,3,3,1,NA,1,1
R_5ikEXqMcW80tpbX,15,No,NA,NA,NA,,NA,NA,,,,NA,NA,NA,,NA,NA,,,,NA,NA,NA,,NA,NA,,,,NA,NA,NA,,NA,NA,,,,NA,NA,NA,,NA,NA,,,,NA,NA,NA,,NA,NA,,,,NA,NA,NA,,NA,NA,,,,NA,NA,NA,,NA,NA,,,,NA,NA,NA,,NA,NA,,,,NA,NA,NA,,NA,NA,,,,NA,NA,NA,,NA,NA,,,,NA,NA,NA,,NA,NA,,,,NA,NA,NA,,NA,NA,,,,NA,NA,NA,,NA,NA,,,,NA,NA,NA,,NA,NA,,,,NA,NA,NA,,NA,NA,,,,NA,NA,NA,,NA,NA,,,,NA,NA,NA,,NA,NA,,,,NA,NA,NA,Somewhat harmful,NA,NA,Probably yes,Probably yes,Probably yes,NA,NA,NA,Somewhat harmful,NA,NA,Probably yes,Probably yes,Probably yes,NA,NA,NA,Somewhat harmful,NA,NA,Probably yes,Probably yes,Probably yes,0,0,11.165,0,NA,NA,NA,Very harmful,NA,NA,Probably yes,Probably yes,Probably yes,0,0,10.95,0,NA,NA,NA,Somewhat harmful,6,NA,Probably yes,Probably yes,Probably yes,NA,NA,NA,Somewhat harmful,NA,NA,Probably yes,Probably yes,Definitely yes,,People vaping,15,Old Control,0,0,1,0,0,1,0,1,1,3,3,1,1,1,1
R_5DsXBxyHtMjuSfn,16,Yes,NA,NA,NA,,NA,NA,,,,NA,NA,NA,,NA,NA,,,,NA,NA,NA,,NA,NA,,,,NA,NA,NA,,NA,NA,,,,NA,NA,NA,,NA,NA,,,,NA,NA,NA,,NA,NA,,,,73,74,75,Somewhat harmful,5,5,Definitely yes,Definitely yes,Definitely yes,73,74,76,Somewhat harmful,5,5,Definitely yes,Definitely yes,Definitely yes,91,93,92,Somewhat harmful,6,6,Probably yes,Probably yes,Probably yes,93,90,92,Somewhat harmful,6,7,Probably yes,Probably yes,Probably yes,77,77,76,Somewhat harmful,5,6,Definitely yes,Definitely yes,Definitely yes,92,92,90,Somewhat harmful,6,6,Probably yes,Probably yes,Probably yes,NA,NA,NA,,NA,NA,,,,NA,NA,NA,,NA,NA,,,,NA,NA,NA,,NA,NA,,,,NA,NA,NA,,NA,NA,,,,NA,NA,NA,,NA,NA,,,,NA,NA,NA,,NA,NA,,,,NA,NA,NA,,NA,NA,,,,NA,NA,NA,,NA,NA,,,,NA,NA,NA,,NA,NA,,,,NA,NA,NA,NA,NA,NA,NA,,NA,NA,,,,NA,NA,NA,NA,NA,NA,NA,,NA,NA,,,,NA,NA,NA,,NA,NA,,,,People vaping and exercising,People vaping,16,Old Treat,0,0,1,0,0,1,1,1,0,3,3,1,2,1,1
R_3810CyaTUh4J7tT,16,Yes,78,74,83,Somewhat harmful,5,5,Definitely yes,Definitely yes,Definitely yes,68,73,76,Somewhat harmful,5,5,Definitely yes,Definitely yes,Definitely yes,76,75,80,Somewhat harmful,5,5,Definitely yes,Definitely yes,Definitely yes,67,70,74,Somewhat harmful,5,5,Definitely yes,Definitely yes,Definitely yes,67,74,76,Somewhat harmful,5,5,Definitely yes,Definitely yes,Definitely yes,71,70,74,Somewhat harmful,6,6,Definitely yes,Definitely yes,Definitely yes,NA,NA,NA,,NA,NA,,,,NA,NA,NA,,NA,NA,,,,NA,NA,NA,,NA,NA,,,,NA,NA,NA,,NA,NA,,,,NA,NA,NA,,NA,NA,,,,NA,NA,NA,,NA,NA,,,,NA,NA,NA,,NA,NA,,,,NA,NA,NA,,NA,NA,,,,NA,NA,NA,,NA,NA,,,,NA,NA,NA,,NA,NA,,,,NA,NA,NA,,NA,NA,,,,NA,NA,NA,,NA,NA,,,,NA,NA,NA,,NA,NA,,,,NA,NA,NA,,NA,NA,,,,NA,NA,NA,,NA,NA,,,,NA,NA,NA,NA,NA,NA,NA,,NA,NA,,,,NA,NA,NA,NA,NA,NA,NA,,NA,NA,,,,NA,NA,NA,,NA,NA,,,,People vaping and exercising,People vaping,16,Young Treat,0,0,1,0,0,1,1,1,1,4,4,1,2,1,1
R_334gUbZGB1HK4BV,14,Yes,NA,NA,NA,,NA,NA,,,,NA,NA,NA,,NA,NA,,,,NA,NA,NA,,NA,NA,,,,NA,NA,NA,,NA,NA,,,,NA,NA,NA,,NA,NA,,,,NA,NA,NA,,NA,NA,,,,NA,NA,NA,Very harmful,NA,NA,Probably yes,Probably yes,Definitely yes,NA,NA,NA,Very harmful,NA,NA,Probably yes,Probably yes,Probably yes,NA,NA,NA,Very harmful,NA,NA,Probably yes,Probably yes,Probably yes,80,75,79,Very harmful,5,5,Probably yes,Probably yes,Probably yes,NA,NA,NA,Very harmful,NA,NA,Probably yes,Probably yes,Definitely yes,NA,NA,NA,Very harmful,NA,NA,Definitely yes,Probably yes,Probably yes,NA,NA,NA,,NA,NA,,,,NA,NA,NA,,NA,NA,,,,NA,NA,NA,,NA,NA,,,,NA,NA,NA,,NA,NA,,,,NA,NA,NA,,NA,NA,,,,NA,NA,NA,,NA,NA,,,,NA,NA,NA,,NA,NA,,,,NA,NA,NA,,NA,NA,,,,NA,NA,NA,,NA,NA,,,,NA,NA,NA,NA,NA,NA,NA,,NA,NA,,,,NA,NA,NA,NA,NA,NA,NA,,NA,NA,,,,NA,NA,NA,,NA,NA,,,,,People vaping,14,Old Treat,0,0,1,0,0,0,0,1,1,2,2,1,2,1,1
R_3MBQOOrwdfwkZIR,14,Yes,NA,NA,NA,,NA,NA,,,,NA,NA,NA,,NA,NA,,,,NA,NA,NA,,NA,NA,,,,NA,NA,NA,,NA,NA,,,,NA,NA,NA,,NA,NA,,,,NA,NA,NA,,NA,NA,,,,NA,NA,NA,,NA,NA,,,,NA,NA,NA,,NA,NA,,,,NA,NA,NA,,NA,NA,,,,NA,NA,NA,,NA,NA,,,,NA,NA,NA,,NA,NA,,,,NA,NA,NA,,NA,NA,,,,NA,NA,NA,Somewhat harmful,NA,NA,Probably yes,Probably yes,Probably yes,78,74,70,Very harmful,5,5,Probably yes,Probably yes,Probably yes,NA,NA,NA,Very harmful,NA,NA,Probably yes,Probably yes,Probably yes,NA,NA,NA,Extremely harmful,NA,NA,Definitely yes,Definitely yes,Definitely yes,NA,NA,NA,Very harmful,NA,NA,Probably yes,Probably yes,Probably yes,NA,NA,NA,Somewhat harmful,NA,NA,Definitely yes,Definitely yes,Probably yes,NA,NA,NA,,NA,NA,,,,NA,NA,NA,,NA,NA,,,,NA,NA,NA,,NA,NA,,,,NA,NA,NA,NA,NA,NA,NA,,NA,NA,,,,NA,NA,NA,NA,NA,NA,NA,,NA,NA,,,,NA,NA,NA,,NA,NA,,,,,People vaping,14,Young Control,0,0,1,0,0,0,0,1,1,2,2,1,3,1,1
R_3FhZvpPtUTkXuNP,17,No,NA,NA,NA,,NA,NA,,,,NA,NA,NA,,NA,NA,,,,NA,NA,NA,,NA,NA,,,,NA,NA,NA,,NA,NA,,,,NA,NA,NA,,NA,NA,,,,NA,NA,NA,,NA,NA,,,,NA,NA,NA,,NA,NA,,,,NA,NA,NA,,NA,NA,,,,NA,NA,NA,,NA,NA,,,,NA,NA,NA,,NA,NA,,,,NA,NA,NA,,NA,NA,,,,NA,NA,NA,,NA,NA,,,,NA,NA,NA,,NA,NA,,,,NA,NA,NA,,NA,NA,,,,NA,NA,NA,,NA,NA,,,,NA,NA,NA,,NA,NA,,,,NA,NA,NA,,NA,NA,,,,NA,NA,NA,,NA,NA,,,,5,7,7,Extremely harmful,1,0,Definitely not,Definitely not,Definitely not,39,22,28,Extremely harmful,0,0,Definitely not,Definitely not,Definitely not,75,50,39,Extremely harmful,0,1,Definitely not,Definitely not,Definitely not,2.398,10.836,12.25,3,5,7,7,Extremely harmful,0,1,Definitely not,Definitely not,Definitely not,2.346,17.369,18.478,3,15,28,3,Extremely harmful,0,2,Definitely not,Definitely not,Definitely not,7,9,16,Extremely harmful,1,0,Definitely not,Definitely not,Definitely not,,People vaping,17,Old Control,0,0,1,0,0,1,0,0,0,1,1,1,1,0,0
R_31hwFhUaU9fymJJ,16,Yes,NA,NA,NA,,NA,NA,,,,NA,NA,NA,,NA,NA,,,,NA,NA,NA,,NA,NA,,,,NA,NA,NA,,NA,NA,,,,NA,NA,NA,,NA,NA,,,,NA,NA,NA,,NA,NA,,,,NA,NA,NA,,NA,NA,,,,NA,NA,NA,,NA,NA,,,,NA,NA,NA,,NA,NA,,,,NA,NA,NA,,NA,NA,,,,NA,NA,NA,,NA,NA,,,,NA,NA,NA,,NA,NA,,,,NA,NA,NA,,NA,NA,,,,NA,NA,NA,,NA,NA,,,,NA,NA,NA,,NA,NA,,,,NA,NA,NA,,NA,NA,,,,NA,NA,NA,,NA,NA,,,,NA,NA,NA,,NA,NA,,,,19,38,29,Extremely harmful,1,1,Definitely not,Definitely not,Definitely not,30,19,23,Extremely harmful,1,2,Definitely not,Definitely not,Definitely not,11,14,15,Extremely harmful,1,1,Definitely not,Definitely not,Definitely not,1.216,10.16,12.742,2,16,16,17,Extremely harmful,1,0,Definitely not,Definitely not,Definitely not,1.747,16.763,20.109,2,30,8,9,Extremely harmful,0,1,Definitely not,Definitely not,Definitely not,18,15,NA,Extremely harmful,1,0,Definitely not,Definitely not,Definitely not,People vaping and exercising,People vaping,16,Old Control,1,0,0,0,0,1,0,0,0,2,2,1,1,0,0
R_3nV2YxUwgMNaAkI,17,No,NA,NA,NA,,NA,NA,,,,NA,NA,NA,,NA,NA,,,,NA,NA,NA,,NA,NA,,,,NA,NA,NA,,NA,NA,,,,NA,NA,NA,,NA,NA,,,,NA,NA,NA,,NA,NA,,,,NA,NA,NA,,NA,NA,,,,NA,NA,NA,,NA,NA,,,,NA,NA,NA,,NA,NA,,,,NA,NA,NA,,NA,NA,,,,NA,NA,NA,,NA,NA,,,,NA,NA,NA,,NA,NA,,,,NA,NA,NA,,NA,NA,,,,NA,NA,NA,,NA,NA,,,,NA,NA,NA,,NA,NA,,,,NA,NA,NA,,NA,NA,,,,NA,NA,NA,,NA,NA,,,,NA,NA,NA,,NA,NA,,,,17,13,71,Slightly harmful,7,0,Definitely yes,Probably yes,Definitely yes,NA,52,88,Slightly harmful,7,7,Definitely yes,Probably yes,Definitely yes,NA,NA,81,Slightly harmful,7,7,Definitely yes,Probably yes,Definitely yes,1.501,12.403,13.001,3,NA,NA,82,Slightly harmful,7,5,Definitely yes,Probably yes,Definitely yes,1.502,12.583,13.225,3,100,89,92,Slightly harmful,7,7,Definitely yes,Probably yes,Definitely yes,34,45,100,Slightly harmful,7,0,Definitely yes,Probably yes,Definitely yes,,People vaping,17,Old Control,0,0,0,1,0,0,1,0,0,4,4,1,1,0,0
R_5HvvFG2IM4fAPSA,17,Yes,NA,NA,NA,,NA,NA,,,,NA,NA,NA,,NA,NA,,,,NA,NA,NA,,NA,NA,,,,NA,NA,NA,,NA,NA,,,,NA,NA,NA,,NA,NA,,,,NA,NA,NA,,NA,NA,,,,NA,NA,NA,,NA,NA,,,,NA,NA,NA,,NA,NA,,,,NA,NA,NA,,NA,NA,,,,NA,NA,NA,,NA,NA,,,,NA,NA,NA,,NA,NA,,,,NA,NA,NA,,NA,NA,,,,48,55,20,Extremely harmful,0,0,Definitely not,Definitely not,Definitely not,53,52,24,Extremely harmful,0,0,Definitely not,Definitely not,Definitely not,55,58,27,Extremely harmful,0,0,Definitely not,Definitely not,Definitely not,45,54,33,Extremely harmful,0,0,Definitely not,Definitely not,Definitely not,53,54,10,Extremely harmful,0,0,Definitely not,Definitely not,Definitely not,47,50,36,Extremely harmful,0,0,Definitely not,Definitely not,Definitely not,NA,NA,NA,,NA,NA,,,,NA,NA,NA,,NA,NA,,,,NA,NA,NA,,NA,NA,,,,NA,NA,NA,NA,NA,NA,NA,,NA,NA,,,,NA,NA,NA,NA,NA,NA,NA,,NA,NA,,,,NA,NA,NA,,NA,NA,,,,,People vaping,17,Young Control,1,0,0,1,0,0,0,0,0,1,1,1,1,0,0
R_6kLhlntdsAJYUxY,16,Yes,80,40,50,Somewhat harmful,3,0,Probably not,Probably not,Probably not,50,40,40,Somewhat harmful,4,5,Probably not,Probably not,Probably not,50,55,45,Slightly harmful,4,4,Probably not,Probably not,Probably yes,45,46,46,Slightly harmful,3,3,Probably not,Probably not,Probably not,60,50,40,Slightly harmful,3,3,Probably not,Probably not,Probably not,40,35,26,Slightly harmful,3,2,Probably not,Probably not,Probably not,NA,NA,NA,,NA,NA,,,,NA,NA,NA,,NA,NA,,,,NA,NA,NA,,NA,NA,,,,NA,NA,NA,,NA,NA,,,,NA,NA,NA,,NA,NA,,,,NA,NA,NA,,NA,NA,,,,NA,NA,NA,,NA,NA,,,,NA,NA,NA,,NA,NA,,,,NA,NA,NA,,NA,NA,,,,NA,NA,NA,,NA,NA,,,,NA,NA,NA,,NA,NA,,,,NA,NA,NA,,NA,NA,,,,NA,NA,NA,,NA,NA,,,,NA,NA,NA,,NA,NA,,,,NA,NA,NA,,NA,NA,,,,NA,NA,NA,NA,NA,NA,NA,,NA,NA,,,,NA,NA,NA,NA,NA,NA,NA,,NA,NA,,,,NA,NA,NA,,NA,NA,,,,People vaping and exercising,People vaping,16,Young Treat,0,0,0,0,1,1,0,0,0,3,3,1,1,0,0
R_7Enkqb5QVRrpyjT,14,No,NA,NA,NA,,NA,NA,,,,NA,NA,NA,,NA,NA,,,,NA,NA,NA,,NA,NA,,,,NA,NA,NA,,NA,NA,,,,NA,NA,NA,,NA,NA,,,,NA,NA,NA,,NA,NA,,,,NA,NA,NA,,NA,NA,,,,NA,NA,NA,,NA,NA,,,,NA,NA,NA,,NA,NA,,,,NA,NA,NA,,NA,NA,,,,NA,NA,NA,,NA,NA,,,,NA,NA,NA,,NA,NA,,,,60,40,10,Extremely harmful,0,0,Definitely not,Definitely not,Definitely not,60,0,0,Very harmful,0,0,Definitely not,Definitely not,Definitely not,40,20,0,Extremely harmful,0,0,Definitely not,Definitely not,Definitely not,65,30,0,Extremely harmful,0,0,Definitely not,Definitely not,Definitely not,30,10,0,Extremely harmful,0,0,Definitely not,Definitely not,Definitely not,70,40,0,Extremely harmful,0,0,Definitely not,Definitely not,Definitely not,NA,NA,NA,,NA,NA,,,,NA,NA,NA,,NA,NA,,,,NA,NA,NA,,NA,NA,,,,NA,NA,NA,NA,NA,NA,NA,,NA,NA,,,,NA,NA,NA,NA,NA,NA,NA,,NA,NA,,,,NA,NA,NA,,NA,NA,,,,,People vaping,14,Young Control,0,1,0,0,0,0,0,0,0,1,1,1,2,0,0
R_1WUoGQYtbfD4On0,16,No,NA,NA,NA,,NA,NA,,,,NA,NA,NA,,NA,NA,,,,NA,NA,NA,,NA,NA,,,,NA,NA,NA,,NA,NA,,,,NA,NA,NA,,NA,NA,,,,NA,NA,NA,,NA,NA,,,,0,0,6,Very harmful,1,1,Definitely not,Definitely not,Definitely not,0,0,0,Somewhat harmful,1,1,Definitely not,Definitely not,Definitely not,7,6,0,Very harmful,1,1,Definitely not,Definitely not,Definitely not,0,0,0,Very harmful,0,0,Definitely not,Definitely not,Definitely not,20,6,8,Very harmful,1,1,Definitely not,Definitely not,Definitely not,0,2,5,Very harmful,1,1,Definitely not,Definitely not,Definitely not,NA,NA,NA,,NA,NA,,,,NA,NA,NA,,NA,NA,,,,NA,NA,NA,,NA,NA,,,,NA,NA,NA,,NA,NA,,,,NA,NA,NA,,NA,NA,,,,NA,NA,NA,,NA,NA,,,,NA,NA,NA,,NA,NA,,,,NA,NA,NA,,NA,NA,,,,NA,NA,NA,,NA,NA,,,,NA,NA,NA,NA,NA,NA,NA,,NA,NA,,,,NA,NA,NA,NA,NA,NA,NA,,NA,NA,,,,NA,NA,NA,,NA,NA,,,,People vaping and exercising,,16,Old Treat,0,0,1,0,0,1,1,0,0,1,1,1,1,0,0
R_5rP6K9ig4tBxGFm,17,No,NA,NA,NA,,NA,NA,,,,NA,NA,NA,,NA,NA,,,,NA,NA,NA,,NA,NA,,,,NA,NA,NA,,NA,NA,,,,NA,NA,NA,,NA,NA,,,,NA,NA,NA,,NA,NA,,,,NA,NA,NA,,NA,NA,,,,NA,NA,NA,,NA,NA,,,,NA,NA,NA,,NA,NA,,,,NA,NA,NA,,NA,NA,,,,NA,NA,NA,,NA,NA,,,,NA,NA,NA,,NA,NA,,,,NA,4,NA,Somewhat harmful,NA,NA,I prefer not to answer,I prefer not to answer,I prefer not to answer,NA,NA,NA,I prefer not to answer,NA,NA,I prefer not to answer,I prefer not to answer,I prefer not to answer,NA,NA,NA,I prefer not to answer,NA,NA,I prefer not to answer,I prefer not to answer,I prefer not to answer,NA,NA,NA,I prefer not to answer,NA,NA,I prefer not to answer,I prefer not to answer,I prefer not to answer,NA,NA,NA,I prefer not to answer,NA,NA,I prefer not to answer,I prefer not to answer,I prefer not to answer,12,6,NA,I prefer not to answer,NA,NA,I prefer not to answer,I prefer not to answer,I prefer not to answer,NA,NA,NA,,NA,NA,,,,NA,NA,NA,,NA,NA,,,,NA,NA,NA,,NA,NA,,,,NA,NA,NA,NA,NA,NA,NA,,NA,NA,,,,NA,NA,NA,NA,NA,NA,NA,,NA,NA,,,,NA,NA,NA,,NA,NA,,,,,People vaping,17,Young Control,0,0,1,0,1,1,1,0,0,3,3,1,1,0,0
R_5n6j3dJhyEIt64G,16,No,NA,NA,NA,Extremely harmful,0,0,Definitely not,Definitely not,Definitely not,29,18,20,Extremely harmful,0,0,Definitely not,Definitely not,Definitely not,19,13,13,Extremely harmful,0,0,Definitely not,Definitely not,Definitely not,8,12,12,Extremely harmful,0,0,Definitely not,Definitely not,Definitely not,20,13,15,Extremely harmful,0,0,Definitely not,Definitely not,Definitely not,7,9,8,Extremely harmful,0,0,Definitely not,Definitely not,Definitely not,NA,NA,NA,,NA,NA,,,,NA,NA,NA,,NA,NA,,,,NA,NA,NA,,NA,NA,,,,NA,NA,NA,,NA,NA,,,,NA,NA,NA,,NA,NA,,,,NA,NA,NA,,NA,NA,,,,NA,NA,NA,,NA,NA,,,,NA,NA,NA,,NA,NA,,,,NA,NA,NA,,NA,NA,,,,NA,NA,NA,,NA,NA,,,,NA,NA,NA,,NA,NA,,,,NA,NA,NA,,NA,NA,,,,NA,NA,NA,,NA,NA,,,,NA,NA,NA,,NA,NA,,,,NA,NA,NA,,NA,NA,,,,NA,NA,NA,NA,NA,NA,NA,,NA,NA,,,,NA,NA,NA,NA,NA,NA,NA,,NA,NA,,,,NA,NA,NA,,NA,NA,,,,People vaping and exercising,People vaping,16,Young Treat,0,1,1,0,0,1,1,0,0,1,1,1,1,0,0
R_6CvTjQ1kmWp2Clz,14,No,NA,NA,NA,,NA,NA,,,,NA,NA,NA,,NA,NA,,,,NA,NA,NA,,NA,NA,,,,NA,NA,NA,,NA,NA,,,,NA,NA,NA,,NA,NA,,,,NA,NA,NA,,NA,NA,,,,NA,NA,NA,,NA,NA,,,,NA,NA,NA,,NA,NA,,,,NA,NA,NA,,NA,NA,,,,NA,NA,NA,,NA,NA,,,,NA,NA,NA,,NA,NA,,,,NA,NA,NA,,NA,NA,,,,NA,NA,NA,,NA,NA,,,,NA,NA,NA,,NA,NA,,,,NA,NA,NA,,NA,NA,,,,NA,NA,NA,,NA,NA,,,,NA,NA,NA,,NA,NA,,,,NA,NA,NA,,NA,NA,,,,21,25,4,Extremely harmful,0,0,Definitely not,Definitely not,Definitely not,36,45,35,Very harmful,1,0,Definitely not,Definitely not,Definitely not,62,63,43,Somewhat harmful,2,2,Definitely not,Definitely not,Probably not,0,0,13.501,0,44,32,59,Somewhat harmful,4,1,Definitely not,Definitely not,Definitely not,11.201,11.201,12.653,1,35,40,54,Very harmful,0,0,Definitely not,Definitely not,Definitely not,17,21,35,Extremely harmful,1,0,Definitely not,Definitely not,Definitely not,People vaping and exercising,People vaping,14,Old Control,0,1,1,0,1,0,0,0,0,1,1,1,1,0,0
R_7OutxDCTa9IFnk5,17,No,50,50,49,Very harmful,0,0,Definitely not,Definitely not,Definitely not,50,51,48,Very harmful,0,0,Definitely not,Definitely not,Definitely not,52,50,50,Very harmful,0,0,Definitely not,Definitely not,Definitely not,50,50,50,Not at all harmful,0,0,Definitely not,Definitely not,Definitely not,49,49,49,Not at all harmful,0,0,Definitely not,Definitely not,Definitely not,50,49,61,Very harmful,0,0,Definitely not,Definitely not,Definitely not,NA,NA,NA,,NA,NA,,,,NA,NA,NA,,NA,NA,,,,NA,NA,NA,,NA,NA,,,,NA,NA,NA,,NA,NA,,,,NA,NA,NA,,NA,NA,,,,NA,NA,NA,,NA,NA,,,,NA,NA,NA,,NA,NA,,,,NA,NA,NA,,NA,NA,,,,NA,NA,NA,,NA,NA,,,,NA,NA,NA,,NA,NA,,,,NA,NA,NA,,NA,NA,,,,NA,NA,NA,,NA,NA,,,,NA,NA,NA,,NA,NA,,,,NA,NA,NA,,NA,NA,,,,NA,NA,NA,,NA,NA,,,,NA,NA,NA,NA,NA,NA,NA,,NA,NA,,,,NA,NA,NA,NA,NA,NA,NA,,NA,NA,,,,NA,NA,NA,,NA,NA,,,,People vaping and exercising,People vaping,17,Young Treat,1,0,0,0,0,0,0,0,0,2,2,1,3,0,0
R_3P1mc204G6zCNs0,17,No,NA,NA,NA,,NA,NA,,,,NA,NA,NA,,NA,NA,,,,NA,NA,NA,,NA,NA,,,,NA,NA,NA,,NA,NA,,,,NA,NA,NA,,NA,NA,,,,NA,NA,NA,,NA,NA,,,,45,43,45,Very harmful,3,3,Probably not,Probably not,Probably not,45,47,44,Very harmful,3,3,Probably not,Probably not,Probably not,53,51,40,Very harmful,3,3,Probably not,Probably not,Probably not,44,49,54,Very harmful,3,3,Probably not,Probably not,Probably not,49,51,20,Very harmful,3,3,Probably not,Probably not,Probably not,52,45,49,Very harmful,3,3,Probably not,Probably not,Probably not,NA,NA,NA,,NA,NA,,,,NA,NA,NA,,NA,NA,,,,NA,NA,NA,,NA,NA,,,,NA,NA,NA,,NA,NA,,,,NA,NA,NA,,NA,NA,,,,NA,NA,NA,,NA,NA,,,,NA,NA,NA,,NA,NA,,,,NA,NA,NA,,NA,NA,,,,NA,NA,NA,,NA,NA,,,,NA,NA,NA,NA,NA,NA,NA,,NA,NA,,,,NA,NA,NA,NA,NA,NA,NA,,NA,NA,,,,NA,NA,NA,,NA,NA,,,,People vaping and exercising,People vaping,17,Old Treat,0,1,0,0,0,0,1,1,1,2,2,1,1,1,1
R_6Pvv3tcfMRORWEX,17,No,100,90,91,Slightly harmful,2,3,Probably not,Probably not,Probably not,80,70,80,Somewhat harmful,0,0,Probably not,Probably not,Probably not,100,92,100,Slightly harmful,2,2,Probably not,Probably not,Probably not,62,70,30,Somewhat harmful,0,0,Probably not,Probably not,Probably not,70,90,70,Extremely harmful,0,3,Probably not,Probably not,Probably not,19,10,0,Very harmful,0,1,Definitely not,Definitely not,Definitely not,NA,NA,NA,,NA,NA,,,,NA,NA,NA,,NA,NA,,,,NA,NA,NA,,NA,NA,,,,NA,NA,NA,,NA,NA,,,,NA,NA,NA,,NA,NA,,,,NA,NA,NA,,NA,NA,,,,NA,NA,NA,,NA,NA,,,,NA,NA,NA,,NA,NA,,,,NA,NA,NA,,NA,NA,,,,NA,NA,NA,,NA,NA,,,,NA,NA,NA,,NA,NA,,,,NA,NA,NA,,NA,NA,,,,NA,NA,NA,,NA,NA,,,,NA,NA,NA,,NA,NA,,,,NA,NA,NA,,NA,NA,,,,NA,NA,NA,NA,NA,NA,NA,,NA,NA,,,,NA,NA,NA,NA,NA,NA,NA,,NA,NA,,,,NA,NA,NA,,NA,NA,,,,People vaping and exercising,People vaping,17,Young Treat,0,0,1,0,0,0,0,0,0,1,1,1,1,0,0
R_7Hq55OADcgE7QJF,14,No,14,13,13,Somewhat harmful,1,0,Probably not,Probably not,Definitely not,8,6,24,Somewhat harmful,2,1,Probably not,Probably not,Definitely not,5,9,9,Somewhat harmful,1,1,Probably not,Probably not,Probably not,27,15,32,Extremely harmful,1,1,Probably not,Probably not,Probably not,8,8,34,Very harmful,2,1,Probably not,Probably not,Definitely not,6,8,6,Somewhat harmful,2,1,Probably not,Probably not,Probably not,NA,NA,NA,,NA,NA,,,,NA,NA,NA,,NA,NA,,,,NA,NA,NA,,NA,NA,,,,NA,NA,NA,,NA,NA,,,,NA,NA,NA,,NA,NA,,,,NA,NA,NA,,NA,NA,,,,NA,NA,NA,,NA,NA,,,,NA,NA,NA,,NA,NA,,,,NA,NA,NA,,NA,NA,,,,NA,NA,NA,,NA,NA,,,,NA,NA,NA,,NA,NA,,,,NA,NA,NA,,NA,NA,,,,NA,NA,NA,,NA,NA,,,,NA,NA,NA,,NA,NA,,,,NA,NA,NA,,NA,NA,,,,NA,NA,NA,NA,NA,NA,NA,,NA,NA,,,,NA,NA,NA,NA,NA,NA,NA,,NA,NA,,,,NA,NA,NA,,NA,NA,,,,People vaping and exercising,People vaping,14,Young Treat,0,0,1,0,0,0,0,0,0,1,1,1,1,0,0
R_6HhMUAkqKUC2PnL,15,Yes,NA,NA,NA,,NA,NA,,,,NA,NA,NA,,NA,NA,,,,NA,NA,NA,,NA,NA,,,,NA,NA,NA,,NA,NA,,,,NA,NA,NA,,NA,NA,,,,NA,NA,NA,,NA,NA,,,,42,23,84,Very harmful,1,1,Probably not,Definitely not,Definitely not,37,51,30,Very harmful,1,1,Probably not,Definitely not,Definitely not,45,65,73,Very harmful,1,1,Probably not,Definitely not,Definitely not,55,56,59,Very harmful,1,1,Probably not,Definitely not,Definitely not,53,50,72,Very harmful,1,1,Probably not,Definitely not,Definitely not,18,40,68,Very harmful,1,1,Probably not,Definitely not,Definitely not,NA,NA,NA,,NA,NA,,,,NA,NA,NA,,NA,NA,,,,NA,NA,NA,,NA,NA,,,,NA,NA,NA,,NA,NA,,,,NA,NA,NA,,NA,NA,,,,NA,NA,NA,,NA,NA,,,,NA,NA,NA,,NA,NA,,,,NA,NA,NA,,NA,NA,,,,NA,NA,NA,,NA,NA,,,,NA,NA,NA,NA,NA,NA,NA,,NA,NA,,,,NA,NA,NA,NA,NA,NA,NA,,NA,NA,,,,NA,NA,NA,,NA,NA,,,,People vaping and exercising,People vaping,15,Old Treat,1,0,0,0,0,0,0,0,0,1,1,1,3,0,0
R_6fDUMmE2aSTfDwf,16,Yes,NA,NA,NA,,NA,NA,,,,NA,NA,NA,,NA,NA,,,,NA,NA,NA,,NA,NA,,,,NA,NA,NA,,NA,NA,,,,NA,NA,NA,,NA,NA,,,,NA,NA,NA,,NA,NA,,,,NA,NA,NA,,NA,NA,,,,NA,NA,NA,,NA,NA,,,,NA,NA,NA,,NA,NA,,,,NA,NA,NA,,NA,NA,,,,NA,NA,NA,,NA,NA,,,,NA,NA,NA,,NA,NA,,,,14,0,0,Extremely harmful,0,0,Definitely not,Definitely not,Definitely not,6,17,9,Extremely harmful,0,0,Definitely not,Definitely not,Definitely not,16,16,21,Extremely harmful,1,1,Definitely not,Definitely not,Definitely not,26,31,18,Extremely harmful,0,0,Definitely not,Definitely not,Definitely not,0,0,0,Extremely harmful,0,0,Definitely not,Definitely not,Definitely not,7,11,18,Extremely harmful,1,1,Definitely not,Definitely not,Definitely not,NA,NA,NA,,NA,NA,,,,NA,NA,NA,,NA,NA,,,,NA,NA,NA,,NA,NA,,,,NA,NA,NA,NA,NA,NA,NA,,NA,NA,,,,NA,NA,NA,NA,NA,NA,NA,,NA,NA,,,,NA,NA,NA,,NA,NA,,,,,People vaping,16,Young Control,1,0,0,0,0,0,0,0,0,1,1,1,1,0,0
R_1q88QNqxKiLHhei,16,Yes,NA,NA,NA,,NA,NA,,,,NA,NA,NA,,NA,NA,,,,NA,NA,NA,,NA,NA,,,,NA,NA,NA,,NA,NA,,,,NA,NA,NA,,NA,NA,,,,NA,NA,NA,,NA,NA,,,,NA,NA,NA,,NA,NA,,,,NA,NA,NA,,NA,NA,,,,NA,NA,NA,,NA,NA,,,,NA,NA,NA,,NA,NA,,,,NA,NA,NA,,NA,NA,,,,NA,NA,NA,,NA,NA,,,,NA,NA,NA,,NA,NA,,,,NA,NA,NA,,NA,NA,,,,NA,NA,NA,,NA,NA,,,,NA,NA,NA,,NA,NA,,,,NA,NA,NA,,NA,NA,,,,NA,NA,NA,,NA,NA,,,,9,13,14,Extremely harmful,1,1,Probably not,Probably not,Probably not,17,19,23,Very harmful,2,2,Probably not,Probably not,Definitely not,14,18,24,Extremely harmful,2,2,Probably not,Probably not,Definitely not,0.986,11.973,12.694,4,12,21,26,Extremely harmful,2,2,Definitely not,Definitely not,Probably not,2.541,3.345,15.52,2,9,29,19,Very harmful,1,1,Probably not,Probably not,Definitely not,9,12,17,Extremely harmful,1,1,Definitely not,Definitely not,Definitely not,People vaping and exercising,People vaping,16,Old Control,1,0,0,0,0,1,0,0,0,1,1,1,1,0,0
R_6rY26DBItEoHXpL,16,No,NA,NA,NA,,NA,NA,,,,NA,NA,NA,,NA,NA,,,,NA,NA,NA,,NA,NA,,,,NA,NA,NA,,NA,NA,,,,NA,NA,NA,,NA,NA,,,,NA,NA,NA,,NA,NA,,,,50,50,50,Somewhat harmful,4,4,Probably yes,Definitely not,Probably yes,49,49,50,Somewhat harmful,4,4,Probably yes,Definitely not,Probably yes,49,51,50,Somewhat harmful,3,3,Probably yes,Definitely not,Probably yes,50,50,48,Somewhat harmful,4,3,Probably yes,Definitely not,Probably yes,50,50,50,Somewhat harmful,4,4,Definitely yes,Definitely not,Probably yes,50,50,50,Somewhat harmful,4,4,Probably yes,Definitely not,Probably yes,NA,NA,NA,,NA,NA,,,,NA,NA,NA,,NA,NA,,,,NA,NA,NA,,NA,NA,,,,NA,NA,NA,,NA,NA,,,,NA,NA,NA,,NA,NA,,,,NA,NA,NA,,NA,NA,,,,NA,NA,NA,,NA,NA,,,,NA,NA,NA,,NA,NA,,,,NA,NA,NA,,NA,NA,,,,NA,NA,NA,NA,NA,NA,NA,,NA,NA,,,,NA,NA,NA,NA,NA,NA,NA,,NA,NA,,,,NA,NA,NA,,NA,NA,,,,People vaping and exercising,People vaping,16,Old Treat,0,0,1,0,0,0,0,1,1,3,3,1,1,1,1
R_7mYqPkwVzwZjlQJ,17,Yes,NA,NA,NA,,NA,NA,,,,NA,NA,NA,,NA,NA,,,,NA,NA,NA,,NA,NA,,,,NA,NA,NA,,NA,NA,,,,NA,NA,NA,,NA,NA,,,,NA,NA,NA,,NA,NA,,,,NA,NA,NA,,NA,NA,,,,NA,NA,NA,,NA,NA,,,,NA,NA,NA,,NA,NA,,,,NA,NA,NA,,NA,NA,,,,NA,NA,NA,,NA,NA,,,,NA,NA,NA,,NA,NA,,,,NA,NA,NA,,NA,NA,,,,NA,NA,NA,,NA,NA,,,,NA,NA,NA,,NA,NA,,,,NA,NA,NA,,NA,NA,,,,NA,NA,NA,,NA,NA,,,,NA,NA,NA,,NA,NA,,,,59,51,60,Extremely harmful,0,0,Definitely not,Definitely not,Definitely not,51,50,80,Extremely harmful,0,0,Definitely not,Definitely not,Definitely not,50,60,50,Extremely harmful,0,0,Definitely not,Definitely not,Definitely not,2.992,7.946,12.779,4,10,20,82,Extremely harmful,0,0,Definitely not,Definitely not,Definitely not,1.6,11.929,12.301,3,31,20,70,Extremely harmful,0,0,Definitely not,Definitely not,Definitely not,5,11,50,Extremely harmful,0,0,Definitely not,Definitely not,Definitely not,,People vaping,17,Old Control,1,0,0,0,0,0,0,0,0,1,1,1,1,0,0
R_77P622bNT5VNOnF,15,No,NA,NA,NA,,NA,NA,,,,NA,NA,NA,,NA,NA,,,,NA,NA,NA,,NA,NA,,,,NA,NA,NA,,NA,NA,,,,NA,NA,NA,,NA,NA,,,,NA,NA,NA,,NA,NA,,,,NA,NA,NA,,NA,NA,,,,NA,NA,NA,,NA,NA,,,,NA,NA,NA,,NA,NA,,,,NA,NA,NA,,NA,NA,,,,NA,NA,NA,,NA,NA,,,,NA,NA,NA,,NA,NA,,,,6,11,8,Very harmful,1,1,Probably not,Probably not,Probably not,49,7,7,Very harmful,1,1,Probably not,Definitely not,Probably yes,NA,NA,NA,Very harmful,NA,NA,Probably not,Probably not,Probably not,6,8,9,Very harmful,1,1,Definitely not,Definitely not,Probably not,4,8,10,Very harmful,1,1,Probably not,Probably not,Probably not,6,6,11,Very harmful,1,1,Probably not,Probably not,Probably not,NA,NA,NA,,NA,NA,,,,NA,NA,NA,,NA,NA,,,,NA,NA,NA,,NA,NA,,,,NA,NA,NA,NA,NA,NA,NA,,NA,NA,,,,NA,NA,NA,NA,NA,NA,NA,,NA,NA,,,,NA,NA,NA,,NA,NA,,,,People vaping and exercising,People vaping,15,Young Control,0,0,1,0,0,1,0,0,0,2,2,1,1,0,0
R_70tWCFw7sFz2kYC,16,Yes,NA,NA,NA,,NA,NA,,,,NA,NA,NA,,NA,NA,,,,NA,NA,NA,,NA,NA,,,,NA,NA,NA,,NA,NA,,,,NA,NA,NA,,NA,NA,,,,NA,NA,NA,,NA,NA,,,,NA,NA,NA,,NA,NA,,,,NA,NA,NA,,NA,NA,,,,NA,NA,NA,,NA,NA,,,,NA,NA,NA,,NA,NA,,,,NA,NA,NA,,NA,NA,,,,NA,NA,NA,,NA,NA,,,,NA,NA,NA,,NA,NA,,,,NA,NA,NA,,NA,NA,,,,NA,NA,NA,,NA,NA,,,,NA,NA,NA,,NA,NA,,,,NA,NA,NA,,NA,NA,,,,NA,NA,NA,,NA,NA,,,,23,12,52,Extremely harmful,0,0,Probably not,Probably not,Probably not,37,78,71,Extremely harmful,0,0,Probably not,Probably not,Probably not,85,20,37,Extremely harmful,0,0,Probably not,Probably not,Probably not,0.883,10.184,10.622,3,49,52,51,Extremely harmful,0,0,Probably not,Probably not,Probably not,0.989,12.506,14.227,4,6,34,29,Extremely harmful,0,0,Probably not,Probably not,Probably not,50,0,51,Extremely harmful,0,0,Probably not,Probably not,Probably not,,People vaping,16,Old Control,1,0,0,0,1,0,1,0,0,1,1,1,1,0,0
R_6rpJevmMzd2jFKC,14,Yes,20,30,10,Very harmful,0,1,Probably not,Probably not,Probably not,100,50,50,Very harmful,2,3,Probably yes,Probably yes,Definitely yes,61,70,10,Very harmful,2,3,Probably yes,Probably yes,Definitely yes,55,30,30,Very harmful,2,3,Probably yes,Probably yes,Definitely yes,30,30,10,Very harmful,2,3,Probably yes,Probably yes,Definitely yes,100,41,80,Very harmful,2,3,Probably yes,Probably yes,Definitely yes,NA,NA,NA,,NA,NA,,,,NA,NA,NA,,NA,NA,,,,NA,NA,NA,,NA,NA,,,,NA,NA,NA,,NA,NA,,,,NA,NA,NA,,NA,NA,,,,NA,NA,NA,,NA,NA,,,,NA,NA,NA,,NA,NA,,,,NA,NA,NA,,NA,NA,,,,NA,NA,NA,,NA,NA,,,,NA,NA,NA,,NA,NA,,,,NA,NA,NA,,NA,NA,,,,NA,NA,NA,,NA,NA,,,,NA,NA,NA,,NA,NA,,,,NA,NA,NA,,NA,NA,,,,NA,NA,NA,,NA,NA,,,,NA,NA,NA,NA,NA,NA,NA,,NA,NA,,,,NA,NA,NA,NA,NA,NA,NA,,NA,NA,,,,NA,NA,NA,,NA,NA,,,,People vaping and exercising,People vaping,14,Young Treat,0,0,0,0,1,0,0,0,0,3,3,1,1,0,0
R_164Jvs7pYfpjW0D,16,No,NA,NA,NA,,NA,NA,,,,NA,NA,NA,,NA,NA,,,,NA,NA,NA,,NA,NA,,,,NA,NA,NA,,NA,NA,,,,NA,NA,NA,,NA,NA,,,,NA,NA,NA,,NA,NA,,,,NA,NA,NA,,NA,NA,,,,NA,NA,NA,,NA,NA,,,,NA,NA,NA,,NA,NA,,,,NA,NA,NA,,NA,NA,,,,NA,NA,NA,,NA,NA,,,,NA,NA,NA,,NA,NA,,,,6,10,8,Very harmful,2,1,Probably not,Definitely not,Probably not,3,4,0,Very harmful,0,0,Probably not,Definitely not,Probably not,0,0,0,Very harmful,1,0,Probably not,Definitely not,Probably not,22,2,NA,Somewhat harmful,1,1,Probably not,Definitely not,Probably not,0,3,0,Very harmful,0,0,Probably not,Definitely not,Definitely not,10,12,14,Very harmful,2,2,Probably yes,Definitely not,Probably yes,NA,NA,NA,,NA,NA,,,,NA,NA,NA,,NA,NA,,,,NA,NA,NA,,NA,NA,,,,NA,NA,NA,NA,NA,NA,NA,,NA,NA,,,,NA,NA,NA,NA,NA,NA,NA,,NA,NA,,,,NA,NA,NA,,NA,NA,,,,,People vaping,16,Young Control,0,1,0,0,0,0,0,0,0,2,2,1,2,0,0
R_5Oc4tTn71C2AFFt,16,I prefer not to answer,NA,NA,NA,,NA,NA,,,,NA,NA,NA,,NA,NA,,,,NA,NA,NA,,NA,NA,,,,NA,NA,NA,,NA,NA,,,,NA,NA,NA,,NA,NA,,,,NA,NA,NA,,NA,NA,,,,NA,NA,NA,,NA,NA,,,,NA,NA,NA,,NA,NA,,,,NA,NA,NA,,NA,NA,,,,NA,NA,NA,,NA,NA,,,,NA,NA,NA,,NA,NA,,,,NA,NA,NA,,NA,NA,,,,70,14,45,Very harmful,1,1,Definitely not,Definitely not,Definitely not,9,9,9,Extremely harmful,1,1,Definitely not,Definitely not,Definitely not,19,10,6,Extremely harmful,1,1,Definitely not,Definitely not,Definitely not,10,7,9,Extremely harmful,1,1,Definitely not,Definitely not,Definitely not,11,8,11,Extremely harmful,1,1,Definitely not,Definitely not,Definitely not,22,7,13,Extremely harmful,1,1,Definitely not,Definitely not,Definitely not,NA,NA,NA,,NA,NA,,,,NA,NA,NA,,NA,NA,,,,NA,NA,NA,,NA,NA,,,,NA,NA,NA,NA,NA,NA,NA,,NA,NA,,,,NA,NA,NA,NA,NA,NA,NA,,NA,NA,,,,NA,NA,NA,,NA,NA,,,,,People vaping,16,Young Control,0,0,0,1,0,0,0,0,0,2,2,1,3,0,0
R_3azBmdbOluZnoYh,16,No,NA,NA,NA,,NA,NA,,,,NA,NA,NA,,NA,NA,,,,NA,NA,NA,,NA,NA,,,,NA,NA,NA,,NA,NA,,,,NA,NA,NA,,NA,NA,,,,NA,NA,NA,,NA,NA,,,,47,0,0,Extremely harmful,0,0,Definitely not,Definitely not,Definitely not,72,45,31,Extremely harmful,2,3,Definitely not,Definitely not,Definitely not,51,61,25,Extremely harmful,0,0,Definitely not,Definitely not,Definitely not,0,0,0,Extremely harmful,0,0,Definitely not,Definitely not,Probably not,52,21,21,Extremely harmful,0,0,Definitely not,Definitely not,Definitely not,6,9,19,Extremely harmful,0,0,Definitely not,Definitely not,Definitely not,NA,NA,NA,,NA,NA,,,,NA,NA,NA,,NA,NA,,,,NA,NA,NA,,NA,NA,,,,NA,NA,NA,,NA,NA,,,,NA,NA,NA,,NA,NA,,,,NA,NA,NA,,NA,NA,,,,NA,NA,NA,,NA,NA,,,,NA,NA,NA,,NA,NA,,,,NA,NA,NA,,NA,NA,,,,NA,NA,NA,NA,NA,NA,NA,,NA,NA,,,,NA,NA,NA,NA,NA,NA,NA,,NA,NA,,,,NA,NA,NA,,NA,NA,,,,People vaping and exercising,People vaping,16,Old Treat,1,0,0,0,0,0,1,0,0,1,1,1,1,0,0
R_5SR4LP1zTBVBdCx,14,Yes,NA,NA,NA,,NA,NA,,,,NA,NA,NA,,NA,NA,,,,NA,NA,NA,,NA,NA,,,,NA,NA,NA,,NA,NA,,,,NA,NA,NA,,NA,NA,,,,NA,NA,NA,,NA,NA,,,,NA,NA,NA,,NA,NA,,,,NA,NA,NA,,NA,NA,,,,NA,NA,NA,,NA,NA,,,,NA,NA,NA,,NA,NA,,,,NA,NA,NA,,NA,NA,,,,NA,NA,NA,,NA,NA,,,,NA,NA,NA,,NA,NA,,,,NA,NA,NA,,NA,NA,,,,NA,NA,NA,,NA,NA,,,,NA,NA,NA,,NA,NA,,,,NA,NA,NA,,NA,NA,,,,NA,NA,NA,,NA,NA,,,,4,10,13,Extremely harmful,0,0,Definitely not,Definitely not,Definitely not,0,0,0,Extremely harmful,0,0,Definitely not,Definitely not,Definitely not,1,0,0,Extremely harmful,0,0,Definitely not,Definitely not,Definitely not,1.456,13.283,14.537,2,1,6,26,Extremely harmful,0,1,Definitely not,Definitely not,Definitely not,1.338,14.657,15.507,3,4,23,25,Extremely harmful,1,2,Definitely not,Definitely not,Definitely not,1,1,1,Extremely harmful,0,0,Definitely not,Definitely not,Definitely not,,People vaping,14,Old Control,1,0,0,0,1,1,0,0,0,2,2,1,1,0,0
R_57vVczC5TqLxb2E,14,No,NA,NA,NA,,NA,NA,,,,NA,NA,NA,,NA,NA,,,,NA,NA,NA,,NA,NA,,,,NA,NA,NA,,NA,NA,,,,NA,NA,NA,,NA,NA,,,,NA,NA,NA,,NA,NA,,,,NA,NA,NA,,NA,NA,,,,NA,NA,NA,,NA,NA,,,,NA,NA,NA,,NA,NA,,,,NA,NA,NA,,NA,NA,,,,NA,NA,NA,,NA,NA,,,,NA,NA,NA,,NA,NA,,,,0,0,0,Extremely harmful,0,0,Definitely not,Definitely not,Definitely not,0,0,0,Extremely harmful,0,0,Definitely not,Definitely not,Definitely not,0,0,0,Extremely harmful,0,0,Definitely not,Definitely not,Definitely not,0,0,0,Extremely harmful,0,0,Definitely not,Definitely not,Definitely not,6,0,31,Extremely harmful,0,0,Definitely not,Definitely not,Definitely not,0,0,0,Extremely harmful,0,0,Definitely not,Definitely not,Definitely not,NA,NA,NA,,NA,NA,,,,NA,NA,NA,,NA,NA,,,,NA,NA,NA,,NA,NA,,,,NA,NA,NA,NA,NA,NA,NA,,NA,NA,,,,NA,NA,NA,NA,NA,NA,NA,,NA,NA,,,,NA,NA,NA,,NA,NA,,,,,People vaping,14,Young Control,1,0,0,0,0,0,1,0,0,1,1,1,1,0,0
R_3dGWVDV98LUhyTk,14,Yes,8,8,9,Very harmful,1,1,Definitely not,Definitely not,Definitely not,15,27,29,Extremely harmful,1,1,Definitely not,Definitely not,Definitely not,15,12,20,Very harmful,1,1,Definitely not,Definitely not,Definitely not,41,9,41,Very harmful,1,1,Definitely not,Definitely not,Definitely not,10,8,8,Extremely harmful,1,1,Definitely not,Definitely not,Definitely not,15,17,13,Very harmful,1,1,Definitely not,Definitely not,Definitely not,NA,NA,NA,,NA,NA,,,,NA,NA,NA,,NA,NA,,,,NA,NA,NA,,NA,NA,,,,NA,NA,NA,,NA,NA,,,,NA,NA,NA,,NA,NA,,,,NA,NA,NA,,NA,NA,,,,NA,NA,NA,,NA,NA,,,,NA,NA,NA,,NA,NA,,,,NA,NA,NA,,NA,NA,,,,NA,NA,NA,,NA,NA,,,,NA,NA,NA,,NA,NA,,,,NA,NA,NA,,NA,NA,,,,NA,NA,NA,,NA,NA,,,,NA,NA,NA,,NA,NA,,,,NA,NA,NA,,NA,NA,,,,NA,NA,NA,NA,NA,NA,NA,,NA,NA,,,,NA,NA,NA,NA,NA,NA,NA,,NA,NA,,,,NA,NA,NA,,NA,NA,,,,People vaping and exercising,People vaping,14,Young Treat,0,0,0,0,1,0,0,0,0,2,2,1,2,0,0
R_1zQAV6HC9V8tSx3,16,No,NA,NA,NA,,NA,NA,,,,NA,NA,NA,,NA,NA,,,,NA,NA,NA,,NA,NA,,,,NA,NA,NA,,NA,NA,,,,NA,NA,NA,,NA,NA,,,,NA,NA,NA,,NA,NA,,,,19,13,12,Very harmful,1,1,Definitely not,Definitely not,Definitely not,15,15,15,Very harmful,1,1,Definitely not,Definitely not,Definitely not,17,12,26,Very harmful,1,1,Definitely not,Definitely not,Definitely not,20,25,12,Very harmful,1,1,Definitely not,Definitely not,Definitely not,18,14,5,Very harmful,1,2,Definitely not,Definitely not,Definitely not,65,19,27,Very harmful,2,2,Definitely not,Definitely not,Definitely not,NA,NA,NA,,NA,NA,,,,NA,NA,NA,,NA,NA,,,,NA,NA,NA,,NA,NA,,,,NA,NA,NA,,NA,NA,,,,NA,NA,NA,,NA,NA,,,,NA,NA,NA,,NA,NA,,,,NA,NA,NA,,NA,NA,,,,NA,NA,NA,,NA,NA,,,,NA,NA,NA,,NA,NA,,,,NA,NA,NA,NA,NA,NA,NA,,NA,NA,,,,NA,NA,NA,NA,NA,NA,NA,,NA,NA,,,,NA,NA,NA,,NA,NA,,,,People vaping and exercising,People vaping,16,Old Treat,0,0,1,0,0,1,0,0,0,2,2,1,1,0,0
R_3IGD34Et91VZPXP,17,Yes,NA,NA,NA,,NA,NA,,,,NA,NA,NA,,NA,NA,,,,NA,NA,NA,,NA,NA,,,,NA,NA,NA,,NA,NA,,,,NA,NA,NA,,NA,NA,,,,NA,NA,NA,,NA,NA,,,,NA,NA,NA,,NA,NA,,,,NA,NA,NA,,NA,NA,,,,NA,NA,NA,,NA,NA,,,,NA,NA,NA,,NA,NA,,,,NA,NA,NA,,NA,NA,,,,NA,NA,NA,,NA,NA,,,,NA,NA,NA,,NA,NA,,,,NA,NA,NA,,NA,NA,,,,NA,NA,NA,,NA,NA,,,,NA,NA,NA,,NA,NA,,,,NA,NA,NA,,NA,NA,,,,NA,NA,NA,,NA,NA,,,,50,7,50,Extremely harmful,0,0,Definitely not,Definitely not,Definitely not,25,20,50,Extremely harmful,0,0,Definitely not,Definitely not,Definitely not,40,20,50,Extremely harmful,0,0,Definitely not,Definitely not,Probably not,1.913,19.26,20.374,2,40,30,50,Extremely harmful,0,0,Definitely not,Definitely not,Definitely not,1.43,19.144,20.278,2,20,20,50,Extremely harmful,0,0,Definitely not,Definitely not,Definitely not,30,20,50,Extremely harmful,0,0,Definitely not,Definitely not,Definitely not,,People vaping,17,Old Control,0,0,1,1,0,0,0,0,0,1,1,1,1,0,0
R_3jMWpD7I99FtsLK,17,Yes,19,18,25,Very harmful,1,1,Definitely not,Definitely not,Probably yes,13,13,30,Very harmful,1,1,Definitely not,Definitely not,Probably yes,22,22,43,Very harmful,1,1,Definitely not,Definitely not,Probably yes,19,18,39,Very harmful,1,1,Definitely not,Definitely not,Probably yes,15,14,35,Very harmful,1,1,Definitely not,Definitely not,Probably yes,17,4,20,Very harmful,1,1,Definitely not,Definitely not,Probably yes,NA,NA,NA,,NA,NA,,,,NA,NA,NA,,NA,NA,,,,NA,NA,NA,,NA,NA,,,,NA,NA,NA,,NA,NA,,,,NA,NA,NA,,NA,NA,,,,NA,NA,NA,,NA,NA,,,,NA,NA,NA,,NA,NA,,,,NA,NA,NA,,NA,NA,,,,NA,NA,NA,,NA,NA,,,,NA,NA,NA,,NA,NA,,,,NA,NA,NA,,NA,NA,,,,NA,NA,NA,,NA,NA,,,,NA,NA,NA,,NA,NA,,,,NA,NA,NA,,NA,NA,,,,NA,NA,NA,,NA,NA,,,,NA,NA,NA,NA,NA,NA,NA,,NA,NA,,,,NA,NA,NA,NA,NA,NA,NA,,NA,NA,,,,NA,NA,NA,,NA,NA,,,,People vaping and exercising,People vaping,17,Young Treat,0,0,0,0,1,0,0,0,0,2,2,1,1,0,0
R_1YSc7VVioePJ43M,17,Yes,NA,NA,NA,,NA,NA,,,,NA,NA,NA,,NA,NA,,,,NA,NA,NA,,NA,NA,,,,NA,NA,NA,,NA,NA,,,,NA,NA,NA,,NA,NA,,,,NA,NA,NA,,NA,NA,,,,NA,NA,NA,,NA,NA,,,,NA,NA,NA,,NA,NA,,,,NA,NA,NA,,NA,NA,,,,NA,NA,NA,,NA,NA,,,,NA,NA,NA,,NA,NA,,,,NA,NA,NA,,NA,NA,,,,NA,NA,NA,,NA,NA,,,,NA,NA,NA,,NA,NA,,,,NA,NA,NA,,NA,NA,,,,NA,NA,NA,,NA,NA,,,,NA,NA,NA,,NA,NA,,,,NA,NA,NA,,NA,NA,,,,52,52,49,Very harmful,0,0,Probably not,Definitely not,Definitely not,48,46,42,Very harmful,0,0,Probably not,Definitely not,Definitely not,61,65,65,Very harmful,0,0,Definitely not,Probably not,Definitely not,4.001,8.55,14.659,4,90,57,65,Very harmful,0,0,Definitely not,Probably not,Definitely not,1.336,1.336,11.275,1,62,62,64,Very harmful,0,0,Definitely not,Probably not,Definitely not,68,43,60,Very harmful,0,0,Probably not,Definitely not,Probably not,People vaping and exercising,,17,Old Control,1,0,0,0,0,1,0,0,0,2,2,1,1,0,0
R_5VIgQm6GlAbwgIV,15,Yes,10,1,10,Extremely harmful,0,0,Definitely not,Definitely not,Definitely not,21,1,11,Extremely harmful,0,0,Definitely not,Definitely not,Definitely not,10,1,10,Extremely harmful,0,0,Definitely not,Definitely not,Definitely not,10,1,11,Extremely harmful,0,0,Definitely not,Definitely not,Definitely not,20,1,10,Extremely harmful,0,0,Definitely not,Definitely not,Probably yes,10,1,10,Extremely harmful,0,0,Definitely not,Definitely not,Definitely not,NA,NA,NA,,NA,NA,,,,NA,NA,NA,,NA,NA,,,,NA,NA,NA,,NA,NA,,,,NA,NA,NA,,NA,NA,,,,NA,NA,NA,,NA,NA,,,,NA,NA,NA,,NA,NA,,,,NA,NA,NA,,NA,NA,,,,NA,NA,NA,,NA,NA,,,,NA,NA,NA,,NA,NA,,,,NA,NA,NA,,NA,NA,,,,NA,NA,NA,,NA,NA,,,,NA,NA,NA,,NA,NA,,,,NA,NA,NA,,NA,NA,,,,NA,NA,NA,,NA,NA,,,,NA,NA,NA,,NA,NA,,,,NA,NA,NA,NA,NA,NA,NA,,NA,NA,,,,NA,NA,NA,NA,NA,NA,NA,,NA,NA,,,,NA,NA,NA,,NA,NA,,,,People vaping and exercising,People vaping,15,Young Treat,0,0,0,1,0,1,0,0,0,1,1,1,1,0,0
R_5L2b3sWZXyzE1Wz,17,Yes,NA,NA,NA,,NA,NA,,,,NA,NA,NA,,NA,NA,,,,NA,NA,NA,,NA,NA,,,,NA,NA,NA,,NA,NA,,,,NA,NA,NA,,NA,NA,,,,NA,NA,NA,,NA,NA,,,,100,19,32,Very harmful,1,1,Definitely not,Definitely not,Definitely not,100,30,50,Very harmful,1,1,Definitely not,Definitely not,Definitely not,100,40,30,Very harmful,1,1,Definitely not,Definitely not,Definitely not,100,40,54,Very harmful,3,2,Definitely not,Definitely not,Definitely not,100,21,4,Very harmful,1,1,Definitely not,Definitely not,Definitely not,100,30,53,Very harmful,1,2,Definitely not,Definitely not,Definitely not,NA,NA,NA,,NA,NA,,,,NA,NA,NA,,NA,NA,,,,NA,NA,NA,,NA,NA,,,,NA,NA,NA,,NA,NA,,,,NA,NA,NA,,NA,NA,,,,NA,NA,NA,,NA,NA,,,,NA,NA,NA,,NA,NA,,,,NA,NA,NA,,NA,NA,,,,NA,NA,NA,,NA,NA,,,,NA,NA,NA,NA,NA,NA,NA,,NA,NA,,,,NA,NA,NA,NA,NA,NA,NA,,NA,NA,,,,NA,NA,NA,,NA,NA,,,,People vaping and exercising,People vaping,17,Old Treat,0,0,1,0,0,0,1,0,0,2,2,1,1,0,0
R_5FLC8aH327PhnGB,16,No,NA,NA,NA,,NA,NA,,,,NA,NA,NA,,NA,NA,,,,NA,NA,NA,,NA,NA,,,,NA,NA,NA,,NA,NA,,,,NA,NA,NA,,NA,NA,,,,NA,NA,NA,,NA,NA,,,,NA,NA,NA,,NA,NA,,,,NA,NA,NA,,NA,NA,,,,NA,NA,NA,,NA,NA,,,,NA,NA,NA,,NA,NA,,,,NA,NA,NA,,NA,NA,,,,NA,NA,NA,,NA,NA,,,,30,50,9,Somewhat harmful,2,0,Definitely not,Definitely not,Definitely not,0,0,0,Extremely harmful,0,0,Definitely not,Definitely not,Definitely not,9,18,0,Extremely harmful,0,0,Definitely not,Definitely not,Definitely not,0,0,9,Extremely harmful,0,0,Definitely not,Definitely not,Definitely not,9,0,9,Extremely harmful,0,0,Definitely not,Definitely not,Definitely not,0,0,0,Extremely harmful,0,0,Definitely not,Definitely not,Definitely not,NA,NA,NA,,NA,NA,,,,NA,NA,NA,,NA,NA,,,,NA,NA,NA,,NA,NA,,,,NA,NA,NA,NA,NA,NA,NA,,NA,NA,,,,NA,NA,NA,NA,NA,NA,NA,,NA,NA,,,,NA,NA,NA,,NA,NA,,,,People vaping and exercising,People vaping,16,Young Control,1,0,0,0,0,1,0,0,0,1,1,1,1,0,0
R_5eKyjCGmlqGmi4k,16,No,NA,NA,NA,,NA,NA,,,,NA,NA,NA,,NA,NA,,,,NA,NA,NA,,NA,NA,,,,NA,NA,NA,,NA,NA,,,,NA,NA,NA,,NA,NA,,,,NA,NA,NA,,NA,NA,,,,35,41,38,Very harmful,3,3,Probably not,Probably yes,Probably yes,80,83,87,Somewhat harmful,5,6,Probably yes,Probably yes,Probably yes,78,79,72,Somewhat harmful,4,5,Probably yes,Probably yes,Probably yes,14,9,16,Extremely harmful,1,1,Probably not,Probably not,Probably not,45,39,NA,Somewhat harmful,2,4,Probably not,Probably yes,Probably not,35,34,35,Very harmful,2,3,Probably not,Probably yes,Probably yes,NA,NA,NA,,NA,NA,,,,NA,NA,NA,,NA,NA,,,,NA,NA,NA,,NA,NA,,,,NA,NA,NA,,NA,NA,,,,NA,NA,NA,,NA,NA,,,,NA,NA,NA,,NA,NA,,,,NA,NA,NA,,NA,NA,,,,NA,NA,NA,,NA,NA,,,,NA,NA,NA,,NA,NA,,,,NA,NA,NA,NA,NA,NA,NA,,NA,NA,,,,NA,NA,NA,NA,NA,NA,NA,,NA,NA,,,,NA,NA,NA,,NA,NA,,,,People vaping and exercising,People vaping,16,Old Treat,1,0,0,0,0,0,1,1,1,2,2,1,1,1,0
R_7Yn3vEi9uAXIpVx,16,No,NA,NA,NA,,NA,NA,,,,NA,NA,NA,,NA,NA,,,,NA,NA,NA,,NA,NA,,,,NA,NA,NA,,NA,NA,,,,NA,NA,NA,,NA,NA,,,,NA,NA,NA,,NA,NA,,,,NA,NA,NA,,NA,NA,,,,NA,NA,NA,,NA,NA,,,,NA,NA,NA,,NA,NA,,,,NA,NA,NA,,NA,NA,,,,NA,NA,NA,,NA,NA,,,,NA,NA,NA,,NA,NA,,,,NA,NA,NA,,NA,NA,,,,NA,NA,NA,,NA,NA,,,,NA,NA,NA,,NA,NA,,,,NA,NA,NA,,NA,NA,,,,NA,NA,NA,,NA,NA,,,,NA,NA,NA,,NA,NA,,,,22,53,49,I prefer not to answer,1,1,Probably not,Definitely not,Definitely not,15,44,47,Very harmful,3,2,Definitely not,Definitely not,Definitely not,54,46,50,I prefer not to answer,4,4,Definitely not,Definitely not,Definitely not,12.787,13.587,18.431,2,47,52,57,I prefer not to answer,4,4,Definitely not,Definitely not,Definitely not,1.337,44.188,45.333,2,40,51,50,I prefer not to answer,3,1,Definitely not,Definitely not,Definitely not,43,50,45,Not at all harmful,3,3,Definitely not,Definitely not,Definitely not,,People vaping,16,Old Control,0,0,0,0,0,1,0,0,0,2,2,1,1,1,1
R_1Y5oOSgSKoVvrTI,15,Yes,53,56,15,Not at all harmful,2,4,Definitely not,Definitely not,Probably not,46,0,18,Slightly harmful,1,1,Definitely not,Definitely not,Definitely not,49,25,0,Not at all harmful,4,3,Definitely not,Definitely not,Definitely not,66,51,10,Slightly harmful,2,2,Definitely not,Definitely not,Definitely not,57,55,30,Slightly harmful,4,3,Definitely not,Definitely not,Definitely not,66,43,0,Somewhat harmful,2,1,Definitely not,Definitely not,Definitely not,NA,NA,NA,,NA,NA,,,,NA,NA,NA,,NA,NA,,,,NA,NA,NA,,NA,NA,,,,NA,NA,NA,,NA,NA,,,,NA,NA,NA,,NA,NA,,,,NA,NA,NA,,NA,NA,,,,NA,NA,NA,,NA,NA,,,,NA,NA,NA,,NA,NA,,,,NA,NA,NA,,NA,NA,,,,NA,NA,NA,,NA,NA,,,,NA,NA,NA,,NA,NA,,,,NA,NA,NA,,NA,NA,,,,NA,NA,NA,,NA,NA,,,,NA,NA,NA,,NA,NA,,,,NA,NA,NA,,NA,NA,,,,NA,NA,NA,NA,NA,NA,NA,,NA,NA,,,,NA,NA,NA,NA,NA,NA,NA,,NA,NA,,,,NA,NA,NA,,NA,NA,,,,People vaping and exercising,People vaping,15,Young Treat,0,0,0,0,1,0,0,0,0,1,1,1,1,0,0
R_3JwKvyoe9Kmlu2V,17,Yes,NA,NA,NA,,NA,NA,,,,NA,NA,NA,,NA,NA,,,,NA,NA,NA,,NA,NA,,,,NA,NA,NA,,NA,NA,,,,NA,NA,NA,,NA,NA,,,,NA,NA,NA,,NA,NA,,,,NA,NA,NA,,NA,NA,,,,NA,NA,NA,,NA,NA,,,,NA,NA,NA,,NA,NA,,,,NA,NA,NA,,NA,NA,,,,NA,NA,NA,,NA,NA,,,,NA,NA,NA,,NA,NA,,,,9,25,54,Slightly harmful,3,1,Probably not,Probably yes,I prefer not to answer,16,23,61,Somewhat harmful,3,4,Probably not,Definitely yes,Probably yes,5,9,94,Very harmful,1,1,Definitely not,Probably not,Probably not,34,18,15,Slightly harmful,1,0,Probably yes,Definitely not,Probably not,42,20,13,Somewhat harmful,3,4,Probably yes,Probably yes,Probably yes,61,69,45,Slightly harmful,1,1,Probably not,Probably not,Definitely yes,NA,NA,NA,,NA,NA,,,,NA,NA,NA,,NA,NA,,,,NA,NA,NA,,NA,NA,,,,NA,NA,NA,NA,NA,NA,NA,,NA,NA,,,,NA,NA,NA,NA,NA,NA,NA,,NA,NA,,,,NA,NA,NA,,NA,NA,,,,,People vaping,17,Young Control,0,0,0,1,0,1,0,1,1,3,3,1,1,1,0
R_1HvOtv4CYbkiAPH,17,No,NA,NA,NA,,NA,NA,,,,NA,NA,NA,,NA,NA,,,,NA,NA,NA,,NA,NA,,,,NA,NA,NA,,NA,NA,,,,NA,NA,NA,,NA,NA,,,,NA,NA,NA,,NA,NA,,,,NA,NA,NA,,NA,NA,,,,NA,NA,NA,,NA,NA,,,,NA,NA,NA,,NA,NA,,,,NA,NA,NA,,NA,NA,,,,NA,NA,NA,,NA,NA,,,,NA,NA,NA,,NA,NA,,,,NA,NA,NA,,NA,NA,,,,NA,NA,NA,,NA,NA,,,,NA,NA,NA,,NA,NA,,,,NA,NA,NA,,NA,NA,,,,NA,NA,NA,,NA,NA,,,,NA,NA,NA,,NA,NA,,,,1,NA,NA,Extremely harmful,NA,NA,Probably not,Probably not,Probably not,1,1,1,Extremely harmful,0,0,Probably not,Probably not,Probably not,0,0,0,Extremely harmful,0,0,Probably not,Probably not,Probably not,1.22,12.241,12.947,2,1,2,1,Extremely harmful,0,0,Probably not,Probably not,Probably not,1.477,14.205,15.001,2,0,1,1,Extremely harmful,0,0,Probably not,Probably not,Probably not,0,1,2,Extremely harmful,0,0,Probably not,Probably not,Probably not,,People vaping,17,Old Control,1,0,0,0,0,0,0,0,0,1,1,1,1,0,0
R_1CpoNhghLxcThuN,15,No,16,21,32,Extremely harmful,0,0,Definitely not,Definitely not,Definitely not,1,1,3,Extremely harmful,0,0,Definitely not,Definitely not,Definitely not,1,6,4,Very harmful,1,0,Definitely not,Definitely not,Definitely not,7,6,8,Extremely harmful,0,0,Definitely not,Definitely not,Definitely not,13,5,3,Extremely harmful,0,0,Definitely not,Definitely not,Definitely not,28,13,30,Extremely harmful,1,1,Definitely not,Definitely not,Definitely not,NA,NA,NA,,NA,NA,,,,NA,NA,NA,,NA,NA,,,,NA,NA,NA,,NA,NA,,,,NA,NA,NA,,NA,NA,,,,NA,NA,NA,,NA,NA,,,,NA,NA,NA,,NA,NA,,,,NA,NA,NA,,NA,NA,,,,NA,NA,NA,,NA,NA,,,,NA,NA,NA,,NA,NA,,,,NA,NA,NA,,NA,NA,,,,NA,NA,NA,,NA,NA,,,,NA,NA,NA,,NA,NA,,,,NA,NA,NA,,NA,NA,,,,NA,NA,NA,,NA,NA,,,,NA,NA,NA,,NA,NA,,,,NA,NA,NA,NA,NA,NA,NA,,NA,NA,,,,NA,NA,NA,NA,NA,NA,NA,,NA,NA,,,,NA,NA,NA,,NA,NA,,,,,People vaping,15,Young Treat,0,0,1,0,0,1,0,0,0,2,2,1,1,0,0
R_7etAgzuOjxX9fZF,17,No,NA,NA,NA,,NA,NA,,,,NA,NA,NA,,NA,NA,,,,NA,NA,NA,,NA,NA,,,,NA,NA,NA,,NA,NA,,,,NA,NA,NA,,NA,NA,,,,NA,NA,NA,,NA,NA,,,,0,0,0,Extremely harmful,0,0,Definitely not,Definitely not,Definitely not,0,0,0,Extremely harmful,0,0,Definitely not,Definitely not,Definitely not,10,1,1,Extremely harmful,0,0,Definitely not,Definitely not,Definitely not,11,1,2,Extremely harmful,0,0,Definitely not,Definitely not,Definitely not,1,3,3,Extremely harmful,0,0,Definitely not,Definitely not,Definitely not,0,0,0,Extremely harmful,0,0,Definitely not,Definitely not,Definitely not,NA,NA,NA,,NA,NA,,,,NA,NA,NA,,NA,NA,,,,NA,NA,NA,,NA,NA,,,,NA,NA,NA,,NA,NA,,,,NA,NA,NA,,NA,NA,,,,NA,NA,NA,,NA,NA,,,,NA,NA,NA,,NA,NA,,,,NA,NA,NA,,NA,NA,,,,NA,NA,NA,,NA,NA,,,,NA,NA,NA,NA,NA,NA,NA,,NA,NA,,,,NA,NA,NA,NA,NA,NA,NA,,NA,NA,,,,NA,NA,NA,,NA,NA,,,,,People vaping,17,Old Treat,0,0,1,0,0,0,0,0,0,1,1,1,1,0,0
R_6GP0y4O2LoXS9et,14,No,NA,NA,NA,,NA,NA,,,,NA,NA,NA,,NA,NA,,,,NA,NA,NA,,NA,NA,,,,NA,NA,NA,,NA,NA,,,,NA,NA,NA,,NA,NA,,,,NA,NA,NA,,NA,NA,,,,NA,NA,NA,,NA,NA,,,,NA,NA,NA,,NA,NA,,,,NA,NA,NA,,NA,NA,,,,NA,NA,NA,,NA,NA,,,,NA,NA,NA,,NA,NA,,,,NA,NA,NA,,NA,NA,,,,20,20,10,Extremely harmful,0,0,Definitely not,Definitely not,Definitely not,40,20,20,Extremely harmful,0,0,Definitely not,Definitely not,Definitely not,10,10,10,Extremely harmful,0,0,Definitely not,Definitely not,Definitely not,20,20,10,Extremely harmful,0,0,Definitely not,Definitely not,Definitely not,30,10,10,Extremely harmful,0,0,Definitely not,Definitely not,Definitely not,10,10,10,Extremely harmful,0,0,Definitely not,Definitely not,Definitely not,NA,NA,NA,,NA,NA,,,,NA,NA,NA,,NA,NA,,,,NA,NA,NA,,NA,NA,,,,NA,NA,NA,NA,NA,NA,NA,,NA,NA,,,,NA,NA,NA,NA,NA,NA,NA,,NA,NA,,,,NA,NA,NA,,NA,NA,,,,,People vaping,14,Young Control,0,0,0,1,0,0,0,0,0,1,1,1,3,0,0
R_3CpII6EvZG8X87F,15,No,NA,NA,NA,,NA,NA,,,,NA,NA,NA,,NA,NA,,,,NA,NA,NA,,NA,NA,,,,NA,NA,NA,,NA,NA,,,,NA,NA,NA,,NA,NA,,,,NA,NA,NA,,NA,NA,,,,NA,NA,NA,,NA,NA,,,,NA,NA,NA,,NA,NA,,,,NA,NA,NA,,NA,NA,,,,NA,NA,NA,,NA,NA,,,,NA,NA,NA,,NA,NA,,,,NA,NA,NA,,NA,NA,,,,NA,NA,NA,,NA,NA,,,,NA,NA,NA,,NA,NA,,,,NA,NA,NA,,NA,NA,,,,NA,NA,NA,,NA,NA,,,,NA,NA,NA,,NA,NA,,,,NA,NA,NA,,NA,NA,,,,30,31,39,Extremely harmful,0,0,Definitely not,Definitely not,Definitely not,11,16,15,Extremely harmful,0,0,Definitely not,Definitely not,Definitely not,7,11,22,Extremely harmful,1,1,Definitely not,Definitely not,Definitely not,1.068,12.226,13.101,3,15,20,16,Extremely harmful,0,0,Definitely not,Definitely not,Definitely not,0.981,12.739,13.625,2,13,12,15,Extremely harmful,0,0,Definitely not,Definitely not,Definitely not,8,12,7,Extremely harmful,1,0,Definitely not,Definitely not,Definitely not,People vaping and exercising,People vaping,15,Old Control,1,0,1,1,0,1,0,0,0,1,1,1,1,0,0
R_3tujmrurcrPAqMs,17,Yes,NA,NA,NA,,NA,NA,,,,NA,NA,NA,,NA,NA,,,,NA,NA,NA,,NA,NA,,,,NA,NA,NA,,NA,NA,,,,NA,NA,NA,,NA,NA,,,,NA,NA,NA,,NA,NA,,,,NA,NA,NA,,NA,NA,,,,NA,NA,NA,,NA,NA,,,,NA,NA,NA,,NA,NA,,,,NA,NA,NA,,NA,NA,,,,NA,NA,NA,,NA,NA,,,,NA,NA,NA,,NA,NA,,,,20,19,16,Slightly harmful,1,1,Definitely not,Definitely not,Definitely not,5,7,8,Somewhat harmful,1,1,Probably not,Probably not,Probably not,13,15,18,Somewhat harmful,2,2,Probably not,Probably not,Definitely not,13,10,15,Slightly harmful,1,1,Definitely not,Definitely not,Definitely not,28,13,16,Not at all harmful,1,1,Definitely not,Definitely not,Definitely not,8,9,4,Somewhat harmful,1,1,Probably not,Definitely not,Definitely not,NA,NA,NA,,NA,NA,,,,NA,NA,NA,,NA,NA,,,,NA,NA,NA,,NA,NA,,,,NA,NA,NA,NA,NA,NA,NA,,NA,NA,,,,NA,NA,NA,NA,NA,NA,NA,,NA,NA,,,,NA,NA,NA,,NA,NA,,,,,People vaping,17,Young Control,0,0,0,0,1,0,0,0,0,2,2,1,1,0,0
R_5EqUibn54fE2Wvn,17,No,NA,NA,NA,,NA,NA,,,,NA,NA,NA,,NA,NA,,,,NA,NA,NA,,NA,NA,,,,NA,NA,NA,,NA,NA,,,,NA,NA,NA,,NA,NA,,,,NA,NA,NA,,NA,NA,,,,54,66,55,Somewhat harmful,2,2,Definitely not,Definitely not,Probably not,31,33,31,Not at all harmful,2,2,Definitely not,Definitely not,Definitely not,34,43,48,Very harmful,2,1,Definitely not,Definitely not,Definitely not,47,50,48,Very harmful,1,1,Definitely not,Definitely not,Definitely not,36,41,43,Very harmful,1,2,Definitely not,Definitely not,Definitely not,35,38,40,Very harmful,2,2,Definitely not,Probably not,Definitely not,NA,NA,NA,,NA,NA,,,,NA,NA,NA,,NA,NA,,,,NA,NA,NA,,NA,NA,,,,NA,NA,NA,,NA,NA,,,,NA,NA,NA,,NA,NA,,,,NA,NA,NA,,NA,NA,,,,NA,NA,NA,,NA,NA,,,,NA,NA,NA,,NA,NA,,,,NA,NA,NA,,NA,NA,,,,NA,NA,NA,NA,NA,NA,NA,,NA,NA,,,,NA,NA,NA,NA,NA,NA,NA,,NA,NA,,,,NA,NA,NA,,NA,NA,,,,People vaping and exercising,People vaping,17,Old Treat,1,0,0,0,0,1,0,0,0,2,2,1,2,0,0
R_7VI0XrU1Ifbe565,17,No,53,38,100,Extremely harmful,0,2,Probably yes,Probably not,Probably yes,73,18,100,Extremely harmful,1,1,Definitely not,Probably not,Definitely not,45,27,100,Extremely harmful,0,0,Probably yes,Probably not,Probably yes,30,27,17,Extremely harmful,1,0,Definitely not,Probably not,Definitely not,22,65,100,Extremely harmful,0,3,Probably not,Probably not,Probably not,36,28,100,Extremely harmful,1,0,Probably not,Probably not,Probably not,NA,NA,NA,,NA,NA,,,,NA,NA,NA,,NA,NA,,,,NA,NA,NA,,NA,NA,,,,NA,NA,NA,,NA,NA,,,,NA,NA,NA,,NA,NA,,,,NA,NA,NA,,NA,NA,,,,NA,NA,NA,,NA,NA,,,,NA,NA,NA,,NA,NA,,,,NA,NA,NA,,NA,NA,,,,NA,NA,NA,,NA,NA,,,,NA,NA,NA,,NA,NA,,,,NA,NA,NA,,NA,NA,,,,NA,NA,NA,,NA,NA,,,,NA,NA,NA,,NA,NA,,,,NA,NA,NA,,NA,NA,,,,NA,NA,NA,NA,NA,NA,NA,,NA,NA,,,,NA,NA,NA,NA,NA,NA,NA,,NA,NA,,,,NA,NA,NA,,NA,NA,,,,People vaping and exercising,People vaping,17,Young Treat,1,0,1,0,0,0,0,0,0,1,1,1,1,0,0
R_32yzUN2j9R1ovZu,16,Yes,NA,NA,NA,,NA,NA,,,,NA,NA,NA,,NA,NA,,,,NA,NA,NA,,NA,NA,,,,NA,NA,NA,,NA,NA,,,,NA,NA,NA,,NA,NA,,,,NA,NA,NA,,NA,NA,,,,50,50,50,Very harmful,4,3,Definitely not,Probably yes,Probably yes,50,50,50,Very harmful,3,6,Definitely not,Probably yes,Probably yes,50,50,50,Very harmful,4,5,Definitely not,Probably yes,Probably yes,40,40,45,Very harmful,1,1,Definitely not,Probably yes,Probably yes,45,50,40,Very harmful,1,1,Probably not,Probably not,Probably yes,50,50,50,Extremely harmful,3,3,Definitely not,Probably yes,Probably yes,NA,NA,NA,,NA,NA,,,,NA,NA,NA,,NA,NA,,,,NA,NA,NA,,NA,NA,,,,NA,NA,NA,,NA,NA,,,,NA,NA,NA,,NA,NA,,,,NA,NA,NA,,NA,NA,,,,NA,NA,NA,,NA,NA,,,,NA,NA,NA,,NA,NA,,,,NA,NA,NA,,NA,NA,,,,NA,NA,NA,NA,NA,NA,NA,,NA,NA,,,,NA,NA,NA,NA,NA,NA,NA,,NA,NA,,,,NA,NA,NA,,NA,NA,,,,People vaping and exercising,People vaping,16,Old Treat,0,0,0,0,1,0,1,0,0,1,1,1,3,0,0
R_5P7V9n0zZpzel8I,15,Yes,NA,NA,NA,,NA,NA,,,,NA,NA,NA,,NA,NA,,,,NA,NA,NA,,NA,NA,,,,NA,NA,NA,,NA,NA,,,,NA,NA,NA,,NA,NA,,,,NA,NA,NA,,NA,NA,,,,NA,NA,NA,,NA,NA,,,,NA,NA,NA,,NA,NA,,,,NA,NA,NA,,NA,NA,,,,NA,NA,NA,,NA,NA,,,,NA,NA,NA,,NA,NA,,,,NA,NA,NA,,NA,NA,,,,NA,NA,NA,,NA,NA,,,,NA,NA,NA,,NA,NA,,,,NA,NA,NA,,NA,NA,,,,NA,NA,NA,,NA,NA,,,,NA,NA,NA,,NA,NA,,,,NA,NA,NA,,NA,NA,,,,0,1,7,Extremely harmful,0,0,I prefer not to answer,Definitely not,I prefer not to answer,34,7,30,Very harmful,NA,NA,I prefer not to answer,Definitely not,I prefer not to answer,29,17,12,Very harmful,NA,NA,I prefer not to answer,Definitely not,I prefer not to answer,1.387,11.108,12.044,2,4,12,7,Extremely harmful,0,0,Definitely not,Definitely not,Definitely not,1.142,13.112,14.76,2,13,29,22,Extremely harmful,0,0,I prefer not to answer,Definitely not,I prefer not to answer,0,1,3,Extremely harmful,0,0,I prefer not to answer,Definitely not,I prefer not to answer,,People vaping,15,Old Control,0,0,0,0,0,0,0,0,0,2,2,1,1,0,0
R_7PClTVHMoc60b7H,16,No,NA,NA,NA,,NA,NA,,,,NA,NA,NA,,NA,NA,,,,NA,NA,NA,,NA,NA,,,,NA,NA,NA,,NA,NA,,,,NA,NA,NA,,NA,NA,,,,NA,NA,NA,,NA,NA,,,,NA,NA,NA,,NA,NA,,,,NA,NA,NA,,NA,NA,,,,NA,NA,NA,,NA,NA,,,,NA,NA,NA,,NA,NA,,,,NA,NA,NA,,NA,NA,,,,NA,NA,NA,,NA,NA,,,,NA,NA,NA,,NA,NA,,,,NA,NA,NA,,NA,NA,,,,NA,NA,NA,,NA,NA,,,,NA,NA,NA,,NA,NA,,,,NA,NA,NA,,NA,NA,,,,NA,NA,NA,,NA,NA,,,,35,23,4,Somewhat harmful,0,3,Definitely not,Probably not,Definitely not,0,44,67,Somewhat harmful,0,3,Definitely not,Probably not,Definitely not,17,68,85,Somewhat harmful,0,3,Definitely not,Probably not,Definitely not,1.532,18.778,20.802,6,4,79,56,Somewhat harmful,0,3,Definitely not,Probably not,Definitely not,1.57,6.851,14.857,4,3,5,12,Somewhat harmful,0,3,Definitely not,Probably not,Definitely not,5,85,92,Somewhat harmful,0,3,Definitely not,Probably not,Definitely not,,People vaping,16,Old Control,0,0,1,0,0,1,1,0,0,3,3,1,1,1,1
R_6hR0HGQ1vudWYeS,16,Yes,NA,NA,NA,,NA,NA,,,,NA,NA,NA,,NA,NA,,,,NA,NA,NA,,NA,NA,,,,NA,NA,NA,,NA,NA,,,,NA,NA,NA,,NA,NA,,,,NA,NA,NA,,NA,NA,,,,NA,NA,NA,,NA,NA,,,,NA,NA,NA,,NA,NA,,,,NA,NA,NA,,NA,NA,,,,NA,NA,NA,,NA,NA,,,,NA,NA,NA,,NA,NA,,,,NA,NA,NA,,NA,NA,,,,0,0,0,Extremely harmful,0,0,Definitely not,Definitely not,Definitely not,0,4,6,Extremely harmful,0,0,Definitely not,Definitely not,Definitely not,0,0,0,Extremely harmful,0,0,Definitely not,Definitely not,Definitely not,0,0,0,Extremely harmful,0,0,Definitely not,Definitely not,Definitely not,20,10,2,Extremely harmful,0,0,Definitely not,Definitely not,Definitely not,0,0,0,Extremely harmful,0,0,Definitely not,Definitely not,Definitely not,NA,NA,NA,,NA,NA,,,,NA,NA,NA,,NA,NA,,,,NA,NA,NA,,NA,NA,,,,NA,NA,NA,NA,NA,NA,NA,,NA,NA,,,,NA,NA,NA,NA,NA,NA,NA,,NA,NA,,,,NA,NA,NA,,NA,NA,,,,,People vaping,16,Young Control,0,0,0,0,1,1,1,0,0,2,2,1,1,0,0
R_6LNPNrM9lkrLHCV,14,No,NA,NA,NA,,NA,NA,,,,NA,NA,NA,,NA,NA,,,,NA,NA,NA,,NA,NA,,,,NA,NA,NA,,NA,NA,,,,NA,NA,NA,,NA,NA,,,,NA,NA,NA,,NA,NA,,,,NA,NA,NA,,NA,NA,,,,NA,NA,NA,,NA,NA,,,,NA,NA,NA,,NA,NA,,,,NA,NA,NA,,NA,NA,,,,NA,NA,NA,,NA,NA,,,,NA,NA,NA,,NA,NA,,,,NA,NA,NA,,NA,NA,,,,NA,NA,NA,,NA,NA,,,,NA,NA,NA,,NA,NA,,,,NA,NA,NA,,NA,NA,,,,NA,NA,NA,,NA,NA,,,,NA,NA,NA,,NA,NA,,,,85,100,82,Very harmful,0,0,Probably not,Probably not,Probably not,99,39,63,Very harmful,0,0,Probably not,Probably not,Probably yes,68,53,79,Very harmful,0,0,Probably not,Probably not,Probably not,1.063,6.184,11.642,2,75,85,79,Very harmful,0,0,Probably not,Probably not,Probably not,0.979,8.493,10.681,2,72,41,74,Very harmful,0,0,Probably not,Probably not,Probably not,100,0,88,Very harmful,0,0,Probably not,Probably not,Probably yes,,People vaping,14,Old Control,1,0,0,0,0,0,0,0,0,1,1,1,1,0,0
R_5eYodEub4ZKi7SN,17,Yes,41,33,17,Extremely harmful,0,0,Definitely not,Definitely not,Definitely not,43,45,15,Extremely harmful,0,0,Definitely not,Definitely not,Definitely not,32,57,11,Extremely harmful,0,1,Definitely not,Definitely not,Definitely not,61,51,15,Extremely harmful,0,0,Definitely not,Definitely not,Definitely not,65,84,16,Extremely harmful,0,0,Definitely not,Definitely not,Definitely not,18,34,4,Extremely harmful,0,0,Definitely not,Definitely not,Definitely not,NA,NA,NA,,NA,NA,,,,NA,NA,NA,,NA,NA,,,,NA,NA,NA,,NA,NA,,,,NA,NA,NA,,NA,NA,,,,NA,NA,NA,,NA,NA,,,,NA,NA,NA,,NA,NA,,,,NA,NA,NA,,NA,NA,,,,NA,NA,NA,,NA,NA,,,,NA,NA,NA,,NA,NA,,,,NA,NA,NA,,NA,NA,,,,NA,NA,NA,,NA,NA,,,,NA,NA,NA,,NA,NA,,,,NA,NA,NA,,NA,NA,,,,NA,NA,NA,,NA,NA,,,,NA,NA,NA,,NA,NA,,,,NA,NA,NA,NA,NA,NA,NA,,NA,NA,,,,NA,NA,NA,NA,NA,NA,NA,,NA,NA,,,,NA,NA,NA,,NA,NA,,,,People vaping and exercising,People vaping,17,Young Treat,1,0,0,0,0,0,1,0,0,1,1,1,1,0,0
R_5ZTAvZ8k0Nti1X7,17,No,NA,NA,NA,,NA,NA,,,,NA,NA,NA,,NA,NA,,,,NA,NA,NA,,NA,NA,,,,NA,NA,NA,,NA,NA,,,,NA,NA,NA,,NA,NA,,,,NA,NA,NA,,NA,NA,,,,9,8,9,Extremely harmful,1,1,Definitely not,Definitely not,Definitely not,11,10,16,Extremely harmful,1,1,Definitely not,Definitely not,Definitely not,3,3,5,Extremely harmful,1,1,Definitely not,Definitely not,Definitely not,9,9,13,Extremely harmful,1,1,Definitely not,Definitely not,Definitely not,8,7,9,Extremely harmful,1,1,Definitely not,Definitely not,Definitely not,4,1,5,Extremely harmful,1,1,Definitely not,Definitely not,Definitely not,NA,NA,NA,,NA,NA,,,,NA,NA,NA,,NA,NA,,,,NA,NA,NA,,NA,NA,,,,NA,NA,NA,,NA,NA,,,,NA,NA,NA,,NA,NA,,,,NA,NA,NA,,NA,NA,,,,NA,NA,NA,,NA,NA,,,,NA,NA,NA,,NA,NA,,,,NA,NA,NA,,NA,NA,,,,NA,NA,NA,NA,NA,NA,NA,,NA,NA,,,,NA,NA,NA,NA,NA,NA,NA,,NA,NA,,,,NA,NA,NA,,NA,NA,,,,People vaping and exercising,People vaping,17,Old Treat,1,0,1,1,0,0,0,0,0,1,1,1,2,0,0
R_3sjIsXsvUCJVHYD,16,No,NA,NA,NA,,NA,NA,,,,NA,NA,NA,,NA,NA,,,,NA,NA,NA,,NA,NA,,,,NA,NA,NA,,NA,NA,,,,NA,NA,NA,,NA,NA,,,,NA,NA,NA,,NA,NA,,,,NA,NA,NA,,NA,NA,,,,NA,NA,NA,,NA,NA,,,,NA,NA,NA,,NA,NA,,,,NA,NA,NA,,NA,NA,,,,NA,NA,NA,,NA,NA,,,,NA,NA,NA,,NA,NA,,,,NA,NA,NA,,NA,NA,,,,NA,NA,NA,,NA,NA,,,,NA,NA,NA,,NA,NA,,,,NA,NA,NA,,NA,NA,,,,NA,NA,NA,,NA,NA,,,,NA,NA,NA,,NA,NA,,,,46,45,44,Slightly harmful,1,1,Definitely not,Probably not,Probably not,60,55,60,Somewhat harmful,2,1,Probably yes,Definitely not,Probably yes,44,36,42,Somewhat harmful,3,2,Probably yes,Definitely not,Probably yes,1.224,12.519,15.882,2,35,35,30,Somewhat harmful,3,1,Probably yes,Definitely not,Probably yes,0.901,14.019,18.633,2,50,47,36,Somewhat harmful,2,1,Probably not,Definitely not,Probably yes,45,38,41,Slightly harmful,1,1,Definitely not,Definitely not,Probably not,,People vaping,16,Old Control,0,1,0,0,0,1,0,0,0,3,3,1,1,0,0
R_5qk54FS3vBVp6uB,14,Yes,65,62,47,Extremely harmful,0,0,Definitely not,Definitely not,Definitely not,0,0,0,Extremely harmful,0,0,Definitely not,Definitely not,Definitely not,14,51,49,Very harmful,0,0,Definitely not,Definitely not,Definitely not,0,0,0,Extremely harmful,0,0,Definitely not,Definitely not,Definitely not,0,0,0,Extremely harmful,0,0,Definitely not,Definitely not,Definitely not,0,0,0,Extremely harmful,0,0,Definitely not,Definitely not,Definitely not,NA,NA,NA,,NA,NA,,,,NA,NA,NA,,NA,NA,,,,NA,NA,NA,,NA,NA,,,,NA,NA,NA,,NA,NA,,,,NA,NA,NA,,NA,NA,,,,NA,NA,NA,,NA,NA,,,,NA,NA,NA,,NA,NA,,,,NA,NA,NA,,NA,NA,,,,NA,NA,NA,,NA,NA,,,,NA,NA,NA,,NA,NA,,,,NA,NA,NA,,NA,NA,,,,NA,NA,NA,,NA,NA,,,,NA,NA,NA,,NA,NA,,,,NA,NA,NA,,NA,NA,,,,NA,NA,NA,,NA,NA,,,,NA,NA,NA,NA,NA,NA,NA,,NA,NA,,,,NA,NA,NA,NA,NA,NA,NA,,NA,NA,,,,NA,NA,NA,,NA,NA,,,,People vaping and exercising,People vaping,14,Young Treat,0,0,0,0,1,0,1,0,0,2,2,1,1,0,0
R_6Z796sTd8O3TbMd,17,No,23,28,35,Very harmful,3,2,Definitely not,Definitely not,Definitely not,33,40,38,Very harmful,1,2,Definitely not,Definitely not,Definitely not,74,36,32,Very harmful,1,2,Definitely not,Definitely not,Definitely not,35,30,53,Very harmful,1,2,Probably yes,Probably yes,Definitely not,62,64,26,Very harmful,2,1,Probably yes,Definitely not,Definitely not,38,58,33,Very harmful,1,1,Definitely not,Definitely not,Definitely not,NA,NA,NA,,NA,NA,,,,NA,NA,NA,,NA,NA,,,,NA,NA,NA,,NA,NA,,,,NA,NA,NA,,NA,NA,,,,NA,NA,NA,,NA,NA,,,,NA,NA,NA,,NA,NA,,,,NA,NA,NA,,NA,NA,,,,NA,NA,NA,,NA,NA,,,,NA,NA,NA,,NA,NA,,,,NA,NA,NA,,NA,NA,,,,NA,NA,NA,,NA,NA,,,,NA,NA,NA,,NA,NA,,,,NA,NA,NA,,NA,NA,,,,NA,NA,NA,,NA,NA,,,,NA,NA,NA,,NA,NA,,,,NA,NA,NA,NA,NA,NA,NA,,NA,NA,,,,NA,NA,NA,NA,NA,NA,NA,,NA,NA,,,,NA,NA,NA,,NA,NA,,,,People vaping and exercising,People vaping,17,Young Treat,1,0,0,0,0,1,1,1,1,2,2,1,1,1,0
R_1mGBoOtuopTU481,17,Yes,NA,NA,NA,,NA,NA,,,,NA,NA,NA,,NA,NA,,,,NA,NA,NA,,NA,NA,,,,NA,NA,NA,,NA,NA,,,,NA,NA,NA,,NA,NA,,,,NA,NA,NA,,NA,NA,,,,NA,NA,NA,,NA,NA,,,,NA,NA,NA,,NA,NA,,,,NA,NA,NA,,NA,NA,,,,NA,NA,NA,,NA,NA,,,,NA,NA,NA,,NA,NA,,,,NA,NA,NA,,NA,NA,,,,NA,NA,NA,,NA,NA,,,,NA,NA,NA,,NA,NA,,,,NA,NA,NA,,NA,NA,,,,NA,NA,NA,,NA,NA,,,,NA,NA,NA,,NA,NA,,,,NA,NA,NA,,NA,NA,,,,7,7,100,Extremely harmful,0,0,Definitely not,Definitely not,Definitely not,9,10,89,Extremely harmful,1,1,Definitely not,Definitely not,Definitely not,13,15,100,Extremely harmful,0,0,Definitely not,Definitely not,Definitely not,2.544,15.305,19.059,4,30,63,50,Very harmful,1,1,Probably yes,Definitely not,Probably yes,1.252,14.57,15.591,4,17,15,100,Extremely harmful,1,1,Definitely not,Definitely not,Definitely not,30,40,98,Extremely harmful,0,1,Definitely not,Definitely not,Definitely not,,People vaping,17,Old Control,0,0,0,0,0,0,0,0,0,2,2,1,1,0,0
R_16hSK87pBBzBSEN,15,Yes,NA,NA,NA,,NA,NA,,,,NA,NA,NA,,NA,NA,,,,NA,NA,NA,,NA,NA,,,,NA,NA,NA,,NA,NA,,,,NA,NA,NA,,NA,NA,,,,NA,NA,NA,,NA,NA,,,,NA,NA,NA,Very harmful,NA,NA,Definitely yes,Definitely yes,Definitely yes,NA,NA,NA,Very harmful,NA,NA,Probably yes,Definitely yes,Probably yes,NA,NA,NA,Very harmful,NA,NA,Probably yes,Probably yes,Probably yes,NA,NA,NA,Very harmful,NA,NA,Definitely yes,Definitely yes,Definitely yes,NA,NA,NA,Very harmful,NA,NA,Definitely yes,Definitely yes,Probably yes,NA,NA,NA,Very harmful,NA,NA,Probably yes,Probably yes,Definitely yes,NA,NA,NA,,NA,NA,,,,NA,NA,NA,,NA,NA,,,,NA,NA,NA,,NA,NA,,,,NA,NA,NA,,NA,NA,,,,NA,NA,NA,,NA,NA,,,,NA,NA,NA,,NA,NA,,,,NA,NA,NA,,NA,NA,,,,NA,NA,NA,,NA,NA,,,,NA,NA,NA,,NA,NA,,,,NA,NA,NA,NA,NA,NA,NA,,NA,NA,,,,NA,NA,NA,NA,NA,NA,NA,,NA,NA,,,,NA,NA,NA,,NA,NA,,,,,People vaping,15,Old Treat,0,0,1,0,0,0,0,1,1,3,3,1,3,1,1
R_6qwgX6ZZ2D7Z9Yp,17,Yes,NA,NA,NA,,NA,NA,,,,NA,NA,NA,,NA,NA,,,,NA,NA,NA,,NA,NA,,,,NA,NA,NA,,NA,NA,,,,NA,NA,NA,,NA,NA,,,,NA,NA,NA,,NA,NA,,,,NA,NA,NA,,NA,NA,,,,NA,NA,NA,,NA,NA,,,,NA,NA,NA,,NA,NA,,,,NA,NA,NA,,NA,NA,,,,NA,NA,NA,,NA,NA,,,,NA,NA,NA,,NA,NA,,,,NA,NA,NA,,NA,NA,,,,NA,NA,NA,,NA,NA,,,,NA,NA,NA,,NA,NA,,,,NA,NA,NA,,NA,NA,,,,NA,NA,NA,,NA,NA,,,,NA,NA,NA,,NA,NA,,,,13,11,1,Extremely harmful,0,0,Probably not,Probably not,Definitely not,0,0,0,Extremely harmful,0,0,Probably not,Probably not,Definitely not,0,0,0,Extremely harmful,0,0,Probably not,Probably not,Definitely not,1.993,12.818,14.149,2,2,0,0,Extremely harmful,0,0,Probably not,Probably not,Definitely not,2.1,4.742,15.101,3,0,0,0,Extremely harmful,0,0,Probably not,Probably not,Definitely not,0,2,0,Extremely harmful,0,0,Probably not,Probably not,Definitely not,,People vaping,17,Old Control,0,0,0,0,0,0,0,1,0,1,1,1,2,1,1
R_3iO9vwC5M9aN8jq,17,Yes,40,30,20,Extremely harmful,0,0,Definitely not,Definitely not,Definitely not,50,40,60,Extremely harmful,0,0,Definitely not,Definitely not,Definitely not,20,11,65,Extremely harmful,0,0,Definitely not,Definitely not,Definitely not,50,40,50,Extremely harmful,0,0,Definitely not,Definitely not,Definitely not,40,30,50,Extremely harmful,0,0,Definitely not,Definitely not,Definitely not,20,20,70,Extremely harmful,0,0,Definitely not,Definitely not,Definitely not,NA,NA,NA,,NA,NA,,,,NA,NA,NA,,NA,NA,,,,NA,NA,NA,,NA,NA,,,,NA,NA,NA,,NA,NA,,,,NA,NA,NA,,NA,NA,,,,NA,NA,NA,,NA,NA,,,,NA,NA,NA,,NA,NA,,,,NA,NA,NA,,NA,NA,,,,NA,NA,NA,,NA,NA,,,,NA,NA,NA,,NA,NA,,,,NA,NA,NA,,NA,NA,,,,NA,NA,NA,,NA,NA,,,,NA,NA,NA,,NA,NA,,,,NA,NA,NA,,NA,NA,,,,NA,NA,NA,,NA,NA,,,,NA,NA,NA,NA,NA,NA,NA,,NA,NA,,,,NA,NA,NA,NA,NA,NA,NA,,NA,NA,,,,NA,NA,NA,,NA,NA,,,,People vaping and exercising,People vaping,17,Young Treat,0,0,0,0,1,0,0,0,0,1,1,1,3,0,0
R_6CrnPhrIVqTqVZz,16,Yes,NA,NA,NA,,NA,NA,,,,NA,NA,NA,,NA,NA,,,,NA,NA,NA,,NA,NA,,,,NA,NA,NA,,NA,NA,,,,NA,NA,NA,,NA,NA,,,,NA,NA,NA,,NA,NA,,,,NA,NA,NA,,NA,NA,,,,NA,NA,NA,,NA,NA,,,,NA,NA,NA,,NA,NA,,,,NA,NA,NA,,NA,NA,,,,NA,NA,NA,,NA,NA,,,,NA,NA,NA,,NA,NA,,,,14,4,34,Slightly harmful,4,2,Probably not,Probably not,Definitely not,2,23,38,Not at all harmful,5,7,Probably not,Probably not,Definitely not,14,16,40,Slightly harmful,5,4,Definitely not,Definitely not,Definitely not,8,16,61,Slightly harmful,1,2,Definitely not,Definitely not,Definitely not,13,10,41,Somewhat harmful,5,2,Probably not,Probably not,Probably not,19,13,38,Slightly harmful,5,2,Definitely not,Definitely not,Definitely not,NA,NA,NA,,NA,NA,,,,NA,NA,NA,,NA,NA,,,,NA,NA,NA,,NA,NA,,,,NA,NA,NA,NA,NA,NA,NA,,NA,NA,,,,NA,NA,NA,NA,NA,NA,NA,,NA,NA,,,,NA,NA,NA,,NA,NA,,,,,People vaping,16,Young Control,1,0,0,0,0,0,0,0,0,1,1,1,1,0,0
R_7SlW1LaqhtAk1hL,14,Yes,NA,NA,NA,,NA,NA,,,,NA,NA,NA,,NA,NA,,,,NA,NA,NA,,NA,NA,,,,NA,NA,NA,,NA,NA,,,,NA,NA,NA,,NA,NA,,,,NA,NA,NA,,NA,NA,,,,NA,NA,NA,,NA,NA,,,,NA,NA,NA,,NA,NA,,,,NA,NA,NA,,NA,NA,,,,NA,NA,NA,,NA,NA,,,,NA,NA,NA,,NA,NA,,,,NA,NA,NA,,NA,NA,,,,0,0,0,Extremely harmful,0,0,Definitely not,Definitely not,Definitely not,0,4,0,Extremely harmful,0,0,Definitely not,Definitely not,Definitely not,0,0,0,Extremely harmful,0,0,Definitely not,Definitely not,Definitely not,0,0,0,Extremely harmful,0,0,Definitely not,Definitely not,Definitely not,0,0,0,Extremely harmful,0,0,Definitely not,Definitely not,Definitely not,0,0,0,Extremely harmful,0,0,Definitely not,Definitely not,Definitely not,NA,NA,NA,,NA,NA,,,,NA,NA,NA,,NA,NA,,,,NA,NA,NA,,NA,NA,,,,NA,NA,NA,NA,NA,NA,NA,,NA,NA,,,,NA,NA,NA,NA,NA,NA,NA,,NA,NA,,,,NA,NA,NA,,NA,NA,,,,,People vaping,14,Young Control,0,0,0,0,0,0,1,0,0,2,2,1,1,0,0
R_69z1ajCIuTdy4xz,15,No,NA,NA,NA,,NA,NA,,,,NA,NA,NA,,NA,NA,,,,NA,NA,NA,,NA,NA,,,,NA,NA,NA,,NA,NA,,,,NA,NA,NA,,NA,NA,,,,NA,NA,NA,,NA,NA,,,,NA,NA,NA,,NA,NA,,,,NA,NA,NA,,NA,NA,,,,NA,NA,NA,,NA,NA,,,,NA,NA,NA,,NA,NA,,,,NA,NA,NA,,NA,NA,,,,NA,NA,NA,,NA,NA,,,,NA,NA,NA,,NA,NA,,,,NA,NA,NA,,NA,NA,,,,NA,NA,NA,,NA,NA,,,,NA,NA,NA,,NA,NA,,,,NA,NA,NA,,NA,NA,,,,NA,NA,NA,,NA,NA,,,,NA,NA,NA,Extremely harmful,NA,NA,Definitely not,Definitely not,Definitely not,38,38,39,Extremely harmful,1,1,Definitely not,Definitely not,Definitely not,0,0,0,Extremely harmful,0,0,Definitely not,Definitely not,Definitely not,2.113,13.569,14.074,2,17,18,18,Extremely harmful,1,1,Definitely not,Definitely not,Definitely not,2.114,9.577,20.09,5,20,18,22,Extremely harmful,2,2,Definitely not,Definitely not,Definitely not,24,21,24,Extremely harmful,1,2,Definitely not,Definitely not,Definitely not,,People vaping,15,Old Control,0,0,1,0,0,0,0,0,0,1,1,1,1,0,0
R_7sU0XItd0S2sBVL,14,No,NA,NA,NA,,NA,NA,,,,NA,NA,NA,,NA,NA,,,,NA,NA,NA,,NA,NA,,,,NA,NA,NA,,NA,NA,,,,NA,NA,NA,,NA,NA,,,,NA,NA,NA,,NA,NA,,,,NA,NA,NA,,NA,NA,,,,NA,NA,NA,,NA,NA,,,,NA,NA,NA,,NA,NA,,,,NA,NA,NA,,NA,NA,,,,NA,NA,NA,,NA,NA,,,,NA,NA,NA,,NA,NA,,,,14,8,11,Not at all harmful,1,1,Definitely not,Definitely not,Definitely not,12,11,15,Extremely harmful,1,1,Definitely not,Definitely not,Definitely not,13,11,11,Extremely harmful,1,1,Definitely not,Definitely not,Definitely not,8,6,5,Extremely harmful,1,1,Definitely not,Definitely not,Definitely not,50,8,9,Extremely harmful,1,1,Definitely not,Definitely not,Definitely not,12,10,2,Extremely harmful,1,1,Definitely not,Definitely not,Definitely not,NA,NA,NA,,NA,NA,,,,NA,NA,NA,,NA,NA,,,,NA,NA,NA,,NA,NA,,,,NA,NA,NA,NA,NA,NA,NA,,NA,NA,,,,NA,NA,NA,NA,NA,NA,NA,,NA,NA,,,,NA,NA,NA,,NA,NA,,,,People vaping and exercising,People vaping,14,Young Control,1,1,0,0,0,0,1,0,0,1,1,1,2,0,0
R_6QtmStfNkP4VuzS,14,Yes,NA,NA,NA,,NA,NA,,,,NA,NA,NA,,NA,NA,,,,NA,NA,NA,,NA,NA,,,,NA,NA,NA,,NA,NA,,,,NA,NA,NA,,NA,NA,,,,NA,NA,NA,,NA,NA,,,,1,1,4,Extremely harmful,1,1,Definitely not,Definitely not,Definitely not,1,1,1,Extremely harmful,1,1,Definitely not,Definitely not,Definitely not,1,27,10,Not at all harmful,1,1,Definitely not,Definitely not,Definitely not,9,46,8,Extremely harmful,1,1,Definitely not,Definitely not,Definitely not,9,8,17,Extremely harmful,1,1,Definitely not,Definitely not,Probably not,10,10,21,Extremely harmful,2,1,Definitely not,Definitely not,Probably not,NA,NA,NA,,NA,NA,,,,NA,NA,NA,,NA,NA,,,,NA,NA,NA,,NA,NA,,,,NA,NA,NA,,NA,NA,,,,NA,NA,NA,,NA,NA,,,,NA,NA,NA,,NA,NA,,,,NA,NA,NA,,NA,NA,,,,NA,NA,NA,,NA,NA,,,,NA,NA,NA,,NA,NA,,,,NA,NA,NA,NA,NA,NA,NA,,NA,NA,,,,NA,NA,NA,NA,NA,NA,NA,,NA,NA,,,,NA,NA,NA,,NA,NA,,,,People vaping and exercising,People vaping,14,Old Treat,1,0,0,1,1,0,0,0,0,1,1,1,1,0,0
R_1gii3ysXIUgtXmO,17,No,NA,NA,NA,,NA,NA,,,,NA,NA,NA,,NA,NA,,,,NA,NA,NA,,NA,NA,,,,NA,NA,NA,,NA,NA,,,,NA,NA,NA,,NA,NA,,,,NA,NA,NA,,NA,NA,,,,NA,NA,NA,,NA,NA,,,,NA,NA,NA,,NA,NA,,,,NA,NA,NA,,NA,NA,,,,NA,NA,NA,,NA,NA,,,,NA,NA,NA,,NA,NA,,,,NA,NA,NA,,NA,NA,,,,NA,NA,NA,,NA,NA,,,,NA,NA,NA,,NA,NA,,,,NA,NA,NA,,NA,NA,,,,NA,NA,NA,,NA,NA,,,,NA,NA,NA,,NA,NA,,,,NA,NA,NA,,NA,NA,,,,0,2,0,Extremely harmful,0,0,Definitely not,Definitely not,Definitely not,0,0,0,Extremely harmful,0,0,Definitely not,Definitely not,Definitely not,5,2,6,Extremely harmful,0,0,Definitely not,Definitely not,Definitely not,1.329,11.813,13.611,2,17,11,11,Extremely harmful,0,0,Definitely not,Definitely not,Definitely not,1.493,14.132,15.964,2,50,50,44,Very harmful,0,0,Probably yes,Probably yes,Definitely not,2,0,5,Extremely harmful,0,0,Definitely not,Definitely not,Definitely not,,People vaping,17,Old Control,1,0,1,1,0,0,0,1,1,2,2,1,1,1,0
R_7IGdxKQi4RTNhO7,17,No,NA,NA,NA,,NA,NA,,,,NA,NA,NA,,NA,NA,,,,NA,NA,NA,,NA,NA,,,,NA,NA,NA,,NA,NA,,,,NA,NA,NA,,NA,NA,,,,NA,NA,NA,,NA,NA,,,,NA,NA,NA,,NA,NA,,,,NA,NA,NA,,NA,NA,,,,NA,NA,NA,,NA,NA,,,,NA,NA,NA,,NA,NA,,,,NA,NA,NA,,NA,NA,,,,NA,NA,NA,,NA,NA,,,,10,0,0,Extremely harmful,0,0,Definitely not,Definitely not,Definitely not,0,0,0,Extremely harmful,0,0,Definitely not,Definitely not,Definitely not,27,7,0,Very harmful,0,0,Probably yes,Definitely not,Definitely not,0,0,0,Extremely harmful,0,0,Definitely not,Definitely not,Definitely not,0,0,0,Very harmful,0,0,Definitely not,Definitely not,Probably yes,0,0,0,Extremely harmful,0,0,Definitely not,Definitely not,Definitely not,NA,NA,NA,,NA,NA,,,,NA,NA,NA,,NA,NA,,,,NA,NA,NA,,NA,NA,,,,NA,NA,NA,NA,NA,NA,NA,,NA,NA,,,,NA,NA,NA,NA,NA,NA,NA,,NA,NA,,,,NA,NA,NA,,NA,NA,,,,,People vaping,17,Young Control,0,1,0,0,1,1,1,0,0,1,1,1,2,0,0
R_5JDxlsFAkBplYsY,15,Yes,NA,NA,NA,,NA,NA,,,,NA,NA,NA,,NA,NA,,,,NA,NA,NA,,NA,NA,,,,NA,NA,NA,,NA,NA,,,,NA,NA,NA,,NA,NA,,,,NA,NA,NA,,NA,NA,,,,NA,NA,NA,,NA,NA,,,,NA,NA,NA,,NA,NA,,,,NA,NA,NA,,NA,NA,,,,NA,NA,NA,,NA,NA,,,,NA,NA,NA,,NA,NA,,,,NA,NA,NA,,NA,NA,,,,NA,NA,NA,,NA,NA,,,,NA,NA,NA,,NA,NA,,,,NA,NA,NA,,NA,NA,,,,NA,NA,NA,,NA,NA,,,,NA,NA,NA,,NA,NA,,,,NA,NA,NA,,NA,NA,,,,31,30,26,Very harmful,3,2,Probably not,Definitely not,Definitely not,62,65,63,Extremely harmful,1,1,Definitely not,Definitely not,Definitely not,80,63,71,Very harmful,1,3,Definitely not,Definitely not,Definitely not,1.601,13.977,15.769,3,50,41,43,Extremely harmful,3,2,Probably not,Definitely not,Definitely not,1.326,16.107,17.002,3,50,41,64,Somewhat harmful,3,4,Probably not,Definitely not,Probably not,18,24,67,Extremely harmful,0,1,Definitely not,Definitely not,Definitely not,,People vaping,15,Old Control,1,0,0,0,0,1,1,0,0,1,1,1,1,0,0
R_3qxG2aFxKGUfqut,14,No,NA,NA,NA,,NA,NA,,,,NA,NA,NA,,NA,NA,,,,NA,NA,NA,,NA,NA,,,,NA,NA,NA,,NA,NA,,,,NA,NA,NA,,NA,NA,,,,NA,NA,NA,,NA,NA,,,,0,0,0,Extremely harmful,0,0,Definitely not,Definitely not,Definitely not,50,65,1,Somewhat harmful,0,0,Probably not,Definitely not,Definitely not,0,0,0,Extremely harmful,0,0,Definitely not,Definitely not,Definitely not,0,0,0,Extremely harmful,0,0,Definitely not,Definitely not,Definitely not,50,4,0,Very harmful,0,0,Definitely not,Definitely not,Definitely not,0,0,0,Extremely harmful,0,0,Definitely not,Definitely not,Definitely not,NA,NA,NA,,NA,NA,,,,NA,NA,NA,,NA,NA,,,,NA,NA,NA,,NA,NA,,,,NA,NA,NA,,NA,NA,,,,NA,NA,NA,,NA,NA,,,,NA,NA,NA,,NA,NA,,,,NA,NA,NA,,NA,NA,,,,NA,NA,NA,,NA,NA,,,,NA,NA,NA,,NA,NA,,,,NA,NA,NA,NA,NA,NA,NA,,NA,NA,,,,NA,NA,NA,NA,NA,NA,NA,,NA,NA,,,,NA,NA,NA,,NA,NA,,,,People vaping and exercising,People vaping,14,Old Treat,1,0,0,0,0,0,0,0,0,1,1,1,3,0,0
R_7nMmxn9kw4KodLm,16,Yes,32,32,41,Very harmful,0,1,Definitely not,Definitely not,Definitely not,23,27,30,Very harmful,1,3,Definitely not,Definitely not,Definitely not,0,0,0,Very harmful,0,7,Definitely not,Definitely not,Definitely not,0,0,0,Extremely harmful,0,0,Definitely not,Definitely not,Definitely not,10,39,25,Very harmful,0,1,Definitely not,Definitely not,Definitely not,0,0,0,Extremely harmful,0,0,Definitely not,Definitely not,Definitely not,NA,NA,NA,,NA,NA,,,,NA,NA,NA,,NA,NA,,,,NA,NA,NA,,NA,NA,,,,NA,NA,NA,,NA,NA,,,,NA,NA,NA,,NA,NA,,,,NA,NA,NA,,NA,NA,,,,NA,NA,NA,,NA,NA,,,,NA,NA,NA,,NA,NA,,,,NA,NA,NA,,NA,NA,,,,NA,NA,NA,,NA,NA,,,,NA,NA,NA,,NA,NA,,,,NA,NA,NA,,NA,NA,,,,NA,NA,NA,,NA,NA,,,,NA,NA,NA,,NA,NA,,,,NA,NA,NA,,NA,NA,,,,NA,NA,NA,NA,NA,NA,NA,,NA,NA,,,,NA,NA,NA,NA,NA,NA,NA,,NA,NA,,,,NA,NA,NA,,NA,NA,,,,People vaping and exercising,People vaping,16,Young Treat,1,0,0,0,0,1,0,0,0,2,2,1,1,0,0
R_1JBl3JT29Mkiiul,17,Yes,NA,NA,NA,,NA,NA,,,,NA,NA,NA,,NA,NA,,,,NA,NA,NA,,NA,NA,,,,NA,NA,NA,,NA,NA,,,,NA,NA,NA,,NA,NA,,,,NA,NA,NA,,NA,NA,,,,NA,NA,NA,,NA,NA,,,,NA,NA,NA,,NA,NA,,,,NA,NA,NA,,NA,NA,,,,NA,NA,NA,,NA,NA,,,,NA,NA,NA,,NA,NA,,,,NA,NA,NA,,NA,NA,,,,NA,NA,NA,,NA,NA,,,,NA,NA,NA,,NA,NA,,,,NA,NA,NA,,NA,NA,,,,NA,NA,NA,,NA,NA,,,,NA,NA,NA,,NA,NA,,,,NA,NA,NA,,NA,NA,,,,4,4,3,Very harmful,0,0,Definitely not,Definitely not,Definitely not,11,10,8,Very harmful,0,0,Definitely not,Definitely not,Definitely not,4,3,2,Extremely harmful,0,0,Definitely not,Definitely not,Definitely not,13.401,23.267,27.274,3,0,1,3,Not at all harmful,0,0,Definitely not,Definitely not,Definitely not,3.225,3.69,20.101,2,11,8,6,Very harmful,0,0,Definitely not,Definitely not,Definitely not,3,4,1,Extremely harmful,0,0,Definitely not,Definitely not,Definitely not,,People vaping,17,Old Control,0,0,0,0,0,0,0,0,0,1,1,1,2,0,0
R_1nVJ4V0DSXzSn0l,17,No,NA,NA,NA,,NA,NA,,,,NA,NA,NA,,NA,NA,,,,NA,NA,NA,,NA,NA,,,,NA,NA,NA,,NA,NA,,,,NA,NA,NA,,NA,NA,,,,NA,NA,NA,,NA,NA,,,,NA,NA,NA,,NA,NA,,,,NA,NA,NA,,NA,NA,,,,NA,NA,NA,,NA,NA,,,,NA,NA,NA,,NA,NA,,,,NA,NA,NA,,NA,NA,,,,NA,NA,NA,,NA,NA,,,,49,38,45,Extremely harmful,4,3,Definitely yes,Probably yes,Probably yes,51,42,66,Very harmful,4,3,Probably yes,Definitely yes,Probably yes,54,73,65,Somewhat harmful,4,NA,Probably yes,Definitely yes,Probably yes,51,38,54,Very harmful,4,3,Probably yes,Probably yes,Definitely yes,46,41,52,Very harmful,3,2,Definitely yes,Probably yes,Probably yes,47,34,47,Very harmful,3,4,Probably yes,Probably yes,Probably yes,NA,NA,NA,,NA,NA,,,,NA,NA,NA,,NA,NA,,,,NA,NA,NA,,NA,NA,,,,NA,NA,NA,NA,NA,NA,NA,,NA,NA,,,,NA,NA,NA,NA,NA,NA,NA,,NA,NA,,,,NA,NA,NA,,NA,NA,,,,,People vaping,17,Young Control,1,0,0,0,0,0,1,1,1,3,3,1,2,1,1
R_647QxrUJw8hkzVa,15,Yes,NA,NA,NA,,NA,NA,,,,NA,NA,NA,,NA,NA,,,,NA,NA,NA,,NA,NA,,,,NA,NA,NA,,NA,NA,,,,NA,NA,NA,,NA,NA,,,,NA,NA,NA,,NA,NA,,,,51,50,44,Very harmful,0,0,Probably not,Probably not,Definitely not,25,19,41,Slightly harmful,1,0,Definitely not,Probably not,Probably not,46,44,46,Somewhat harmful,1,1,Probably not,Probably not,Probably not,15,32,29,Slightly harmful,1,0,Probably not,Probably not,Probably not,45,37,32,Slightly harmful,2,1,Probably not,Probably not,Probably not,40,40,41,Very harmful,0,0,Probably not,Probably not,Probably not,NA,NA,NA,,NA,NA,,,,NA,NA,NA,,NA,NA,,,,NA,NA,NA,,NA,NA,,,,NA,NA,NA,,NA,NA,,,,NA,NA,NA,,NA,NA,,,,NA,NA,NA,,NA,NA,,,,NA,NA,NA,,NA,NA,,,,NA,NA,NA,,NA,NA,,,,NA,NA,NA,,NA,NA,,,,NA,NA,NA,NA,NA,NA,NA,,NA,NA,,,,NA,NA,NA,NA,NA,NA,NA,,NA,NA,,,,NA,NA,NA,,NA,NA,,,,People vaping and exercising,People vaping,15,Old Treat,1,0,0,0,0,0,0,0,0,3,3,1,1,0,0
R_62aL7c0H0mR0xFB,15,Yes,NA,NA,NA,,NA,NA,,,,NA,NA,NA,,NA,NA,,,,NA,NA,NA,,NA,NA,,,,NA,NA,NA,,NA,NA,,,,NA,NA,NA,,NA,NA,,,,NA,NA,NA,,NA,NA,,,,60,55,42,Very harmful,1,1,Probably not,Definitely not,Definitely not,NA,NA,NA,Very harmful,1,1,Probably not,Definitely not,Definitely not,NA,NA,NA,Very harmful,1,1,Probably not,Definitely not,Definitely not,NA,NA,NA,Very harmful,1,1,Probably not,Definitely not,Definitely not,NA,NA,NA,Very harmful,1,1,Probably not,Definitely not,Definitely not,NA,NA,NA,Very harmful,1,1,Probably not,Definitely not,Definitely not,NA,NA,NA,,NA,NA,,,,NA,NA,NA,,NA,NA,,,,NA,NA,NA,,NA,NA,,,,NA,NA,NA,,NA,NA,,,,NA,NA,NA,,NA,NA,,,,NA,NA,NA,,NA,NA,,,,NA,NA,NA,,NA,NA,,,,NA,NA,NA,,NA,NA,,,,NA,NA,NA,,NA,NA,,,,NA,NA,NA,NA,NA,NA,NA,,NA,NA,,,,NA,NA,NA,NA,NA,NA,NA,,NA,NA,,,,NA,NA,NA,,NA,NA,,,,People vaping and exercising,,15,Old Treat,0,0,0,0,0,0,0,0,0,1,1,1,1,0,0
R_54dAbrATi367all,17,Yes,NA,NA,NA,,NA,NA,,,,NA,NA,NA,,NA,NA,,,,NA,NA,NA,,NA,NA,,,,NA,NA,NA,,NA,NA,,,,NA,NA,NA,,NA,NA,,,,NA,NA,NA,,NA,NA,,,,NA,NA,NA,,NA,NA,,,,NA,NA,NA,,NA,NA,,,,NA,NA,NA,,NA,NA,,,,NA,NA,NA,,NA,NA,,,,NA,NA,NA,,NA,NA,,,,NA,NA,NA,,NA,NA,,,,NA,NA,NA,,NA,NA,,,,NA,NA,NA,,NA,NA,,,,NA,NA,NA,,NA,NA,,,,NA,NA,NA,,NA,NA,,,,NA,NA,NA,,NA,NA,,,,NA,NA,NA,,NA,NA,,,,29,21,25,Extremely harmful,1,1,Definitely not,Definitely not,Definitely not,19,15,23,Extremely harmful,0,1,Definitely not,Definitely not,Definitely not,11,13,24,Extremely harmful,1,1,Definitely not,Definitely not,Definitely not,1.994,12.915,13.994,2,42,32,26,Extremely harmful,1,1,Definitely not,Definitely not,Definitely not,2.168,16.338,17.084,2,39,39,27,Very harmful,0,1,Probably not,Definitely not,Definitely not,11,9,30,Extremely harmful,1,1,Definitely not,Definitely not,Definitely not,People vaping and exercising,People vaping,17,Old Control,0,0,0,0,0,0,1,0,0,2,2,1,1,0,0
R_50juKUu1TO6SZZD,17,Yes,NA,NA,NA,,NA,NA,,,,NA,NA,NA,,NA,NA,,,,NA,NA,NA,,NA,NA,,,,NA,NA,NA,,NA,NA,,,,NA,NA,NA,,NA,NA,,,,NA,NA,NA,,NA,NA,,,,NA,NA,NA,,NA,NA,,,,NA,NA,NA,,NA,NA,,,,NA,NA,NA,,NA,NA,,,,NA,NA,NA,,NA,NA,,,,NA,NA,NA,,NA,NA,,,,NA,NA,NA,,NA,NA,,,,8,0,0,Extremely harmful,0,0,Definitely not,Definitely not,Definitely not,0,0,0,Extremely harmful,0,0,Definitely not,Definitely not,Definitely not,18,7,0,Extremely harmful,0,0,Definitely not,Definitely not,Definitely not,0,0,0,Extremely harmful,0,0,Definitely not,Definitely not,Definitely not,0,0,0,Extremely harmful,0,0,Definitely not,Definitely not,Definitely not,14,12,9,Extremely harmful,1,1,Definitely not,Definitely not,Definitely not,NA,NA,NA,,NA,NA,,,,NA,NA,NA,,NA,NA,,,,NA,NA,NA,,NA,NA,,,,NA,NA,NA,NA,NA,NA,NA,,NA,NA,,,,NA,NA,NA,NA,NA,NA,NA,,NA,NA,,,,NA,NA,NA,,NA,NA,,,,,People vaping,17,Young Control,0,0,0,0,0,1,1,0,0,1,1,1,1,0,0
R_32lRCtFA7nwuQeo,16,I prefer not to answer,49,67,59,Somewhat harmful,3,2,Definitely yes,Definitely yes,Probably yes,28,18,16,Somewhat harmful,3,5,Probably yes,Probably yes,Probably not,77,79,68,Somewhat harmful,3,4,Definitely yes,Definitely yes,Probably not,39,32,12,Somewhat harmful,3,2,Probably yes,Probably yes,Probably not,45,46,42,Somewhat harmful,4,5,Definitely yes,Definitely yes,Probably not,30,21,80,Somewhat harmful,2,5,Probably not,Probably not,Definitely not,NA,NA,NA,,NA,NA,,,,NA,NA,NA,,NA,NA,,,,NA,NA,NA,,NA,NA,,,,NA,NA,NA,,NA,NA,,,,NA,NA,NA,,NA,NA,,,,NA,NA,NA,,NA,NA,,,,NA,NA,NA,,NA,NA,,,,NA,NA,NA,,NA,NA,,,,NA,NA,NA,,NA,NA,,,,NA,NA,NA,,NA,NA,,,,NA,NA,NA,,NA,NA,,,,NA,NA,NA,,NA,NA,,,,NA,NA,NA,,NA,NA,,,,NA,NA,NA,,NA,NA,,,,NA,NA,NA,,NA,NA,,,,NA,NA,NA,NA,NA,NA,NA,,NA,NA,,,,NA,NA,NA,NA,NA,NA,NA,,NA,NA,,,,NA,NA,NA,,NA,NA,,,,People vaping and exercising,People vaping,16,Young Treat,0,0,0,1,0,1,1,1,1,3,3,1,1,1,1
R_6swOj8GzsG53bgd,16,I prefer not to answer,NA,NA,NA,,NA,NA,,,,NA,NA,NA,,NA,NA,,,,NA,NA,NA,,NA,NA,,,,NA,NA,NA,,NA,NA,,,,NA,NA,NA,,NA,NA,,,,NA,NA,NA,,NA,NA,,,,0,0,0,Extremely harmful,0,0,Definitely not,Definitely not,Definitely not,0,0,0,Extremely harmful,0,0,Definitely not,Definitely not,Definitely not,0,0,0,Extremely harmful,0,0,Definitely not,Definitely not,Definitely not,0,0,0,Extremely harmful,0,0,Definitely not,Definitely not,Definitely not,0,0,0,Extremely harmful,0,0,Definitely not,Definitely not,Definitely not,3,1,1,Extremely harmful,0,0,Definitely not,Definitely not,Definitely not,NA,NA,NA,,NA,NA,,,,NA,NA,NA,,NA,NA,,,,NA,NA,NA,,NA,NA,,,,NA,NA,NA,,NA,NA,,,,NA,NA,NA,,NA,NA,,,,NA,NA,NA,,NA,NA,,,,NA,NA,NA,,NA,NA,,,,NA,NA,NA,,NA,NA,,,,NA,NA,NA,,NA,NA,,,,NA,NA,NA,NA,NA,NA,NA,,NA,NA,,,,NA,NA,NA,NA,NA,NA,NA,,NA,NA,,,,NA,NA,NA,,NA,NA,,,,People vaping and exercising,People vaping,16,Old Treat,0,0,0,0,1,1,0,0,0,1,1,1,1,0,0
R_1WPx4Bu0nl83jAI,16,No,NA,NA,NA,,NA,NA,,,,NA,NA,NA,,NA,NA,,,,NA,NA,NA,,NA,NA,,,,NA,NA,NA,,NA,NA,,,,NA,NA,NA,,NA,NA,,,,NA,NA,NA,,NA,NA,,,,NA,NA,NA,,NA,NA,,,,NA,NA,NA,,NA,NA,,,,NA,NA,NA,,NA,NA,,,,NA,NA,NA,,NA,NA,,,,NA,NA,NA,,NA,NA,,,,NA,NA,NA,,NA,NA,,,,16,13,18,Extremely harmful,1,1,Definitely not,Definitely not,Definitely not,40,30,39,Extremely harmful,1,1,Definitely not,Definitely not,Definitely not,34,30,46,Extremely harmful,1,1,Definitely not,Definitely not,Definitely not,20,19,18,Extremely harmful,0,1,Definitely not,Definitely not,Definitely not,49,34,29,Extremely harmful,0,1,Definitely not,Definitely not,Definitely not,12,12,17,Extremely harmful,0,0,Definitely not,Definitely not,Definitely not,NA,NA,NA,,NA,NA,,,,NA,NA,NA,,NA,NA,,,,NA,NA,NA,,NA,NA,,,,NA,NA,NA,NA,NA,NA,NA,,NA,NA,,,,NA,NA,NA,NA,NA,NA,NA,,NA,NA,,,,NA,NA,NA,,NA,NA,,,,,People vaping,16,Young Control,0,1,0,0,0,0,0,0,0,1,1,1,1,0,0
R_7H0RDD3GiKAKo95,16,Yes,0,27,26,Very harmful,0,0,Probably not,I prefer not to answer,Definitely not,23,25,27,I prefer not to answer,0,0,I prefer not to answer,I prefer not to answer,I prefer not to answer,16,28,35,Very harmful,0,0,Definitely not,Definitely not,Definitely not,17,29,26,Very harmful,0,0,I prefer not to answer,I prefer not to answer,I prefer not to answer,5,0,5,I prefer not to answer,0,3,I prefer not to answer,I prefer not to answer,I prefer not to answer,0,0,0,I prefer not to answer,0,0,I prefer not to answer,I prefer not to answer,I prefer not to answer,NA,NA,NA,,NA,NA,,,,NA,NA,NA,,NA,NA,,,,NA,NA,NA,,NA,NA,,,,NA,NA,NA,,NA,NA,,,,NA,NA,NA,,NA,NA,,,,NA,NA,NA,,NA,NA,,,,NA,NA,NA,,NA,NA,,,,NA,NA,NA,,NA,NA,,,,NA,NA,NA,,NA,NA,,,,NA,NA,NA,,NA,NA,,,,NA,NA,NA,,NA,NA,,,,NA,NA,NA,,NA,NA,,,,NA,NA,NA,,NA,NA,,,,NA,NA,NA,,NA,NA,,,,NA,NA,NA,,NA,NA,,,,NA,NA,NA,NA,NA,NA,NA,,NA,NA,,,,NA,NA,NA,NA,NA,NA,NA,,NA,NA,,,,NA,NA,NA,,NA,NA,,,,People vaping and exercising,People vaping,16,Young Treat,0,0,0,0,1,1,0,0,0,4,4,1,1,0,0
R_623L7ddTYPfMxzh,17,Yes,NA,NA,NA,,NA,NA,,,,NA,NA,NA,,NA,NA,,,,NA,NA,NA,,NA,NA,,,,NA,NA,NA,,NA,NA,,,,NA,NA,NA,,NA,NA,,,,NA,NA,NA,,NA,NA,,,,NA,NA,NA,,NA,NA,,,,NA,NA,NA,,NA,NA,,,,NA,NA,NA,,NA,NA,,,,NA,NA,NA,,NA,NA,,,,NA,NA,NA,,NA,NA,,,,NA,NA,NA,,NA,NA,,,,NA,NA,NA,,NA,NA,,,,NA,NA,NA,,NA,NA,,,,NA,NA,NA,,NA,NA,,,,NA,NA,NA,,NA,NA,,,,NA,NA,NA,,NA,NA,,,,NA,NA,NA,,NA,NA,,,,30,9,35,Somewhat harmful,3,4,Probably yes,Probably not,Probably not,34,33,25,Somewhat harmful,3,4,Probably yes,Probably not,Probably not,51,27,31,Somewhat harmful,3,4,Probably yes,Probably not,Probably not,1.971,37.246,38.049,2,42,51,4,Somewhat harmful,3,4,Probably yes,Probably yes,Probably not,1.501,18.767,19.856,2,48,53,20,Somewhat harmful,3,4,Probably yes,Probably not,Probably not,21,29,15,Slightly harmful,3,4,Probably yes,Probably not,Probably not,,People vaping,17,Old Control,0,0,0,1,1,0,1,1,1,3,3,1,1,1,0
R_3Wl3mdMnyGaF6Xn,16,No,NA,NA,NA,,NA,NA,,,,NA,NA,NA,,NA,NA,,,,NA,NA,NA,,NA,NA,,,,NA,NA,NA,,NA,NA,,,,NA,NA,NA,,NA,NA,,,,NA,NA,NA,,NA,NA,,,,3,7,6,Extremely harmful,1,0,Probably not,Probably not,Definitely not,0,1,0,Extremely harmful,0,1,Definitely not,Definitely not,Definitely not,0,0,0,Extremely harmful,0,0,Definitely not,Definitely not,Definitely not,0,0,0,Extremely harmful,0,0,Definitely not,Definitely not,Definitely not,1,0,0,Extremely harmful,0,0,Definitely not,Definitely not,Definitely not,3,1,8,Extremely harmful,1,1,Definitely not,Definitely not,Definitely not,NA,NA,NA,,NA,NA,,,,NA,NA,NA,,NA,NA,,,,NA,NA,NA,,NA,NA,,,,NA,NA,NA,,NA,NA,,,,NA,NA,NA,,NA,NA,,,,NA,NA,NA,,NA,NA,,,,NA,NA,NA,,NA,NA,,,,NA,NA,NA,,NA,NA,,,,NA,NA,NA,,NA,NA,,,,NA,NA,NA,NA,NA,NA,NA,,NA,NA,,,,NA,NA,NA,NA,NA,NA,NA,,NA,NA,,,,NA,NA,NA,,NA,NA,,,,People vaping and exercising,People vaping,16,Old Treat,0,0,1,0,0,1,0,0,0,1,1,1,2,0,0
R_71zObVflpw2qLAd,17,Yes,NA,NA,NA,,NA,NA,,,,NA,NA,NA,,NA,NA,,,,NA,NA,NA,,NA,NA,,,,NA,NA,NA,,NA,NA,,,,NA,NA,NA,,NA,NA,,,,NA,NA,NA,,NA,NA,,,,NA,NA,NA,,NA,NA,,,,NA,NA,NA,,NA,NA,,,,NA,NA,NA,,NA,NA,,,,NA,NA,NA,,NA,NA,,,,NA,NA,NA,,NA,NA,,,,NA,NA,NA,,NA,NA,,,,0,0,0,Extremely harmful,0,0,Definitely not,Definitely not,Definitely not,40,20,50,Somewhat harmful,0,0,Probably yes,Probably yes,Probably yes,0,0,49,Somewhat harmful,0,NA,Probably yes,Probably not,Probably yes,0,0,0,Extremely harmful,0,0,Definitely not,Definitely not,Definitely not,0,0,0,Somewhat harmful,0,0,Probably not,Probably not,Definitely not,0,0,0,Extremely harmful,0,0,Definitely not,Definitely not,Definitely not,NA,NA,NA,,NA,NA,,,,NA,NA,NA,,NA,NA,,,,NA,NA,NA,,NA,NA,,,,NA,NA,NA,NA,NA,NA,NA,,NA,NA,,,,NA,NA,NA,NA,NA,NA,NA,,NA,NA,,,,NA,NA,NA,,NA,NA,,,,,People vaping,17,Young Control,0,0,0,0,1,1,0,0,0,2,2,1,1,0,0
R_7iUWNP8A7gcb7K5,17,No,31,4,75,Extremely harmful,0,0,Definitely not,Definitely not,Definitely not,0,0,2,Extremely harmful,0,0,Definitely not,Definitely not,Definitely not,0,4,0,Extremely harmful,0,0,Definitely yes,Definitely not,Definitely not,0,0,0,Extremely harmful,0,0,Definitely not,Definitely not,Definitely not,2,5,0,Extremely harmful,0,0,Definitely not,Definitely not,Definitely not,5,0,5,Extremely harmful,0,0,Definitely not,Definitely not,Definitely not,NA,NA,NA,,NA,NA,,,,NA,NA,NA,,NA,NA,,,,NA,NA,NA,,NA,NA,,,,NA,NA,NA,,NA,NA,,,,NA,NA,NA,,NA,NA,,,,NA,NA,NA,,NA,NA,,,,NA,NA,NA,,NA,NA,,,,NA,NA,NA,,NA,NA,,,,NA,NA,NA,,NA,NA,,,,NA,NA,NA,,NA,NA,,,,NA,NA,NA,,NA,NA,,,,NA,NA,NA,,NA,NA,,,,NA,NA,NA,,NA,NA,,,,NA,NA,NA,,NA,NA,,,,NA,NA,NA,,NA,NA,,,,NA,NA,NA,NA,NA,NA,NA,,NA,NA,,,,NA,NA,NA,NA,NA,NA,NA,,NA,NA,,,,NA,NA,NA,,NA,NA,,,,People vaping and exercising,People vaping,17,Young Treat,0,0,1,0,0,0,0,0,0,1,1,1,1,0,0
R_5GxiVwIq04W0Rrj,15,Yes,NA,NA,NA,,NA,NA,,,,NA,NA,NA,,NA,NA,,,,NA,NA,NA,,NA,NA,,,,NA,NA,NA,,NA,NA,,,,NA,NA,NA,,NA,NA,,,,NA,NA,NA,,NA,NA,,,,NA,NA,NA,,NA,NA,,,,NA,NA,NA,,NA,NA,,,,NA,NA,NA,,NA,NA,,,,NA,NA,NA,,NA,NA,,,,NA,NA,NA,,NA,NA,,,,NA,NA,NA,,NA,NA,,,,NA,NA,NA,,NA,NA,,,,NA,NA,NA,,NA,NA,,,,NA,NA,NA,,NA,NA,,,,NA,NA,NA,,NA,NA,,,,NA,NA,NA,,NA,NA,,,,NA,NA,NA,,NA,NA,,,,0,0,0,Extremely harmful,0,0,Probably not,Probably not,Probably not,0,0,0,Extremely harmful,0,0,Probably not,Probably not,Probably not,21,23,22,Extremely harmful,1,1,Probably not,Probably not,Probably not,1.902,14.309,15.101,2,14,39,23,Extremely harmful,1,0,Probably not,Probably not,Probably not,1.08,8.85,17.099,4,12,11,19,Extremely harmful,1,1,Probably not,Probably not,Probably not,24,20,18,Very harmful,1,1,Probably not,Probably not,Probably not,People vaping and exercising,People vaping,15,Old Control,1,1,0,1,0,0,0,0,0,1,1,1,1,0,0
R_3BLwvvBYNsdt67v,17,Yes,NA,NA,NA,,NA,NA,,,,NA,NA,NA,,NA,NA,,,,NA,NA,NA,,NA,NA,,,,NA,NA,NA,,NA,NA,,,,NA,NA,NA,,NA,NA,,,,NA,NA,NA,,NA,NA,,,,50,37,40,Extremely harmful,2,3,Definitely not,Definitely not,Definitely not,37,30,37,Extremely harmful,2,2,Definitely not,Definitely not,Definitely not,9,11,24,Extremely harmful,1,1,Definitely not,Definitely not,Definitely not,27,44,35,Extremely harmful,1,1,Definitely not,Definitely not,Definitely not,15,20,29,Extremely harmful,1,2,Definitely not,Definitely not,Definitely not,5,9,7,Extremely harmful,1,1,Definitely not,Definitely not,Definitely not,NA,NA,NA,,NA,NA,,,,NA,NA,NA,,NA,NA,,,,NA,NA,NA,,NA,NA,,,,NA,NA,NA,,NA,NA,,,,NA,NA,NA,,NA,NA,,,,NA,NA,NA,,NA,NA,,,,NA,NA,NA,,NA,NA,,,,NA,NA,NA,,NA,NA,,,,NA,NA,NA,,NA,NA,,,,NA,NA,NA,NA,NA,NA,NA,,NA,NA,,,,NA,NA,NA,NA,NA,NA,NA,,NA,NA,,,,NA,NA,NA,,NA,NA,,,,People vaping and exercising,People vaping,17,Old Treat,1,0,0,0,0,1,0,0,0,1,1,1,1,0,0
R_5xYpiVqKi091GWk,16,No,NA,NA,NA,,NA,NA,,,,NA,NA,NA,,NA,NA,,,,NA,NA,NA,,NA,NA,,,,NA,NA,NA,,NA,NA,,,,NA,NA,NA,,NA,NA,,,,NA,NA,NA,,NA,NA,,,,NA,NA,NA,,NA,NA,,,,NA,NA,NA,,NA,NA,,,,NA,NA,NA,,NA,NA,,,,NA,NA,NA,,NA,NA,,,,NA,NA,NA,,NA,NA,,,,NA,NA,NA,,NA,NA,,,,50,50,5,Very harmful,0,0,Probably not,Probably not,Probably yes,50,50,10,Extremely harmful,0,0,Probably not,Probably not,Probably not,30,30,5,Extremely harmful,1,0,Probably not,Probably not,Definitely not,10,20,1,Extremely harmful,0,0,Probably not,Probably not,Probably not,60,60,1,Very harmful,0,0,Probably not,Probably not,Probably not,60,10,11,Extremely harmful,0,0,Definitely not,Definitely not,Definitely not,NA,NA,NA,,NA,NA,,,,NA,NA,NA,,NA,NA,,,,NA,NA,NA,,NA,NA,,,,NA,NA,NA,NA,NA,NA,NA,,NA,NA,,,,NA,NA,NA,NA,NA,NA,NA,,NA,NA,,,,NA,NA,NA,,NA,NA,,,,People vaping and exercising,People vaping,16,Young Control,0,1,0,0,0,1,1,0,0,2,2,1,1,0,0
R_7qPUwkyoiOCED7X,15,Yes,NA,NA,NA,,NA,NA,,,,NA,NA,NA,,NA,NA,,,,NA,NA,NA,,NA,NA,,,,NA,NA,NA,,NA,NA,,,,NA,NA,NA,,NA,NA,,,,NA,NA,NA,,NA,NA,,,,NA,NA,NA,,NA,NA,,,,NA,NA,NA,,NA,NA,,,,NA,NA,NA,,NA,NA,,,,NA,NA,NA,,NA,NA,,,,NA,NA,NA,,NA,NA,,,,NA,NA,NA,,NA,NA,,,,NA,NA,NA,,NA,NA,,,,NA,NA,NA,,NA,NA,,,,NA,NA,NA,,NA,NA,,,,NA,NA,NA,,NA,NA,,,,NA,NA,NA,,NA,NA,,,,NA,NA,NA,,NA,NA,,,,0,0,0,Not at all harmful,0,0,Definitely not,Definitely not,Definitely not,0,0,7,Extremely harmful,0,0,Definitely not,Definitely not,Definitely not,0,0,0,Extremely harmful,0,0,Definitely not,Definitely not,Definitely not,1.348,6.502,16.934,3,0,0,0,Extremely harmful,0,0,Definitely not,Definitely not,Definitely not,1.94,10.285,12.788,2,0,0,0,Extremely harmful,0,0,Definitely not,Definitely not,Definitely not,0,NA,0,Extremely harmful,0,0,Definitely not,Definitely not,Definitely not,People vaping and exercising,People vaping,15,Old Control,0,0,0,0,1,1,0,0,0,1,1,1,1,0,0
R_7h6CFDMswwXBcmf,16,Yes,18,20,17,Not at all harmful,1,1,Definitely not,Definitely not,Definitely not,27,23,36,Not at all harmful,1,1,Definitely not,Definitely not,Definitely not,7,15,19,Not at all harmful,1,1,Definitely not,Definitely not,Definitely not,6,12,17,Not at all harmful,1,1,Definitely not,Definitely not,Definitely not,23,25,21,Not at all harmful,1,1,Definitely not,Definitely not,Definitely not,10,0,32,Not at all harmful,0,0,Definitely not,Definitely not,Definitely not,NA,NA,NA,,NA,NA,,,,NA,NA,NA,,NA,NA,,,,NA,NA,NA,,NA,NA,,,,NA,NA,NA,,NA,NA,,,,NA,NA,NA,,NA,NA,,,,NA,NA,NA,,NA,NA,,,,NA,NA,NA,,NA,NA,,,,NA,NA,NA,,NA,NA,,,,NA,NA,NA,,NA,NA,,,,NA,NA,NA,,NA,NA,,,,NA,NA,NA,,NA,NA,,,,NA,NA,NA,,NA,NA,,,,NA,NA,NA,,NA,NA,,,,NA,NA,NA,,NA,NA,,,,NA,NA,NA,,NA,NA,,,,NA,NA,NA,NA,NA,NA,NA,,NA,NA,,,,NA,NA,NA,NA,NA,NA,NA,,NA,NA,,,,NA,NA,NA,,NA,NA,,,,People vaping and exercising,People vaping,16,Young Treat,0,0,0,0,0,1,0,0,0,5,5,1,1,0,0
R_790OXqMpo29I356,16,No,NA,NA,NA,,NA,NA,,,,NA,NA,NA,,NA,NA,,,,NA,NA,NA,,NA,NA,,,,NA,NA,NA,,NA,NA,,,,NA,NA,NA,,NA,NA,,,,NA,NA,NA,,NA,NA,,,,77,82,82,Extremely harmful,6,4,Probably yes,Probably not,Probably yes,70,83,73,Very harmful,5,6,Probably yes,Probably yes,Probably yes,68,83,68,Extremely harmful,4,5,Probably not,Probably not,Probably yes,61,84,60,Very harmful,5,6,Probably not,Probably yes,Probably yes,64,85,68,Somewhat harmful,6,5,Probably not,Probably yes,Probably yes,68,61,82,Somewhat harmful,5,5,Probably yes,Probably yes,Probably yes,NA,NA,NA,,NA,NA,,,,NA,NA,NA,,NA,NA,,,,NA,NA,NA,,NA,NA,,,,NA,NA,NA,,NA,NA,,,,NA,NA,NA,,NA,NA,,,,NA,NA,NA,,NA,NA,,,,NA,NA,NA,,NA,NA,,,,NA,NA,NA,,NA,NA,,,,NA,NA,NA,,NA,NA,,,,NA,NA,NA,NA,NA,NA,NA,,NA,NA,,,,NA,NA,NA,NA,NA,NA,NA,,NA,NA,,,,NA,NA,NA,,NA,NA,,,,People vaping and exercising,,16,Old Treat,1,0,0,0,0,0,0,1,0,3,3,1,3,1,1
R_3CJBqRduGuiABun,17,Yes,NA,NA,NA,,NA,NA,,,,NA,NA,NA,,NA,NA,,,,NA,NA,NA,,NA,NA,,,,NA,NA,NA,,NA,NA,,,,NA,NA,NA,,NA,NA,,,,NA,NA,NA,,NA,NA,,,,25,51,39,Very harmful,0,1,I prefer not to answer,Probably not,I prefer not to answer,40,29,54,Very harmful,1,1,Probably not,Probably not,Probably not,100,83,77,Very harmful,0,1,Probably not,Probably not,Probably not,51,53,68,Very harmful,1,1,Probably not,Probably not,Probably not,53,79,66,Extremely harmful,1,1,Probably not,Probably not,Probably not,0,22,8,Extremely harmful,1,1,Probably not,Probably not,Probably not,NA,NA,NA,,NA,NA,,,,NA,NA,NA,,NA,NA,,,,NA,NA,NA,,NA,NA,,,,NA,NA,NA,,NA,NA,,,,NA,NA,NA,,NA,NA,,,,NA,NA,NA,,NA,NA,,,,NA,NA,NA,,NA,NA,,,,NA,NA,NA,,NA,NA,,,,NA,NA,NA,,NA,NA,,,,NA,NA,NA,NA,NA,NA,NA,,NA,NA,,,,NA,NA,NA,NA,NA,NA,NA,,NA,NA,,,,NA,NA,NA,,NA,NA,,,,People vaping and exercising,People vaping,17,Old Treat,0,0,0,0,0,0,1,1,1,2,2,1,1,1,1
R_7oEG4Tub79kLtJP,17,Yes,NA,NA,NA,,NA,NA,,,,NA,NA,NA,,NA,NA,,,,NA,NA,NA,,NA,NA,,,,NA,NA,NA,,NA,NA,,,,NA,NA,NA,,NA,NA,,,,NA,NA,NA,,NA,NA,,,,40,30,0,Very harmful,0,0,Definitely not,Definitely not,Definitely not,20,0,0,Very harmful,0,0,Definitely not,Definitely not,Definitely not,19,40,0,Very harmful,0,0,Definitely not,Definitely not,Definitely not,0,0,0,Very harmful,0,0,Definitely not,Definitely not,Definitely not,8,11,0,Very harmful,0,0,Definitely not,Definitely not,Definitely not,0,0,0,Very harmful,0,0,Definitely not,Definitely not,Definitely not,NA,NA,NA,,NA,NA,,,,NA,NA,NA,,NA,NA,,,,NA,NA,NA,,NA,NA,,,,NA,NA,NA,,NA,NA,,,,NA,NA,NA,,NA,NA,,,,NA,NA,NA,,NA,NA,,,,NA,NA,NA,,NA,NA,,,,NA,NA,NA,,NA,NA,,,,NA,NA,NA,,NA,NA,,,,NA,NA,NA,NA,NA,NA,NA,,NA,NA,,,,NA,NA,NA,NA,NA,NA,NA,,NA,NA,,,,NA,NA,NA,,NA,NA,,,,People vaping and exercising,People vaping,17,Old Treat,1,0,0,0,0,0,1,0,0,2,2,1,1,0,0
R_5TuAldYJ4LGtS9E,16,Yes,NA,NA,NA,,NA,NA,,,,NA,NA,NA,,NA,NA,,,,NA,NA,NA,,NA,NA,,,,NA,NA,NA,,NA,NA,,,,NA,NA,NA,,NA,NA,,,,NA,NA,NA,,NA,NA,,,,NA,NA,NA,,NA,NA,,,,NA,NA,NA,,NA,NA,,,,NA,NA,NA,,NA,NA,,,,NA,NA,NA,,NA,NA,,,,NA,NA,NA,,NA,NA,,,,NA,NA,NA,,NA,NA,,,,45,14,72,Somewhat harmful,1,0,Probably yes,Probably yes,Probably yes,5,10,64,Somewhat harmful,0,1,Probably yes,Probably yes,Probably yes,7,7,83,Somewhat harmful,0,0,Probably yes,Probably yes,Probably yes,0,3,52,Very harmful,0,0,Probably yes,Probably not,Probably yes,0,0,61,Somewhat harmful,0,0,Probably yes,Probably yes,Probably yes,24,34,72,Somewhat harmful,1,0,Probably yes,Probably yes,Probably yes,NA,NA,NA,,NA,NA,,,,NA,NA,NA,,NA,NA,,,,NA,NA,NA,,NA,NA,,,,NA,NA,NA,NA,NA,NA,NA,,NA,NA,,,,NA,NA,NA,NA,NA,NA,NA,,NA,NA,,,,NA,NA,NA,,NA,NA,,,,,People vaping,16,Young Control,0,0,1,0,0,0,0,0,0,3,3,1,1,0,0
R_3Ni1D5oa7JGXIkx,16,No,NA,NA,NA,,NA,NA,,,,NA,NA,NA,,NA,NA,,,,NA,NA,NA,,NA,NA,,,,NA,NA,NA,,NA,NA,,,,NA,NA,NA,,NA,NA,,,,NA,NA,NA,,NA,NA,,,,NA,NA,NA,,NA,NA,,,,NA,NA,NA,,NA,NA,,,,NA,NA,NA,,NA,NA,,,,NA,NA,NA,,NA,NA,,,,NA,NA,NA,,NA,NA,,,,NA,NA,NA,,NA,NA,,,,NA,NA,NA,,NA,NA,,,,NA,NA,NA,,NA,NA,,,,NA,NA,NA,,NA,NA,,,,NA,NA,NA,,NA,NA,,,,NA,NA,NA,,NA,NA,,,,NA,NA,NA,,NA,NA,,,,17,15,18,Extremely harmful,1,1,Definitely not,Definitely not,Definitely not,8,15,16,Extremely harmful,1,1,Definitely not,Definitely not,Definitely not,10,20,21,Extremely harmful,1,1,Definitely not,Definitely not,Definitely not,5.517,19.913,19.931,3,17,9,18,Extremely harmful,1,2,Definitely not,Definitely not,Definitely not,2.568,2.997,14.3,2,21,21,18,Extremely harmful,1,2,Definitely not,Definitely not,Definitely not,9,12,12,Extremely harmful,1,1,Definitely not,Definitely not,Definitely not,,People vaping,16,Old Control,1,0,0,0,0,0,1,0,0,1,1,1,1,0,0
R_7kTa5EHN960l2PL,16,Yes,NA,NA,NA,,NA,NA,,,,NA,NA,NA,,NA,NA,,,,NA,NA,NA,,NA,NA,,,,NA,NA,NA,,NA,NA,,,,NA,NA,NA,,NA,NA,,,,NA,NA,NA,,NA,NA,,,,NA,NA,NA,,NA,NA,,,,NA,NA,NA,,NA,NA,,,,NA,NA,NA,,NA,NA,,,,NA,NA,NA,,NA,NA,,,,NA,NA,NA,,NA,NA,,,,NA,NA,NA,,NA,NA,,,,NA,NA,NA,,NA,NA,,,,NA,NA,NA,,NA,NA,,,,NA,NA,NA,,NA,NA,,,,NA,NA,NA,,NA,NA,,,,NA,NA,NA,,NA,NA,,,,NA,NA,NA,,NA,NA,,,,1,0,0,Extremely harmful,0,0,Definitely not,Definitely not,Definitely not,5,8,7,Extremely harmful,3,1,Probably yes,Probably not,Probably not,8,11,12,Extremely harmful,1,1,Probably yes,Probably yes,Probably yes,1.101,10.122,11.314,5,NA,NA,NA,Extremely harmful,NA,NA,Definitely not,Definitely not,Definitely not,1.201,13.68,13.7,3,10,18,16,Extremely harmful,1,1,Probably not,Probably not,Probably not,1,6,10,Extremely harmful,0,0,Definitely not,Definitely not,Definitely not,,People vaping,16,Old Control,0,0,0,0,0,1,1,1,1,1,1,1,1,1,1
R_3CEx2EqIjxHVOsr,17,No,NA,NA,NA,,NA,NA,,,,NA,NA,NA,,NA,NA,,,,NA,NA,NA,,NA,NA,,,,NA,NA,NA,,NA,NA,,,,NA,NA,NA,,NA,NA,,,,NA,NA,NA,,NA,NA,,,,NA,NA,NA,,NA,NA,,,,NA,NA,NA,,NA,NA,,,,NA,NA,NA,,NA,NA,,,,NA,NA,NA,,NA,NA,,,,NA,NA,NA,,NA,NA,,,,NA,NA,NA,,NA,NA,,,,NA,NA,NA,,NA,NA,,,,NA,NA,NA,,NA,NA,,,,NA,NA,NA,,NA,NA,,,,NA,NA,NA,,NA,NA,,,,NA,NA,NA,,NA,NA,,,,NA,NA,NA,,NA,NA,,,,16,15,14,Extremely harmful,1,1,Definitely not,Definitely not,Definitely not,11,29,23,Extremely harmful,1,1,Definitely not,Definitely not,Probably not,47,35,7,Extremely harmful,0,0,Definitely not,Definitely not,Probably not,2.751,15.144,15.759,5,10,16,11,Extremely harmful,1,1,Definitely not,Definitely not,Probably not,1.315,1.632,13.101,2,9,7,5,Extremely harmful,0,1,Definitely not,Definitely not,Probably not,23,24,5,Extremely harmful,0,0,Definitely not,Definitely not,Definitely not,People vaping and exercising,People vaping,17,Old Control,0,0,1,0,0,0,1,0,0,1,1,1,2,0,0
R_6ruPXjqLYeaFMvT,14,Yes,NA,NA,NA,,NA,NA,,,,NA,NA,NA,,NA,NA,,,,NA,NA,NA,,NA,NA,,,,NA,NA,NA,,NA,NA,,,,NA,NA,NA,,NA,NA,,,,NA,NA,NA,,NA,NA,,,,3,5,5,Extremely harmful,1,1,Definitely not,Definitely not,Definitely not,6,8,8,Extremely harmful,1,1,Definitely not,Definitely not,Definitely not,4,3,4,Extremely harmful,1,1,Definitely not,Definitely not,Definitely not,6,6,5,Extremely harmful,1,1,Definitely not,Definitely not,Definitely not,6,8,8,Extremely harmful,1,1,Definitely not,Definitely not,Definitely not,6,10,14,Extremely harmful,1,1,Definitely not,Definitely not,Definitely not,NA,NA,NA,,NA,NA,,,,NA,NA,NA,,NA,NA,,,,NA,NA,NA,,NA,NA,,,,NA,NA,NA,,NA,NA,,,,NA,NA,NA,,NA,NA,,,,NA,NA,NA,,NA,NA,,,,NA,NA,NA,,NA,NA,,,,NA,NA,NA,,NA,NA,,,,NA,NA,NA,,NA,NA,,,,NA,NA,NA,NA,NA,NA,NA,,NA,NA,,,,NA,NA,NA,NA,NA,NA,NA,,NA,NA,,,,NA,NA,NA,,NA,NA,,,,People vaping and exercising,People vaping,14,Old Treat,0,0,0,0,1,1,1,0,0,1,1,1,1,0,0
R_1eKpUpqlIs820xg,15,I prefer not to answer,10,9,14,Not at all harmful,1,1,Definitely not,Definitely not,Definitely not,8,16,7,Not at all harmful,1,0,Definitely not,Definitely not,Definitely not,10,25,8,Not at all harmful,1,1,Definitely not,Definitely not,Definitely not,9,8,16,Not at all harmful,1,1,Definitely not,Definitely not,Probably not,11,12,9,Not at all harmful,1,1,Definitely not,Definitely not,Definitely not,14,8,9,Not at all harmful,0,1,Definitely not,Definitely not,Definitely not,NA,NA,NA,,NA,NA,,,,NA,NA,NA,,NA,NA,,,,NA,NA,NA,,NA,NA,,,,NA,NA,NA,,NA,NA,,,,NA,NA,NA,,NA,NA,,,,NA,NA,NA,,NA,NA,,,,NA,NA,NA,,NA,NA,,,,NA,NA,NA,,NA,NA,,,,NA,NA,NA,,NA,NA,,,,NA,NA,NA,,NA,NA,,,,NA,NA,NA,,NA,NA,,,,NA,NA,NA,,NA,NA,,,,NA,NA,NA,,NA,NA,,,,NA,NA,NA,,NA,NA,,,,NA,NA,NA,,NA,NA,,,,NA,NA,NA,NA,NA,NA,NA,,NA,NA,,,,NA,NA,NA,NA,NA,NA,NA,,NA,NA,,,,NA,NA,NA,,NA,NA,,,,People vaping and exercising,People vaping,15,Young Treat,1,0,0,0,0,0,0,0,0,5,5,1,2,0,0
R_7j6hLmim7MeBrsA,15,Yes,NA,NA,NA,,NA,NA,,,,NA,NA,NA,,NA,NA,,,,NA,NA,NA,,NA,NA,,,,NA,NA,NA,,NA,NA,,,,NA,NA,NA,,NA,NA,,,,NA,NA,NA,,NA,NA,,,,NA,NA,NA,,NA,NA,,,,NA,NA,NA,,NA,NA,,,,NA,NA,NA,,NA,NA,,,,NA,NA,NA,,NA,NA,,,,NA,NA,NA,,NA,NA,,,,NA,NA,NA,,NA,NA,,,,33,27,24,Extremely harmful,1,2,Definitely not,Definitely not,Definitely not,24,16,19,Extremely harmful,2,1,Definitely not,Definitely not,Definitely not,3,33,21,Extremely harmful,3,2,Definitely not,Definitely not,Definitely not,25,31,32,Extremely harmful,2,0,Definitely not,Definitely not,Definitely not,18,19,25,Extremely harmful,1,2,Definitely not,Definitely not,Definitely not,13,21,14,Extremely harmful,1,2,Definitely not,Definitely not,Definitely not,NA,NA,NA,,NA,NA,,,,NA,NA,NA,,NA,NA,,,,NA,NA,NA,,NA,NA,,,,NA,NA,NA,NA,NA,NA,NA,,NA,NA,,,,NA,NA,NA,NA,NA,NA,NA,,NA,NA,,,,NA,NA,NA,,NA,NA,,,,,People vaping,15,Young Control,0,0,0,0,0,1,0,0,0,1,1,1,1,0,0
R_5nPalHU2N6ZsUoQ,17,No,NA,NA,NA,,NA,NA,,,,NA,NA,NA,,NA,NA,,,,NA,NA,NA,,NA,NA,,,,NA,NA,NA,,NA,NA,,,,NA,NA,NA,,NA,NA,,,,NA,NA,NA,,NA,NA,,,,NA,NA,NA,,NA,NA,,,,NA,NA,NA,,NA,NA,,,,NA,NA,NA,,NA,NA,,,,NA,NA,NA,,NA,NA,,,,NA,NA,NA,,NA,NA,,,,NA,NA,NA,,NA,NA,,,,NA,NA,NA,,NA,NA,,,,NA,NA,NA,,NA,NA,,,,NA,NA,NA,,NA,NA,,,,NA,NA,NA,,NA,NA,,,,NA,NA,NA,,NA,NA,,,,NA,NA,NA,,NA,NA,,,,13,18,75,Very harmful,1,1,Definitely not,Definitely not,Definitely not,18,24,85,Very harmful,1,1,Definitely not,Definitely not,Definitely not,18,17,80,Very harmful,3,1,Probably yes,Probably not,Probably not,2.204,18.651,25.828,6,30,26,78,Very harmful,1,1,Probably not,Definitely not,Definitely not,1.017,17.682,20.064,2,17,31,83,Somewhat harmful,3,1,Probably yes,Probably not,Probably not,11,18,77,Very harmful,1,1,Definitely not,Definitely not,Definitely not,,People vaping,17,Old Control,0,0,1,0,0,0,0,0,0,2,2,1,1,0,0
R_3coMuFFEkSRlj1v,17,Yes,18,14,16,Very harmful,0,0,Definitely not,Definitely not,Definitely not,6,6,5,Very harmful,0,1,Definitely not,Definitely not,Probably not,12,5,26,Somewhat harmful,2,1,Probably not,Probably not,Probably yes,1,3,3,Somewhat harmful,2,3,Probably not,Definitely not,Probably not,0,0,3,Somewhat harmful,3,3,Probably not,Probably not,Probably not,8,8,7,Very harmful,0,0,Definitely not,Definitely not,Probably not,NA,NA,NA,,NA,NA,,,,NA,NA,NA,,NA,NA,,,,NA,NA,NA,,NA,NA,,,,NA,NA,NA,,NA,NA,,,,NA,NA,NA,,NA,NA,,,,NA,NA,NA,,NA,NA,,,,NA,NA,NA,,NA,NA,,,,NA,NA,NA,,NA,NA,,,,NA,NA,NA,,NA,NA,,,,NA,NA,NA,,NA,NA,,,,NA,NA,NA,,NA,NA,,,,NA,NA,NA,,NA,NA,,,,NA,NA,NA,,NA,NA,,,,NA,NA,NA,,NA,NA,,,,NA,NA,NA,,NA,NA,,,,NA,NA,NA,NA,NA,NA,NA,,NA,NA,,,,NA,NA,NA,NA,NA,NA,NA,,NA,NA,,,,NA,NA,NA,,NA,NA,,,,People vaping and exercising,People vaping,17,Young Treat,1,0,0,0,0,1,1,0,0,3,3,1,1,0,0
R_1xhahKT89kSuloZ,15,Yes,NA,NA,NA,,NA,NA,,,,NA,NA,NA,,NA,NA,,,,NA,NA,NA,,NA,NA,,,,NA,NA,NA,,NA,NA,,,,NA,NA,NA,,NA,NA,,,,NA,NA,NA,,NA,NA,,,,1,1,1,Extremely harmful,1,1,Definitely not,Definitely not,Definitely not,1,2,2,Extremely harmful,1,1,Definitely not,Definitely not,Definitely not,1,2,1,Very harmful,1,1,Definitely not,Definitely not,Definitely not,2,2,3,Very harmful,1,1,Definitely not,Definitely not,Definitely not,1,2,1,Extremely harmful,1,1,Definitely not,Definitely not,Definitely not,10,12,17,Very harmful,1,1,Probably not,Probably not,Probably not,NA,NA,NA,,NA,NA,,,,NA,NA,NA,,NA,NA,,,,NA,NA,NA,,NA,NA,,,,NA,NA,NA,,NA,NA,,,,NA,NA,NA,,NA,NA,,,,NA,NA,NA,,NA,NA,,,,NA,NA,NA,,NA,NA,,,,NA,NA,NA,,NA,NA,,,,NA,NA,NA,,NA,NA,,,,NA,NA,NA,NA,NA,NA,NA,,NA,NA,,,,NA,NA,NA,NA,NA,NA,NA,,NA,NA,,,,NA,NA,NA,,NA,NA,,,,People vaping and exercising,People vaping,15,Old Treat,1,0,0,0,1,0,1,0,0,2,2,1,1,0,0
R_1LXR20pu2vXwBcS,15,No,NA,NA,NA,,NA,NA,,,,NA,NA,NA,,NA,NA,,,,NA,NA,NA,,NA,NA,,,,NA,NA,NA,,NA,NA,,,,NA,NA,NA,,NA,NA,,,,NA,NA,NA,,NA,NA,,,,NA,NA,NA,,NA,NA,,,,NA,NA,NA,,NA,NA,,,,NA,NA,NA,,NA,NA,,,,NA,NA,NA,,NA,NA,,,,NA,NA,NA,,NA,NA,,,,NA,NA,NA,,NA,NA,,,,43,50,NA,Very harmful,0,0,Definitely not,Definitely not,Definitely not,59,68,NA,Very harmful,0,0,Definitely not,Definitely not,Definitely not,81,73,NA,Very harmful,0,0,Definitely not,Definitely not,Definitely not,12,67,NA,Not at all harmful,0,NA,Definitely not,Definitely not,Definitely not,59,57,NA,Very harmful,0,0,Definitely not,Definitely not,Definitely not,43,45,NA,Very harmful,0,0,Definitely not,Definitely not,Definitely not,NA,NA,NA,,NA,NA,,,,NA,NA,NA,,NA,NA,,,,NA,NA,NA,,NA,NA,,,,NA,NA,NA,NA,NA,NA,NA,,NA,NA,,,,NA,NA,NA,NA,NA,NA,NA,,NA,NA,,,,NA,NA,NA,,NA,NA,,,,People vaping and exercising,People vaping,15,Young Control,1,0,0,0,0,0,1,0,0,2,2,1,1,0,0
R_1IAxvxTTB2gCgRE,14,Yes,NA,NA,NA,,NA,NA,,,,NA,NA,NA,,NA,NA,,,,NA,NA,NA,,NA,NA,,,,NA,NA,NA,,NA,NA,,,,NA,NA,NA,,NA,NA,,,,NA,NA,NA,,NA,NA,,,,NA,NA,NA,,NA,NA,,,,NA,NA,NA,,NA,NA,,,,NA,NA,NA,,NA,NA,,,,NA,NA,NA,,NA,NA,,,,NA,NA,NA,,NA,NA,,,,NA,NA,NA,,NA,NA,,,,NA,NA,NA,,NA,NA,,,,NA,NA,NA,,NA,NA,,,,NA,NA,NA,,NA,NA,,,,NA,NA,NA,,NA,NA,,,,NA,NA,NA,,NA,NA,,,,NA,NA,NA,,NA,NA,,,,52,44,6,Very harmful,1,1,Definitely not,Definitely not,Definitely not,30,37,31,Very harmful,1,1,Definitely not,Definitely not,Definitely not,13,6,14,Very harmful,1,1,Definitely not,Definitely not,Definitely not,2.369,13.64,14.679,2,19,6,1,Very harmful,1,1,Definitely not,Definitely not,Definitely not,1.3,12.857,14.274,2,25,2,10,Very harmful,1,1,Definitely not,Definitely not,Definitely not,4,4,4,Very harmful,1,1,Definitely not,Definitely not,Definitely not,,People vaping,14,Old Control,0,0,0,0,0,0,0,0,0,2,2,1,1,0,0
R_11Ux85AlGXyq5vb,17,Yes,NA,NA,NA,,NA,NA,,,,NA,NA,NA,,NA,NA,,,,NA,NA,NA,,NA,NA,,,,NA,NA,NA,,NA,NA,,,,NA,NA,NA,,NA,NA,,,,NA,NA,NA,,NA,NA,,,,NA,NA,NA,,NA,NA,,,,NA,NA,NA,,NA,NA,,,,NA,NA,NA,,NA,NA,,,,NA,NA,NA,,NA,NA,,,,NA,NA,NA,,NA,NA,,,,NA,NA,NA,,NA,NA,,,,72,45,43,Somewhat harmful,1,1,Probably not,Probably not,Probably not,83,52,82,Very harmful,1,1,Probably not,Probably not,Probably yes,58,31,36,Somewhat harmful,1,1,Probably not,Probably not,Probably yes,22,21,26,Slightly harmful,1,1,Probably not,Probably not,Probably not,50,50,30,Somewhat harmful,1,1,Probably not,Probably not,Probably not,29,39,29,Somewhat harmful,1,1,Probably not,Probably not,Probably not,NA,NA,NA,,NA,NA,,,,NA,NA,NA,,NA,NA,,,,NA,NA,NA,,NA,NA,,,,NA,NA,NA,NA,NA,NA,NA,,NA,NA,,,,NA,NA,NA,NA,NA,NA,NA,,NA,NA,,,,NA,NA,NA,,NA,NA,,,,,People vaping,17,Young Control,1,0,0,0,0,1,0,0,0,3,3,1,1,0,0
R_5bfGBnOObqmC3bH,14,Yes,7,12,35,Extremely harmful,0,0,Definitely not,Definitely not,Definitely not,37,22,34,Very harmful,1,2,Probably not,Probably not,Definitely not,50,30,35,Very harmful,1,2,Probably not,Definitely not,Probably not,5,16,19,Extremely harmful,0,1,Definitely not,Definitely not,Definitely not,50,50,25,Very harmful,3,2,Definitely not,Probably not,Probably not,7,7,41,Extremely harmful,3,2,Definitely not,Definitely not,Definitely not,NA,NA,NA,,NA,NA,,,,NA,NA,NA,,NA,NA,,,,NA,NA,NA,,NA,NA,,,,NA,NA,NA,,NA,NA,,,,NA,NA,NA,,NA,NA,,,,NA,NA,NA,,NA,NA,,,,NA,NA,NA,,NA,NA,,,,NA,NA,NA,,NA,NA,,,,NA,NA,NA,,NA,NA,,,,NA,NA,NA,,NA,NA,,,,NA,NA,NA,,NA,NA,,,,NA,NA,NA,,NA,NA,,,,NA,NA,NA,,NA,NA,,,,NA,NA,NA,,NA,NA,,,,NA,NA,NA,,NA,NA,,,,NA,NA,NA,NA,NA,NA,NA,,NA,NA,,,,NA,NA,NA,NA,NA,NA,NA,,NA,NA,,,,NA,NA,NA,,NA,NA,,,,People vaping and exercising,,14,Young Treat,0,0,0,0,1,1,1,0,0,2,2,1,1,0,0
R_7nqnDgeuJX8hG6u,15,Yes,NA,NA,NA,,NA,NA,,,,NA,NA,NA,,NA,NA,,,,NA,NA,NA,,NA,NA,,,,NA,NA,NA,,NA,NA,,,,NA,NA,NA,,NA,NA,,,,NA,NA,NA,,NA,NA,,,,NA,NA,NA,,NA,NA,,,,NA,NA,NA,,NA,NA,,,,NA,NA,NA,,NA,NA,,,,NA,NA,NA,,NA,NA,,,,NA,NA,NA,,NA,NA,,,,NA,NA,NA,,NA,NA,,,,NA,NA,NA,,NA,NA,,,,NA,NA,NA,,NA,NA,,,,NA,NA,NA,,NA,NA,,,,NA,NA,NA,,NA,NA,,,,NA,NA,NA,,NA,NA,,,,NA,NA,NA,,NA,NA,,,,19,25,23,Somewhat harmful,2,1,Definitely not,Probably not,Definitely not,19,38,41,Very harmful,1,2,Definitely not,Definitely not,Probably not,22,39,47,Very harmful,2,1,Definitely not,Probably not,Definitely not,1.5,24.633,24.998,5,18,11,14,Somewhat harmful,1,1,Definitely not,Definitely not,Definitely not,1.901,14.076,16.901,3,29,14,15,Somewhat harmful,1,1,Definitely not,Definitely not,Definitely not,19,21,25,Very harmful,1,1,Definitely not,Definitely not,Definitely not,,People vaping,15,Old Control,0,0,0,0,1,1,0,0,0,1,1,1,1,0,0
R_1Fg9cyL2Tf4Lu1P,17,Yes,NA,NA,NA,,NA,NA,,,,NA,NA,NA,,NA,NA,,,,NA,NA,NA,,NA,NA,,,,NA,NA,NA,,NA,NA,,,,NA,NA,NA,,NA,NA,,,,NA,NA,NA,,NA,NA,,,,100,80,70,Somewhat harmful,NA,NA,Definitely yes,Definitely yes,Probably yes,60,36,53,Somewhat harmful,NA,NA,Probably not,Probably not,Probably not,70,80,100,Somewhat harmful,NA,NA,Definitely yes,Probably yes,Probably yes,70,50,51,Somewhat harmful,NA,NA,Probably yes,Probably yes,Probably not,60,50,30,Somewhat harmful,NA,NA,Probably yes,Probably yes,Probably not,50,50,50,Somewhat harmful,3,3,Probably yes,Probably yes,Probably yes,NA,NA,NA,,NA,NA,,,,NA,NA,NA,,NA,NA,,,,NA,NA,NA,,NA,NA,,,,NA,NA,NA,,NA,NA,,,,NA,NA,NA,,NA,NA,,,,NA,NA,NA,,NA,NA,,,,NA,NA,NA,,NA,NA,,,,NA,NA,NA,,NA,NA,,,,NA,NA,NA,,NA,NA,,,,NA,NA,NA,NA,NA,NA,NA,,NA,NA,,,,NA,NA,NA,NA,NA,NA,NA,,NA,NA,,,,NA,NA,NA,,NA,NA,,,,People vaping and exercising,People vaping,17,Old Treat,1,0,0,0,0,1,1,1,1,3,3,1,1,1,0
R_3pRbxTxy7bZWirH,16,Yes,NA,NA,NA,,NA,NA,,,,NA,NA,NA,,NA,NA,,,,NA,NA,NA,,NA,NA,,,,NA,NA,NA,,NA,NA,,,,NA,NA,NA,,NA,NA,,,,NA,NA,NA,,NA,NA,,,,NA,NA,NA,,NA,NA,,,,NA,NA,NA,,NA,NA,,,,NA,NA,NA,,NA,NA,,,,NA,NA,NA,,NA,NA,,,,NA,NA,NA,,NA,NA,,,,NA,NA,NA,,NA,NA,,,,65,73,NA,Extremely harmful,0,0,Definitely not,Definitely not,Definitely not,50,59,NA,Extremely harmful,0,0,Definitely not,Definitely not,Definitely not,63,53,NA,Extremely harmful,0,0,Definitely not,Definitely not,Definitely not,58,47,NA,Extremely harmful,0,0,Definitely not,Definitely not,Definitely not,49,66,NA,Extremely harmful,0,0,Definitely not,Definitely not,Definitely not,65,65,NA,Extremely harmful,0,0,Definitely not,Definitely not,Definitely not,NA,NA,NA,,NA,NA,,,,NA,NA,NA,,NA,NA,,,,NA,NA,NA,,NA,NA,,,,NA,NA,NA,NA,NA,NA,NA,,NA,NA,,,,NA,NA,NA,NA,NA,NA,NA,,NA,NA,,,,NA,NA,NA,,NA,NA,,,,,People vaping,16,Young Control,0,0,0,0,0,0,0,0,0,1,1,1,1,0,0
R_1JpXrQbOJ1wKDeo,16,Yes,NA,NA,NA,,NA,NA,,,,NA,NA,NA,,NA,NA,,,,NA,NA,NA,,NA,NA,,,,NA,NA,NA,,NA,NA,,,,NA,NA,NA,,NA,NA,,,,NA,NA,NA,,NA,NA,,,,NA,NA,NA,,NA,NA,,,,NA,NA,NA,,NA,NA,,,,NA,NA,NA,,NA,NA,,,,NA,NA,NA,,NA,NA,,,,NA,NA,NA,,NA,NA,,,,NA,NA,NA,,NA,NA,,,,NA,NA,NA,,NA,NA,,,,NA,NA,NA,,NA,NA,,,,NA,NA,NA,,NA,NA,,,,NA,NA,NA,,NA,NA,,,,NA,NA,NA,,NA,NA,,,,NA,NA,NA,,NA,NA,,,,18,14,21,Extremely harmful,1,1,Definitely not,Definitely not,Probably not,30,39,32,Extremely harmful,1,1,Definitely not,Definitely not,Probably not,15,18,18,Extremely harmful,1,1,Definitely not,Definitely not,Probably not,1.095,11.514,11.963,3,21,17,21,Extremely harmful,1,1,Definitely not,Definitely not,Probably not,2.137,15.038,17.276,3,22,36,37,Extremely harmful,2,2,Definitely not,Definitely not,Probably not,34,40,34,Extremely harmful,2,2,Definitely not,Definitely not,Probably not,,People vaping,16,Old Control,0,0,0,0,1,0,1,0,0,2,2,1,3,0,0
R_6nUDWlEvUKMO0CX,14,No,7,11,14,Extremely harmful,1,1,Definitely not,Definitely not,Definitely not,19,14,41,Extremely harmful,1,0,Definitely not,Definitely not,Definitely not,7,16,12,Extremely harmful,1,0,Definitely not,Definitely not,Definitely not,8,8,13,Extremely harmful,0,0,Definitely not,Definitely not,Definitely not,9,13,16,Extremely harmful,1,1,Definitely not,Definitely not,Definitely not,8,15,8,Extremely harmful,1,1,Definitely not,Definitely not,Definitely not,NA,NA,NA,,NA,NA,,,,NA,NA,NA,,NA,NA,,,,NA,NA,NA,,NA,NA,,,,NA,NA,NA,,NA,NA,,,,NA,NA,NA,,NA,NA,,,,NA,NA,NA,,NA,NA,,,,NA,NA,NA,,NA,NA,,,,NA,NA,NA,,NA,NA,,,,NA,NA,NA,,NA,NA,,,,NA,NA,NA,,NA,NA,,,,NA,NA,NA,,NA,NA,,,,NA,NA,NA,,NA,NA,,,,NA,NA,NA,,NA,NA,,,,NA,NA,NA,,NA,NA,,,,NA,NA,NA,,NA,NA,,,,NA,NA,NA,NA,NA,NA,NA,,NA,NA,,,,NA,NA,NA,NA,NA,NA,NA,,NA,NA,,,,NA,NA,NA,,NA,NA,,,,People vaping and exercising,People vaping,14,Young Treat,1,0,0,0,0,0,1,0,0,1,1,1,3,0,0
R_6bUIqsQW4iiApL0,16,Yes,NA,NA,NA,,NA,NA,,,,NA,NA,NA,,NA,NA,,,,NA,NA,NA,,NA,NA,,,,NA,NA,NA,,NA,NA,,,,NA,NA,NA,,NA,NA,,,,NA,NA,NA,,NA,NA,,,,20,50,45,Very harmful,0,0,Probably not,Definitely not,Probably not,0,0,0,Very harmful,1,0,Definitely not,Definitely not,Definitely not,73,52,0,Very harmful,2,4,Definitely not,Definitely not,Definitely not,0,48,0,Extremely harmful,0,0,Definitely not,Definitely not,Definitely not,0,0,0,Very harmful,0,0,Probably not,Definitely not,Definitely not,0,0,0,Very harmful,0,0,Definitely not,Definitely not,Definitely not,NA,NA,NA,,NA,NA,,,,NA,NA,NA,,NA,NA,,,,NA,NA,NA,,NA,NA,,,,NA,NA,NA,,NA,NA,,,,NA,NA,NA,,NA,NA,,,,NA,NA,NA,,NA,NA,,,,NA,NA,NA,,NA,NA,,,,NA,NA,NA,,NA,NA,,,,NA,NA,NA,,NA,NA,,,,NA,NA,NA,NA,NA,NA,NA,,NA,NA,,,,NA,NA,NA,NA,NA,NA,NA,,NA,NA,,,,NA,NA,NA,,NA,NA,,,,People vaping and exercising,People vaping,16,Old Treat,1,0,0,0,1,1,1,0,0,1,1,1,1,0,0
R_7bGZUefP9IKjP09,17,No,NA,NA,NA,,NA,NA,,,,NA,NA,NA,,NA,NA,,,,NA,NA,NA,,NA,NA,,,,NA,NA,NA,,NA,NA,,,,NA,NA,NA,,NA,NA,,,,NA,NA,NA,,NA,NA,,,,NA,NA,NA,,NA,NA,,,,NA,NA,NA,,NA,NA,,,,NA,NA,NA,,NA,NA,,,,NA,NA,NA,,NA,NA,,,,NA,NA,NA,,NA,NA,,,,NA,NA,NA,,NA,NA,,,,NA,NA,NA,,NA,NA,,,,NA,NA,NA,,NA,NA,,,,NA,NA,NA,,NA,NA,,,,NA,NA,NA,,NA,NA,,,,NA,NA,NA,,NA,NA,,,,NA,NA,NA,,NA,NA,,,,7,15,1,Very harmful,1,0,Definitely not,Probably not,Definitely not,10,3,1,Very harmful,2,0,Probably not,Probably not,Definitely not,2,1,1,Very harmful,2,0,Probably not,Probably not,Definitely not,3.804,16.555,17.415,3,10,5,1,Very harmful,0,0,Probably not,Definitely not,Definitely not,3.545,17.205,18.215,3,10,4,1,Very harmful,2,0,Probably not,Probably not,Definitely not,5,3,2,Very harmful,2,0,Probably not,Probably not,Definitely not,,People vaping,17,Old Control,1,0,0,0,0,0,0,0,0,2,2,1,2,0,0
R_3FUtkkkL2UehsJX,16,Yes,NA,NA,NA,,NA,NA,,,,NA,NA,NA,,NA,NA,,,,NA,NA,NA,,NA,NA,,,,NA,NA,NA,,NA,NA,,,,NA,NA,NA,,NA,NA,,,,NA,NA,NA,,NA,NA,,,,NA,NA,NA,,NA,NA,,,,NA,NA,NA,,NA,NA,,,,NA,NA,NA,,NA,NA,,,,NA,NA,NA,,NA,NA,,,,NA,NA,NA,,NA,NA,,,,NA,NA,NA,,NA,NA,,,,NA,NA,NA,,NA,NA,,,,NA,NA,NA,,NA,NA,,,,NA,NA,NA,,NA,NA,,,,NA,NA,NA,,NA,NA,,,,NA,NA,NA,,NA,NA,,,,NA,NA,NA,,NA,NA,,,,6,8,13,Very harmful,0,0,Definitely not,Definitely not,Definitely not,16,16,22,Extremely harmful,0,0,Definitely not,Definitely not,Definitely not,3,0,0,Extremely harmful,0,0,Definitely not,Definitely not,Definitely not,1.901,11.84,12.653,2,5,15,0,Very harmful,1,1,Definitely not,Definitely not,Definitely not,1.273,18.082,19.693,2,28,9,3,Somewhat harmful,2,4,Probably not,Probably not,Probably not,2,0,0,Extremely harmful,0,0,Definitely not,Definitely not,Definitely not,,People vaping,16,Old Control,1,0,0,0,0,0,1,0,0,1,1,1,1,0,0
R_5bPyKX9wpJO6ByN,17,Yes,NA,NA,NA,,NA,NA,,,,NA,NA,NA,,NA,NA,,,,NA,NA,NA,,NA,NA,,,,NA,NA,NA,,NA,NA,,,,NA,NA,NA,,NA,NA,,,,NA,NA,NA,,NA,NA,,,,50,50,50,Extremely harmful,0,0,Definitely not,Definitely not,Definitely not,50,50,50,Somewhat harmful,0,0,Definitely not,Definitely not,Definitely not,NA,NA,NA,Extremely harmful,1,0,Definitely not,Definitely not,Definitely not,50,50,50,Extremely harmful,0,0,Definitely not,Definitely not,Definitely not,50,NA,NA,Extremely harmful,0,0,Definitely not,Definitely not,Definitely not,50,50,50,Extremely harmful,0,0,Definitely not,Definitely not,Definitely not,NA,NA,NA,,NA,NA,,,,NA,NA,NA,,NA,NA,,,,NA,NA,NA,,NA,NA,,,,NA,NA,NA,,NA,NA,,,,NA,NA,NA,,NA,NA,,,,NA,NA,NA,,NA,NA,,,,NA,NA,NA,,NA,NA,,,,NA,NA,NA,,NA,NA,,,,NA,NA,NA,,NA,NA,,,,NA,NA,NA,NA,NA,NA,NA,,NA,NA,,,,NA,NA,NA,NA,NA,NA,NA,,NA,NA,,,,NA,NA,NA,,NA,NA,,,,People vaping and exercising,People vaping,17,Old Treat,0,0,0,0,0,1,1,0,0,2,2,1,2,0,0
R_3aVtlb4TOmOhrsD,17,Yes,NA,NA,NA,,NA,NA,,,,NA,NA,NA,,NA,NA,,,,NA,NA,NA,,NA,NA,,,,NA,NA,NA,,NA,NA,,,,NA,NA,NA,,NA,NA,,,,NA,NA,NA,,NA,NA,,,,100,85,91,Slightly harmful,5,4,Probably yes,Probably yes,Probably not,47,84,10,Somewhat harmful,2,2,Probably yes,Probably yes,Probably not,54,20,9,Somewhat harmful,2,3,Probably yes,Probably yes,Probably not,70,19,8,Very harmful,3,0,Probably yes,Probably yes,Probably not,100,86,66,Somewhat harmful,3,4,Probably yes,Probably yes,Probably not,93,13,75,Somewhat harmful,4,3,Probably yes,Probably yes,Probably not,NA,NA,NA,,NA,NA,,,,NA,NA,NA,,NA,NA,,,,NA,NA,NA,,NA,NA,,,,NA,NA,NA,,NA,NA,,,,NA,NA,NA,,NA,NA,,,,NA,NA,NA,,NA,NA,,,,NA,NA,NA,,NA,NA,,,,NA,NA,NA,,NA,NA,,,,NA,NA,NA,,NA,NA,,,,NA,NA,NA,NA,NA,NA,NA,,NA,NA,,,,NA,NA,NA,NA,NA,NA,NA,,NA,NA,,,,NA,NA,NA,,NA,NA,,,,People vaping and exercising,People vaping,17,Old Treat,0,0,0,0,0,1,1,0,0,3,3,1,1,1,1
R_3tV3YApxz6zRXaN,17,Yes,NA,NA,NA,,NA,NA,,,,NA,NA,NA,,NA,NA,,,,NA,NA,NA,,NA,NA,,,,NA,NA,NA,,NA,NA,,,,NA,NA,NA,,NA,NA,,,,NA,NA,NA,,NA,NA,,,,NA,NA,NA,,NA,NA,,,,NA,NA,NA,,NA,NA,,,,NA,NA,NA,,NA,NA,,,,NA,NA,NA,,NA,NA,,,,NA,NA,NA,,NA,NA,,,,NA,NA,NA,,NA,NA,,,,45,50,50,Somewhat harmful,3,3,Probably yes,Definitely not,Definitely not,45,45,50,Somewhat harmful,3,3,Probably yes,Definitely not,Definitely not,45,45,50,Somewhat harmful,3,3,Probably yes,Probably yes,Probably not,45,45,50,Somewhat harmful,3,3,Probably yes,Definitely not,Definitely not,45,45,50,Somewhat harmful,3,3,Probably yes,Probably not,Definitely not,45,50,50,Somewhat harmful,3,3,Probably yes,Definitely not,Definitely not,NA,NA,NA,,NA,NA,,,,NA,NA,NA,,NA,NA,,,,NA,NA,NA,,NA,NA,,,,NA,NA,NA,NA,NA,NA,NA,,NA,NA,,,,NA,NA,NA,NA,NA,NA,NA,,NA,NA,,,,NA,NA,NA,,NA,NA,,,,,People vaping,17,Young Control,0,0,0,0,1,1,1,0,0,3,3,1,1,1,1
R_6jJ1s1JhKfdgZft,15,No,0,0,0,Extremely harmful,0,0,Definitely not,Definitely not,Definitely not,12,12,16,Extremely harmful,0,0,Definitely not,Definitely not,Definitely not,10,17,10,Extremely harmful,1,1,Definitely not,Definitely not,Definitely not,0,0,0,Extremely harmful,1,0,Definitely not,Definitely not,Definitely not,44,22,7,Extremely harmful,1,1,Definitely not,Definitely not,Definitely not,1,3,2,Extremely harmful,0,0,Definitely not,Definitely not,Definitely not,NA,NA,NA,,NA,NA,,,,NA,NA,NA,,NA,NA,,,,NA,NA,NA,,NA,NA,,,,NA,NA,NA,,NA,NA,,,,NA,NA,NA,,NA,NA,,,,NA,NA,NA,,NA,NA,,,,NA,NA,NA,,NA,NA,,,,NA,NA,NA,,NA,NA,,,,NA,NA,NA,,NA,NA,,,,NA,NA,NA,,NA,NA,,,,NA,NA,NA,,NA,NA,,,,NA,NA,NA,,NA,NA,,,,NA,NA,NA,,NA,NA,,,,NA,NA,NA,,NA,NA,,,,NA,NA,NA,,NA,NA,,,,NA,NA,NA,NA,NA,NA,NA,,NA,NA,,,,NA,NA,NA,NA,NA,NA,NA,,NA,NA,,,,NA,NA,NA,,NA,NA,,,,People vaping and exercising,People vaping,15,Young Treat,1,0,0,0,0,0,0,0,0,1,1,1,1,0,0
R_3nA9cUE0JL86ZsG,16,Yes,NA,NA,NA,,NA,NA,,,,NA,NA,NA,,NA,NA,,,,NA,NA,NA,,NA,NA,,,,NA,NA,NA,,NA,NA,,,,NA,NA,NA,,NA,NA,,,,NA,NA,NA,,NA,NA,,,,NA,NA,NA,,NA,NA,,,,NA,NA,NA,,NA,NA,,,,NA,NA,NA,,NA,NA,,,,NA,NA,NA,,NA,NA,,,,NA,NA,NA,,NA,NA,,,,NA,NA,NA,,NA,NA,,,,NA,NA,NA,,NA,NA,,,,NA,NA,NA,,NA,NA,,,,NA,NA,NA,,NA,NA,,,,NA,NA,NA,,NA,NA,,,,NA,NA,NA,,NA,NA,,,,NA,NA,NA,,NA,NA,,,,59,6,19,Extremely harmful,1,1,Definitely not,Definitely not,Definitely not,10,10,13,Extremely harmful,1,1,Definitely not,Definitely not,Definitely not,10,10,10,Extremely harmful,1,1,Definitely not,Definitely not,Definitely not,1.226,13.326,14.078,3,8,11,12,Extremely harmful,1,1,Definitely not,Definitely not,Definitely not,1.018,12.821,13.633,3,8,7,12,Extremely harmful,1,1,Definitely not,Definitely not,Definitely not,13,11,13,Extremely harmful,1,1,Definitely not,Definitely not,Definitely not,People vaping and exercising,People vaping,16,Old Control,0,0,0,0,1,0,0,0,0,1,1,1,2,0,0
R_3F6x7pgDTpq6ALf,17,I prefer not to answer,NA,NA,NA,,NA,NA,,,,NA,NA,NA,,NA,NA,,,,NA,NA,NA,,NA,NA,,,,NA,NA,NA,,NA,NA,,,,NA,NA,NA,,NA,NA,,,,NA,NA,NA,,NA,NA,,,,NA,NA,NA,,NA,NA,,,,NA,NA,NA,,NA,NA,,,,NA,NA,NA,,NA,NA,,,,NA,NA,NA,,NA,NA,,,,NA,NA,NA,,NA,NA,,,,NA,NA,NA,,NA,NA,,,,2,0,0,Extremely harmful,0,0,Probably not,Definitely not,Definitely not,0,0,0,Extremely harmful,0,0,Definitely not,Definitely not,Definitely not,0,0,0,Extremely harmful,0,0,Definitely not,Definitely not,Definitely not,0,0,0,Extremely harmful,0,0,Definitely not,Definitely not,Definitely not,0,0,0,Extremely harmful,0,0,Probably not,Definitely not,Definitely not,0,0,0,Extremely harmful,0,0,Definitely not,Definitely not,Definitely not,NA,NA,NA,,NA,NA,,,,NA,NA,NA,,NA,NA,,,,NA,NA,NA,,NA,NA,,,,NA,NA,NA,NA,NA,NA,NA,,NA,NA,,,,NA,NA,NA,NA,NA,NA,NA,,NA,NA,,,,NA,NA,NA,,NA,NA,,,,,People vaping,17,Young Control,0,0,0,0,0,0,0,0,0,1,1,1,1,0,0
R_3rcSf23n1DnMsXB,17,No,40,7,15,Extremely harmful,1,1,Definitely not,Definitely not,Probably not,1,2,7,Extremely harmful,0,0,Definitely not,Definitely not,Definitely not,10,20,23,Extremely harmful,1,1,Definitely not,Definitely not,Probably not,30,30,11,Extremely harmful,0,0,Definitely not,Definitely not,Probably not,36,25,35,Extremely harmful,2,2,Definitely not,Definitely not,Probably not,2,1,1,Extremely harmful,0,0,Definitely not,Definitely not,Definitely not,NA,NA,NA,,NA,NA,,,,NA,NA,NA,,NA,NA,,,,NA,NA,NA,,NA,NA,,,,NA,NA,NA,,NA,NA,,,,NA,NA,NA,,NA,NA,,,,NA,NA,NA,,NA,NA,,,,NA,NA,NA,,NA,NA,,,,NA,NA,NA,,NA,NA,,,,NA,NA,NA,,NA,NA,,,,NA,NA,NA,,NA,NA,,,,NA,NA,NA,,NA,NA,,,,NA,NA,NA,,NA,NA,,,,NA,NA,NA,,NA,NA,,,,NA,NA,NA,,NA,NA,,,,NA,NA,NA,,NA,NA,,,,NA,NA,NA,NA,NA,NA,NA,,NA,NA,,,,NA,NA,NA,NA,NA,NA,NA,,NA,NA,,,,NA,NA,NA,,NA,NA,,,,People vaping and exercising,People vaping,17,Young Treat,1,0,0,0,0,0,1,0,0,1,1,1,1,0,0
R_777kfFRIVjY8tMa,16,Yes,NA,NA,NA,,NA,NA,,,,NA,NA,NA,,NA,NA,,,,NA,NA,NA,,NA,NA,,,,NA,NA,NA,,NA,NA,,,,NA,NA,NA,,NA,NA,,,,NA,NA,NA,,NA,NA,,,,NA,NA,NA,,NA,NA,,,,NA,NA,NA,,NA,NA,,,,NA,NA,NA,,NA,NA,,,,NA,NA,NA,,NA,NA,,,,NA,NA,NA,,NA,NA,,,,NA,NA,NA,,NA,NA,,,,NA,NA,NA,,NA,NA,,,,NA,NA,NA,,NA,NA,,,,NA,NA,NA,,NA,NA,,,,NA,NA,NA,,NA,NA,,,,NA,NA,NA,,NA,NA,,,,NA,NA,NA,,NA,NA,,,,47,61,39,Extremely harmful,0,1,Definitely not,Definitely not,Definitely not,28,24,41,Extremely harmful,0,0,Definitely not,Definitely not,Definitely not,40,45,47,Very harmful,0,1,Definitely not,Definitely not,Definitely not,1.595,18.069,19.026,3,15,17,46,Extremely harmful,0,0,Definitely not,Definitely not,Probably not,1.492,15.911,16.664,4,29,30,33,Very harmful,0,3,Definitely not,Definitely not,Definitely not,18,24,54,Extremely harmful,0,0,Definitely not,Definitely not,Definitely not,People vaping and exercising,People vaping,16,Old Control,0,0,0,0,1,0,1,0,0,1,1,1,3,0,0
R_5PMDBGGyVgwO0hj,16,No,NA,NA,NA,,NA,NA,,,,NA,NA,NA,,NA,NA,,,,NA,NA,NA,,NA,NA,,,,NA,NA,NA,,NA,NA,,,,NA,NA,NA,,NA,NA,,,,NA,NA,NA,,NA,NA,,,,NA,NA,NA,,NA,NA,,,,NA,NA,NA,,NA,NA,,,,NA,NA,NA,,NA,NA,,,,NA,NA,NA,,NA,NA,,,,NA,NA,NA,,NA,NA,,,,NA,NA,NA,,NA,NA,,,,NA,NA,NA,,NA,NA,,,,NA,NA,NA,,NA,NA,,,,NA,NA,NA,,NA,NA,,,,NA,NA,NA,,NA,NA,,,,NA,NA,NA,,NA,NA,,,,NA,NA,NA,,NA,NA,,,,50,50,50,Extremely harmful,0,0,Definitely not,Definitely not,Definitely not,50,50,50,Extremely harmful,0,0,Definitely not,Definitely not,Definitely not,50,50,50,Extremely harmful,0,0,Definitely not,Definitely not,Definitely not,0,0,20.039,0,50,50,50,Extremely harmful,0,0,Definitely not,Definitely not,Definitely not,19.06,19.06,24.488,1,50,50,50,Extremely harmful,7,0,Definitely not,Definitely not,Definitely not,50,50,50,Extremely harmful,0,0,Definitely not,Definitely not,Definitely not,People vaping and exercising,People vaping,16,Old Control,1,0,1,0,0,0,0,0,0,1,1,1,1,0,0
R_7KgwC9FBrQZudfr,16,Yes,NA,NA,NA,,NA,NA,,,,NA,NA,NA,,NA,NA,,,,NA,NA,NA,,NA,NA,,,,NA,NA,NA,,NA,NA,,,,NA,NA,NA,,NA,NA,,,,NA,NA,NA,,NA,NA,,,,0,4,0,Very harmful,0,0,Definitely not,Definitely not,Definitely not,1,0,0,Very harmful,1,1,Definitely not,Definitely not,Definitely not,14,3,4,Very harmful,1,0,Definitely not,Definitely not,Definitely not,0,1,1,Very harmful,0,0,Definitely not,Definitely not,Definitely not,4,9,1,Very harmful,0,0,Definitely not,Definitely not,Definitely not,1,4,7,Very harmful,0,0,Definitely not,Definitely not,Definitely not,NA,NA,NA,,NA,NA,,,,NA,NA,NA,,NA,NA,,,,NA,NA,NA,,NA,NA,,,,NA,NA,NA,,NA,NA,,,,NA,NA,NA,,NA,NA,,,,NA,NA,NA,,NA,NA,,,,NA,NA,NA,,NA,NA,,,,NA,NA,NA,,NA,NA,,,,NA,NA,NA,,NA,NA,,,,NA,NA,NA,NA,NA,NA,NA,,NA,NA,,,,NA,NA,NA,NA,NA,NA,NA,,NA,NA,,,,NA,NA,NA,,NA,NA,,,,,People vaping,16,Old Treat,0,0,0,0,1,0,0,0,0,2,2,1,3,0,0
R_3IDXMy5c0E025yt,14,Yes,NA,NA,NA,,NA,NA,,,,NA,NA,NA,,NA,NA,,,,NA,NA,NA,,NA,NA,,,,NA,NA,NA,,NA,NA,,,,NA,NA,NA,,NA,NA,,,,NA,NA,NA,,NA,NA,,,,NA,NA,NA,,NA,NA,,,,NA,NA,NA,,NA,NA,,,,NA,NA,NA,,NA,NA,,,,NA,NA,NA,,NA,NA,,,,NA,NA,NA,,NA,NA,,,,NA,NA,NA,,NA,NA,,,,11,14,17,Extremely harmful,2,1,Definitely not,Definitely not,Definitely not,12,11,9,Very harmful,1,1,Definitely not,Definitely not,Definitely not,8,12,7,Extremely harmful,0,1,Definitely not,Definitely not,Definitely not,14,12,11,Extremely harmful,1,1,Definitely not,Definitely not,Definitely not,9,8,22,Extremely harmful,1,1,Definitely not,Definitely not,Definitely not,8,6,10,Extremely harmful,1,1,Definitely not,Definitely not,Definitely not,NA,NA,NA,,NA,NA,,,,NA,NA,NA,,NA,NA,,,,NA,NA,NA,,NA,NA,,,,NA,NA,NA,NA,NA,NA,NA,,NA,NA,,,,NA,NA,NA,NA,NA,NA,NA,,NA,NA,,,,NA,NA,NA,,NA,NA,,,,,People vaping,14,Young Control,0,0,0,0,0,1,0,0,0,2,2,1,1,0,0
R_5qNWwPkKyzCJY7m,14,Yes,NA,NA,NA,Extremely harmful,NA,NA,Definitely not,Definitely not,Definitely not,NA,NA,NA,Very harmful,NA,NA,Definitely not,Definitely not,Definitely not,NA,NA,NA,Very harmful,NA,NA,I prefer not to answer,Definitely not,Definitely not,NA,NA,NA,Very harmful,NA,NA,Definitely not,Definitely not,Definitely not,NA,NA,NA,Very harmful,1,1,Definitely not,Definitely not,Definitely not,NA,NA,NA,Extremely harmful,NA,NA,Definitely not,Definitely not,Definitely not,NA,NA,NA,,NA,NA,,,,NA,NA,NA,,NA,NA,,,,NA,NA,NA,,NA,NA,,,,NA,NA,NA,,NA,NA,,,,NA,NA,NA,,NA,NA,,,,NA,NA,NA,,NA,NA,,,,NA,NA,NA,,NA,NA,,,,NA,NA,NA,,NA,NA,,,,NA,NA,NA,,NA,NA,,,,NA,NA,NA,,NA,NA,,,,NA,NA,NA,,NA,NA,,,,NA,NA,NA,,NA,NA,,,,NA,NA,NA,,NA,NA,,,,NA,NA,NA,,NA,NA,,,,NA,NA,NA,,NA,NA,,,,NA,NA,NA,NA,NA,NA,NA,,NA,NA,,,,NA,NA,NA,NA,NA,NA,NA,,NA,NA,,,,NA,NA,NA,,NA,NA,,,,People vaping and exercising,People vaping,14,Young Treat,0,0,0,0,0,0,0,0,0,1,1,1,NA,0,0
R_5rJ3tm4jDxlTGh0,15,No,NA,NA,NA,,NA,NA,,,,NA,NA,NA,,NA,NA,,,,NA,NA,NA,,NA,NA,,,,NA,NA,NA,,NA,NA,,,,NA,NA,NA,,NA,NA,,,,NA,NA,NA,,NA,NA,,,,4,4,3,Extremely harmful,0,0,Definitely not,Definitely not,Definitely not,4,4,2,Extremely harmful,0,0,Definitely not,Definitely not,Definitely not,5,6,4,Extremely harmful,0,0,Definitely not,Definitely not,Definitely not,2,2,2,Extremely harmful,0,0,Definitely not,Definitely not,Definitely not,5,4,4,Extremely harmful,0,0,Definitely not,Definitely not,Definitely not,1,1,2,Extremely harmful,0,0,Definitely not,Definitely not,Definitely not,NA,NA,NA,,NA,NA,,,,NA,NA,NA,,NA,NA,,,,NA,NA,NA,,NA,NA,,,,NA,NA,NA,,NA,NA,,,,NA,NA,NA,,NA,NA,,,,NA,NA,NA,,NA,NA,,,,NA,NA,NA,,NA,NA,,,,NA,NA,NA,,NA,NA,,,,NA,NA,NA,,NA,NA,,,,NA,NA,NA,NA,NA,NA,NA,,NA,NA,,,,NA,NA,NA,NA,NA,NA,NA,,NA,NA,,,,NA,NA,NA,,NA,NA,,,,People vaping and exercising,People vaping,15,Old Treat,0,1,0,0,0,0,0,0,0,1,1,1,1,0,0
R_1u4D0n9pFZBL2vf,15,No,NA,NA,NA,,NA,NA,,,,NA,NA,NA,,NA,NA,,,,NA,NA,NA,,NA,NA,,,,NA,NA,NA,,NA,NA,,,,NA,NA,NA,,NA,NA,,,,NA,NA,NA,,NA,NA,,,,NA,NA,NA,,NA,NA,,,,NA,NA,NA,,NA,NA,,,,NA,NA,NA,,NA,NA,,,,NA,NA,NA,,NA,NA,,,,NA,NA,NA,,NA,NA,,,,NA,NA,NA,,NA,NA,,,,3,3,3,Extremely harmful,1,1,Definitely not,Definitely not,Definitely not,1,1,1,Extremely harmful,1,1,Definitely not,Definitely not,Definitely not,1,2,3,Extremely harmful,1,1,Definitely not,Definitely not,Definitely not,7,10,7,Extremely harmful,1,1,Definitely not,Definitely not,Definitely not,2,100,4,Extremely harmful,1,7,Definitely not,Definitely not,Definitely not,80,10,5,Extremely harmful,1,1,Definitely not,Definitely not,Definitely not,NA,NA,NA,,NA,NA,,,,NA,NA,NA,,NA,NA,,,,NA,NA,NA,,NA,NA,,,,NA,NA,NA,NA,NA,NA,NA,,NA,NA,,,,NA,NA,NA,NA,NA,NA,NA,,NA,NA,,,,NA,NA,NA,,NA,NA,,,,,People vaping,15,Young Control,1,0,0,0,0,0,0,0,0,1,1,1,1,0,0
R_7lAF2Fl9G3O173W,17,Yes,1,0,0,Not at all harmful,0,0,Definitely not,Definitely not,Definitely not,50,46,9,Slightly harmful,0,0,Definitely not,Definitely not,Definitely not,8,11,16,Not at all harmful,1,0,Definitely not,Definitely not,Definitely not,9,13,6,Not at all harmful,1,0,Definitely not,Definitely not,Definitely not,7,3,7,Not at all harmful,1,0,Definitely not,Definitely not,Definitely not,0,0,0,Slightly harmful,0,0,Definitely not,Definitely not,Definitely not,NA,NA,NA,,NA,NA,,,,NA,NA,NA,,NA,NA,,,,NA,NA,NA,,NA,NA,,,,NA,NA,NA,,NA,NA,,,,NA,NA,NA,,NA,NA,,,,NA,NA,NA,,NA,NA,,,,NA,NA,NA,,NA,NA,,,,NA,NA,NA,,NA,NA,,,,NA,NA,NA,,NA,NA,,,,NA,NA,NA,,NA,NA,,,,NA,NA,NA,,NA,NA,,,,NA,NA,NA,,NA,NA,,,,NA,NA,NA,,NA,NA,,,,NA,NA,NA,,NA,NA,,,,NA,NA,NA,,NA,NA,,,,NA,NA,NA,NA,NA,NA,NA,,NA,NA,,,,NA,NA,NA,NA,NA,NA,NA,,NA,NA,,,,NA,NA,NA,,NA,NA,,,,People vaping and exercising,People vaping,17,Young Treat,0,0,0,0,0,0,0,0,0,3,3,1,3,0,0
R_5jRPmjzP0q43vnr,16,I prefer not to answer,NA,NA,NA,,NA,NA,,,,NA,NA,NA,,NA,NA,,,,NA,NA,NA,,NA,NA,,,,NA,NA,NA,,NA,NA,,,,NA,NA,NA,,NA,NA,,,,NA,NA,NA,,NA,NA,,,,NA,NA,NA,,NA,NA,,,,NA,NA,NA,,NA,NA,,,,NA,NA,NA,,NA,NA,,,,NA,NA,NA,,NA,NA,,,,NA,NA,NA,,NA,NA,,,,NA,NA,NA,,NA,NA,,,,65,56,50,Very harmful,0,0,Definitely not,Definitely not,Definitely not,59,63,25,Very harmful,0,0,Definitely not,Definitely not,Definitely not,70,59,39,Very harmful,0,0,Definitely not,Definitely not,Definitely not,40,52,72,Very harmful,0,0,Definitely not,Definitely not,Definitely not,56,65,28,Very harmful,0,0,Definitely not,Definitely not,Definitely not,42,47,38,Very harmful,0,0,Definitely not,Definitely not,Definitely not,NA,NA,NA,,NA,NA,,,,NA,NA,NA,,NA,NA,,,,NA,NA,NA,,NA,NA,,,,NA,NA,NA,NA,NA,NA,NA,,NA,NA,,,,NA,NA,NA,NA,NA,NA,NA,,NA,NA,,,,NA,NA,NA,,NA,NA,,,,,People vaping,16,Young Control,0,0,0,0,0,0,0,0,0,2,2,1,2,0,0
R_1QAhHcrSpcI2Bzg,16,No,NA,NA,NA,,NA,NA,,,,NA,NA,NA,,NA,NA,,,,NA,NA,NA,,NA,NA,,,,NA,NA,NA,,NA,NA,,,,NA,NA,NA,,NA,NA,,,,NA,NA,NA,,NA,NA,,,,NA,NA,NA,,NA,NA,,,,NA,NA,NA,,NA,NA,,,,NA,NA,NA,,NA,NA,,,,NA,NA,NA,,NA,NA,,,,NA,NA,NA,,NA,NA,,,,NA,NA,NA,,NA,NA,,,,NA,NA,NA,,NA,NA,,,,NA,NA,NA,,NA,NA,,,,NA,NA,NA,,NA,NA,,,,NA,NA,NA,,NA,NA,,,,NA,NA,NA,,NA,NA,,,,NA,NA,NA,,NA,NA,,,,41,36,39,Very harmful,2,1,Definitely not,Definitely not,Definitely not,11,10,17,Extremely harmful,2,1,Definitely not,Definitely not,Definitely not,19,30,25,Extremely harmful,1,1,Definitely not,Definitely not,Definitely not,2.107,2.107,13.2,1,20,0,10,Extremely harmful,0,0,Definitely not,Definitely not,Definitely not,1.632,10.362,10.985,5,32,27,30,Extremely harmful,1,1,Definitely not,Definitely not,Definitely not,10,10,11,Extremely harmful,1,1,Definitely not,Definitely not,Definitely not,People vaping and exercising,People vaping,16,Old Control,0,1,0,0,0,0,0,0,0,1,1,1,2,0,0
R_1jFEqdc2z5flrrP,15,Yes,NA,NA,NA,,NA,NA,,,,NA,NA,NA,,NA,NA,,,,NA,NA,NA,,NA,NA,,,,NA,NA,NA,,NA,NA,,,,NA,NA,NA,,NA,NA,,,,NA,NA,NA,,NA,NA,,,,50,50,0,Extremely harmful,0,0,Definitely not,Definitely not,Definitely not,1,1,1,Extremely harmful,0,0,Definitely not,Definitely not,Definitely not,1,10,10,Very harmful,0,0,Definitely not,Definitely not,Definitely not,1,0,0,Very harmful,0,0,Definitely not,Definitely not,Definitely not,1,1,1,Extremely harmful,0,0,Definitely not,Definitely not,Definitely not,1,1,1,Extremely harmful,0,0,Definitely not,Definitely not,Definitely not,NA,NA,NA,,NA,NA,,,,NA,NA,NA,,NA,NA,,,,NA,NA,NA,,NA,NA,,,,NA,NA,NA,,NA,NA,,,,NA,NA,NA,,NA,NA,,,,NA,NA,NA,,NA,NA,,,,NA,NA,NA,,NA,NA,,,,NA,NA,NA,,NA,NA,,,,NA,NA,NA,,NA,NA,,,,NA,NA,NA,NA,NA,NA,NA,,NA,NA,,,,NA,NA,NA,NA,NA,NA,NA,,NA,NA,,,,NA,NA,NA,,NA,NA,,,,People vaping and exercising,People vaping,15,Old Treat,0,0,0,0,1,1,1,0,0,1,1,1,1,0,0
R_1zMTcNCwlwi23gg,16,No,NA,NA,NA,,NA,NA,,,,NA,NA,NA,,NA,NA,,,,NA,NA,NA,,NA,NA,,,,NA,NA,NA,,NA,NA,,,,NA,NA,NA,,NA,NA,,,,NA,NA,NA,,NA,NA,,,,NA,NA,NA,,NA,NA,,,,NA,NA,NA,,NA,NA,,,,NA,NA,NA,,NA,NA,,,,NA,NA,NA,,NA,NA,,,,NA,NA,NA,,NA,NA,,,,NA,NA,NA,,NA,NA,,,,NA,NA,NA,,NA,NA,,,,NA,NA,NA,,NA,NA,,,,NA,NA,NA,,NA,NA,,,,NA,NA,NA,,NA,NA,,,,NA,NA,NA,,NA,NA,,,,NA,NA,NA,,NA,NA,,,,7,14,21,Extremely harmful,0,7,Definitely not,Definitely not,Definitely not,10,14,15,Very harmful,1,0,Definitely not,Definitely not,Definitely not,66,18,25,Extremely harmful,0,1,Definitely not,Definitely not,Definitely not,1.571,12.128,13.214,2,100,45,84,Extremely harmful,0,7,Definitely not,Definitely not,Definitely not,2.712,17.827,18.989,7,19,5,9,Very harmful,0,1,Probably yes,Probably not,Definitely not,0,0,0,Not at all harmful,0,7,Probably not,Definitely not,Definitely not,,People vaping,16,Old Control,0,0,1,0,0,0,1,1,1,1,1,1,1,1,1
R_7zYMX1f1OcxACPZ,17,Yes,NA,NA,NA,,NA,NA,,,,NA,NA,NA,,NA,NA,,,,NA,NA,NA,,NA,NA,,,,NA,NA,NA,,NA,NA,,,,NA,NA,NA,,NA,NA,,,,NA,NA,NA,,NA,NA,,,,NA,NA,NA,,NA,NA,,,,NA,NA,NA,,NA,NA,,,,NA,NA,NA,,NA,NA,,,,NA,NA,NA,,NA,NA,,,,NA,NA,NA,,NA,NA,,,,NA,NA,NA,,NA,NA,,,,0,0,0,Extremely harmful,0,0,Definitely not,Definitely not,Definitely not,0,0,0,Extremely harmful,0,0,Definitely not,Definitely not,Definitely not,0,0,0,Extremely harmful,0,0,Definitely not,Definitely not,Definitely not,100,0,0,Extremely harmful,0,0,Definitely not,Definitely not,Definitely not,0,0,0,Extremely harmful,0,0,Definitely not,Definitely not,Definitely not,0,0,0,Very harmful,0,0,Definitely not,Definitely not,Definitely not,NA,NA,NA,,NA,NA,,,,NA,NA,NA,,NA,NA,,,,NA,NA,NA,,NA,NA,,,,NA,NA,NA,NA,NA,NA,NA,,NA,NA,,,,NA,NA,NA,NA,NA,NA,NA,,NA,NA,,,,NA,NA,NA,,NA,NA,,,,People vaping and exercising,People vaping,17,Young Control,0,0,0,0,0,0,0,0,0,1,1,1,1,0,0
R_364EnyYas6GSTKs,17,No,NA,NA,NA,,NA,NA,,,,NA,NA,NA,,NA,NA,,,,NA,NA,NA,,NA,NA,,,,NA,NA,NA,,NA,NA,,,,NA,NA,NA,,NA,NA,,,,NA,NA,NA,,NA,NA,,,,NA,NA,NA,,NA,NA,,,,NA,NA,NA,,NA,NA,,,,NA,NA,NA,,NA,NA,,,,NA,NA,NA,,NA,NA,,,,NA,NA,NA,,NA,NA,,,,NA,NA,NA,,NA,NA,,,,NA,NA,NA,Extremely harmful,NA,NA,I prefer not to answer,I prefer not to answer,I prefer not to answer,3,7,0,Extremely harmful,0,0,I prefer not to answer,I prefer not to answer,Definitely not,NA,NA,NA,Extremely harmful,NA,NA,I prefer not to answer,I prefer not to answer,I prefer not to answer,0,0,0,I prefer not to answer,0,0,I prefer not to answer,I prefer not to answer,I prefer not to answer,NA,2,0,I prefer not to answer,0,0,I prefer not to answer,I prefer not to answer,I prefer not to answer,NA,NA,NA,I prefer not to answer,NA,NA,I prefer not to answer,I prefer not to answer,I prefer not to answer,NA,NA,NA,,NA,NA,,,,NA,NA,NA,,NA,NA,,,,NA,NA,NA,,NA,NA,,,,NA,NA,NA,NA,NA,NA,NA,,NA,NA,,,,NA,NA,NA,NA,NA,NA,NA,,NA,NA,,,,NA,NA,NA,,NA,NA,,,,,People vaping,17,Young Control,0,0,1,0,0,0,1,0,0,1,1,1,1,0,0
R_7nT2s61jL4f8Zug,16,No,NA,NA,NA,,NA,NA,,,,NA,NA,NA,,NA,NA,,,,NA,NA,NA,,NA,NA,,,,NA,NA,NA,,NA,NA,,,,NA,NA,NA,,NA,NA,,,,NA,NA,NA,,NA,NA,,,,NA,NA,NA,,NA,NA,,,,NA,NA,NA,,NA,NA,,,,NA,NA,NA,,NA,NA,,,,NA,NA,NA,,NA,NA,,,,NA,NA,NA,,NA,NA,,,,NA,NA,NA,,NA,NA,,,,NA,NA,NA,,NA,NA,,,,NA,NA,NA,,NA,NA,,,,NA,NA,NA,,NA,NA,,,,NA,NA,NA,,NA,NA,,,,NA,NA,NA,,NA,NA,,,,NA,NA,NA,,NA,NA,,,,4,6,3,Extremely harmful,1,1,Definitely not,Definitely not,Definitely not,12,11,11,Extremely harmful,1,1,Definitely not,Definitely not,Definitely not,5,9,8,Extremely harmful,1,1,Definitely not,Definitely not,Definitely not,9.093,11.299,12.086,3,14,6,10,Extremely harmful,1,1,Definitely not,Definitely not,Definitely not,3.603,7.678,13.235,2,9,12,17,Extremely harmful,1,1,Definitely not,Definitely not,Definitely not,5,14,17,Extremely harmful,1,1,Definitely not,Definitely not,Definitely not,,People vaping,16,Old Control,1,0,0,0,0,1,1,0,0,1,1,1,1,0,0
R_1B59afJoFhz2GQU,17,No,NA,NA,NA,,NA,NA,,,,NA,NA,NA,,NA,NA,,,,NA,NA,NA,,NA,NA,,,,NA,NA,NA,,NA,NA,,,,NA,NA,NA,,NA,NA,,,,NA,NA,NA,,NA,NA,,,,NA,NA,NA,,NA,NA,,,,NA,NA,NA,,NA,NA,,,,NA,NA,NA,,NA,NA,,,,NA,NA,NA,,NA,NA,,,,NA,NA,NA,,NA,NA,,,,NA,NA,NA,,NA,NA,,,,NA,NA,NA,Not at all harmful,NA,NA,Definitely not,Definitely not,Definitely not,41,36,48,Very harmful,NA,NA,Probably not,Definitely not,Definitely not,NA,NA,NA,Somewhat harmful,NA,NA,Definitely not,Definitely not,Definitely not,NA,NA,NA,Not at all harmful,NA,NA,Probably yes,Definitely not,Definitely not,NA,43,76,Extremely harmful,NA,NA,Definitely not,Definitely not,Definitely not,NA,NA,NA,Extremely harmful,NA,NA,Definitely not,Definitely not,Definitely not,NA,NA,NA,,NA,NA,,,,NA,NA,NA,,NA,NA,,,,NA,NA,NA,,NA,NA,,,,NA,NA,NA,NA,NA,NA,NA,,NA,NA,,,,NA,NA,NA,NA,NA,NA,NA,,NA,NA,,,,NA,NA,NA,,NA,NA,,,,,People vaping,17,Young Control,0,0,1,0,0,1,0,0,0,2,2,1,1,0,0
R_1b0kmtcOU4pAUQF,15,No,99,97,93,I prefer not to answer,NA,7,Definitely not,Probably yes,Definitely not,NA,NA,NA,Extremely harmful,NA,NA,Probably not,Probably yes,Probably yes,NA,NA,NA,Not at all harmful,NA,NA,Probably not,Definitely not,Definitely not,NA,NA,NA,Slightly harmful,NA,NA,Probably yes,Probably not,Probably not,NA,NA,NA,Slightly harmful,NA,NA,Probably not,Definitely not,Definitely not,NA,NA,NA,Slightly harmful,NA,NA,Probably yes,Definitely not,Definitely not,NA,NA,NA,,NA,NA,,,,NA,NA,NA,,NA,NA,,,,NA,NA,NA,,NA,NA,,,,NA,NA,NA,,NA,NA,,,,NA,NA,NA,,NA,NA,,,,NA,NA,NA,,NA,NA,,,,NA,NA,NA,,NA,NA,,,,NA,NA,NA,,NA,NA,,,,NA,NA,NA,,NA,NA,,,,NA,NA,NA,,NA,NA,,,,NA,NA,NA,,NA,NA,,,,NA,NA,NA,,NA,NA,,,,NA,NA,NA,,NA,NA,,,,NA,NA,NA,,NA,NA,,,,NA,NA,NA,,NA,NA,,,,NA,NA,NA,NA,NA,NA,NA,,NA,NA,,,,NA,NA,NA,NA,NA,NA,NA,,NA,NA,,,,NA,NA,NA,,NA,NA,,,,People vaping and exercising,,15,Young Treat,0,0,1,0,0,0,0,0,0,NA,NA,1,3,0,0
R_5sLYH6kSMMAMPJv,16,No,NA,NA,NA,,NA,NA,,,,NA,NA,NA,,NA,NA,,,,NA,NA,NA,,NA,NA,,,,NA,NA,NA,,NA,NA,,,,NA,NA,NA,,NA,NA,,,,NA,NA,NA,,NA,NA,,,,NA,NA,NA,,NA,NA,,,,NA,NA,NA,,NA,NA,,,,NA,NA,NA,,NA,NA,,,,NA,NA,NA,,NA,NA,,,,NA,NA,NA,,NA,NA,,,,NA,NA,NA,,NA,NA,,,,30,40,19,Very harmful,0,0,Definitely not,Definitely not,Definitely not,10,20,30,Somewhat harmful,1,1,Probably not,Probably not,Definitely not,40,40,24,Somewhat harmful,0,3,Probably not,Probably not,Definitely not,20,13,9,Very harmful,3,2,Probably not,Probably not,Definitely not,1,30,10,Somewhat harmful,0,1,Probably not,Probably not,Definitely not,29,20,10,Very harmful,1,2,Probably not,Probably not,Definitely not,NA,NA,NA,,NA,NA,,,,NA,NA,NA,,NA,NA,,,,NA,NA,NA,,NA,NA,,,,NA,NA,NA,NA,NA,NA,NA,,NA,NA,,,,NA,NA,NA,NA,NA,NA,NA,,NA,NA,,,,NA,NA,NA,,NA,NA,,,,,People vaping,16,Young Control,1,0,0,0,0,0,1,0,0,2,2,1,2,0,0
R_3R3YhGcw9iJgH1a,17,Yes,11,0,0,Slightly harmful,0,0,Probably not,Definitely not,Definitely not,10,8,8,Somewhat harmful,1,0,Definitely not,Probably not,Probably not,61,50,0,Somewhat harmful,1,1,Probably not,Definitely not,Definitely not,5,9,9,Somewhat harmful,0,0,Probably not,Probably not,Definitely not,0,0,0,Slightly harmful,0,0,Probably not,Definitely not,Definitely not,0,0,0,Somewhat harmful,0,0,Probably not,Probably not,Probably not,NA,NA,NA,,NA,NA,,,,NA,NA,NA,,NA,NA,,,,NA,NA,NA,,NA,NA,,,,NA,NA,NA,,NA,NA,,,,NA,NA,NA,,NA,NA,,,,NA,NA,NA,,NA,NA,,,,NA,NA,NA,,NA,NA,,,,NA,NA,NA,,NA,NA,,,,NA,NA,NA,,NA,NA,,,,NA,NA,NA,,NA,NA,,,,NA,NA,NA,,NA,NA,,,,NA,NA,NA,,NA,NA,,,,NA,NA,NA,,NA,NA,,,,NA,NA,NA,,NA,NA,,,,NA,NA,NA,,NA,NA,,,,NA,NA,NA,NA,NA,NA,NA,,NA,NA,,,,NA,NA,NA,NA,NA,NA,NA,,NA,NA,,,,NA,NA,NA,,NA,NA,,,,People vaping and exercising,,17,Young Treat,0,0,0,0,1,1,0,0,0,3,3,1,3,0,0
R_3uZPJB225dqf3rP,17,Yes,NA,NA,NA,,NA,NA,,,,NA,NA,NA,,NA,NA,,,,NA,NA,NA,,NA,NA,,,,NA,NA,NA,,NA,NA,,,,NA,NA,NA,,NA,NA,,,,NA,NA,NA,,NA,NA,,,,NA,NA,NA,,NA,NA,,,,NA,NA,NA,,NA,NA,,,,NA,NA,NA,,NA,NA,,,,NA,NA,NA,,NA,NA,,,,NA,NA,NA,,NA,NA,,,,NA,NA,NA,,NA,NA,,,,NA,NA,NA,,NA,NA,,,,NA,NA,NA,,NA,NA,,,,NA,NA,NA,,NA,NA,,,,NA,NA,NA,,NA,NA,,,,NA,NA,NA,,NA,NA,,,,NA,NA,NA,,NA,NA,,,,15,15,27,Extremely harmful,1,2,Definitely not,Definitely not,Definitely not,70,51,23,Extremely harmful,1,1,Definitely not,Definitely not,Definitely not,21,12,30,Extremely harmful,1,2,Definitely not,Definitely not,Definitely not,1.468,12.048,12.9,4,13,19,16,Extremely harmful,1,1,Definitely not,Definitely not,Definitely not,1.457,12.996,14.097,4,13,23,34,Extremely harmful,1,1,Definitely not,Definitely not,Definitely not,10,22,9,Extremely harmful,1,1,Definitely not,Definitely not,Definitely not,,People vaping,17,Old Control,0,0,0,0,1,1,1,0,0,1,1,1,1,1,1
R_3gTtwEWnj7mpgpv,17,No,91,90,84,Not at all harmful,7,7,Definitely yes,Definitely yes,Definitely yes,41,54,19,Somewhat harmful,2,2,Probably not,Definitely not,Definitely not,38,33,17,Slightly harmful,2,2,Probably not,Probably not,Probably not,72,62,60,Not at all harmful,4,5,Probably yes,Probably yes,Probably yes,80,78,57,Not at all harmful,3,5,Definitely yes,Probably yes,Probably not,37,17,43,Not at all harmful,5,4,Probably yes,Probably yes,Definitely yes,NA,NA,NA,,NA,NA,,,,NA,NA,NA,,NA,NA,,,,NA,NA,NA,,NA,NA,,,,NA,NA,NA,,NA,NA,,,,NA,NA,NA,,NA,NA,,,,NA,NA,NA,,NA,NA,,,,NA,NA,NA,,NA,NA,,,,NA,NA,NA,,NA,NA,,,,NA,NA,NA,,NA,NA,,,,NA,NA,NA,,NA,NA,,,,NA,NA,NA,,NA,NA,,,,NA,NA,NA,,NA,NA,,,,NA,NA,NA,,NA,NA,,,,NA,NA,NA,,NA,NA,,,,NA,NA,NA,,NA,NA,,,,NA,NA,NA,NA,NA,NA,NA,,NA,NA,,,,NA,NA,NA,NA,NA,NA,NA,,NA,NA,,,,NA,NA,NA,,NA,NA,,,,People vaping and exercising,People vaping,17,Young Treat,0,1,0,0,0,1,0,0,0,2,2,1,1,0,0
R_5M07eYaDmOdjTzv,17,Yes,NA,NA,NA,,NA,NA,,,,NA,NA,NA,,NA,NA,,,,NA,NA,NA,,NA,NA,,,,NA,NA,NA,,NA,NA,,,,NA,NA,NA,,NA,NA,,,,NA,NA,NA,,NA,NA,,,,NA,NA,NA,,NA,NA,,,,NA,NA,NA,,NA,NA,,,,NA,NA,NA,,NA,NA,,,,NA,NA,NA,,NA,NA,,,,NA,NA,NA,,NA,NA,,,,NA,NA,NA,,NA,NA,,,,52,34,12,Very harmful,1,3,Probably not,Definitely not,Probably yes,56,39,48,Very harmful,1,2,Probably not,Probably not,Definitely yes,72,34,10,Extremely harmful,1,0,Probably not,Definitely not,Probably yes,20,39,8,Very harmful,1,1,Definitely not,Probably not,Probably yes,50,49,9,Very harmful,1,1,Definitely not,Probably not,I prefer not to answer,41,18,15,Somewhat harmful,1,1,Definitely not,Definitely not,I prefer not to answer,NA,NA,NA,,NA,NA,,,,NA,NA,NA,,NA,NA,,,,NA,NA,NA,,NA,NA,,,,NA,NA,NA,NA,NA,NA,NA,,NA,NA,,,,NA,NA,NA,NA,NA,NA,NA,,NA,NA,,,,NA,NA,NA,,NA,NA,,,,,People vaping,17,Young Control,0,0,0,0,1,1,1,0,0,2,2,1,2,0,0
R_3oAsl4Bwt0VvzRX,16,Yes,NA,NA,NA,,NA,NA,,,,NA,NA,NA,,NA,NA,,,,NA,NA,NA,,NA,NA,,,,NA,NA,NA,,NA,NA,,,,NA,NA,NA,,NA,NA,,,,NA,NA,NA,,NA,NA,,,,NA,NA,NA,,NA,NA,,,,NA,NA,NA,,NA,NA,,,,NA,NA,NA,,NA,NA,,,,NA,NA,NA,,NA,NA,,,,NA,NA,NA,,NA,NA,,,,NA,NA,NA,,NA,NA,,,,NA,NA,NA,,NA,NA,,,,NA,NA,NA,,NA,NA,,,,NA,NA,NA,,NA,NA,,,,NA,NA,NA,,NA,NA,,,,NA,NA,NA,,NA,NA,,,,NA,NA,NA,,NA,NA,,,,30,23,31,Very harmful,2,1,Definitely not,Definitely not,Definitely not,17,23,34,Extremely harmful,1,1,Definitely not,Definitely not,Definitely not,12,30,80,Extremely harmful,1,3,Definitely not,Definitely not,Definitely not,8.201,27.149,28.039,3,10,60,9,Very harmful,1,1,Definitely not,Definitely not,Definitely not,1.094,10.309,12.157,3,9,21,89,Extremely harmful,1,2,Definitely not,Definitely not,Definitely not,1,3,61,Extremely harmful,1,1,Definitely not,Definitely not,Definitely not,,People vaping,16,Old Control,0,0,0,0,0,1,1,0,0,1,1,1,1,0,0
R_3KBF9VTy4jhXVdM,14,No,14,13,16,Very harmful,1,1,Definitely not,Definitely not,Definitely not,19,18,14,Somewhat harmful,1,1,Definitely not,Definitely not,Probably not,38,14,13,Somewhat harmful,1,2,Probably yes,Definitely not,Probably yes,11,7,13,Somewhat harmful,1,1,Probably yes,Definitely not,Probably yes,18,20,34,Somewhat harmful,1,1,Probably yes,Definitely not,Probably yes,12,21,27,Somewhat harmful,1,2,Probably yes,Probably not,Definitely not,NA,NA,NA,,NA,NA,,,,NA,NA,NA,,NA,NA,,,,NA,NA,NA,,NA,NA,,,,NA,NA,NA,,NA,NA,,,,NA,NA,NA,,NA,NA,,,,NA,NA,NA,,NA,NA,,,,NA,NA,NA,,NA,NA,,,,NA,NA,NA,,NA,NA,,,,NA,NA,NA,,NA,NA,,,,NA,NA,NA,,NA,NA,,,,NA,NA,NA,,NA,NA,,,,NA,NA,NA,,NA,NA,,,,NA,NA,NA,,NA,NA,,,,NA,NA,NA,,NA,NA,,,,NA,NA,NA,,NA,NA,,,,NA,NA,NA,NA,NA,NA,NA,,NA,NA,,,,NA,NA,NA,NA,NA,NA,NA,,NA,NA,,,,NA,NA,NA,,NA,NA,,,,People vaping and exercising,,14,Young Treat,0,1,0,0,0,1,1,0,0,2,2,1,2,0,0
R_57jshpoqVOIFHeM,15,No,NA,NA,NA,,NA,NA,,,,NA,NA,NA,,NA,NA,,,,NA,NA,NA,,NA,NA,,,,NA,NA,NA,,NA,NA,,,,NA,NA,NA,,NA,NA,,,,NA,NA,NA,,NA,NA,,,,NA,NA,NA,,NA,NA,,,,NA,NA,NA,,NA,NA,,,,NA,NA,NA,,NA,NA,,,,NA,NA,NA,,NA,NA,,,,NA,NA,NA,,NA,NA,,,,NA,NA,NA,,NA,NA,,,,0,0,0,Very harmful,NA,NA,Definitely not,Probably not,Probably not,39,17,0,Very harmful,NA,4,Probably yes,Probably yes,Definitely not,33,23,5,Extremely harmful,NA,NA,Definitely not,Probably not,Probably not,13,0,0,Very harmful,NA,4,Probably yes,Probably not,Definitely not,12,43,8,Extremely harmful,NA,NA,Definitely not,Definitely not,Definitely not,34,16,0,Very harmful,NA,NA,Probably not,Definitely not,Definitely not,NA,NA,NA,,NA,NA,,,,NA,NA,NA,,NA,NA,,,,NA,NA,NA,,NA,NA,,,,NA,NA,NA,NA,NA,NA,NA,,NA,NA,,,,NA,NA,NA,NA,NA,NA,NA,,NA,NA,,,,NA,NA,NA,,NA,NA,,,,,People vaping,15,Young Control,1,0,0,0,1,0,0,0,0,2,2,1,2,0,0
R_5jTkSCxKsEpjpio,15,Yes,NA,NA,NA,,NA,NA,,,,NA,NA,NA,,NA,NA,,,,NA,NA,NA,,NA,NA,,,,NA,NA,NA,,NA,NA,,,,NA,NA,NA,,NA,NA,,,,NA,NA,NA,,NA,NA,,,,NA,NA,NA,,NA,NA,,,,NA,NA,NA,,NA,NA,,,,NA,NA,NA,,NA,NA,,,,NA,NA,NA,,NA,NA,,,,NA,NA,NA,,NA,NA,,,,NA,NA,NA,,NA,NA,,,,68,86,37,Somewhat harmful,3,2,Probably not,Definitely not,Probably yes,50,43,38,Somewhat harmful,2,2,Probably not,Definitely not,Probably yes,44,45,33,Very harmful,2,1,Definitely not,Definitely not,Probably not,44,41,39,Somewhat harmful,2,1,Probably not,Definitely not,Probably not,50,32,34,Somewhat harmful,2,3,Probably not,Definitely not,Probably yes,29,50,32,Very harmful,2,1,Definitely not,Definitely not,Probably not,NA,NA,NA,,NA,NA,,,,NA,NA,NA,,NA,NA,,,,NA,NA,NA,,NA,NA,,,,NA,NA,NA,NA,NA,NA,NA,,NA,NA,,,,NA,NA,NA,NA,NA,NA,NA,,NA,NA,,,,NA,NA,NA,,NA,NA,,,,,People vaping,15,Young Control,0,0,0,0,1,1,1,0,0,2,2,1,1,0,0
R_6CUVD5weuQxwVMj,14,No,50,0,0,Not at all harmful,2,2,Definitely not,Definitely not,Definitely not,10,0,0,Not at all harmful,2,6,Definitely not,Definitely not,Definitely not,10,0,0,Not at all harmful,0,6,Definitely not,Definitely not,Definitely not,0,0,0,Not at all harmful,7,7,Definitely not,Definitely not,Definitely not,50,0,0,Extremely harmful,0,0,Definitely not,Definitely not,Definitely not,50,0,0,Somewhat harmful,0,0,Definitely not,Definitely not,Definitely not,NA,NA,NA,,NA,NA,,,,NA,NA,NA,,NA,NA,,,,NA,NA,NA,,NA,NA,,,,NA,NA,NA,,NA,NA,,,,NA,NA,NA,,NA,NA,,,,NA,NA,NA,,NA,NA,,,,NA,NA,NA,,NA,NA,,,,NA,NA,NA,,NA,NA,,,,NA,NA,NA,,NA,NA,,,,NA,NA,NA,,NA,NA,,,,NA,NA,NA,,NA,NA,,,,NA,NA,NA,,NA,NA,,,,NA,NA,NA,,NA,NA,,,,NA,NA,NA,,NA,NA,,,,NA,NA,NA,,NA,NA,,,,NA,NA,NA,NA,NA,NA,NA,,NA,NA,,,,NA,NA,NA,NA,NA,NA,NA,,NA,NA,,,,NA,NA,NA,,NA,NA,,,,People vaping and exercising,People vaping,14,Young Treat,1,0,0,0,1,0,0,0,0,1,1,1,3,0,0
R_5uKkgJpW8i6zlWm,15,Yes,NA,NA,NA,,NA,NA,,,,NA,NA,NA,,NA,NA,,,,NA,NA,NA,,NA,NA,,,,NA,NA,NA,,NA,NA,,,,NA,NA,NA,,NA,NA,,,,NA,NA,NA,,NA,NA,,,,NA,NA,NA,Extremely harmful,NA,NA,Definitely not,Definitely not,Definitely not,NA,NA,NA,Extremely harmful,NA,NA,Definitely not,Definitely not,Probably not,NA,NA,NA,Extremely harmful,NA,NA,Definitely not,Definitely not,Probably not,NA,NA,NA,Extremely harmful,NA,NA,Definitely not,Definitely not,Definitely not,NA,NA,NA,Extremely harmful,NA,NA,Definitely not,Definitely not,Probably yes,NA,NA,NA,Extremely harmful,NA,NA,Definitely not,Definitely not,Definitely not,NA,NA,NA,,NA,NA,,,,NA,NA,NA,,NA,NA,,,,NA,NA,NA,,NA,NA,,,,NA,NA,NA,,NA,NA,,,,NA,NA,NA,,NA,NA,,,,NA,NA,NA,,NA,NA,,,,NA,NA,NA,,NA,NA,,,,NA,NA,NA,,NA,NA,,,,NA,NA,NA,,NA,NA,,,,NA,NA,NA,NA,NA,NA,NA,,NA,NA,,,,NA,NA,NA,NA,NA,NA,NA,,NA,NA,,,,NA,NA,NA,,NA,NA,,,,People vaping and exercising,,15,Old Treat,0,0,0,0,1,1,0,0,0,1,1,1,1,0,0
R_30dhkbcKh3wrLdE,15,No,NA,NA,NA,,NA,NA,,,,NA,NA,NA,,NA,NA,,,,NA,NA,NA,,NA,NA,,,,NA,NA,NA,,NA,NA,,,,NA,NA,NA,,NA,NA,,,,NA,NA,NA,,NA,NA,,,,NA,NA,NA,,NA,NA,,,,NA,NA,NA,,NA,NA,,,,NA,NA,NA,,NA,NA,,,,NA,NA,NA,,NA,NA,,,,NA,NA,NA,,NA,NA,,,,NA,NA,NA,,NA,NA,,,,NA,NA,NA,,NA,NA,,,,NA,NA,NA,,NA,NA,,,,NA,NA,NA,,NA,NA,,,,NA,NA,NA,,NA,NA,,,,NA,NA,NA,,NA,NA,,,,NA,NA,NA,,NA,NA,,,,1,1,1,Extremely harmful,0,0,Definitely not,Definitely not,Definitely not,2,2,3,Extremely harmful,0,0,Definitely not,Definitely not,Definitely not,1,1,2,Extremely harmful,0,0,Definitely not,Definitely not,Definitely not,0.88,12.763,13.701,3,1,1,1,Extremely harmful,0,0,Definitely not,Definitely not,Definitely not,1.061,7.637,11.248,3,1,1,1,Extremely harmful,0,0,Definitely not,Definitely not,Definitely not,1,1,1,Extremely harmful,0,0,Definitely not,Definitely not,Definitely not,,People vaping,15,Old Control,0,1,0,0,0,0,0,0,0,1,1,1,1,0,0
R_6ltys5GYhfSMcXe,16,Yes,NA,NA,NA,,NA,NA,,,,NA,NA,NA,,NA,NA,,,,NA,NA,NA,,NA,NA,,,,NA,NA,NA,,NA,NA,,,,NA,NA,NA,,NA,NA,,,,NA,NA,NA,,NA,NA,,,,NA,NA,NA,,NA,NA,,,,NA,NA,NA,,NA,NA,,,,NA,NA,NA,,NA,NA,,,,NA,NA,NA,,NA,NA,,,,NA,NA,NA,,NA,NA,,,,NA,NA,NA,,NA,NA,,,,NA,NA,NA,,NA,NA,,,,NA,NA,NA,,NA,NA,,,,NA,NA,NA,,NA,NA,,,,NA,NA,NA,,NA,NA,,,,NA,NA,NA,,NA,NA,,,,NA,NA,NA,,NA,NA,,,,4,1,4,Slightly harmful,0,0,Probably not,Probably not,Probably not,8,21,21,Somewhat harmful,1,2,Probably not,Probably not,Probably not,0,1,1,Slightly harmful,0,0,Probably not,Probably not,Probably not,1.382,12.794,14.037,4,0,0,0,Somewhat harmful,0,0,Probably not,Probably not,Probably not,2.328,11.971,12.744,4,12,14,10,Slightly harmful,1,1,Probably not,Probably not,Probably not,4,4,7,Very harmful,1,0,Probably not,Probably not,Probably not,,People vaping,16,Old Control,1,0,0,0,0,0,0,0,0,3,3,1,1,0,0
R_59nBf4THZmBJpjI,17,No,NA,NA,NA,,NA,NA,,,,NA,NA,NA,,NA,NA,,,,NA,NA,NA,,NA,NA,,,,NA,NA,NA,,NA,NA,,,,NA,NA,NA,,NA,NA,,,,NA,NA,NA,,NA,NA,,,,50,50,50,Extremely harmful,0,0,Definitely not,Definitely not,Definitely not,10,70,0,Extremely harmful,0,0,Definitely not,Probably not,Definitely not,0,0,0,Extremely harmful,0,0,Definitely not,Definitely not,Definitely not,0,0,50,Extremely harmful,0,0,Definitely not,Definitely not,Definitely not,50,50,0,Extremely harmful,0,0,Definitely not,Definitely not,Definitely not,0,0,50,Extremely harmful,0,0,Definitely not,Definitely not,Definitely not,NA,NA,NA,,NA,NA,,,,NA,NA,NA,,NA,NA,,,,NA,NA,NA,,NA,NA,,,,NA,NA,NA,,NA,NA,,,,NA,NA,NA,,NA,NA,,,,NA,NA,NA,,NA,NA,,,,NA,NA,NA,,NA,NA,,,,NA,NA,NA,,NA,NA,,,,NA,NA,NA,,NA,NA,,,,NA,NA,NA,NA,NA,NA,NA,,NA,NA,,,,NA,NA,NA,NA,NA,NA,NA,,NA,NA,,,,NA,NA,NA,,NA,NA,,,,People vaping and exercising,People vaping,17,Old Treat,1,0,0,0,0,0,0,0,0,1,1,1,1,0,0
R_7mI2MDnbBATzLKp,16,Yes,72,46,18,Slightly harmful,1,1,Probably not,Probably not,Probably yes,53,53,8,Somewhat harmful,0,0,Probably not,Probably not,Probably yes,40,50,19,Somewhat harmful,1,1,Probably not,Probably not,Probably yes,27,11,23,Somewhat harmful,1,1,Probably not,Probably not,Probably yes,51,9,27,Somewhat harmful,0,0,Probably not,Probably not,Probably yes,49,57,11,Somewhat harmful,1,1,Probably not,Probably not,Probably yes,NA,NA,NA,,NA,NA,,,,NA,NA,NA,,NA,NA,,,,NA,NA,NA,,NA,NA,,,,NA,NA,NA,,NA,NA,,,,NA,NA,NA,,NA,NA,,,,NA,NA,NA,,NA,NA,,,,NA,NA,NA,,NA,NA,,,,NA,NA,NA,,NA,NA,,,,NA,NA,NA,,NA,NA,,,,NA,NA,NA,,NA,NA,,,,NA,NA,NA,,NA,NA,,,,NA,NA,NA,,NA,NA,,,,NA,NA,NA,,NA,NA,,,,NA,NA,NA,,NA,NA,,,,NA,NA,NA,,NA,NA,,,,NA,NA,NA,NA,NA,NA,NA,,NA,NA,,,,NA,NA,NA,NA,NA,NA,NA,,NA,NA,,,,NA,NA,NA,,NA,NA,,,,People vaping and exercising,People vaping,16,Young Treat,0,0,0,0,0,0,1,0,0,1,1,1,1,0,0
R_6sRYgVD9TzIz00v,17,No,37,46,32,Extremely harmful,0,0,Definitely not,Definitely not,Definitely not,32,55,41,Extremely harmful,0,0,Definitely not,Definitely not,Definitely not,80,45,40,Extremely harmful,0,0,Definitely not,Definitely not,Definitely not,56,32,39,Extremely harmful,0,0,Definitely not,Definitely not,Definitely not,44,51,41,Extremely harmful,0,0,Definitely not,Definitely not,Definitely not,89,0,50,Extremely harmful,0,0,Definitely not,Definitely not,Definitely not,NA,NA,NA,,NA,NA,,,,NA,NA,NA,,NA,NA,,,,NA,NA,NA,,NA,NA,,,,NA,NA,NA,,NA,NA,,,,NA,NA,NA,,NA,NA,,,,NA,NA,NA,,NA,NA,,,,NA,NA,NA,,NA,NA,,,,NA,NA,NA,,NA,NA,,,,NA,NA,NA,,NA,NA,,,,NA,NA,NA,,NA,NA,,,,NA,NA,NA,,NA,NA,,,,NA,NA,NA,,NA,NA,,,,NA,NA,NA,,NA,NA,,,,NA,NA,NA,,NA,NA,,,,NA,NA,NA,,NA,NA,,,,NA,NA,NA,NA,NA,NA,NA,,NA,NA,,,,NA,NA,NA,NA,NA,NA,NA,,NA,NA,,,,NA,NA,NA,,NA,NA,,,,People vaping and exercising,,17,Young Treat,0,0,1,0,0,1,0,0,0,1,1,1,1,0,0
R_6wFbxo9V7jdtuu2,14,Yes,NA,NA,NA,,NA,NA,,,,NA,NA,NA,,NA,NA,,,,NA,NA,NA,,NA,NA,,,,NA,NA,NA,,NA,NA,,,,NA,NA,NA,,NA,NA,,,,NA,NA,NA,,NA,NA,,,,0,0,0,Extremely harmful,0,0,Definitely not,Definitely not,Definitely not,5,9,0,Extremely harmful,0,NA,Definitely not,Definitely not,Definitely not,0,0,0,Extremely harmful,0,0,Definitely not,Definitely not,Definitely not,0,0,0,Extremely harmful,0,0,Definitely not,Definitely not,Definitely not,2,1,2,Extremely harmful,0,7,Definitely not,Definitely not,Definitely not,0,0,0,Extremely harmful,0,0,Definitely not,Definitely not,Definitely not,NA,NA,NA,,NA,NA,,,,NA,NA,NA,,NA,NA,,,,NA,NA,NA,,NA,NA,,,,NA,NA,NA,,NA,NA,,,,NA,NA,NA,,NA,NA,,,,NA,NA,NA,,NA,NA,,,,NA,NA,NA,,NA,NA,,,,NA,NA,NA,,NA,NA,,,,NA,NA,NA,,NA,NA,,,,NA,NA,NA,NA,NA,NA,NA,,NA,NA,,,,NA,NA,NA,NA,NA,NA,NA,,NA,NA,,,,NA,NA,NA,,NA,NA,,,,People vaping and exercising,People vaping,14,Old Treat,0,0,0,0,0,0,0,0,0,1,1,1,1,0,0
R_3ih8DgUYfxNf2I9,16,Yes,NA,NA,NA,,NA,NA,,,,NA,NA,NA,,NA,NA,,,,NA,NA,NA,,NA,NA,,,,NA,NA,NA,,NA,NA,,,,NA,NA,NA,,NA,NA,,,,NA,NA,NA,,NA,NA,,,,NA,NA,NA,,NA,NA,,,,NA,NA,NA,,NA,NA,,,,NA,NA,NA,,NA,NA,,,,NA,NA,NA,,NA,NA,,,,NA,NA,NA,,NA,NA,,,,NA,NA,NA,,NA,NA,,,,NA,NA,NA,,NA,NA,,,,NA,NA,NA,,NA,NA,,,,NA,NA,NA,,NA,NA,,,,NA,NA,NA,,NA,NA,,,,NA,NA,NA,,NA,NA,,,,NA,NA,NA,,NA,NA,,,,30,15,40,Extremely harmful,1,1,Definitely not,Definitely not,Definitely not,11,18,25,Extremely harmful,1,1,Definitely not,Definitely not,Definitely not,15,19,28,Extremely harmful,1,1,Definitely not,Definitely not,Definitely not,1.167,12.108,12.745,3,11,13,25,Extremely harmful,1,1,Definitely not,Definitely not,Definitely not,1.24,12.736,13.386,3,50,29,20,Extremely harmful,1,1,Definitely not,Definitely not,Definitely not,12,16,30,Extremely harmful,1,1,Definitely not,Definitely not,Definitely not,,People vaping,16,Old Control,1,0,0,0,0,1,0,0,0,1,1,1,1,0,0
R_7TzKYqnmavjeNyK,17,No,19,19,21,Extremely harmful,0,1,Definitely not,Definitely not,Definitely not,8,17,20,Somewhat harmful,1,1,Definitely not,Definitely not,Definitely not,10,10,11,Somewhat harmful,1,0,Definitely not,Definitely not,Definitely not,10,17,9,Slightly harmful,1,1,Probably not,Probably not,Definitely not,20,15,5,Somewhat harmful,0,1,Definitely not,Definitely not,Definitely not,7,9,10,Slightly harmful,1,1,Definitely not,Definitely not,Definitely not,NA,NA,NA,,NA,NA,,,,NA,NA,NA,,NA,NA,,,,NA,NA,NA,,NA,NA,,,,NA,NA,NA,,NA,NA,,,,NA,NA,NA,,NA,NA,,,,NA,NA,NA,,NA,NA,,,,NA,NA,NA,,NA,NA,,,,NA,NA,NA,,NA,NA,,,,NA,NA,NA,,NA,NA,,,,NA,NA,NA,,NA,NA,,,,NA,NA,NA,,NA,NA,,,,NA,NA,NA,,NA,NA,,,,NA,NA,NA,,NA,NA,,,,NA,NA,NA,,NA,NA,,,,NA,NA,NA,,NA,NA,,,,NA,NA,NA,NA,NA,NA,NA,,NA,NA,,,,NA,NA,NA,NA,NA,NA,NA,,NA,NA,,,,NA,NA,NA,,NA,NA,,,,People vaping and exercising,People vaping,17,Young Treat,0,1,0,0,0,0,1,0,0,1,1,1,1,0,0
R_7NeeB1el1PqaZEZ,15,Yes,NA,NA,NA,,NA,NA,,,,NA,NA,NA,,NA,NA,,,,NA,NA,NA,,NA,NA,,,,NA,NA,NA,,NA,NA,,,,NA,NA,NA,,NA,NA,,,,NA,NA,NA,,NA,NA,,,,NA,NA,NA,Somewhat harmful,NA,NA,Probably yes,Definitely not,Definitely not,9,NA,NA,Very harmful,NA,NA,Definitely not,Definitely not,Definitely not,NA,NA,NA,Very harmful,NA,NA,Definitely not,Definitely not,Definitely not,NA,NA,NA,Very harmful,NA,NA,Probably not,Definitely not,Definitely not,NA,NA,NA,Very harmful,NA,NA,Probably yes,Definitely not,Definitely not,NA,NA,NA,Somewhat harmful,NA,NA,Probably yes,Definitely yes,Definitely not,NA,NA,NA,,NA,NA,,,,NA,NA,NA,,NA,NA,,,,NA,NA,NA,,NA,NA,,,,NA,NA,NA,,NA,NA,,,,NA,NA,NA,,NA,NA,,,,NA,NA,NA,,NA,NA,,,,NA,NA,NA,,NA,NA,,,,NA,NA,NA,,NA,NA,,,,NA,NA,NA,,NA,NA,,,,NA,NA,NA,NA,NA,NA,NA,,NA,NA,,,,NA,NA,NA,NA,NA,NA,NA,,NA,NA,,,,NA,NA,NA,,NA,NA,,,,People vaping and exercising,,15,Old Treat,0,0,0,0,1,0,0,0,0,2,2,1,2,0,0
R_7aZUEI97NUr3UGJ,16,Yes,NA,NA,NA,,NA,NA,,,,NA,NA,NA,,NA,NA,,,,NA,NA,NA,,NA,NA,,,,NA,NA,NA,,NA,NA,,,,NA,NA,NA,,NA,NA,,,,NA,NA,NA,,NA,NA,,,,NA,NA,NA,,NA,NA,,,,NA,NA,NA,,NA,NA,,,,NA,NA,NA,,NA,NA,,,,NA,NA,NA,,NA,NA,,,,NA,NA,NA,,NA,NA,,,,NA,NA,NA,,NA,NA,,,,NA,NA,NA,,NA,NA,,,,NA,NA,NA,,NA,NA,,,,NA,NA,NA,,NA,NA,,,,NA,NA,NA,,NA,NA,,,,NA,NA,NA,,NA,NA,,,,NA,NA,NA,,NA,NA,,,,70,0,14,Very harmful,0,1,Probably yes,Probably not,Definitely not,5,7,7,Very harmful,0,0,Probably yes,Probably yes,Definitely not,6,5,19,Very harmful,0,1,Probably yes,Probably yes,Definitely not,1.253,14.238,15.196,2,3,1,7,Very harmful,0,0,Probably yes,Probably yes,Definitely not,1.672,12.961,13.852,2,29,2,11,Very harmful,1,1,Probably yes,Probably yes,Definitely not,3,3,4,Very harmful,0,0,Probably yes,Probably yes,Definitely not,,People vaping,16,Old Control,1,0,0,0,0,0,0,0,0,2,2,1,1,1,1
R_5PQTID5KVPChcZi,17,No,NA,NA,NA,,NA,NA,,,,NA,NA,NA,,NA,NA,,,,NA,NA,NA,,NA,NA,,,,NA,NA,NA,,NA,NA,,,,NA,NA,NA,,NA,NA,,,,NA,NA,NA,,NA,NA,,,,NA,NA,NA,,NA,NA,,,,NA,NA,NA,,NA,NA,,,,NA,NA,NA,,NA,NA,,,,NA,NA,NA,,NA,NA,,,,NA,NA,NA,,NA,NA,,,,NA,NA,NA,,NA,NA,,,,50,20,10,Somewhat harmful,3,3,Probably yes,Probably yes,Probably yes,50,81,80,Somewhat harmful,4,4,Probably yes,Probably yes,Probably yes,70,90,0,Slightly harmful,5,6,Probably yes,Probably yes,Probably yes,40,40,10,Somewhat harmful,3,3,Probably yes,Probably yes,Probably yes,80,80,0,Somewhat harmful,5,5,Probably yes,Probably yes,Probably yes,0,0,0,Somewhat harmful,0,0,Probably yes,Probably yes,Probably yes,NA,NA,NA,,NA,NA,,,,NA,NA,NA,,NA,NA,,,,NA,NA,NA,,NA,NA,,,,NA,NA,NA,NA,NA,NA,NA,,NA,NA,,,,NA,NA,NA,NA,NA,NA,NA,,NA,NA,,,,NA,NA,NA,,NA,NA,,,,People vaping and exercising,People vaping,17,Young Control,0,1,0,0,0,1,1,1,1,3,3,1,1,1,0
R_3BsTuRG6HphREme,15,Yes,NA,NA,NA,,NA,NA,,,,NA,NA,NA,,NA,NA,,,,NA,NA,NA,,NA,NA,,,,NA,NA,NA,,NA,NA,,,,NA,NA,NA,,NA,NA,,,,NA,NA,NA,,NA,NA,,,,NA,NA,NA,,NA,NA,,,,NA,NA,NA,,NA,NA,,,,NA,NA,NA,,NA,NA,,,,NA,NA,NA,,NA,NA,,,,NA,NA,NA,,NA,NA,,,,NA,NA,NA,,NA,NA,,,,NA,NA,NA,,NA,NA,,,,NA,NA,NA,,NA,NA,,,,NA,NA,NA,,NA,NA,,,,NA,NA,NA,,NA,NA,,,,NA,NA,NA,,NA,NA,,,,NA,NA,NA,,NA,NA,,,,2,1,1,Extremely harmful,1,1,Definitely not,Definitely not,Definitely not,4,8,7,Extremely harmful,1,1,Definitely not,Definitely not,Definitely not,8,5,7,Extremely harmful,1,1,Definitely not,Definitely not,Definitely not,1.425,10.421,10.801,4,8,8,7,Extremely harmful,1,1,Definitely not,Definitely not,Definitely not,1.603,1.944,12.758,2,5,3,6,Extremely harmful,1,1,Definitely not,Definitely not,Definitely not,8,4,4,Extremely harmful,1,1,Definitely not,Definitely not,Definitely not,,People vaping,15,Old Control,0,0,0,0,1,0,0,0,0,1,1,1,1,0,0
R_5CqpsvHiKgIbmCi,14,Yes,NA,NA,NA,,NA,NA,,,,NA,NA,NA,,NA,NA,,,,NA,NA,NA,,NA,NA,,,,NA,NA,NA,,NA,NA,,,,NA,NA,NA,,NA,NA,,,,NA,NA,NA,,NA,NA,,,,0,0,0,Very harmful,0,0,Definitely not,Definitely not,Definitely not,1,0,0,Very harmful,0,0,Definitely not,Definitely not,Definitely not,0,0,0,Very harmful,0,0,Definitely not,Definitely not,Definitely not,0,0,0,Very harmful,0,0,Definitely not,Definitely not,Definitely not,0,0,0,Extremely harmful,0,0,Definitely not,Definitely not,Definitely not,0,0,0,Very harmful,0,0,Definitely not,Definitely not,Definitely not,NA,NA,NA,,NA,NA,,,,NA,NA,NA,,NA,NA,,,,NA,NA,NA,,NA,NA,,,,NA,NA,NA,,NA,NA,,,,NA,NA,NA,,NA,NA,,,,NA,NA,NA,,NA,NA,,,,NA,NA,NA,,NA,NA,,,,NA,NA,NA,,NA,NA,,,,NA,NA,NA,,NA,NA,,,,NA,NA,NA,NA,NA,NA,NA,,NA,NA,,,,NA,NA,NA,NA,NA,NA,NA,,NA,NA,,,,NA,NA,NA,,NA,NA,,,,People vaping and exercising,People vaping,14,Old Treat,1,1,0,0,1,0,0,0,0,2,2,1,1,0,0
R_3OfrHXD0LMIuLpY,16,No,NA,NA,NA,,NA,NA,,,,NA,NA,NA,,NA,NA,,,,NA,NA,NA,,NA,NA,,,,NA,NA,NA,,NA,NA,,,,NA,NA,NA,,NA,NA,,,,NA,NA,NA,,NA,NA,,,,NA,NA,NA,,NA,NA,,,,NA,NA,NA,,NA,NA,,,,NA,NA,NA,,NA,NA,,,,NA,NA,NA,,NA,NA,,,,NA,NA,NA,,NA,NA,,,,NA,NA,NA,,NA,NA,,,,5,11,14,Somewhat harmful,1,1,Probably not,Definitely not,Definitely not,9,1,5,Very harmful,0,1,Definitely not,Definitely not,Definitely not,2,2,1,Somewhat harmful,0,1,Definitely not,Definitely not,Definitely not,9,10,13,Somewhat harmful,1,1,Definitely not,Definitely not,Definitely not,2,5,3,Somewhat harmful,1,1,Definitely not,Definitely not,Definitely not,5,0,0,Somewhat harmful,1,1,Definitely not,Definitely not,Definitely not,NA,NA,NA,,NA,NA,,,,NA,NA,NA,,NA,NA,,,,NA,NA,NA,,NA,NA,,,,NA,NA,NA,NA,NA,NA,NA,,NA,NA,,,,NA,NA,NA,NA,NA,NA,NA,,NA,NA,,,,NA,NA,NA,,NA,NA,,,,,People vaping,16,Young Control,0,0,0,0,1,0,0,0,0,3,3,1,3,0,0
R_3s7uFfKvREJgPxM,17,No,NA,NA,NA,,NA,NA,,,,NA,NA,NA,,NA,NA,,,,NA,NA,NA,,NA,NA,,,,NA,NA,NA,,NA,NA,,,,NA,NA,NA,,NA,NA,,,,NA,NA,NA,,NA,NA,,,,0,0,0,Extremely harmful,0,0,Definitely not,Definitely not,Definitely not,0,0,0,Extremely harmful,0,0,Definitely not,Definitely not,Definitely not,0,0,0,Extremely harmful,0,0,Definitely not,Definitely not,Definitely not,0,0,0,Extremely harmful,0,0,Definitely not,Definitely not,Definitely not,1,0,0,Extremely harmful,0,0,Definitely not,Definitely not,Definitely not,0,0,0,Extremely harmful,0,0,Definitely not,Definitely not,Definitely not,NA,NA,NA,,NA,NA,,,,NA,NA,NA,,NA,NA,,,,NA,NA,NA,,NA,NA,,,,NA,NA,NA,,NA,NA,,,,NA,NA,NA,,NA,NA,,,,NA,NA,NA,,NA,NA,,,,NA,NA,NA,,NA,NA,,,,NA,NA,NA,,NA,NA,,,,NA,NA,NA,,NA,NA,,,,NA,NA,NA,NA,NA,NA,NA,,NA,NA,,,,NA,NA,NA,NA,NA,NA,NA,,NA,NA,,,,NA,NA,NA,,NA,NA,,,,People vaping and exercising,People vaping,17,Old Treat,0,1,0,0,0,0,0,0,0,1,1,1,3,0,0
R_3YPpl0EsNFYnnS7,15,No,6,8,8,Somewhat harmful,0,1,Definitely not,Definitely not,Definitely not,9,13,17,Somewhat harmful,5,4,Definitely not,Definitely not,Definitely not,9,12,7,Somewhat harmful,0,1,Definitely not,Definitely not,Definitely not,12,6,0,Somewhat harmful,1,4,Definitely not,Probably not,Definitely not,11,9,10,Somewhat harmful,1,1,Definitely not,Definitely not,Definitely not,47,14,22,Somewhat harmful,4,2,Definitely not,Definitely not,Definitely not,NA,NA,NA,,NA,NA,,,,NA,NA,NA,,NA,NA,,,,NA,NA,NA,,NA,NA,,,,NA,NA,NA,,NA,NA,,,,NA,NA,NA,,NA,NA,,,,NA,NA,NA,,NA,NA,,,,NA,NA,NA,,NA,NA,,,,NA,NA,NA,,NA,NA,,,,NA,NA,NA,,NA,NA,,,,NA,NA,NA,,NA,NA,,,,NA,NA,NA,,NA,NA,,,,NA,NA,NA,,NA,NA,,,,NA,NA,NA,,NA,NA,,,,NA,NA,NA,,NA,NA,,,,NA,NA,NA,,NA,NA,,,,NA,NA,NA,NA,NA,NA,NA,,NA,NA,,,,NA,NA,NA,NA,NA,NA,NA,,NA,NA,,,,NA,NA,NA,,NA,NA,,,,People vaping and exercising,People vaping,15,Young Treat,1,0,1,1,0,0,1,0,0,3,3,1,2,0,0
R_18toCMgQjhdk3bb,17,Yes,NA,NA,NA,,NA,NA,,,,NA,NA,NA,,NA,NA,,,,NA,NA,NA,,NA,NA,,,,NA,NA,NA,,NA,NA,,,,NA,NA,NA,,NA,NA,,,,NA,NA,NA,,NA,NA,,,,NA,NA,NA,,NA,NA,,,,NA,NA,NA,,NA,NA,,,,NA,NA,NA,,NA,NA,,,,NA,NA,NA,,NA,NA,,,,NA,NA,NA,,NA,NA,,,,NA,NA,NA,,NA,NA,,,,73,74,71,Slightly harmful,4,0,Probably not,Probably not,Probably yes,77,77,68,Slightly harmful,4,6,Probably not,Probably not,Probably yes,80,67,50,Somewhat harmful,4,4,Probably yes,Definitely not,Probably not,88,80,81,Slightly harmful,3,0,Probably not,Probably not,Definitely not,73,76,53,Slightly harmful,4,6,Probably yes,Probably not,Probably not,71,71,50,Slightly harmful,4,0,Probably yes,Probably not,Probably not,NA,NA,NA,,NA,NA,,,,NA,NA,NA,,NA,NA,,,,NA,NA,NA,,NA,NA,,,,NA,NA,NA,NA,NA,NA,NA,,NA,NA,,,,NA,NA,NA,NA,NA,NA,NA,,NA,NA,,,,NA,NA,NA,,NA,NA,,,,,People vaping,17,Young Control,0,0,0,0,1,0,0,0,0,2,2,1,1,0,0
R_3irmJh5sW81tsvd,17,Yes,NA,NA,NA,,NA,NA,,,,NA,NA,NA,,NA,NA,,,,NA,NA,NA,,NA,NA,,,,NA,NA,NA,,NA,NA,,,,NA,NA,NA,,NA,NA,,,,NA,NA,NA,,NA,NA,,,,49,52,51,Very harmful,1,1,Definitely not,Definitely not,Definitely not,60,50,46,Very harmful,1,1,Definitely not,Definitely not,Definitely not,70,61,80,Very harmful,1,1,Definitely not,Definitely not,Definitely not,58,48,55,Very harmful,1,1,Definitely not,Definitely not,Definitely not,72,70,12,Very harmful,1,1,Definitely not,Definitely not,Definitely not,50,19,9,Very harmful,1,1,Probably not,Definitely not,Definitely not,NA,NA,NA,,NA,NA,,,,NA,NA,NA,,NA,NA,,,,NA,NA,NA,,NA,NA,,,,NA,NA,NA,,NA,NA,,,,NA,NA,NA,,NA,NA,,,,NA,NA,NA,,NA,NA,,,,NA,NA,NA,,NA,NA,,,,NA,NA,NA,,NA,NA,,,,NA,NA,NA,,NA,NA,,,,NA,NA,NA,NA,NA,NA,NA,,NA,NA,,,,NA,NA,NA,NA,NA,NA,NA,,NA,NA,,,,NA,NA,NA,,NA,NA,,,,People vaping and exercising,People vaping,17,Old Treat,0,0,0,0,1,1,1,0,0,2,2,1,1,1,1
R_7sqiu1yKp0GcS0V,16,No,70,62,50,Slightly harmful,2,2,Definitely not,Definitely not,Definitely not,81,50,40,Slightly harmful,2,2,Definitely not,Definitely not,Definitely not,81,70,61,Not at all harmful,2,2,Definitely not,Definitely not,Definitely not,70,50,51,Slightly harmful,2,2,Definitely not,Definitely not,Definitely not,73,60,56,Not at all harmful,2,2,Definitely not,Definitely not,Definitely not,40,50,51,Somewhat harmful,2,2,Definitely not,Definitely not,Definitely not,NA,NA,NA,,NA,NA,,,,NA,NA,NA,,NA,NA,,,,NA,NA,NA,,NA,NA,,,,NA,NA,NA,,NA,NA,,,,NA,NA,NA,,NA,NA,,,,NA,NA,NA,,NA,NA,,,,NA,NA,NA,,NA,NA,,,,NA,NA,NA,,NA,NA,,,,NA,NA,NA,,NA,NA,,,,NA,NA,NA,,NA,NA,,,,NA,NA,NA,,NA,NA,,,,NA,NA,NA,,NA,NA,,,,NA,NA,NA,,NA,NA,,,,NA,NA,NA,,NA,NA,,,,NA,NA,NA,,NA,NA,,,,NA,NA,NA,NA,NA,NA,NA,,NA,NA,,,,NA,NA,NA,NA,NA,NA,NA,,NA,NA,,,,NA,NA,NA,,NA,NA,,,,People vaping and exercising,People vaping,16,Young Treat,0,1,0,0,0,1,1,0,0,3,3,1,1,0,0
R_1KoUMzTscMAYXHi,14,No,NA,NA,NA,,NA,NA,,,,NA,NA,NA,,NA,NA,,,,NA,NA,NA,,NA,NA,,,,NA,NA,NA,,NA,NA,,,,NA,NA,NA,,NA,NA,,,,NA,NA,NA,,NA,NA,,,,NA,NA,NA,,NA,NA,,,,NA,NA,NA,,NA,NA,,,,NA,NA,NA,,NA,NA,,,,NA,NA,NA,,NA,NA,,,,NA,NA,NA,,NA,NA,,,,NA,NA,NA,,NA,NA,,,,30,50,51,Somewhat harmful,0,3,Probably yes,Definitely not,Definitely not,5,0,20,Very harmful,1,0,Probably yes,Probably not,Definitely not,0,1,0,Very harmful,1,1,Probably yes,Definitely not,Definitely not,50,5,35,Somewhat harmful,5,3,Definitely yes,Definitely not,Probably yes,5,40,15,Very harmful,1,0,Probably not,Definitely not,Definitely not,16,0,19,Very harmful,4,4,Probably yes,Probably not,Definitely not,NA,NA,NA,,NA,NA,,,,NA,NA,NA,,NA,NA,,,,NA,NA,NA,,NA,NA,,,,NA,NA,NA,NA,NA,NA,NA,,NA,NA,,,,NA,NA,NA,NA,NA,NA,NA,,NA,NA,,,,NA,NA,NA,,NA,NA,,,,,People vaping,14,Young Control,1,0,1,0,0,0,0,0,0,2,2,1,1,0,0
R_3Qa6JdJxuX6SYLu,17,Yes,NA,NA,NA,,NA,NA,,,,NA,NA,NA,,NA,NA,,,,NA,NA,NA,,NA,NA,,,,NA,NA,NA,,NA,NA,,,,NA,NA,NA,,NA,NA,,,,NA,NA,NA,,NA,NA,,,,NA,NA,NA,,NA,NA,,,,NA,NA,NA,,NA,NA,,,,NA,NA,NA,,NA,NA,,,,NA,NA,NA,,NA,NA,,,,NA,NA,NA,,NA,NA,,,,NA,NA,NA,,NA,NA,,,,NA,NA,NA,,NA,NA,,,,NA,NA,NA,,NA,NA,,,,NA,NA,NA,,NA,NA,,,,NA,NA,NA,,NA,NA,,,,NA,NA,NA,,NA,NA,,,,NA,NA,NA,,NA,NA,,,,68,91,84,Very harmful,0,5,Definitely not,Definitely not,Definitely not,74,82,79,Very harmful,0,5,Definitely not,Definitely not,Definitely not,87,83,79,Very harmful,0,5,Definitely not,Definitely not,Definitely not,2.126,25.054,25.771,3,58,79,68,Very harmful,0,4,Definitely not,Definitely not,Definitely not,2.119,17.783,18.851,2,81,72,89,Very harmful,0,6,Definitely not,Definitely not,Definitely not,32,65,47,Very harmful,0,5,Definitely not,Definitely not,Definitely not,,People vaping,17,Old Control,1,0,0,0,0,0,0,0,0,2,2,1,1,0,0
R_3exFqjVFnET0B0g,17,Yes,NA,NA,NA,,NA,NA,,,,NA,NA,NA,,NA,NA,,,,NA,NA,NA,,NA,NA,,,,NA,NA,NA,,NA,NA,,,,NA,NA,NA,,NA,NA,,,,NA,NA,NA,,NA,NA,,,,NA,NA,NA,,NA,NA,,,,NA,NA,NA,,NA,NA,,,,NA,NA,NA,,NA,NA,,,,NA,NA,NA,,NA,NA,,,,NA,NA,NA,,NA,NA,,,,NA,NA,NA,,NA,NA,,,,6,4,1,Very harmful,1,0,Definitely not,Definitely not,Probably yes,3,1,1,Extremely harmful,1,0,Definitely not,Definitely not,Probably yes,3,2,15,Very harmful,1,2,Definitely not,Definitely not,Probably yes,5,3,13,Very harmful,1,2,Definitely not,Definitely not,Definitely yes,9,2,11,Very harmful,1,3,Definitely not,Definitely not,Probably yes,6,18,4,Extremely harmful,1,1,Definitely not,Definitely not,Definitely not,NA,NA,NA,,NA,NA,,,,NA,NA,NA,,NA,NA,,,,NA,NA,NA,,NA,NA,,,,NA,NA,NA,NA,NA,NA,NA,,NA,NA,,,,NA,NA,NA,NA,NA,NA,NA,,NA,NA,,,,NA,NA,NA,,NA,NA,,,,People vaping and exercising,People vaping,17,Young Control,1,0,0,0,0,1,0,0,0,1,1,1,1,0,0
R_3n3AXNJVpdveTxn,16,No,NA,NA,NA,,NA,NA,,,,NA,NA,NA,,NA,NA,,,,NA,NA,NA,,NA,NA,,,,NA,NA,NA,,NA,NA,,,,NA,NA,NA,,NA,NA,,,,NA,NA,NA,,NA,NA,,,,NA,NA,NA,,NA,NA,,,,NA,NA,NA,,NA,NA,,,,NA,NA,NA,,NA,NA,,,,NA,NA,NA,,NA,NA,,,,NA,NA,NA,,NA,NA,,,,NA,NA,NA,,NA,NA,,,,NA,NA,NA,,NA,NA,,,,NA,NA,NA,,NA,NA,,,,NA,NA,NA,,NA,NA,,,,NA,NA,NA,,NA,NA,,,,NA,NA,NA,,NA,NA,,,,NA,NA,NA,,NA,NA,,,,31,47,42,Extremely harmful,3,2,Definitely not,Definitely not,Definitely not,46,40,39,Extremely harmful,2,2,Definitely not,Definitely not,Definitely not,50,50,37,Somewhat harmful,2,1,Definitely not,Definitely not,Definitely not,1.879,12.294,13.135,2,46,37,46,Extremely harmful,3,2,Definitely not,Definitely not,Definitely not,1.001,13.035,14.494,2,36,41,33,Extremely harmful,1,1,Definitely not,Definitely not,Definitely not,50,25,41,Very harmful,3,1,Probably not,Probably not,Probably not,,People vaping,16,Old Control,1,0,0,0,0,0,0,0,0,2,2,1,1,0,0
R_5YGYIVYN8aJgJ1f,16,Yes,NA,NA,NA,,NA,NA,,,,NA,NA,NA,,NA,NA,,,,NA,NA,NA,,NA,NA,,,,NA,NA,NA,,NA,NA,,,,NA,NA,NA,,NA,NA,,,,NA,NA,NA,,NA,NA,,,,53,39,30,Extremely harmful,4,3,Definitely not,Definitely not,Definitely not,40,50,30,Extremely harmful,2,1,Definitely not,Definitely not,Definitely not,40,29,50,Very harmful,2,1,Definitely not,Definitely not,Definitely not,10,10,9,Extremely harmful,1,1,Definitely not,Definitely not,Definitely not,29,17,9,Somewhat harmful,2,1,Definitely not,Definitely not,Definitely not,30,10,10,Slightly harmful,3,1,Probably not,Probably not,Definitely not,NA,NA,NA,,NA,NA,,,,NA,NA,NA,,NA,NA,,,,NA,NA,NA,,NA,NA,,,,NA,NA,NA,,NA,NA,,,,NA,NA,NA,,NA,NA,,,,NA,NA,NA,,NA,NA,,,,NA,NA,NA,,NA,NA,,,,NA,NA,NA,,NA,NA,,,,NA,NA,NA,,NA,NA,,,,NA,NA,NA,NA,NA,NA,NA,,NA,NA,,,,NA,NA,NA,NA,NA,NA,NA,,NA,NA,,,,NA,NA,NA,,NA,NA,,,,People vaping and exercising,People vaping,16,Old Treat,0,0,0,1,0,0,1,0,0,1,1,1,1,0,0
R_7WIib7Dh1okT09N,16,No,20,35,50,Very harmful,0,0,Definitely not,Definitely not,Definitely not,0,0,0,Very harmful,0,0,Definitely not,Definitely not,Definitely not,3,5,0,Very harmful,0,0,Definitely not,Definitely not,Definitely not,0,0,0,Very harmful,0,0,Definitely not,Definitely not,Definitely not,0,0,0,Very harmful,0,0,Definitely not,Definitely not,Definitely not,13,0,6,Very harmful,0,0,Definitely not,Definitely not,Definitely not,NA,NA,NA,,NA,NA,,,,NA,NA,NA,,NA,NA,,,,NA,NA,NA,,NA,NA,,,,NA,NA,NA,,NA,NA,,,,NA,NA,NA,,NA,NA,,,,NA,NA,NA,,NA,NA,,,,NA,NA,NA,,NA,NA,,,,NA,NA,NA,,NA,NA,,,,NA,NA,NA,,NA,NA,,,,NA,NA,NA,,NA,NA,,,,NA,NA,NA,,NA,NA,,,,NA,NA,NA,,NA,NA,,,,NA,NA,NA,,NA,NA,,,,NA,NA,NA,,NA,NA,,,,NA,NA,NA,,NA,NA,,,,NA,NA,NA,NA,NA,NA,NA,,NA,NA,,,,NA,NA,NA,NA,NA,NA,NA,,NA,NA,,,,NA,NA,NA,,NA,NA,,,,People vaping and exercising,People vaping,16,Young Treat,0,0,1,0,0,0,1,0,0,2,2,1,1,0,0
R_5PifGTCW93iIuN4,15,Yes,NA,NA,NA,,NA,NA,,,,NA,NA,NA,,NA,NA,,,,NA,NA,NA,,NA,NA,,,,NA,NA,NA,,NA,NA,,,,NA,NA,NA,,NA,NA,,,,NA,NA,NA,,NA,NA,,,,NA,NA,NA,,NA,NA,,,,NA,NA,NA,,NA,NA,,,,NA,NA,NA,,NA,NA,,,,NA,NA,NA,,NA,NA,,,,NA,NA,NA,,NA,NA,,,,NA,NA,NA,,NA,NA,,,,NA,NA,NA,,NA,NA,,,,NA,NA,NA,,NA,NA,,,,NA,NA,NA,,NA,NA,,,,NA,NA,NA,,NA,NA,,,,NA,NA,NA,,NA,NA,,,,NA,NA,NA,,NA,NA,,,,4,0,16,Very harmful,0,0,Probably not,Probably not,Probably yes,24,7,5,Very harmful,0,0,Probably not,Probably not,Probably not,9,11,12,Very harmful,0,0,Probably not,Probably not,Probably not,1.327,5.625,10.982,2,14,8,12,Very harmful,0,0,Probably not,Probably not,Probably not,0,0,12.587,0,72,50,43,Very harmful,0,0,Probably not,Probably not,Probably not,17,14,8,Very harmful,0,0,Probably not,Probably not,Probably not,,People vaping,15,Old Control,0,0,0,0,1,0,0,0,0,2,2,1,2,0,0
R_168XlyYj0t89cYp,16,Yes,50,50,30,Somewhat harmful,1,1,Definitely not,Definitely not,Definitely not,39,51,28,Somewhat harmful,1,1,Definitely not,Definitely not,Definitely not,67,33,46,Somewhat harmful,1,2,Definitely not,Definitely not,Definitely not,42,51,24,Somewhat harmful,1,1,Definitely not,Definitely not,Definitely not,50,53,17,Somewhat harmful,1,1,Definitely not,Definitely not,Definitely not,38,50,32,Somewhat harmful,1,1,Definitely not,Definitely not,Definitely not,NA,NA,NA,,NA,NA,,,,NA,NA,NA,,NA,NA,,,,NA,NA,NA,,NA,NA,,,,NA,NA,NA,,NA,NA,,,,NA,NA,NA,,NA,NA,,,,NA,NA,NA,,NA,NA,,,,NA,NA,NA,,NA,NA,,,,NA,NA,NA,,NA,NA,,,,NA,NA,NA,,NA,NA,,,,NA,NA,NA,,NA,NA,,,,NA,NA,NA,,NA,NA,,,,NA,NA,NA,,NA,NA,,,,NA,NA,NA,,NA,NA,,,,NA,NA,NA,,NA,NA,,,,NA,NA,NA,,NA,NA,,,,NA,NA,NA,NA,NA,NA,NA,,NA,NA,,,,NA,NA,NA,NA,NA,NA,NA,,NA,NA,,,,NA,NA,NA,,NA,NA,,,,People vaping and exercising,,16,Young Treat,0,0,0,0,1,1,0,0,0,2,2,1,1,0,0
R_5ko3nW0IyZQuk4p,14,Yes,NA,NA,NA,,NA,NA,,,,NA,NA,NA,,NA,NA,,,,NA,NA,NA,,NA,NA,,,,NA,NA,NA,,NA,NA,,,,NA,NA,NA,,NA,NA,,,,NA,NA,NA,,NA,NA,,,,50,50,19,Extremely harmful,0,0,Definitely not,Definitely not,Definitely not,62,51,46,Extremely harmful,2,3,Probably not,Probably not,Probably not,39,53,39,Extremely harmful,2,3,Probably not,Probably not,Probably not,40,50,30,Extremely harmful,0,0,Probably not,Definitely not,Definitely not,83,73,40,Extremely harmful,4,4,Probably not,Probably not,Probably not,39,40,23,Extremely harmful,0,0,Definitely not,Definitely not,Definitely not,NA,NA,NA,,NA,NA,,,,NA,NA,NA,,NA,NA,,,,NA,NA,NA,,NA,NA,,,,NA,NA,NA,,NA,NA,,,,NA,NA,NA,,NA,NA,,,,NA,NA,NA,,NA,NA,,,,NA,NA,NA,,NA,NA,,,,NA,NA,NA,,NA,NA,,,,NA,NA,NA,,NA,NA,,,,NA,NA,NA,NA,NA,NA,NA,,NA,NA,,,,NA,NA,NA,NA,NA,NA,NA,,NA,NA,,,,NA,NA,NA,,NA,NA,,,,People vaping and exercising,People vaping,14,Old Treat,0,0,0,0,0,0,1,0,0,1,1,1,1,0,0
R_6YsTDZtqm8ryAov,17,No,NA,NA,NA,,NA,NA,,,,NA,NA,NA,,NA,NA,,,,NA,NA,NA,,NA,NA,,,,NA,NA,NA,,NA,NA,,,,NA,NA,NA,,NA,NA,,,,NA,NA,NA,,NA,NA,,,,NA,NA,NA,,NA,NA,,,,NA,NA,NA,,NA,NA,,,,NA,NA,NA,,NA,NA,,,,NA,NA,NA,,NA,NA,,,,NA,NA,NA,,NA,NA,,,,NA,NA,NA,,NA,NA,,,,NA,NA,NA,,NA,NA,,,,NA,NA,NA,,NA,NA,,,,NA,NA,NA,,NA,NA,,,,NA,NA,NA,,NA,NA,,,,NA,NA,NA,,NA,NA,,,,NA,NA,NA,,NA,NA,,,,89,82,79,Very harmful,6,5,Definitely yes,Probably yes,Probably yes,91,85,84,Very harmful,6,5,Definitely yes,Probably yes,Probably yes,91,83,79,Very harmful,5,6,Definitely yes,Probably yes,Probably yes,0,0,21.653,0,84,90,82,Very harmful,6,6,Definitely yes,Definitely yes,Probably yes,0,0,23.948,0,82,71,90,Very harmful,6,5,Definitely yes,Probably yes,Definitely yes,84,80,90,Slightly harmful,6,5,Definitely yes,Probably yes,Probably yes,,People vaping,17,Old Control,1,0,0,0,0,1,0,1,1,4,4,1,2,1,1
R_7cHGqbBxcJCS1ZT,17,No,NA,NA,NA,,NA,NA,,,,NA,NA,NA,,NA,NA,,,,NA,NA,NA,,NA,NA,,,,NA,NA,NA,,NA,NA,,,,NA,NA,NA,,NA,NA,,,,NA,NA,NA,,NA,NA,,,,84,74,86,Extremely harmful,6,5,Definitely yes,Probably yes,Definitely yes,80,71,88,Very harmful,6,5,Probably yes,Definitely yes,Definitely yes,81,71,85,Very harmful,6,5,Definitely yes,Probably yes,Definitely yes,87,87,85,Very harmful,6,5,Definitely yes,Probably yes,Definitely yes,83,74,76,Very harmful,5,6,Definitely yes,Definitely yes,Probably yes,82,84,82,Very harmful,6,5,Definitely yes,Definitely yes,Probably yes,NA,NA,NA,,NA,NA,,,,NA,NA,NA,,NA,NA,,,,NA,NA,NA,,NA,NA,,,,NA,NA,NA,,NA,NA,,,,NA,NA,NA,,NA,NA,,,,NA,NA,NA,,NA,NA,,,,NA,NA,NA,,NA,NA,,,,NA,NA,NA,,NA,NA,,,,NA,NA,NA,,NA,NA,,,,NA,NA,NA,NA,NA,NA,NA,,NA,NA,,,,NA,NA,NA,NA,NA,NA,NA,,NA,NA,,,,NA,NA,NA,,NA,NA,,,,,People vaping,17,Old Treat,1,0,0,0,0,1,0,1,1,4,4,1,2,1,1
R_7hQBuZpLFWhkBk1,15,Yes,1,2,5,Very harmful,0,0,Definitely not,Definitely not,Definitely not,2,1,3,Somewhat harmful,0,0,Definitely not,Definitely not,Definitely not,4,4,7,Very harmful,0,0,Definitely not,Definitely not,Definitely not,4,3,8,Very harmful,0,0,Definitely not,Definitely not,Definitely not,8,12,9,Somewhat harmful,0,0,Probably not,Definitely not,Definitely not,5,3,5,Very harmful,0,0,Definitely not,Definitely not,Definitely not,NA,NA,NA,,NA,NA,,,,NA,NA,NA,,NA,NA,,,,NA,NA,NA,,NA,NA,,,,NA,NA,NA,,NA,NA,,,,NA,NA,NA,,NA,NA,,,,NA,NA,NA,,NA,NA,,,,NA,NA,NA,,NA,NA,,,,NA,NA,NA,,NA,NA,,,,NA,NA,NA,,NA,NA,,,,NA,NA,NA,,NA,NA,,,,NA,NA,NA,,NA,NA,,,,NA,NA,NA,,NA,NA,,,,NA,NA,NA,,NA,NA,,,,NA,NA,NA,,NA,NA,,,,NA,NA,NA,,NA,NA,,,,NA,NA,NA,NA,NA,NA,NA,,NA,NA,,,,NA,NA,NA,NA,NA,NA,NA,,NA,NA,,,,NA,NA,NA,,NA,NA,,,,People vaping and exercising,,15,Young Treat,0,0,0,0,1,0,0,0,0,3,3,1,1,0,0
R_5clTphJbuLPHrBT,17,No,NA,NA,NA,,NA,NA,,,,NA,NA,NA,,NA,NA,,,,NA,NA,NA,,NA,NA,,,,NA,NA,NA,,NA,NA,,,,NA,NA,NA,,NA,NA,,,,NA,NA,NA,,NA,NA,,,,NA,NA,NA,,NA,NA,,,,NA,NA,NA,,NA,NA,,,,NA,NA,NA,,NA,NA,,,,NA,NA,NA,,NA,NA,,,,NA,NA,NA,,NA,NA,,,,NA,NA,NA,,NA,NA,,,,81,88,86,Extremely harmful,6,6,Definitely yes,Probably yes,Definitely yes,81,78,84,Very harmful,6,6,Definitely yes,Definitely yes,Probably yes,82,77,76,Very harmful,5,6,Definitely yes,Probably yes,Definitely yes,85,90,88,Very harmful,6,6,Definitely yes,Definitely yes,Probably yes,86,85,87,Very harmful,6,6,Definitely yes,Definitely yes,Probably yes,86,84,82,Somewhat harmful,6,5,Definitely yes,Definitely yes,Probably yes,NA,NA,NA,,NA,NA,,,,NA,NA,NA,,NA,NA,,,,NA,NA,NA,,NA,NA,,,,NA,NA,NA,NA,NA,NA,NA,,NA,NA,,,,NA,NA,NA,NA,NA,NA,NA,,NA,NA,,,,NA,NA,NA,,NA,NA,,,,,People vaping,17,Young Control,1,0,0,0,0,1,0,1,1,4,4,1,3,1,1
R_30ZUghD3rCLawUk,17,No,NA,NA,NA,,NA,NA,,,,NA,NA,NA,,NA,NA,,,,NA,NA,NA,,NA,NA,,,,NA,NA,NA,,NA,NA,,,,NA,NA,NA,,NA,NA,,,,NA,NA,NA,,NA,NA,,,,NA,NA,NA,,NA,NA,,,,NA,NA,NA,,NA,NA,,,,NA,NA,NA,,NA,NA,,,,NA,NA,NA,,NA,NA,,,,NA,NA,NA,,NA,NA,,,,NA,NA,NA,,NA,NA,,,,75,77,82,Very harmful,5,6,Definitely yes,Probably yes,Probably yes,83,85,86,Extremely harmful,6,6,Probably yes,Definitely yes,Probably yes,84,80,88,Very harmful,6,6,Probably yes,Definitely yes,Definitely yes,83,82,90,Extremely harmful,6,6,Probably yes,Probably yes,Definitely yes,82,88,78,Very harmful,6,5,Definitely yes,Definitely yes,Probably yes,88,85,84,Extremely harmful,6,5,Probably yes,Definitely yes,Probably yes,NA,NA,NA,,NA,NA,,,,NA,NA,NA,,NA,NA,,,,NA,NA,NA,,NA,NA,,,,NA,NA,NA,NA,NA,NA,NA,,NA,NA,,,,NA,NA,NA,NA,NA,NA,NA,,NA,NA,,,,NA,NA,NA,,NA,NA,,,,,People vaping,17,Young Control,1,0,0,0,0,1,0,1,1,4,4,1,3,1,1
R_12obhNJnIhOVhFE,17,No,NA,NA,NA,,NA,NA,,,,NA,NA,NA,,NA,NA,,,,NA,NA,NA,,NA,NA,,,,NA,NA,NA,,NA,NA,,,,NA,NA,NA,,NA,NA,,,,NA,NA,NA,,NA,NA,,,,21,67,52,Not at all harmful,7,2,Probably not,Definitely not,Definitely yes,7,7,5,Not at all harmful,7,7,Probably yes,Probably not,Probably yes,100,100,100,Very harmful,0,0,Definitely not,Definitely not,Definitely not,27,74,30,Not at all harmful,3,2,Probably yes,Definitely not,Definitely yes,27,55,79,Not at all harmful,5,7,Probably not,Definitely not,Probably not,100,75,20,Not at all harmful,7,2,Probably yes,Definitely not,Definitely yes,NA,NA,NA,,NA,NA,,,,NA,NA,NA,,NA,NA,,,,NA,NA,NA,,NA,NA,,,,NA,NA,NA,,NA,NA,,,,NA,NA,NA,,NA,NA,,,,NA,NA,NA,,NA,NA,,,,NA,NA,NA,,NA,NA,,,,NA,NA,NA,,NA,NA,,,,NA,NA,NA,,NA,NA,,,,NA,NA,NA,NA,NA,NA,NA,,NA,NA,,,,NA,NA,NA,NA,NA,NA,NA,,NA,NA,,,,NA,NA,NA,,NA,NA,,,,People vaping and exercising,,17,Old Treat,0,1,0,1,0,1,0,0,0,2,2,1,1,0,0
R_1kRr0L8QCDbfrlT,17,No,53,68,56,Very harmful,4,5,Probably yes,Definitely yes,Probably yes,50,70,51,Very harmful,4,5,Definitely yes,Probably yes,Definitely yes,57,73,61,Very harmful,5,5,Definitely yes,Probably yes,Probably yes,47,69,53,Somewhat harmful,4,5,Definitely yes,Probably yes,Probably yes,61,76,64,Very harmful,4,5,Probably yes,Definitely yes,Definitely yes,60,72,60,Very harmful,4,5,Definitely yes,Probably yes,Probably yes,NA,NA,NA,,NA,NA,,,,NA,NA,NA,,NA,NA,,,,NA,NA,NA,,NA,NA,,,,NA,NA,NA,,NA,NA,,,,NA,NA,NA,,NA,NA,,,,NA,NA,NA,,NA,NA,,,,NA,NA,NA,,NA,NA,,,,NA,NA,NA,,NA,NA,,,,NA,NA,NA,,NA,NA,,,,NA,NA,NA,,NA,NA,,,,NA,NA,NA,,NA,NA,,,,NA,NA,NA,,NA,NA,,,,NA,NA,NA,,NA,NA,,,,NA,NA,NA,,NA,NA,,,,NA,NA,NA,,NA,NA,,,,NA,NA,NA,NA,NA,NA,NA,,NA,NA,,,,NA,NA,NA,NA,NA,NA,NA,,NA,NA,,,,NA,NA,NA,,NA,NA,,,,,People vaping,17,Young Treat,1,0,0,0,0,0,1,1,1,2,2,1,2,1,1
R_139WbdH6CicUlXj,17,No,NA,NA,NA,,NA,NA,,,,NA,NA,NA,,NA,NA,,,,NA,NA,NA,,NA,NA,,,,NA,NA,NA,,NA,NA,,,,NA,NA,NA,,NA,NA,,,,NA,NA,NA,,NA,NA,,,,NA,NA,NA,,NA,NA,,,,NA,NA,NA,,NA,NA,,,,NA,NA,NA,,NA,NA,,,,NA,NA,NA,,NA,NA,,,,NA,NA,NA,,NA,NA,,,,NA,NA,NA,,NA,NA,,,,62,62,76,Extremely harmful,4,5,Probably yes,Definitely yes,Probably yes,60,67,61,Somewhat harmful,5,4,Probably yes,Definitely yes,Probably yes,60,77,66,Very harmful,4,5,Probably yes,Definitely yes,Probably yes,63,75,55,Very harmful,4,5,Definitely yes,Definitely yes,Probably yes,59,74,63,Extremely harmful,5,4,Probably yes,Definitely yes,Probably yes,58,76,66,Somewhat harmful,4,5,Probably yes,Definitely yes,Probably yes,NA,NA,NA,,NA,NA,,,,NA,NA,NA,,NA,NA,,,,NA,NA,NA,,NA,NA,,,,NA,NA,NA,NA,NA,NA,NA,,NA,NA,,,,NA,NA,NA,NA,NA,NA,NA,,NA,NA,,,,NA,NA,NA,,NA,NA,,,,,People vaping,17,Young Control,1,0,0,0,0,0,1,1,1,2,2,1,3,1,1
R_1QRkpra3QH1q6vN,16,Yes,NA,NA,NA,,NA,NA,,,,NA,NA,NA,,NA,NA,,,,NA,NA,NA,,NA,NA,,,,NA,NA,NA,,NA,NA,,,,NA,NA,NA,,NA,NA,,,,NA,NA,NA,,NA,NA,,,,NA,NA,NA,,NA,NA,,,,NA,NA,NA,,NA,NA,,,,NA,NA,NA,,NA,NA,,,,NA,NA,NA,,NA,NA,,,,NA,NA,NA,,NA,NA,,,,NA,NA,NA,,NA,NA,,,,NA,NA,NA,,NA,NA,,,,NA,NA,NA,,NA,NA,,,,NA,NA,NA,,NA,NA,,,,NA,NA,NA,,NA,NA,,,,NA,NA,NA,,NA,NA,,,,NA,NA,NA,,NA,NA,,,,48,49,15,Not at all harmful,6,5,Definitely not,Definitely not,Definitely not,52,52,1,Somewhat harmful,4,4,Definitely not,Definitely not,Definitely not,50,54,0,Somewhat harmful,4,3,Definitely not,Definitely not,Definitely not,1.966,11.239,12.178,2,58,53,53,Very harmful,1,5,Definitely not,Definitely not,Definitely not,1.564,17.531,18.448,2,52,8,35,Very harmful,2,2,Definitely not,Definitely not,Definitely not,50,49,20,Extremely harmful,3,3,Definitely not,Definitely not,Definitely not,,People vaping,16,Old Control,0,0,0,0,0,0,0,0,0,1,1,1,3,0,0
R_7Pb65ftljyLBZ9V,17,No,60,48,53,Somewhat harmful,4,3,Probably yes,Probably yes,Probably not,60,50,57,Somewhat harmful,4,3,Probably yes,Probably yes,Probably yes,62,48,58,Somewhat harmful,5,3,Probably yes,Probably yes,Probably yes,68,51,63,Somewhat harmful,4,3,Probably yes,Probably yes,Probably not,34,63,43,Very harmful,4,3,Probably not,Probably not,Probably yes,48,42,50,Somewhat harmful,3,4,Probably not,Probably not,Probably not,NA,NA,NA,,NA,NA,,,,NA,NA,NA,,NA,NA,,,,NA,NA,NA,,NA,NA,,,,NA,NA,NA,,NA,NA,,,,NA,NA,NA,,NA,NA,,,,NA,NA,NA,,NA,NA,,,,NA,NA,NA,,NA,NA,,,,NA,NA,NA,,NA,NA,,,,NA,NA,NA,,NA,NA,,,,NA,NA,NA,,NA,NA,,,,NA,NA,NA,,NA,NA,,,,NA,NA,NA,,NA,NA,,,,NA,NA,NA,,NA,NA,,,,NA,NA,NA,,NA,NA,,,,NA,NA,NA,,NA,NA,,,,NA,NA,NA,NA,NA,NA,NA,,NA,NA,,,,NA,NA,NA,NA,NA,NA,NA,,NA,NA,,,,NA,NA,NA,,NA,NA,,,,People vaping and exercising,People vaping,17,Young Treat,1,0,0,0,0,1,1,0,0,3,3,1,2,0,0
R_32xMphznfkyDgox,16,No,NA,NA,NA,,NA,NA,,,,NA,NA,NA,,NA,NA,,,,NA,NA,NA,,NA,NA,,,,NA,NA,NA,,NA,NA,,,,NA,NA,NA,,NA,NA,,,,NA,NA,NA,,NA,NA,,,,38,29,12,Extremely harmful,1,0,Probably yes,Probably yes,I prefer not to answer,9,8,12,Extremely harmful,1,1,Probably not,Probably not,Probably not,11,11,10,Extremely harmful,1,1,Probably yes,Probably not,I prefer not to answer,10,10,11,Extremely harmful,1,1,Probably not,Probably not,Probably not,5,7,7,Extremely harmful,1,0,Probably not,Probably not,Probably not,6,6,9,Extremely harmful,1,1,Probably yes,Probably yes,I prefer not to answer,NA,NA,NA,,NA,NA,,,,NA,NA,NA,,NA,NA,,,,NA,NA,NA,,NA,NA,,,,NA,NA,NA,,NA,NA,,,,NA,NA,NA,,NA,NA,,,,NA,NA,NA,,NA,NA,,,,NA,NA,NA,,NA,NA,,,,NA,NA,NA,,NA,NA,,,,NA,NA,NA,,NA,NA,,,,NA,NA,NA,NA,NA,NA,NA,,NA,NA,,,,NA,NA,NA,NA,NA,NA,NA,,NA,NA,,,,NA,NA,NA,,NA,NA,,,,People vaping and exercising,,16,Old Treat,1,0,0,0,0,0,1,1,1,1,1,1,1,1,0
R_1cuYz3SZHWjixB9,16,No,NA,NA,NA,,NA,NA,,,,NA,NA,NA,,NA,NA,,,,NA,NA,NA,,NA,NA,,,,NA,NA,NA,,NA,NA,,,,NA,NA,NA,,NA,NA,,,,NA,NA,NA,,NA,NA,,,,76,59,70,Very harmful,5,5,Probably yes,Probably yes,Probably yes,58,75,63,Somewhat harmful,4,5,Probably yes,Probably yes,Probably yes,62,74,66,Very harmful,5,5,Definitely yes,Probably yes,Probably yes,65,59,73,Very harmful,5,3,Probably yes,Probably yes,Probably yes,61,78,57,Somewhat harmful,5,4,Probably yes,Probably yes,Probably yes,51,63,59,Very harmful,4,3,Probably yes,Probably yes,Probably yes,NA,NA,NA,,NA,NA,,,,NA,NA,NA,,NA,NA,,,,NA,NA,NA,,NA,NA,,,,NA,NA,NA,,NA,NA,,,,NA,NA,NA,,NA,NA,,,,NA,NA,NA,,NA,NA,,,,NA,NA,NA,,NA,NA,,,,NA,NA,NA,,NA,NA,,,,NA,NA,NA,,NA,NA,,,,NA,NA,NA,NA,NA,NA,NA,,NA,NA,,,,NA,NA,NA,NA,NA,NA,NA,,NA,NA,,,,NA,NA,NA,,NA,NA,,,,,People vaping,16,Old Treat,1,0,0,0,0,1,1,1,1,3,3,1,2,1,1
R_1FIiCpmp2oCnAT4,17,No,NA,NA,NA,,NA,NA,,,,NA,NA,NA,,NA,NA,,,,NA,NA,NA,,NA,NA,,,,NA,NA,NA,,NA,NA,,,,NA,NA,NA,,NA,NA,,,,NA,NA,NA,,NA,NA,,,,NA,NA,NA,,NA,NA,,,,NA,NA,NA,,NA,NA,,,,NA,NA,NA,,NA,NA,,,,NA,NA,NA,,NA,NA,,,,NA,NA,NA,,NA,NA,,,,NA,NA,NA,,NA,NA,,,,NA,NA,NA,,NA,NA,,,,NA,NA,NA,,NA,NA,,,,NA,NA,NA,,NA,NA,,,,NA,NA,NA,,NA,NA,,,,NA,NA,NA,,NA,NA,,,,NA,NA,NA,,NA,NA,,,,58,40,47,Somewhat harmful,4,5,Probably yes,Probably not,Probably yes,32,81,19,Extremely harmful,2,3,Probably not,Probably not,Probably yes,66,79,44,Extremely harmful,4,4,Probably not,Probably yes,Probably yes,0,0,24.033,0,61,40,82,Slightly harmful,3,5,Probably yes,Probably yes,Probably not,0,0,20.98,0,65,19,65,Extremely harmful,5,4,Definitely yes,Probably not,Probably yes,50,30,73,Very harmful,3,5,Probably yes,Probably yes,Probably not,,People vaping,17,Old Control,1,0,0,0,0,0,0,1,0,3,3,1,3,1,1
R_7qeHlvtjM0wySkA,17,No,NA,NA,NA,,NA,NA,,,,NA,NA,NA,,NA,NA,,,,NA,NA,NA,,NA,NA,,,,NA,NA,NA,,NA,NA,,,,NA,NA,NA,,NA,NA,,,,NA,NA,NA,,NA,NA,,,,84,75,88,Very harmful,6,5,Definitely yes,Probably yes,Probably yes,82,67,87,Very harmful,6,5,Definitely yes,Definitely yes,Probably yes,81,87,81,Extremely harmful,6,5,Definitely yes,Probably yes,Definitely yes,91,76,79,Very harmful,5,6,Probably yes,Definitely yes,Probably yes,89,76,83,Very harmful,5,6,Definitely yes,Probably yes,Definitely yes,89,78,82,Extremely harmful,6,5,Probably yes,Definitely yes,Probably yes,NA,NA,NA,,NA,NA,,,,NA,NA,NA,,NA,NA,,,,NA,NA,NA,,NA,NA,,,,NA,NA,NA,,NA,NA,,,,NA,NA,NA,,NA,NA,,,,NA,NA,NA,,NA,NA,,,,NA,NA,NA,,NA,NA,,,,NA,NA,NA,,NA,NA,,,,NA,NA,NA,,NA,NA,,,,NA,NA,NA,NA,NA,NA,NA,,NA,NA,,,,NA,NA,NA,NA,NA,NA,NA,,NA,NA,,,,NA,NA,NA,,NA,NA,,,,,People vaping,17,Old Treat,1,0,0,0,0,0,0,1,1,1,1,1,3,1,1
R_7MGniwQp3sN7Yae,17,No,63,40,73,Very harmful,3,3,Probably yes,Probably not,Probably not,52,76,29,Very harmful,4,2,Probably yes,Probably not,Probably yes,50,66,32,Extremely harmful,4,2,Probably yes,Probably yes,Probably not,66,30,81,Somewhat harmful,4,4,Probably not,Probably yes,Probably not,61,44,61,Extremely harmful,3,5,Probably yes,Probably not,Definitely yes,66,52,74,Slightly harmful,4,5,Probably yes,Probably not,Probably yes,NA,NA,NA,,NA,NA,,,,NA,NA,NA,,NA,NA,,,,NA,NA,NA,,NA,NA,,,,NA,NA,NA,,NA,NA,,,,NA,NA,NA,,NA,NA,,,,NA,NA,NA,,NA,NA,,,,NA,NA,NA,,NA,NA,,,,NA,NA,NA,,NA,NA,,,,NA,NA,NA,,NA,NA,,,,NA,NA,NA,,NA,NA,,,,NA,NA,NA,,NA,NA,,,,NA,NA,NA,,NA,NA,,,,NA,NA,NA,,NA,NA,,,,NA,NA,NA,,NA,NA,,,,NA,NA,NA,,NA,NA,,,,NA,NA,NA,NA,NA,NA,NA,,NA,NA,,,,NA,NA,NA,NA,NA,NA,NA,,NA,NA,,,,NA,NA,NA,,NA,NA,,,,,People vaping,17,Young Treat,1,0,0,0,0,0,0,0,0,1,1,1,3,0,0
R_3xY7ATkPpjhQMt9,17,No,NA,NA,NA,,NA,NA,,,,NA,NA,NA,,NA,NA,,,,NA,NA,NA,,NA,NA,,,,NA,NA,NA,,NA,NA,,,,NA,NA,NA,,NA,NA,,,,NA,NA,NA,,NA,NA,,,,NA,NA,NA,,NA,NA,,,,NA,NA,NA,,NA,NA,,,,NA,NA,NA,,NA,NA,,,,NA,NA,NA,,NA,NA,,,,NA,NA,NA,,NA,NA,,,,NA,NA,NA,,NA,NA,,,,50,72,29,Very harmful,5,4,Definitely yes,Probably not,Probably not,40,22,62,Very harmful,4,3,Probably yes,Probably not,Definitely yes,63,79,54,Very harmful,5,4,Probably yes,Probably not,Probably yes,57,75,49,Extremely harmful,6,4,Definitely yes,Probably not,Probably yes,62,45,69,Very harmful,7,4,Definitely yes,Definitely not,Probably yes,42,59,41,Extremely harmful,4,3,Definitely yes,Definitely yes,Probably yes,NA,NA,NA,,NA,NA,,,,NA,NA,NA,,NA,NA,,,,NA,NA,NA,,NA,NA,,,,NA,NA,NA,NA,NA,NA,NA,,NA,NA,,,,NA,NA,NA,NA,NA,NA,NA,,NA,NA,,,,NA,NA,NA,,NA,NA,,,,,People vaping,17,Young Control,1,0,0,0,0,1,1,0,0,4,4,1,3,0,0
R_37paGNSEIJSL9rs,16,Yes,NA,NA,NA,,NA,NA,,,,NA,NA,NA,,NA,NA,,,,NA,NA,NA,,NA,NA,,,,NA,NA,NA,,NA,NA,,,,NA,NA,NA,,NA,NA,,,,NA,NA,NA,,NA,NA,,,,0,0,0,Extremely harmful,0,0,Definitely not,Definitely not,Definitely not,29,30,13,Very harmful,0,0,Definitely not,Definitely not,Definitely not,9,29,19,Extremely harmful,0,0,Definitely not,Definitely not,Definitely not,0,0,0,Extremely harmful,0,0,Definitely not,Definitely not,Definitely not,0,3,0,Extremely harmful,0,0,Definitely not,Definitely not,Definitely not,0,0,0,Extremely harmful,0,0,Definitely not,Definitely not,Definitely not,NA,NA,NA,,NA,NA,,,,NA,NA,NA,,NA,NA,,,,NA,NA,NA,,NA,NA,,,,NA,NA,NA,,NA,NA,,,,NA,NA,NA,,NA,NA,,,,NA,NA,NA,,NA,NA,,,,NA,NA,NA,,NA,NA,,,,NA,NA,NA,,NA,NA,,,,NA,NA,NA,,NA,NA,,,,NA,NA,NA,NA,NA,NA,NA,,NA,NA,,,,NA,NA,NA,NA,NA,NA,NA,,NA,NA,,,,NA,NA,NA,,NA,NA,,,,People vaping and exercising,People vaping,16,Old Treat,0,0,0,0,1,0,0,0,0,2,2,1,1,0,0
R_3f0DwBag0rlDisO,17,No,66,60,37,Extremely harmful,5,6,Probably yes,Probably yes,Probably not,32,68,54,Very harmful,5,4,Probably not,Definitely not,Probably not,70,73,72,Very harmful,5,4,Probably yes,Probably not,Probably yes,79,59,70,Extremely harmful,5,5,Definitely yes,Definitely yes,Probably yes,78,61,73,Very harmful,3,5,Definitely yes,Probably not,Probably yes,78,57,84,Somewhat harmful,4,5,Definitely yes,Definitely yes,Probably yes,NA,NA,NA,,NA,NA,,,,NA,NA,NA,,NA,NA,,,,NA,NA,NA,,NA,NA,,,,NA,NA,NA,,NA,NA,,,,NA,NA,NA,,NA,NA,,,,NA,NA,NA,,NA,NA,,,,NA,NA,NA,,NA,NA,,,,NA,NA,NA,,NA,NA,,,,NA,NA,NA,,NA,NA,,,,NA,NA,NA,,NA,NA,,,,NA,NA,NA,,NA,NA,,,,NA,NA,NA,,NA,NA,,,,NA,NA,NA,,NA,NA,,,,NA,NA,NA,,NA,NA,,,,NA,NA,NA,,NA,NA,,,,NA,NA,NA,NA,NA,NA,NA,,NA,NA,,,,NA,NA,NA,NA,NA,NA,NA,,NA,NA,,,,NA,NA,NA,,NA,NA,,,,,People vaping,17,Young Treat,1,0,0,0,0,1,0,0,0,4,4,1,1,0,0
R_6c7u199gLQDN9SN,16,Yes,50,41,30,Somewhat harmful,2,3,Probably not,Definitely not,Definitely not,30,25,36,Somewhat harmful,3,3,Probably not,Probably not,Probably not,45,40,35,Somewhat harmful,4,3,Probably not,Probably not,Probably not,15,25,20,Somewhat harmful,3,2,Definitely not,Definitely not,Definitely not,15,10,3,Very harmful,2,1,Probably not,Definitely not,Probably not,30,18,15,Somewhat harmful,1,0,Definitely not,Definitely not,Definitely not,NA,NA,NA,,NA,NA,,,,NA,NA,NA,,NA,NA,,,,NA,NA,NA,,NA,NA,,,,NA,NA,NA,,NA,NA,,,,NA,NA,NA,,NA,NA,,,,NA,NA,NA,,NA,NA,,,,NA,NA,NA,,NA,NA,,,,NA,NA,NA,,NA,NA,,,,NA,NA,NA,,NA,NA,,,,NA,NA,NA,,NA,NA,,,,NA,NA,NA,,NA,NA,,,,NA,NA,NA,,NA,NA,,,,NA,NA,NA,,NA,NA,,,,NA,NA,NA,,NA,NA,,,,NA,NA,NA,,NA,NA,,,,NA,NA,NA,NA,NA,NA,NA,,NA,NA,,,,NA,NA,NA,NA,NA,NA,NA,,NA,NA,,,,NA,NA,NA,,NA,NA,,,,People vaping and exercising,People vaping,16,Young Treat,0,0,0,0,0,0,0,0,0,3,3,1,1,0,0
R_3gdNZO8bNqdHSWK,17,Yes,NA,NA,NA,,NA,NA,,,,NA,NA,NA,,NA,NA,,,,NA,NA,NA,,NA,NA,,,,NA,NA,NA,,NA,NA,,,,NA,NA,NA,,NA,NA,,,,NA,NA,NA,,NA,NA,,,,NA,NA,NA,,NA,NA,,,,NA,NA,NA,,NA,NA,,,,NA,NA,NA,,NA,NA,,,,NA,NA,NA,,NA,NA,,,,NA,NA,NA,,NA,NA,,,,NA,NA,NA,,NA,NA,,,,45,54,30,Somewhat harmful,4,5,Probably not,Probably yes,Probably yes,51,70,53,Somewhat harmful,4,5,Probably not,Probably not,Probably yes,71,72,54,Very harmful,5,4,Definitely yes,Probably not,Probably yes,38,60,48,Very harmful,4,3,Probably yes,Probably not,Probably yes,81,60,51,Somewhat harmful,5,3,Probably yes,Definitely yes,Probably not,46,49,18,Very harmful,5,3,Definitely yes,Probably not,Definitely yes,NA,NA,NA,,NA,NA,,,,NA,NA,NA,,NA,NA,,,,NA,NA,NA,,NA,NA,,,,NA,NA,NA,NA,NA,NA,NA,,NA,NA,,,,NA,NA,NA,NA,NA,NA,NA,,NA,NA,,,,NA,NA,NA,,NA,NA,,,,,People vaping,17,Young Control,1,0,0,0,0,1,0,0,0,3,3,1,1,0,0
R_1pVPP9U3mCEh4tv,17,No,NA,NA,NA,,NA,NA,,,,NA,NA,NA,,NA,NA,,,,NA,NA,NA,,NA,NA,,,,NA,NA,NA,,NA,NA,,,,NA,NA,NA,,NA,NA,,,,NA,NA,NA,,NA,NA,,,,NA,NA,NA,,NA,NA,,,,NA,NA,NA,,NA,NA,,,,NA,NA,NA,,NA,NA,,,,NA,NA,NA,,NA,NA,,,,NA,NA,NA,,NA,NA,,,,NA,NA,NA,,NA,NA,,,,45,59,50,Slightly harmful,6,6,Definitely not,Probably not,Probably yes,53,47,52,Slightly harmful,3,4,Definitely not,Definitely not,Probably yes,56,59,56,Somewhat harmful,4,4,Probably not,Definitely not,Probably yes,53,46,66,Not at all harmful,4,5,Probably not,Probably not,Probably not,46,44,47,Not at all harmful,4,4,Definitely not,Definitely not,Probably yes,41,56,59,Not at all harmful,3,4,Definitely not,Definitely not,Probably yes,NA,NA,NA,,NA,NA,,,,NA,NA,NA,,NA,NA,,,,NA,NA,NA,,NA,NA,,,,NA,NA,NA,NA,NA,NA,NA,,NA,NA,,,,NA,NA,NA,NA,NA,NA,NA,,NA,NA,,,,NA,NA,NA,,NA,NA,,,,People vaping and exercising,People vaping,17,Young Control,0,1,0,0,0,1,0,0,0,3,3,1,1,0,0
R_72MkcxEh5V1lATo,16,No,NA,NA,NA,,NA,NA,,,,NA,NA,NA,,NA,NA,,,,NA,NA,NA,,NA,NA,,,,NA,NA,NA,,NA,NA,,,,NA,NA,NA,,NA,NA,,,,NA,NA,NA,,NA,NA,,,,NA,NA,NA,,NA,NA,,,,NA,NA,NA,,NA,NA,,,,NA,NA,NA,,NA,NA,,,,NA,NA,NA,,NA,NA,,,,NA,NA,NA,,NA,NA,,,,NA,NA,NA,,NA,NA,,,,NA,NA,NA,,NA,NA,,,,NA,NA,NA,,NA,NA,,,,NA,NA,NA,,NA,NA,,,,NA,NA,NA,,NA,NA,,,,NA,NA,NA,,NA,NA,,,,NA,NA,NA,,NA,NA,,,,68,59,60,Somewhat harmful,5,4,Probably yes,Probably yes,Definitely yes,65,78,63,Very harmful,4,6,Definitely yes,Probably yes,Probably yes,75,66,76,Very harmful,6,5,Definitely yes,Probably yes,Probably yes,0,0,56.148,0,65,79,65,Extremely harmful,5,4,Probably yes,Definitely yes,Probably yes,0,0,15.493,0,65,55,66,Very harmful,4,5,Probably yes,Definitely yes,Probably yes,78,72,78,Very harmful,5,5,Probably yes,Definitely yes,Probably yes,,People vaping,16,Old Control,1,0,0,0,0,1,1,1,1,3,3,1,3,1,1
R_1RkDorUcIEK2CND,17,Yes,37,58,29,Slightly harmful,3,1,Probably yes,Probably not,Definitely not,55,40,65,Somewhat harmful,3,4,Probably not,Probably not,Probably yes,60,73,65,Very harmful,6,5,Probably yes,Probably not,Probably not,69,55,52,Somewhat harmful,5,3,Probably not,Probably not,Probably yes,38,48,21,Very harmful,4,4,Probably yes,Probably not,Probably not,64,51,76,Very harmful,4,3,Probably yes,Probably not,Probably not,NA,NA,NA,,NA,NA,,,,NA,NA,NA,,NA,NA,,,,NA,NA,NA,,NA,NA,,,,NA,NA,NA,,NA,NA,,,,NA,NA,NA,,NA,NA,,,,NA,NA,NA,,NA,NA,,,,NA,NA,NA,,NA,NA,,,,NA,NA,NA,,NA,NA,,,,NA,NA,NA,,NA,NA,,,,NA,NA,NA,,NA,NA,,,,NA,NA,NA,,NA,NA,,,,NA,NA,NA,,NA,NA,,,,NA,NA,NA,,NA,NA,,,,NA,NA,NA,,NA,NA,,,,NA,NA,NA,,NA,NA,,,,NA,NA,NA,NA,NA,NA,NA,,NA,NA,,,,NA,NA,NA,NA,NA,NA,NA,,NA,NA,,,,NA,NA,NA,,NA,NA,,,,,People vaping,17,Young Treat,1,0,0,0,0,1,0,0,0,3,3,1,1,0,0
R_6HqsiWU94Ven0Is,16,No,NA,NA,NA,,NA,NA,,,,NA,NA,NA,,NA,NA,,,,NA,NA,NA,,NA,NA,,,,NA,NA,NA,,NA,NA,,,,NA,NA,NA,,NA,NA,,,,NA,NA,NA,,NA,NA,,,,NA,NA,NA,,NA,NA,,,,NA,NA,NA,,NA,NA,,,,NA,NA,NA,,NA,NA,,,,NA,NA,NA,,NA,NA,,,,NA,NA,NA,,NA,NA,,,,NA,NA,NA,,NA,NA,,,,NA,NA,NA,,NA,NA,,,,NA,NA,NA,,NA,NA,,,,NA,NA,NA,,NA,NA,,,,NA,NA,NA,,NA,NA,,,,NA,NA,NA,,NA,NA,,,,NA,NA,NA,,NA,NA,,,,71,57,66,Somewhat harmful,5,4,Definitely yes,Probably yes,Definitely yes,74,63,74,Very harmful,5,4,Probably yes,Probably yes,Definitely yes,80,65,75,Very harmful,5,4,Probably yes,Definitely yes,Probably yes,0,0,77.813,0,75,65,79,Somewhat harmful,5,6,Definitely yes,Probably yes,Probably yes,0,0,48.572,0,75,64,75,Somewhat harmful,4,5,Definitely yes,Probably yes,Probably yes,69,58,75,Somewhat harmful,4,5,Probably yes,Probably yes,Definitely yes,,People vaping,16,Old Control,1,0,0,0,0,0,1,1,1,2,2,1,2,1,1
R_3f2NrTdEaGe306z,17,Yes,53,28,62,Slightly harmful,3,2,Definitely yes,Probably not,Probably yes,49,32,43,Somewhat harmful,3,4,Probably yes,Probably yes,Probably not,40,52,39,Somewhat harmful,3,4,Probably yes,Definitely yes,Probably not,50,67,31,Slightly harmful,3,4,Probably yes,Probably not,Probably not,57,39,61,Very harmful,3,5,Probably yes,Definitely yes,Probably not,66,82,54,Very harmful,5,3,Probably not,Probably yes,Probably yes,NA,NA,NA,,NA,NA,,,,NA,NA,NA,,NA,NA,,,,NA,NA,NA,,NA,NA,,,,NA,NA,NA,,NA,NA,,,,NA,NA,NA,,NA,NA,,,,NA,NA,NA,,NA,NA,,,,NA,NA,NA,,NA,NA,,,,NA,NA,NA,,NA,NA,,,,NA,NA,NA,,NA,NA,,,,NA,NA,NA,,NA,NA,,,,NA,NA,NA,,NA,NA,,,,NA,NA,NA,,NA,NA,,,,NA,NA,NA,,NA,NA,,,,NA,NA,NA,,NA,NA,,,,NA,NA,NA,,NA,NA,,,,NA,NA,NA,NA,NA,NA,NA,,NA,NA,,,,NA,NA,NA,NA,NA,NA,NA,,NA,NA,,,,NA,NA,NA,,NA,NA,,,,,People vaping,17,Young Treat,0,0,1,0,0,1,0,0,0,4,4,1,1,0,0
R_301wwgqmN8de0ev,17,Yes,NA,NA,NA,,NA,NA,,,,NA,NA,NA,,NA,NA,,,,NA,NA,NA,,NA,NA,,,,NA,NA,NA,,NA,NA,,,,NA,NA,NA,,NA,NA,,,,NA,NA,NA,,NA,NA,,,,NA,NA,NA,,NA,NA,,,,NA,NA,NA,,NA,NA,,,,NA,NA,NA,,NA,NA,,,,NA,NA,NA,,NA,NA,,,,NA,NA,NA,,NA,NA,,,,NA,NA,NA,,NA,NA,,,,67,64,84,Extremely harmful,6,5,Definitely yes,Probably yes,Probably yes,73,65,86,Very harmful,6,5,Definitely yes,Definitely yes,Probably yes,83,73,80,Very harmful,5,7,Definitely yes,Probably yes,Probably yes,79,70,82,Very harmful,6,6,Definitely yes,Definitely yes,Probably yes,83,67,85,Very harmful,6,4,Definitely yes,Probably yes,Definitely yes,75,62,83,Extremely harmful,6,5,Definitely yes,Probably yes,Definitely yes,NA,NA,NA,,NA,NA,,,,NA,NA,NA,,NA,NA,,,,NA,NA,NA,,NA,NA,,,,NA,NA,NA,NA,NA,NA,NA,,NA,NA,,,,NA,NA,NA,NA,NA,NA,NA,,NA,NA,,,,NA,NA,NA,,NA,NA,,,,,People vaping,17,Young Control,1,0,0,0,0,1,1,1,1,2,2,1,2,1,1
R_7HudkXUDdfe1UNg,16,No,NA,NA,NA,,NA,NA,,,,NA,NA,NA,,NA,NA,,,,NA,NA,NA,,NA,NA,,,,NA,NA,NA,,NA,NA,,,,NA,NA,NA,,NA,NA,,,,NA,NA,NA,,NA,NA,,,,77,72,59,Somewhat harmful,5,4,Probably yes,Definitely yes,Probably yes,80,74,77,Somewhat harmful,5,6,Definitely yes,Probably yes,Definitely yes,69,81,66,Somewhat harmful,4,5,Definitely yes,Probably yes,Definitely yes,86,68,77,Extremely harmful,6,5,Probably yes,Probably yes,Definitely yes,83,64,74,Extremely harmful,5,6,Probably yes,Definitely yes,Probably yes,67,79,63,Somewhat harmful,6,5,Probably yes,Probably yes,Definitely yes,NA,NA,NA,,NA,NA,,,,NA,NA,NA,,NA,NA,,,,NA,NA,NA,,NA,NA,,,,NA,NA,NA,,NA,NA,,,,NA,NA,NA,,NA,NA,,,,NA,NA,NA,,NA,NA,,,,NA,NA,NA,,NA,NA,,,,NA,NA,NA,,NA,NA,,,,NA,NA,NA,,NA,NA,,,,NA,NA,NA,NA,NA,NA,NA,,NA,NA,,,,NA,NA,NA,NA,NA,NA,NA,,NA,NA,,,,NA,NA,NA,,NA,NA,,,,,People vaping,16,Old Treat,1,0,0,0,0,1,1,1,1,2,2,1,2,1,1
R_12z7P7EazBAxlGy,16,No,NA,NA,NA,,NA,NA,,,,NA,NA,NA,,NA,NA,,,,NA,NA,NA,,NA,NA,,,,NA,NA,NA,,NA,NA,,,,NA,NA,NA,,NA,NA,,,,NA,NA,NA,,NA,NA,,,,NA,NA,NA,,NA,NA,,,,NA,NA,NA,,NA,NA,,,,NA,NA,NA,,NA,NA,,,,NA,NA,NA,,NA,NA,,,,NA,NA,NA,,NA,NA,,,,NA,NA,NA,,NA,NA,,,,NA,NA,NA,,NA,NA,,,,NA,NA,NA,,NA,NA,,,,NA,NA,NA,,NA,NA,,,,NA,NA,NA,,NA,NA,,,,NA,NA,NA,,NA,NA,,,,NA,NA,NA,,NA,NA,,,,73,86,73,Somewhat harmful,5,5,Probably yes,Definitely yes,Probably yes,69,88,67,Somewhat harmful,5,5,Probably yes,Definitely yes,Definitely yes,70,85,68,Extremely harmful,5,4,Definitely yes,Probably yes,Probably yes,0,0,37.998,0,77,85,77,Somewhat harmful,5,4,Probably yes,Definitely yes,Probably yes,0,0,30.842,0,85,69,83,Very harmful,6,5,Definitely yes,Probably yes,Probably yes,83,69,76,Somewhat harmful,5,6,Probably yes,Definitely yes,Probably yes,,People vaping,16,Old Control,1,0,0,0,0,1,1,1,1,3,3,1,2,1,1
R_5ep2jU8XxExoppf,17,No,NA,NA,NA,,NA,NA,,,,NA,NA,NA,,NA,NA,,,,NA,NA,NA,,NA,NA,,,,NA,NA,NA,,NA,NA,,,,NA,NA,NA,,NA,NA,,,,NA,NA,NA,,NA,NA,,,,54,57,62,Somewhat harmful,4,3,Probably yes,Probably not,Probably yes,55,70,46,Somewhat harmful,4,3,Probably not,Probably yes,Probably yes,61,44,69,Somewhat harmful,4,3,Probably yes,Probably not,Probably yes,69,53,37,Somewhat harmful,3,4,Probably yes,Probably not,Probably yes,59,44,55,Somewhat harmful,4,3,Probably yes,Probably not,Probably not,70,49,45,Very harmful,5,4,Probably yes,Probably not,Probably yes,NA,NA,NA,,NA,NA,,,,NA,NA,NA,,NA,NA,,,,NA,NA,NA,,NA,NA,,,,NA,NA,NA,,NA,NA,,,,NA,NA,NA,,NA,NA,,,,NA,NA,NA,,NA,NA,,,,NA,NA,NA,,NA,NA,,,,NA,NA,NA,,NA,NA,,,,NA,NA,NA,,NA,NA,,,,NA,NA,NA,NA,NA,NA,NA,,NA,NA,,,,NA,NA,NA,NA,NA,NA,NA,,NA,NA,,,,NA,NA,NA,,NA,NA,,,,People vaping and exercising,People vaping,17,Old Treat,1,0,0,0,0,1,1,0,0,2,2,1,1,0,0
R_3k1ZJ2pnWjB8E8R,16,No,NA,NA,NA,,NA,NA,,,,NA,NA,NA,,NA,NA,,,,NA,NA,NA,,NA,NA,,,,NA,NA,NA,,NA,NA,,,,NA,NA,NA,,NA,NA,,,,NA,NA,NA,,NA,NA,,,,NA,NA,NA,,NA,NA,,,,NA,NA,NA,,NA,NA,,,,NA,NA,NA,,NA,NA,,,,NA,NA,NA,,NA,NA,,,,NA,NA,NA,,NA,NA,,,,NA,NA,NA,,NA,NA,,,,NA,NA,NA,,NA,NA,,,,NA,NA,NA,,NA,NA,,,,NA,NA,NA,,NA,NA,,,,NA,NA,NA,,NA,NA,,,,NA,NA,NA,,NA,NA,,,,NA,NA,NA,,NA,NA,,,,81,71,64,Somewhat harmful,6,5,Probably yes,Definitely yes,Probably yes,74,66,73,Extremely harmful,5,4,Definitely yes,Probably yes,Probably yes,81,76,76,Very harmful,6,5,Probably yes,Definitely yes,Probably yes,0,0,16.615,0,76,74,65,Very harmful,5,6,Probably yes,Definitely yes,Probably yes,0,0,30.966,0,74,64,76,Extremely harmful,5,4,Probably yes,Definitely yes,Probably yes,71,78,61,Very harmful,5,5,Probably yes,Definitely yes,Probably yes,,People vaping,16,Old Control,1,0,0,0,0,1,1,1,1,3,3,1,3,1,1
R_1cuzEv9w0QQyKKI,17,Yes,40,30,20,Very harmful,0,0,Definitely not,Definitely not,Definitely not,40,40,20,Very harmful,0,0,Definitely not,Definitely not,Definitely not,61,50,40,Very harmful,0,0,Definitely not,Definitely not,Definitely not,49,45,30,Very harmful,0,0,Definitely not,Definitely not,Definitely not,80,60,40,Very harmful,0,0,Definitely not,Definitely not,Definitely not,0,50,50,Very harmful,0,0,Definitely not,Definitely not,Definitely not,NA,NA,NA,,NA,NA,,,,NA,NA,NA,,NA,NA,,,,NA,NA,NA,,NA,NA,,,,NA,NA,NA,,NA,NA,,,,NA,NA,NA,,NA,NA,,,,NA,NA,NA,,NA,NA,,,,NA,NA,NA,,NA,NA,,,,NA,NA,NA,,NA,NA,,,,NA,NA,NA,,NA,NA,,,,NA,NA,NA,,NA,NA,,,,NA,NA,NA,,NA,NA,,,,NA,NA,NA,,NA,NA,,,,NA,NA,NA,,NA,NA,,,,NA,NA,NA,,NA,NA,,,,NA,NA,NA,,NA,NA,,,,NA,NA,NA,NA,NA,NA,NA,,NA,NA,,,,NA,NA,NA,NA,NA,NA,NA,,NA,NA,,,,NA,NA,NA,,NA,NA,,,,People vaping and exercising,People vaping,17,Young Treat,1,0,0,0,0,1,1,0,0,1,1,1,1,0,0
R_7Tw1s48ah9LTbRr,17,No,NA,NA,NA,,NA,NA,,,,NA,NA,NA,,NA,NA,,,,NA,NA,NA,,NA,NA,,,,NA,NA,NA,,NA,NA,,,,NA,NA,NA,,NA,NA,,,,NA,NA,NA,,NA,NA,,,,66,71,72,Somewhat harmful,4,3,Probably yes,Probably not,Probably yes,58,39,60,Somewhat harmful,4,3,Definitely yes,Probably yes,Probably yes,64,71,58,Slightly harmful,5,4,Probably yes,Probably yes,Probably yes,59,44,60,Very harmful,5,4,Probably not,Probably not,Probably not,69,51,62,Somewhat harmful,5,3,Probably yes,Probably not,Probably yes,64,72,66,Somewhat harmful,5,4,Probably not,Probably yes,Probably yes,NA,NA,NA,,NA,NA,,,,NA,NA,NA,,NA,NA,,,,NA,NA,NA,,NA,NA,,,,NA,NA,NA,,NA,NA,,,,NA,NA,NA,,NA,NA,,,,NA,NA,NA,,NA,NA,,,,NA,NA,NA,,NA,NA,,,,NA,NA,NA,,NA,NA,,,,NA,NA,NA,,NA,NA,,,,NA,NA,NA,NA,NA,NA,NA,,NA,NA,,,,NA,NA,NA,NA,NA,NA,NA,,NA,NA,,,,NA,NA,NA,,NA,NA,,,,People vaping and exercising,People vaping,17,Old Treat,1,0,0,0,0,1,1,0,0,2,2,1,2,0,0
R_1CHPS1Lo9JO8Z2X,17,No,NA,NA,NA,,NA,NA,,,,NA,NA,NA,,NA,NA,,,,NA,NA,NA,,NA,NA,,,,NA,NA,NA,,NA,NA,,,,NA,NA,NA,,NA,NA,,,,NA,NA,NA,,NA,NA,,,,NA,NA,NA,,NA,NA,,,,NA,NA,NA,,NA,NA,,,,NA,NA,NA,,NA,NA,,,,NA,NA,NA,,NA,NA,,,,NA,NA,NA,,NA,NA,,,,NA,NA,NA,,NA,NA,,,,61,50,60,Very harmful,5,4,Probably yes,Probably yes,Probably not,72,59,66,Somewhat harmful,5,4,Probably yes,Probably not,Probably yes,70,58,68,Somewhat harmful,4,5,Probably yes,Probably yes,Probably yes,65,57,62,Somewhat harmful,5,3,Probably yes,Probably yes,Probably not,50,52,53,Somewhat harmful,4,5,Probably yes,Probably yes,Probably yes,67,53,57,Very harmful,5,4,Probably yes,Probably not,Probably yes,NA,NA,NA,,NA,NA,,,,NA,NA,NA,,NA,NA,,,,NA,NA,NA,,NA,NA,,,,NA,NA,NA,NA,NA,NA,NA,,NA,NA,,,,NA,NA,NA,NA,NA,NA,NA,,NA,NA,,,,NA,NA,NA,,NA,NA,,,,People vaping and exercising,People vaping,17,Young Control,1,0,0,0,0,1,1,1,0,3,3,1,1,1,1
R_1tu0xmzRTDotSCD,17,No,NA,NA,NA,,NA,NA,,,,NA,NA,NA,,NA,NA,,,,NA,NA,NA,,NA,NA,,,,NA,NA,NA,,NA,NA,,,,NA,NA,NA,,NA,NA,,,,NA,NA,NA,,NA,NA,,,,NA,NA,NA,,NA,NA,,,,NA,NA,NA,,NA,NA,,,,NA,NA,NA,,NA,NA,,,,NA,NA,NA,,NA,NA,,,,NA,NA,NA,,NA,NA,,,,NA,NA,NA,,NA,NA,,,,NA,NA,NA,,NA,NA,,,,NA,NA,NA,,NA,NA,,,,NA,NA,NA,,NA,NA,,,,NA,NA,NA,,NA,NA,,,,NA,NA,NA,,NA,NA,,,,NA,NA,NA,,NA,NA,,,,56,50,52,Somewhat harmful,5,4,Probably yes,Probably yes,Probably not,45,48,54,Very harmful,4,3,Probably yes,Probably not,Probably yes,73,56,63,Very harmful,4,5,Probably yes,Probably yes,Probably yes,0,0,22.873,0,27,24,30,Very harmful,3,2,Probably yes,Probably yes,Probably yes,0,0,27.013,0,35,28,31,Somewhat harmful,4,3,Probably yes,Probably yes,Probably not,69,62,64,Somewhat harmful,5,4,Probably yes,Probably not,Probably yes,People vaping and exercising,People vaping,17,Old Control,1,0,0,0,0,1,1,0,0,4,4,1,1,0,0
R_1L5HME4gOovSDtL,16,No,NA,NA,NA,,NA,NA,,,,NA,NA,NA,,NA,NA,,,,NA,NA,NA,,NA,NA,,,,NA,NA,NA,,NA,NA,,,,NA,NA,NA,,NA,NA,,,,NA,NA,NA,,NA,NA,,,,51,42,49,Somewhat harmful,4,3,Probably yes,Probably yes,Probably yes,42,37,31,Somewhat harmful,3,4,Probably yes,Probably yes,Probably yes,42,32,40,Somewhat harmful,2,3,Probably yes,Probably yes,Probably yes,49,40,48,Somewhat harmful,4,3,Probably yes,Probably yes,Probably yes,31,38,32,Very harmful,3,2,Probably yes,Probably yes,Probably not,54,40,44,Somewhat harmful,4,3,Probably yes,Probably yes,Definitely yes,NA,NA,NA,,NA,NA,,,,NA,NA,NA,,NA,NA,,,,NA,NA,NA,,NA,NA,,,,NA,NA,NA,,NA,NA,,,,NA,NA,NA,,NA,NA,,,,NA,NA,NA,,NA,NA,,,,NA,NA,NA,,NA,NA,,,,NA,NA,NA,,NA,NA,,,,NA,NA,NA,,NA,NA,,,,NA,NA,NA,NA,NA,NA,NA,,NA,NA,,,,NA,NA,NA,NA,NA,NA,NA,,NA,NA,,,,NA,NA,NA,,NA,NA,,,,People vaping and exercising,People vaping,16,Old Treat,1,0,0,0,0,1,1,1,0,3,3,1,2,1,1
R_5h3MLmXYmHyvN6h,16,No,30,26,38,Very harmful,4,3,Probably yes,Probably yes,Probably yes,50,31,42,Somewhat harmful,3,3,Probably yes,Probably not,Probably yes,46,55,42,Somewhat harmful,4,4,Probably yes,Probably not,Probably yes,35,30,26,Somewhat harmful,4,4,Probably yes,Probably yes,Probably yes,36,28,37,Very harmful,3,3,Probably yes,Probably yes,Probably not,53,41,45,Somewhat harmful,3,3,Probably yes,Probably yes,Probably yes,NA,NA,NA,,NA,NA,,,,NA,NA,NA,,NA,NA,,,,NA,NA,NA,,NA,NA,,,,NA,NA,NA,,NA,NA,,,,NA,NA,NA,,NA,NA,,,,NA,NA,NA,,NA,NA,,,,NA,NA,NA,,NA,NA,,,,NA,NA,NA,,NA,NA,,,,NA,NA,NA,,NA,NA,,,,NA,NA,NA,,NA,NA,,,,NA,NA,NA,,NA,NA,,,,NA,NA,NA,,NA,NA,,,,NA,NA,NA,,NA,NA,,,,NA,NA,NA,,NA,NA,,,,NA,NA,NA,,NA,NA,,,,NA,NA,NA,NA,NA,NA,NA,,NA,NA,,,,NA,NA,NA,NA,NA,NA,NA,,NA,NA,,,,NA,NA,NA,,NA,NA,,,,People vaping and exercising,People vaping,16,Young Treat,1,0,0,0,0,1,1,1,0,3,3,1,2,1,1
R_5n8XhrCtOpeNkSZ,16,Yes,NA,NA,NA,,NA,NA,,,,NA,NA,NA,,NA,NA,,,,NA,NA,NA,,NA,NA,,,,NA,NA,NA,,NA,NA,,,,NA,NA,NA,,NA,NA,,,,NA,NA,NA,,NA,NA,,,,NA,NA,NA,,NA,NA,,,,NA,NA,NA,,NA,NA,,,,NA,NA,NA,,NA,NA,,,,NA,NA,NA,,NA,NA,,,,NA,NA,NA,,NA,NA,,,,NA,NA,NA,,NA,NA,,,,65,36,48,Somewhat harmful,4,3,Probably yes,Probably yes,Probably yes,41,23,43,Somewhat harmful,4,3,Probably yes,Probably yes,Probably yes,50,38,44,Very harmful,3,3,Probably yes,Probably yes,Probably yes,54,37,35,Very harmful,4,3,Probably yes,Probably yes,Probably yes,17,27,12,Very harmful,3,3,Probably not,Probably not,Probably not,62,42,47,Somewhat harmful,4,3,Probably yes,Probably not,Probably yes,NA,NA,NA,,NA,NA,,,,NA,NA,NA,,NA,NA,,,,NA,NA,NA,,NA,NA,,,,NA,NA,NA,NA,NA,NA,NA,,NA,NA,,,,NA,NA,NA,NA,NA,NA,NA,,NA,NA,,,,NA,NA,NA,,NA,NA,,,,People vaping and exercising,People vaping,16,Young Control,1,0,0,0,0,1,1,1,0,3,3,1,1,1,1
R_5xRelK21FGuU4zi,16,Yes,NA,NA,NA,,NA,NA,,,,NA,NA,NA,,NA,NA,,,,NA,NA,NA,,NA,NA,,,,NA,NA,NA,,NA,NA,,,,NA,NA,NA,,NA,NA,,,,NA,NA,NA,,NA,NA,,,,42,51,40,Very harmful,4,3,Probably yes,Probably yes,Probably yes,55,36,45,Somewhat harmful,4,3,Probably yes,Probably yes,Probably not,45,45,29,Somewhat harmful,3,3,Probably yes,Probably yes,Probably yes,38,49,38,Somewhat harmful,4,3,Probably yes,Probably yes,Probably yes,43,27,42,Somewhat harmful,4,3,Probably yes,Probably yes,Probably yes,54,42,53,Somewhat harmful,3,4,Probably yes,Probably not,Probably yes,NA,NA,NA,,NA,NA,,,,NA,NA,NA,,NA,NA,,,,NA,NA,NA,,NA,NA,,,,NA,NA,NA,,NA,NA,,,,NA,NA,NA,,NA,NA,,,,NA,NA,NA,,NA,NA,,,,NA,NA,NA,,NA,NA,,,,NA,NA,NA,,NA,NA,,,,NA,NA,NA,,NA,NA,,,,NA,NA,NA,NA,NA,NA,NA,,NA,NA,,,,NA,NA,NA,NA,NA,NA,NA,,NA,NA,,,,NA,NA,NA,,NA,NA,,,,People vaping and exercising,People vaping,16,Old Treat,1,0,0,0,0,1,1,1,0,3,3,1,1,1,1
R_5TYTWKo05Gren3U,16,No,NA,NA,NA,,NA,NA,,,,NA,NA,NA,,NA,NA,,,,NA,NA,NA,,NA,NA,,,,NA,NA,NA,,NA,NA,,,,NA,NA,NA,,NA,NA,,,,NA,NA,NA,,NA,NA,,,,58,46,51,Very harmful,4,3,Probably yes,Probably yes,Probably yes,27,36,31,Very harmful,4,3,Probably yes,Probably yes,Probably yes,61,41,49,Slightly harmful,4,3,Probably yes,Probably yes,Probably yes,63,53,60,Somewhat harmful,3,3,Probably yes,Probably yes,Probably yes,58,43,47,Somewhat harmful,3,4,Probably yes,Probably yes,Probably not,61,47,52,Somewhat harmful,4,3,Probably yes,Probably yes,Probably yes,NA,NA,NA,,NA,NA,,,,NA,NA,NA,,NA,NA,,,,NA,NA,NA,,NA,NA,,,,NA,NA,NA,,NA,NA,,,,NA,NA,NA,,NA,NA,,,,NA,NA,NA,,NA,NA,,,,NA,NA,NA,,NA,NA,,,,NA,NA,NA,,NA,NA,,,,NA,NA,NA,,NA,NA,,,,NA,NA,NA,NA,NA,NA,NA,,NA,NA,,,,NA,NA,NA,NA,NA,NA,NA,,NA,NA,,,,NA,NA,NA,,NA,NA,,,,People vaping and exercising,People vaping,16,Old Treat,1,0,0,0,0,1,1,1,0,2,2,1,2,1,1
R_52RwzzbSktuiJML,17,Yes,NA,NA,NA,,NA,NA,,,,NA,NA,NA,,NA,NA,,,,NA,NA,NA,,NA,NA,,,,NA,NA,NA,,NA,NA,,,,NA,NA,NA,,NA,NA,,,,NA,NA,NA,,NA,NA,,,,NA,NA,NA,,NA,NA,,,,NA,NA,NA,,NA,NA,,,,NA,NA,NA,,NA,NA,,,,NA,NA,NA,,NA,NA,,,,NA,NA,NA,,NA,NA,,,,NA,NA,NA,,NA,NA,,,,NA,NA,NA,,NA,NA,,,,NA,NA,NA,,NA,NA,,,,NA,NA,NA,,NA,NA,,,,NA,NA,NA,,NA,NA,,,,NA,NA,NA,,NA,NA,,,,NA,NA,NA,,NA,NA,,,,70,72,60,Extremely harmful,7,6,Probably yes,Definitely yes,Probably yes,60,67,67,Extremely harmful,5,6,Definitely yes,Definitely yes,Probably yes,61,85,81,Very harmful,5,6,Probably yes,Definitely yes,Probably yes,0.849,0.849,37.624,1,53,62,85,Very harmful,6,4,Probably yes,Definitely yes,Definitely yes,11.863,11.863,12.83,1,67,83,85,Extremely harmful,6,6,Probably yes,Definitely yes,Probably yes,96,63,92,Very harmful,5,3,Definitely yes,Definitely yes,Probably yes,People vaping and exercising,People vaping,17,Old Control,1,0,0,0,0,1,1,1,1,2,2,1,3,1,1
R_65zP8sz0rhlHqrB,17,No,NA,NA,NA,,NA,NA,,,,NA,NA,NA,,NA,NA,,,,NA,NA,NA,,NA,NA,,,,NA,NA,NA,,NA,NA,,,,NA,NA,NA,,NA,NA,,,,NA,NA,NA,,NA,NA,,,,NA,NA,NA,,NA,NA,,,,NA,NA,NA,,NA,NA,,,,NA,NA,NA,,NA,NA,,,,NA,NA,NA,,NA,NA,,,,NA,NA,NA,,NA,NA,,,,NA,NA,NA,,NA,NA,,,,20,12,7,Somewhat harmful,0,0,Probably yes,Probably not,Definitely not,10,5,6,Very harmful,1,1,Probably not,Probably not,Probably not,10,6,7,Slightly harmful,1,2,Probably not,Probably not,Probably not,8,6,6,Very harmful,4,1,Probably not,Probably not,Probably not,10,8,40,Somewhat harmful,0,3,Probably yes,Probably not,Probably not,5,9,10,Somewhat harmful,1,1,Probably not,Probably not,Probably not,NA,NA,NA,,NA,NA,,,,NA,NA,NA,,NA,NA,,,,NA,NA,NA,,NA,NA,,,,NA,NA,NA,NA,NA,NA,NA,,NA,NA,,,,NA,NA,NA,NA,NA,NA,NA,,NA,NA,,,,NA,NA,NA,,NA,NA,,,,,People vaping,17,Young Control,0,1,0,0,0,0,1,0,0,2,2,1,1,0,0
R_1LqIZEGIBRQJ0QQ,15,Yes,80,61,91,Very harmful,6,5,Definitely yes,Probably yes,Probably yes,53,36,71,Extremely harmful,6,5,Definitely yes,Probably yes,Probably yes,78,53,73,Very harmful,5,5,Probably yes,Definitely yes,Probably yes,45,66,94,Very harmful,4,6,Definitely yes,Probably yes,Probably yes,61,70,57,Very harmful,6,5,Definitely yes,Probably yes,Probably yes,68,66,87,Very harmful,6,5,Definitely yes,Probably yes,Definitely yes,NA,NA,NA,,NA,NA,,,,NA,NA,NA,,NA,NA,,,,NA,NA,NA,,NA,NA,,,,NA,NA,NA,,NA,NA,,,,NA,NA,NA,,NA,NA,,,,NA,NA,NA,,NA,NA,,,,NA,NA,NA,,NA,NA,,,,NA,NA,NA,,NA,NA,,,,NA,NA,NA,,NA,NA,,,,NA,NA,NA,,NA,NA,,,,NA,NA,NA,,NA,NA,,,,NA,NA,NA,,NA,NA,,,,NA,NA,NA,,NA,NA,,,,NA,NA,NA,,NA,NA,,,,NA,NA,NA,,NA,NA,,,,NA,NA,NA,NA,NA,NA,NA,,NA,NA,,,,NA,NA,NA,NA,NA,NA,NA,,NA,NA,,,,NA,NA,NA,,NA,NA,,,,People vaping and exercising,People vaping,15,Young Treat,1,0,0,0,0,1,1,1,1,2,2,1,2,1,1
R_5qkEOQiiQiSWZ1t,16,No,0,0,0,Extremely harmful,0,0,Definitely not,Definitely not,Definitely not,0,0,0,Extremely harmful,0,0,Definitely not,Definitely not,Definitely not,0,0,0,Extremely harmful,0,0,Definitely not,Definitely not,Definitely not,0,0,0,Extremely harmful,0,0,Definitely not,Definitely not,Definitely not,7,0,0,Extremely harmful,0,0,Definitely not,Definitely not,Definitely not,0,0,0,Extremely harmful,0,0,Definitely not,Definitely not,Definitely not,NA,NA,NA,,NA,NA,,,,NA,NA,NA,,NA,NA,,,,NA,NA,NA,,NA,NA,,,,NA,NA,NA,,NA,NA,,,,NA,NA,NA,,NA,NA,,,,NA,NA,NA,,NA,NA,,,,NA,NA,NA,,NA,NA,,,,NA,NA,NA,,NA,NA,,,,NA,NA,NA,,NA,NA,,,,NA,NA,NA,,NA,NA,,,,NA,NA,NA,,NA,NA,,,,NA,NA,NA,,NA,NA,,,,NA,NA,NA,,NA,NA,,,,NA,NA,NA,,NA,NA,,,,NA,NA,NA,,NA,NA,,,,NA,NA,NA,NA,NA,NA,NA,,NA,NA,,,,NA,NA,NA,NA,NA,NA,NA,,NA,NA,,,,NA,NA,NA,,NA,NA,,,,People vaping and exercising,People vaping,16,Young Treat,1,0,0,0,0,0,1,0,0,1,1,1,1,0,0
R_5Vw04HG4XnX5ELD,16,No,NA,NA,NA,,NA,NA,,,,NA,NA,NA,,NA,NA,,,,NA,NA,NA,,NA,NA,,,,NA,NA,NA,,NA,NA,,,,NA,NA,NA,,NA,NA,,,,NA,NA,NA,,NA,NA,,,,NA,NA,NA,,NA,NA,,,,NA,NA,NA,,NA,NA,,,,NA,NA,NA,,NA,NA,,,,NA,NA,NA,,NA,NA,,,,NA,NA,NA,,NA,NA,,,,NA,NA,NA,,NA,NA,,,,6,7,0,Extremely harmful,0,0,Definitely not,Definitely not,Definitely not,17,19,8,Very harmful,0,0,Definitely not,Definitely not,Definitely not,2,0,0,Extremely harmful,0,0,Definitely not,Definitely not,Definitely not,0,9,4,Extremely harmful,0,0,Definitely not,Definitely not,Definitely not,26,25,0,Extremely harmful,0,0,Definitely not,Definitely not,Definitely not,0,0,2,Extremely harmful,0,0,Definitely not,Definitely not,Definitely not,NA,NA,NA,,NA,NA,,,,NA,NA,NA,,NA,NA,,,,NA,NA,NA,,NA,NA,,,,NA,NA,NA,NA,NA,NA,NA,,NA,NA,,,,NA,NA,NA,NA,NA,NA,NA,,NA,NA,,,,NA,NA,NA,,NA,NA,,,,,People vaping,16,Young Control,1,0,0,0,0,0,0,0,0,1,1,1,3,0,0
R_6xHXYzBZmYzIgkF,15,No,NA,NA,NA,,NA,NA,,,,NA,NA,NA,,NA,NA,,,,NA,NA,NA,,NA,NA,,,,NA,NA,NA,,NA,NA,,,,NA,NA,NA,,NA,NA,,,,NA,NA,NA,,NA,NA,,,,NA,NA,NA,,NA,NA,,,,NA,NA,NA,,NA,NA,,,,NA,NA,NA,,NA,NA,,,,NA,NA,NA,,NA,NA,,,,NA,NA,NA,,NA,NA,,,,NA,NA,NA,,NA,NA,,,,NA,NA,NA,,NA,NA,,,,NA,NA,NA,,NA,NA,,,,NA,NA,NA,,NA,NA,,,,NA,NA,NA,,NA,NA,,,,NA,NA,NA,,NA,NA,,,,NA,NA,NA,,NA,NA,,,,0,0,0,Extremely harmful,0,0,Definitely not,Definitely not,Definitely not,0,0,55,Extremely harmful,0,0,Definitely not,Definitely not,Definitely not,7,10,9,Extremely harmful,0,0,Definitely not,Definitely not,Definitely not,0,0,10.625,0,0,0,0,Not at all harmful,0,0,Definitely not,Definitely not,Definitely not,0,0,11.565,0,0,0,0,Extremely harmful,0,0,Definitely not,Definitely not,Definitely not,0,0,0,Extremely harmful,0,0,Definitely not,Definitely not,Definitely not,,People vaping,15,Old Control,0,0,0,0,1,0,1,0,0,1,1,1,3,0,0
R_7WuRzlleNHnFSjk,17,No,15,0,0,Extremely harmful,0,0,Definitely not,Definitely not,Definitely not,0,0,0,Extremely harmful,0,0,Definitely not,Definitely not,Definitely not,15,0,0,Extremely harmful,0,0,Definitely not,Definitely not,Definitely not,0,0,0,Extremely harmful,0,0,Definitely not,Definitely not,Definitely not,0,0,0,Extremely harmful,0,0,Definitely not,Definitely not,Definitely not,0,0,0,Extremely harmful,0,0,Definitely not,Definitely not,Definitely not,NA,NA,NA,,NA,NA,,,,NA,NA,NA,,NA,NA,,,,NA,NA,NA,,NA,NA,,,,NA,NA,NA,,NA,NA,,,,NA,NA,NA,,NA,NA,,,,NA,NA,NA,,NA,NA,,,,NA,NA,NA,,NA,NA,,,,NA,NA,NA,,NA,NA,,,,NA,NA,NA,,NA,NA,,,,NA,NA,NA,,NA,NA,,,,NA,NA,NA,,NA,NA,,,,NA,NA,NA,,NA,NA,,,,NA,NA,NA,,NA,NA,,,,NA,NA,NA,,NA,NA,,,,NA,NA,NA,,NA,NA,,,,NA,NA,NA,NA,NA,NA,NA,,NA,NA,,,,NA,NA,NA,NA,NA,NA,NA,,NA,NA,,,,NA,NA,NA,,NA,NA,,,,People vaping and exercising,People vaping,17,Young Treat,0,1,0,0,0,0,0,0,0,1,1,1,1,0,0
R_1Sc6H0wuBtKsuN4,15,Yes,27,21,0,Extremely harmful,0,0,Probably yes,Probably yes,Probably not,7,20,14,Extremely harmful,1,1,Definitely not,Definitely not,Definitely not,3,14,5,Extremely harmful,0,0,Definitely not,Definitely not,Definitely not,4,3,4,Extremely harmful,0,0,Definitely not,Definitely not,Definitely not,8,9,4,Very harmful,1,2,Probably not,Definitely not,Probably not,17,11,3,Extremely harmful,0,1,Probably yes,Probably yes,Definitely not,NA,NA,NA,,NA,NA,,,,NA,NA,NA,,NA,NA,,,,NA,NA,NA,,NA,NA,,,,NA,NA,NA,,NA,NA,,,,NA,NA,NA,,NA,NA,,,,NA,NA,NA,,NA,NA,,,,NA,NA,NA,,NA,NA,,,,NA,NA,NA,,NA,NA,,,,NA,NA,NA,,NA,NA,,,,NA,NA,NA,,NA,NA,,,,NA,NA,NA,,NA,NA,,,,NA,NA,NA,,NA,NA,,,,NA,NA,NA,,NA,NA,,,,NA,NA,NA,,NA,NA,,,,NA,NA,NA,,NA,NA,,,,NA,NA,NA,NA,NA,NA,NA,,NA,NA,,,,NA,NA,NA,NA,NA,NA,NA,,NA,NA,,,,NA,NA,NA,,NA,NA,,,,People vaping and exercising,People vaping,15,Young Treat,0,0,0,0,1,0,1,0,0,2,2,1,1,0,0
R_5CZNTwo4I76Qm8R,15,No,NA,NA,NA,,NA,NA,,,,NA,NA,NA,,NA,NA,,,,NA,NA,NA,,NA,NA,,,,NA,NA,NA,,NA,NA,,,,NA,NA,NA,,NA,NA,,,,NA,NA,NA,,NA,NA,,,,NA,NA,NA,,NA,NA,,,,NA,NA,NA,,NA,NA,,,,NA,NA,NA,,NA,NA,,,,NA,NA,NA,,NA,NA,,,,NA,NA,NA,,NA,NA,,,,NA,NA,NA,,NA,NA,,,,26,0,0,Extremely harmful,0,0,Definitely not,Definitely not,Definitely not,40,0,0,Extremely harmful,0,0,Definitely not,Definitely not,Definitely not,9,0,0,Extremely harmful,0,0,Definitely not,Definitely not,Definitely not,50,0,4,Extremely harmful,0,0,Definitely not,Definitely not,Definitely not,0,2,0,Extremely harmful,0,0,Definitely not,Definitely not,Definitely not,0,0,0,Extremely harmful,0,0,Definitely not,Definitely not,Definitely not,NA,NA,NA,,NA,NA,,,,NA,NA,NA,,NA,NA,,,,NA,NA,NA,,NA,NA,,,,NA,NA,NA,NA,NA,NA,NA,,NA,NA,,,,NA,NA,NA,NA,NA,NA,NA,,NA,NA,,,,NA,NA,NA,,NA,NA,,,,People vaping and exercising,,15,Young Control,1,0,0,0,0,0,0,0,0,1,1,1,1,0,0
R_5qlg72uEVFc3EbO,15,Yes,NA,NA,NA,,NA,NA,,,,NA,NA,NA,,NA,NA,,,,NA,NA,NA,,NA,NA,,,,NA,NA,NA,,NA,NA,,,,NA,NA,NA,,NA,NA,,,,NA,NA,NA,,NA,NA,,,,NA,NA,NA,,NA,NA,,,,NA,NA,NA,,NA,NA,,,,NA,NA,NA,,NA,NA,,,,NA,NA,NA,,NA,NA,,,,NA,NA,NA,,NA,NA,,,,NA,NA,NA,,NA,NA,,,,NA,NA,NA,,NA,NA,,,,NA,NA,NA,,NA,NA,,,,NA,NA,NA,,NA,NA,,,,NA,NA,NA,,NA,NA,,,,NA,NA,NA,,NA,NA,,,,NA,NA,NA,,NA,NA,,,,2,1,0,Extremely harmful,0,0,Probably not,Definitely not,Probably not,5,7,3,Extremely harmful,1,2,Probably not,Definitely not,Definitely not,0,40,20,Extremely harmful,0,3,Probably not,Definitely not,Probably yes,1.53,12.441,13.301,3,50,50,40,Extremely harmful,0,0,Probably not,Definitely not,Definitely not,1.199,16.575,17.539,2,18,0,5,Extremely harmful,0,2,Probably not,Definitely not,Definitely not,10,10,5,Extremely harmful,0,0,Definitely not,Definitely not,Definitely not,People vaping and exercising,People vaping,15,Old Control,0,0,0,0,1,0,0,0,0,1,1,1,1,0,0
R_5F5H6zWRCfhRGkj,15,Yes,NA,NA,NA,,NA,NA,,,,NA,NA,NA,,NA,NA,,,,NA,NA,NA,,NA,NA,,,,NA,NA,NA,,NA,NA,,,,NA,NA,NA,,NA,NA,,,,NA,NA,NA,,NA,NA,,,,NA,NA,NA,,NA,NA,,,,NA,NA,NA,,NA,NA,,,,NA,NA,NA,,NA,NA,,,,NA,NA,NA,,NA,NA,,,,NA,NA,NA,,NA,NA,,,,NA,NA,NA,,NA,NA,,,,2,0,1,Extremely harmful,0,0,Definitely not,Definitely not,Definitely not,0,1,2,Extremely harmful,0,0,Definitely not,Definitely not,Definitely not,14,3,4,Extremely harmful,0,0,Definitely not,Definitely not,Definitely not,3,3,4,Extremely harmful,0,0,Definitely not,Definitely not,Definitely not,1,1,0,Extremely harmful,0,1,Definitely not,Definitely not,Definitely not,28,14,11,Extremely harmful,0,0,Definitely not,Definitely not,Definitely not,NA,NA,NA,,NA,NA,,,,NA,NA,NA,,NA,NA,,,,NA,NA,NA,,NA,NA,,,,NA,NA,NA,NA,NA,NA,NA,,NA,NA,,,,NA,NA,NA,NA,NA,NA,NA,,NA,NA,,,,NA,NA,NA,,NA,NA,,,,,People vaping,15,Young Control,0,0,0,0,1,0,0,0,0,1,1,1,1,1,1
R_7eHv8kVD3wvhzP3,14,No,NA,NA,NA,,NA,NA,,,,NA,NA,NA,,NA,NA,,,,NA,NA,NA,,NA,NA,,,,NA,NA,NA,,NA,NA,,,,NA,NA,NA,,NA,NA,,,,NA,NA,NA,,NA,NA,,,,13,23,34,Extremely harmful,0,1,Definitely not,Definitely not,Definitely not,16,45,33,Extremely harmful,0,0,Definitely not,Definitely not,Definitely not,50,35,29,Extremely harmful,0,0,Definitely not,Definitely not,Definitely not,18,14,20,Extremely harmful,0,1,Definitely not,Definitely not,Definitely not,32,14,28,Extremely harmful,0,0,Definitely not,Definitely not,Definitely not,54,47,34,Extremely harmful,1,0,Definitely not,Definitely not,Definitely not,NA,NA,NA,,NA,NA,,,,NA,NA,NA,,NA,NA,,,,NA,NA,NA,,NA,NA,,,,NA,NA,NA,,NA,NA,,,,NA,NA,NA,,NA,NA,,,,NA,NA,NA,,NA,NA,,,,NA,NA,NA,,NA,NA,,,,NA,NA,NA,,NA,NA,,,,NA,NA,NA,,NA,NA,,,,NA,NA,NA,NA,NA,NA,NA,,NA,NA,,,,NA,NA,NA,NA,NA,NA,NA,,NA,NA,,,,NA,NA,NA,,NA,NA,,,,People vaping and exercising,People vaping,14,Old Treat,1,0,0,0,0,0,1,0,0,1,1,1,1,0,0
R_6CCTLqHbRjUoEAL,15,Yes,48,68,68,Extremely harmful,1,3,Definitely not,Definitely not,Definitely not,26,19,44,Extremely harmful,1,1,Definitely not,Definitely not,Definitely not,22,38,39,Extremely harmful,1,2,Definitely not,Definitely not,Definitely not,34,39,23,Extremely harmful,1,2,Definitely not,Definitely not,Definitely not,35,38,37,Not at all harmful,2,2,Definitely not,Definitely not,Definitely not,31,38,72,Not at all harmful,2,1,Definitely not,Definitely not,Definitely not,NA,NA,NA,,NA,NA,,,,NA,NA,NA,,NA,NA,,,,NA,NA,NA,,NA,NA,,,,NA,NA,NA,,NA,NA,,,,NA,NA,NA,,NA,NA,,,,NA,NA,NA,,NA,NA,,,,NA,NA,NA,,NA,NA,,,,NA,NA,NA,,NA,NA,,,,NA,NA,NA,,NA,NA,,,,NA,NA,NA,,NA,NA,,,,NA,NA,NA,,NA,NA,,,,NA,NA,NA,,NA,NA,,,,NA,NA,NA,,NA,NA,,,,NA,NA,NA,,NA,NA,,,,NA,NA,NA,,NA,NA,,,,NA,NA,NA,NA,NA,NA,NA,,NA,NA,,,,NA,NA,NA,NA,NA,NA,NA,,NA,NA,,,,NA,NA,NA,,NA,NA,,,,People vaping and exercising,People vaping,15,Young Treat,1,0,0,0,1,1,1,0,0,1,1,1,1,0,0
R_17kuPL1ybSFRqnM,16,No,NA,NA,NA,,NA,NA,,,,NA,NA,NA,,NA,NA,,,,NA,NA,NA,,NA,NA,,,,NA,NA,NA,,NA,NA,,,,NA,NA,NA,,NA,NA,,,,NA,NA,NA,,NA,NA,,,,NA,NA,NA,,NA,NA,,,,NA,NA,NA,,NA,NA,,,,NA,NA,NA,,NA,NA,,,,NA,NA,NA,,NA,NA,,,,NA,NA,NA,,NA,NA,,,,NA,NA,NA,,NA,NA,,,,0,0,0,Extremely harmful,0,0,Definitely not,Definitely not,Definitely not,15,5,2,Extremely harmful,0,0,Definitely not,Definitely not,Definitely not,10,10,0,Extremely harmful,0,0,Definitely not,Definitely not,Definitely not,0,0,0,Extremely harmful,0,0,Definitely not,Definitely not,Definitely not,15,7,6,Extremely harmful,0,0,Definitely not,Definitely not,Definitely not,0,0,0,Extremely harmful,0,0,Definitely not,Definitely not,Definitely not,NA,NA,NA,,NA,NA,,,,NA,NA,NA,,NA,NA,,,,NA,NA,NA,,NA,NA,,,,NA,NA,NA,NA,NA,NA,NA,,NA,NA,,,,NA,NA,NA,NA,NA,NA,NA,,NA,NA,,,,NA,NA,NA,,NA,NA,,,,,People vaping,16,Young Control,1,0,0,0,0,1,1,0,0,1,1,1,1,0,0
R_6gY2RVuo69qFXw9,17,Yes,NA,NA,NA,,NA,NA,,,,NA,NA,NA,,NA,NA,,,,NA,NA,NA,,NA,NA,,,,NA,NA,NA,,NA,NA,,,,NA,NA,NA,,NA,NA,,,,NA,NA,NA,,NA,NA,,,,NA,NA,NA,,NA,NA,,,,NA,NA,NA,,NA,NA,,,,NA,NA,NA,,NA,NA,,,,NA,NA,NA,,NA,NA,,,,NA,NA,NA,,NA,NA,,,,NA,NA,NA,,NA,NA,,,,0,0,10,Extremely harmful,0,0,Definitely not,Definitely not,Definitely not,10,0,8,Extremely harmful,0,0,Definitely not,Definitely not,Probably not,0,0,0,Extremely harmful,0,0,Probably not,Definitely not,Probably not,0,0,0,Extremely harmful,0,0,Definitely not,Definitely not,Definitely not,0,0,0,Extremely harmful,0,0,Definitely not,Definitely not,Definitely not,0,0,0,Extremely harmful,0,0,Definitely not,Definitely not,Definitely not,NA,NA,NA,,NA,NA,,,,NA,NA,NA,,NA,NA,,,,NA,NA,NA,,NA,NA,,,,NA,NA,NA,NA,NA,NA,NA,,NA,NA,,,,NA,NA,NA,NA,NA,NA,NA,,NA,NA,,,,NA,NA,NA,,NA,NA,,,,,People vaping,17,Young Control,1,0,0,0,0,1,1,0,0,1,1,1,1,0,0
R_3qmmV5BMRpgfbHT,17,Yes,50,50,41,Extremely harmful,NA,NA,Probably yes,Probably not,Probably yes,30,54,63,Extremely harmful,NA,NA,Probably yes,Probably not,Probably yes,35,42,29,Extremely harmful,NA,NA,Probably yes,Probably not,Probably yes,78,49,52,Extremely harmful,NA,NA,Probably yes,Probably not,Probably yes,29,29,50,Extremely harmful,NA,NA,Probably yes,Probably not,Probably yes,28,23,15,Extremely harmful,NA,NA,Probably yes,Probably not,Probably yes,NA,NA,NA,,NA,NA,,,,NA,NA,NA,,NA,NA,,,,NA,NA,NA,,NA,NA,,,,NA,NA,NA,,NA,NA,,,,NA,NA,NA,,NA,NA,,,,NA,NA,NA,,NA,NA,,,,NA,NA,NA,,NA,NA,,,,NA,NA,NA,,NA,NA,,,,NA,NA,NA,,NA,NA,,,,NA,NA,NA,,NA,NA,,,,NA,NA,NA,,NA,NA,,,,NA,NA,NA,,NA,NA,,,,NA,NA,NA,,NA,NA,,,,NA,NA,NA,,NA,NA,,,,NA,NA,NA,,NA,NA,,,,NA,NA,NA,NA,NA,NA,NA,,NA,NA,,,,NA,NA,NA,NA,NA,NA,NA,,NA,NA,,,,NA,NA,NA,,NA,NA,,,,People vaping and exercising,People vaping,17,Young Treat,0,0,0,1,0,0,1,0,0,1,1,1,1,0,0
R_7xZrguqQUjwLhxD,16,No,NA,NA,NA,,NA,NA,,,,NA,NA,NA,,NA,NA,,,,NA,NA,NA,,NA,NA,,,,NA,NA,NA,,NA,NA,,,,NA,NA,NA,,NA,NA,,,,NA,NA,NA,,NA,NA,,,,NA,NA,NA,,NA,NA,,,,NA,NA,NA,,NA,NA,,,,NA,NA,NA,,NA,NA,,,,NA,NA,NA,,NA,NA,,,,NA,NA,NA,,NA,NA,,,,NA,NA,NA,,NA,NA,,,,NA,NA,NA,,NA,NA,,,,NA,NA,NA,,NA,NA,,,,NA,NA,NA,,NA,NA,,,,NA,NA,NA,,NA,NA,,,,NA,NA,NA,,NA,NA,,,,NA,NA,NA,,NA,NA,,,,75,33,58,Extremely harmful,0,2,Definitely not,Definitely not,Definitely not,75,81,82,Extremely harmful,0,NA,Definitely not,Definitely not,Definitely not,0,0,0,Extremely harmful,0,0,Definitely not,Definitely not,Definitely not,1.74,7.905,18.908,4,0,86,84,Extremely harmful,0,0,Definitely not,Definitely not,Definitely not,1.297,11.279,12.195,3,73,78,56,Extremely harmful,0,NA,Definitely not,Definitely not,Definitely not,0,0,0,Extremely harmful,0,0,Definitely not,Definitely not,Definitely not,People vaping and exercising,People vaping,16,Old Control,0,0,1,0,0,0,0,0,0,2,2,1,1,0,0
R_7Kqnabn5RWhKdCM,14,No,10,5,2,Extremely harmful,0,0,Definitely not,Definitely not,Definitely not,0,1,0,Extremely harmful,0,0,Definitely not,Definitely not,Definitely not,5,8,1,Extremely harmful,0,0,Definitely not,Definitely not,Definitely not,5,10,6,Extremely harmful,0,0,Definitely not,Definitely not,Definitely not,3,7,2,Extremely harmful,0,0,Definitely not,Definitely not,Definitely not,38,18,10,Extremely harmful,0,0,Probably not,Definitely not,Definitely not,NA,NA,NA,,NA,NA,,,,NA,NA,NA,,NA,NA,,,,NA,NA,NA,,NA,NA,,,,NA,NA,NA,,NA,NA,,,,NA,NA,NA,,NA,NA,,,,NA,NA,NA,,NA,NA,,,,NA,NA,NA,,NA,NA,,,,NA,NA,NA,,NA,NA,,,,NA,NA,NA,,NA,NA,,,,NA,NA,NA,,NA,NA,,,,NA,NA,NA,,NA,NA,,,,NA,NA,NA,,NA,NA,,,,NA,NA,NA,,NA,NA,,,,NA,NA,NA,,NA,NA,,,,NA,NA,NA,,NA,NA,,,,NA,NA,NA,NA,NA,NA,NA,,NA,NA,,,,NA,NA,NA,NA,NA,NA,NA,,NA,NA,,,,NA,NA,NA,,NA,NA,,,,People vaping and exercising,People vaping,14,Young Treat,1,0,0,1,1,1,0,0,0,1,1,1,1,0,0
R_3JkLj7SMz2OhrX2,17,Yes,NA,NA,NA,,NA,NA,,,,NA,NA,NA,,NA,NA,,,,NA,NA,NA,,NA,NA,,,,NA,NA,NA,,NA,NA,,,,NA,NA,NA,,NA,NA,,,,NA,NA,NA,,NA,NA,,,,NA,NA,NA,,NA,NA,,,,NA,NA,NA,,NA,NA,,,,NA,NA,NA,,NA,NA,,,,NA,NA,NA,,NA,NA,,,,NA,NA,NA,,NA,NA,,,,NA,NA,NA,,NA,NA,,,,0,0,0,Very harmful,0,0,Definitely not,Definitely not,Definitely not,0,0,3,Somewhat harmful,0,0,Definitely not,Definitely not,Definitely not,20,15,11,Somewhat harmful,0,0,Probably not,Definitely not,Definitely not,0,0,0,Somewhat harmful,0,0,Definitely not,Definitely not,Definitely not,25,20,0,Slightly harmful,0,0,Definitely not,Definitely not,Definitely not,15,10,5,Slightly harmful,0,0,Definitely not,Definitely not,Definitely not,NA,NA,NA,,NA,NA,,,,NA,NA,NA,,NA,NA,,,,NA,NA,NA,,NA,NA,,,,NA,NA,NA,NA,NA,NA,NA,,NA,NA,,,,NA,NA,NA,NA,NA,NA,NA,,NA,NA,,,,NA,NA,NA,,NA,NA,,,,,People vaping,17,Young Control,0,0,0,0,1,0,1,0,0,1,1,1,1,1,1
R_6R9cTT6HWkizPNq,16,Yes,NA,NA,NA,,NA,NA,,,,NA,NA,NA,,NA,NA,,,,NA,NA,NA,,NA,NA,,,,NA,NA,NA,,NA,NA,,,,NA,NA,NA,,NA,NA,,,,NA,NA,NA,,NA,NA,,,,NA,NA,NA,,NA,NA,,,,NA,NA,NA,,NA,NA,,,,NA,NA,NA,,NA,NA,,,,NA,NA,NA,,NA,NA,,,,NA,NA,NA,,NA,NA,,,,NA,NA,NA,,NA,NA,,,,NA,NA,NA,,NA,NA,,,,NA,NA,NA,,NA,NA,,,,NA,NA,NA,,NA,NA,,,,NA,NA,NA,,NA,NA,,,,NA,NA,NA,,NA,NA,,,,NA,NA,NA,,NA,NA,,,,6,12,62,Extremely harmful,0,0,Definitely not,Definitely not,Definitely not,6,5,67,Very harmful,0,0,Definitely not,Definitely not,Definitely not,1,2,59,Very harmful,0,0,Definitely not,Definitely not,Definitely not,1,11.352,12.29,2,25,10,52,Extremely harmful,0,0,Definitely not,Definitely not,Definitely not,1.801,15.369,16.582,2,3,10,3,Very harmful,0,0,Definitely not,Definitely not,Definitely not,20,36,43,Extremely harmful,0,0,Definitely not,Definitely not,Definitely not,,People vaping,16,Old Control,0,0,0,0,0,0,0,0,0,2,2,1,1,0,0
R_5hcmwFUmN5wDiuu,16,Yes,NA,NA,NA,,NA,NA,,,,NA,NA,NA,,NA,NA,,,,NA,NA,NA,,NA,NA,,,,NA,NA,NA,,NA,NA,,,,NA,NA,NA,,NA,NA,,,,NA,NA,NA,,NA,NA,,,,NA,NA,NA,,NA,NA,,,,NA,NA,NA,,NA,NA,,,,NA,NA,NA,,NA,NA,,,,NA,NA,NA,,NA,NA,,,,NA,NA,NA,,NA,NA,,,,NA,NA,NA,,NA,NA,,,,NA,NA,NA,,NA,NA,,,,NA,NA,NA,,NA,NA,,,,NA,NA,NA,,NA,NA,,,,NA,NA,NA,,NA,NA,,,,NA,NA,NA,,NA,NA,,,,NA,NA,NA,,NA,NA,,,,30,14,14,Somewhat harmful,1,0,Definitely not,Definitely not,Definitely not,NA,6,77,Not at all harmful,NA,0,Definitely not,Definitely not,Definitely not,24,0,93,Somewhat harmful,0,2,Definitely not,Definitely not,Definitely not,1.401,11.65,12.577,2,2,33,49,Somewhat harmful,NA,NA,Definitely not,Definitely not,Definitely not,1.284,7.299,19.588,3,12,8,NA,Very harmful,1,2,Definitely not,Definitely not,Definitely not,30,41,82,Somewhat harmful,0,0,I prefer not to answer,Definitely not,Probably not,,People vaping,16,Old Control,0,0,0,0,0,0,0,0,0,3,3,1,1,0,0
R_5pPrrqfNkOJOabY,17,Yes,NA,NA,NA,,NA,NA,,,,NA,NA,NA,,NA,NA,,,,NA,NA,NA,,NA,NA,,,,NA,NA,NA,,NA,NA,,,,NA,NA,NA,,NA,NA,,,,NA,NA,NA,,NA,NA,,,,NA,NA,NA,,NA,NA,,,,NA,NA,NA,,NA,NA,,,,NA,NA,NA,,NA,NA,,,,NA,NA,NA,,NA,NA,,,,NA,NA,NA,,NA,NA,,,,NA,NA,NA,,NA,NA,,,,7,4,7,Extremely harmful,0,0,Definitely not,Definitely not,Definitely not,1,1,2,Extremely harmful,0,0,Definitely not,Definitely not,Definitely not,0,3,7,Extremely harmful,0,0,Definitely not,Definitely not,Definitely not,2,7,6,Extremely harmful,0,0,Definitely not,Definitely not,Definitely not,25,30,11,Extremely harmful,1,1,Definitely not,Definitely not,Definitely not,0,1,1,Extremely harmful,0,0,Definitely not,Definitely not,Definitely not,NA,NA,NA,,NA,NA,,,,NA,NA,NA,,NA,NA,,,,NA,NA,NA,,NA,NA,,,,NA,NA,NA,NA,NA,NA,NA,,NA,NA,,,,NA,NA,NA,NA,NA,NA,NA,,NA,NA,,,,NA,NA,NA,,NA,NA,,,,,People vaping,17,Young Control,1,0,0,0,0,0,0,0,0,1,1,1,1,0,0
R_6zGf6bSUHITh2a3,15,Yes,NA,NA,NA,,NA,NA,,,,NA,NA,NA,,NA,NA,,,,NA,NA,NA,,NA,NA,,,,NA,NA,NA,,NA,NA,,,,NA,NA,NA,,NA,NA,,,,NA,NA,NA,,NA,NA,,,,3,3,5,Very harmful,0,0,Definitely not,Definitely not,Definitely not,11,8,14,Very harmful,0,0,Definitely not,Definitely not,Definitely not,6,5,9,Very harmful,0,1,Definitely not,Definitely not,Definitely not,0,0,6,Very harmful,0,0,Definitely not,Definitely not,Definitely not,3,10,10,Very harmful,0,1,Definitely not,Definitely not,Definitely not,9,8,11,Very harmful,1,0,Definitely not,Definitely not,Definitely not,NA,NA,NA,,NA,NA,,,,NA,NA,NA,,NA,NA,,,,NA,NA,NA,,NA,NA,,,,NA,NA,NA,,NA,NA,,,,NA,NA,NA,,NA,NA,,,,NA,NA,NA,,NA,NA,,,,NA,NA,NA,,NA,NA,,,,NA,NA,NA,,NA,NA,,,,NA,NA,NA,,NA,NA,,,,NA,NA,NA,NA,NA,NA,NA,,NA,NA,,,,NA,NA,NA,NA,NA,NA,NA,,NA,NA,,,,NA,NA,NA,,NA,NA,,,,People vaping and exercising,People vaping,15,Old Treat,0,0,0,0,1,0,0,0,0,2,2,1,1,0,0
R_5XiqlqKgbjoJ5gB,14,Yes,NA,NA,NA,,NA,NA,,,,NA,NA,NA,,NA,NA,,,,NA,NA,NA,,NA,NA,,,,NA,NA,NA,,NA,NA,,,,NA,NA,NA,,NA,NA,,,,NA,NA,NA,,NA,NA,,,,NA,NA,NA,,NA,NA,,,,NA,NA,NA,,NA,NA,,,,NA,NA,NA,,NA,NA,,,,NA,NA,NA,,NA,NA,,,,NA,NA,NA,,NA,NA,,,,NA,NA,NA,,NA,NA,,,,NA,NA,NA,,NA,NA,,,,NA,NA,NA,,NA,NA,,,,NA,NA,NA,,NA,NA,,,,NA,NA,NA,,NA,NA,,,,NA,NA,NA,,NA,NA,,,,NA,NA,NA,,NA,NA,,,,40,30,40,Extremely harmful,0,0,Definitely not,Probably not,Definitely not,61,41,20,Extremely harmful,0,0,Definitely not,Probably not,Definitely not,21,20,19,Extremely harmful,0,0,Definitely not,Probably not,Definitely not,1.401,14.519,15.472,3,20,30,10,Extremely harmful,0,0,Definitely not,Probably not,Definitely not,1.161,14.485,15.894,2,40,20,20,Extremely harmful,0,0,Definitely not,Probably not,Definitely not,11,10,0,Extremely harmful,0,0,Definitely not,Probably not,Definitely not,,People vaping,14,Old Control,0,0,0,0,1,1,1,0,0,1,1,1,2,0,0
R_7rrntLZZmNwx1b8,16,No,NA,NA,NA,,NA,NA,,,,NA,NA,NA,,NA,NA,,,,NA,NA,NA,,NA,NA,,,,NA,NA,NA,,NA,NA,,,,NA,NA,NA,,NA,NA,,,,NA,NA,NA,,NA,NA,,,,NA,NA,NA,,NA,NA,,,,NA,NA,NA,,NA,NA,,,,NA,NA,NA,,NA,NA,,,,NA,NA,NA,,NA,NA,,,,NA,NA,NA,,NA,NA,,,,NA,NA,NA,,NA,NA,,,,2,3,4,Extremely harmful,0,0,Definitely not,Definitely not,Definitely not,4,6,5,Extremely harmful,0,0,Definitely not,Definitely not,Definitely not,9,6,8,Extremely harmful,0,0,Definitely not,Definitely not,Definitely not,8,11,5,Extremely harmful,0,0,Definitely not,Definitely not,Definitely not,3,2,4,Extremely harmful,0,0,Definitely not,Definitely not,Definitely not,2,2,3,Extremely harmful,0,0,Definitely not,Definitely not,Definitely not,NA,NA,NA,,NA,NA,,,,NA,NA,NA,,NA,NA,,,,NA,NA,NA,,NA,NA,,,,NA,NA,NA,NA,NA,NA,NA,,NA,NA,,,,NA,NA,NA,NA,NA,NA,NA,,NA,NA,,,,NA,NA,NA,,NA,NA,,,,,People vaping,16,Young Control,1,0,0,0,0,0,0,0,0,1,1,1,3,0,0
R_5dt6uCHyNt9M0pz,14,Yes,9,0,0,Extremely harmful,0,0,Definitely not,Definitely not,Definitely not,2,0,19,Extremely harmful,0,0,Definitely not,Definitely not,Definitely not,18,5,100,Extremely harmful,0,0,Definitely not,Definitely not,Definitely not,100,11,100,Extremely harmful,0,0,Definitely not,Definitely not,Definitely not,100,28,0,Extremely harmful,0,0,Definitely not,Definitely not,Definitely not,10,19,8,Extremely harmful,0,0,Definitely not,Definitely not,Definitely not,NA,NA,NA,,NA,NA,,,,NA,NA,NA,,NA,NA,,,,NA,NA,NA,,NA,NA,,,,NA,NA,NA,,NA,NA,,,,NA,NA,NA,,NA,NA,,,,NA,NA,NA,,NA,NA,,,,NA,NA,NA,,NA,NA,,,,NA,NA,NA,,NA,NA,,,,NA,NA,NA,,NA,NA,,,,NA,NA,NA,,NA,NA,,,,NA,NA,NA,,NA,NA,,,,NA,NA,NA,,NA,NA,,,,NA,NA,NA,,NA,NA,,,,NA,NA,NA,,NA,NA,,,,NA,NA,NA,,NA,NA,,,,NA,NA,NA,NA,NA,NA,NA,,NA,NA,,,,NA,NA,NA,NA,NA,NA,NA,,NA,NA,,,,NA,NA,NA,,NA,NA,,,,,People vaping,14,Young Treat,0,0,0,0,1,0,0,0,0,1,1,1,1,0,0
R_563aFlaOQrSP6EJ,17,Yes,NA,NA,NA,,NA,NA,,,,NA,NA,NA,,NA,NA,,,,NA,NA,NA,,NA,NA,,,,NA,NA,NA,,NA,NA,,,,NA,NA,NA,,NA,NA,,,,NA,NA,NA,,NA,NA,,,,NA,NA,NA,,NA,NA,,,,NA,NA,NA,,NA,NA,,,,NA,NA,NA,,NA,NA,,,,NA,NA,NA,,NA,NA,,,,NA,NA,NA,,NA,NA,,,,NA,NA,NA,,NA,NA,,,,NA,NA,NA,,NA,NA,,,,NA,NA,NA,,NA,NA,,,,NA,NA,NA,,NA,NA,,,,NA,NA,NA,,NA,NA,,,,NA,NA,NA,,NA,NA,,,,NA,NA,NA,,NA,NA,,,,42,41,38,Somewhat harmful,0,0,Definitely not,Definitely not,Definitely not,45,35,35,Slightly harmful,0,0,Definitely not,Definitely not,Definitely not,53,42,34,Slightly harmful,0,0,Definitely not,Definitely not,Definitely not,1.249,10.649,11.009,2,43,39,37,Slightly harmful,0,0,Definitely not,Definitely not,Definitely not,1.801,15.06,17.102,3,54,41,36,Slightly harmful,0,0,Definitely not,Definitely not,Definitely not,40,41,38,Slightly harmful,0,0,Definitely not,Definitely not,Definitely not,,People vaping,17,Old Control,0,0,0,1,0,0,0,0,0,2,2,1,1,0,0
R_6dtmKDDxDgMTEZA,17,No,NA,NA,NA,,NA,NA,,,,NA,NA,NA,,NA,NA,,,,NA,NA,NA,,NA,NA,,,,NA,NA,NA,,NA,NA,,,,NA,NA,NA,,NA,NA,,,,NA,NA,NA,,NA,NA,,,,NA,NA,NA,,NA,NA,,,,NA,NA,NA,,NA,NA,,,,NA,NA,NA,,NA,NA,,,,NA,NA,NA,,NA,NA,,,,NA,NA,NA,,NA,NA,,,,NA,NA,NA,,NA,NA,,,,40,42,22,Extremely harmful,2,2,Probably not,Probably not,Definitely not,28,27,42,Extremely harmful,2,2,Probably not,Probably not,Definitely not,26,32,46,Extremely harmful,2,2,Probably not,Probably not,Definitely not,25,46,29,Extremely harmful,2,1,Probably not,Probably not,Definitely not,24,35,15,Extremely harmful,1,3,Probably not,Probably not,Definitely not,14,14,50,Extremely harmful,2,5,Probably not,Definitely not,Probably not,NA,NA,NA,,NA,NA,,,,NA,NA,NA,,NA,NA,,,,NA,NA,NA,,NA,NA,,,,NA,NA,NA,NA,NA,NA,NA,,NA,NA,,,,NA,NA,NA,NA,NA,NA,NA,,NA,NA,,,,NA,NA,NA,,NA,NA,,,,,People vaping,17,Young Control,1,0,0,0,0,1,0,1,1,2,2,1,1,1,1
R_6IH3pqNAWwTbcyL,16,No,NA,NA,NA,,NA,NA,,,,NA,NA,NA,,NA,NA,,,,NA,NA,NA,,NA,NA,,,,NA,NA,NA,,NA,NA,,,,NA,NA,NA,,NA,NA,,,,NA,NA,NA,,NA,NA,,,,NA,NA,NA,,NA,NA,,,,NA,NA,NA,,NA,NA,,,,NA,NA,NA,,NA,NA,,,,NA,NA,NA,,NA,NA,,,,NA,NA,NA,,NA,NA,,,,NA,NA,NA,,NA,NA,,,,0,0,0,Very harmful,0,0,Definitely not,Definitely not,Probably not,0,0,0,Very harmful,0,0,Definitely not,Definitely not,Probably not,0,3,0,Very harmful,0,0,Definitely not,Definitely not,Probably not,0,0,0,Very harmful,0,0,Definitely not,Definitely not,Probably not,0,0,0,Very harmful,0,0,Definitely not,Definitely not,Probably not,0,0,0,Very harmful,0,0,Probably not,Definitely not,Definitely not,NA,NA,NA,,NA,NA,,,,NA,NA,NA,,NA,NA,,,,NA,NA,NA,,NA,NA,,,,NA,NA,NA,NA,NA,NA,NA,,NA,NA,,,,NA,NA,NA,NA,NA,NA,NA,,NA,NA,,,,NA,NA,NA,,NA,NA,,,,,People vaping,16,Young Control,0,0,1,0,0,0,1,0,0,2,2,1,1,0,0
R_6stPnbZJpfR4Zxx,15,No,NA,NA,NA,,NA,NA,,,,NA,NA,NA,,NA,NA,,,,NA,NA,NA,,NA,NA,,,,NA,NA,NA,,NA,NA,,,,NA,NA,NA,,NA,NA,,,,NA,NA,NA,,NA,NA,,,,NA,NA,NA,,NA,NA,,,,NA,NA,NA,,NA,NA,,,,NA,NA,NA,,NA,NA,,,,NA,NA,NA,,NA,NA,,,,NA,NA,NA,,NA,NA,,,,NA,NA,NA,,NA,NA,,,,NA,NA,NA,,NA,NA,,,,NA,NA,NA,,NA,NA,,,,NA,NA,NA,,NA,NA,,,,NA,NA,NA,,NA,NA,,,,NA,NA,NA,,NA,NA,,,,NA,NA,NA,,NA,NA,,,,9,18,13,Slightly harmful,1,1,Definitely not,Definitely not,Definitely not,7,8,93,Very harmful,1,1,Definitely not,Definitely not,Definitely not,15,14,51,Somewhat harmful,1,1,Definitely not,Definitely not,Definitely not,2.315,14.118,15.555,4,0,8,100,Extremely harmful,0,1,Definitely not,Definitely not,Definitely not,2.477,14.968,16.275,2,33,56,88,Very harmful,0,0,Definitely not,Definitely not,Definitely not,NA,NA,NA,Very harmful,NA,NA,Definitely not,Definitely not,Definitely not,,People vaping,15,Old Control,0,0,1,0,0,0,0,0,0,2,2,1,3,0,0
R_7DOi5zFaR7DyYWc,17,No,NA,NA,NA,,NA,NA,,,,NA,NA,NA,,NA,NA,,,,NA,NA,NA,,NA,NA,,,,NA,NA,NA,,NA,NA,,,,NA,NA,NA,,NA,NA,,,,NA,NA,NA,,NA,NA,,,,9,18,27,Very harmful,1,1,Definitely not,Definitely not,Definitely not,10,20,5,Not at all harmful,1,1,Definitely not,Definitely not,Definitely not,10,10,10,Not at all harmful,1,1,Definitely not,Definitely not,Definitely not,10,10,10,Very harmful,1,1,Definitely not,Definitely not,Definitely not,10,30,20,Very harmful,1,1,Definitely not,Definitely not,Definitely not,30,40,20,Not at all harmful,1,1,Definitely not,Definitely not,Definitely not,NA,NA,NA,,NA,NA,,,,NA,NA,NA,,NA,NA,,,,NA,NA,NA,,NA,NA,,,,NA,NA,NA,,NA,NA,,,,NA,NA,NA,,NA,NA,,,,NA,NA,NA,,NA,NA,,,,NA,NA,NA,,NA,NA,,,,NA,NA,NA,,NA,NA,,,,NA,NA,NA,,NA,NA,,,,NA,NA,NA,NA,NA,NA,NA,,NA,NA,,,,NA,NA,NA,NA,NA,NA,NA,,NA,NA,,,,NA,NA,NA,,NA,NA,,,,People vaping and exercising,People vaping,17,Old Treat,0,1,0,0,0,0,1,0,0,2,2,1,3,0,0
R_62Rw1MkOmG9mu5Y,15,Yes,19,14,69,Extremely harmful,0,0,Definitely not,Definitely not,Definitely not,13,13,13,Extremely harmful,0,0,Definitely not,Definitely not,Definitely not,15,15,10,Extremely harmful,0,0,Definitely not,Definitely not,Definitely not,25,21,56,Extremely harmful,0,0,Definitely not,Definitely not,Definitely not,9,22,43,Extremely harmful,1,1,Definitely not,Definitely not,Definitely not,60,40,10,Extremely harmful,0,0,Probably not,Probably not,Probably not,NA,NA,NA,,NA,NA,,,,NA,NA,NA,,NA,NA,,,,NA,NA,NA,,NA,NA,,,,NA,NA,NA,,NA,NA,,,,NA,NA,NA,,NA,NA,,,,NA,NA,NA,,NA,NA,,,,NA,NA,NA,,NA,NA,,,,NA,NA,NA,,NA,NA,,,,NA,NA,NA,,NA,NA,,,,NA,NA,NA,,NA,NA,,,,NA,NA,NA,,NA,NA,,,,NA,NA,NA,,NA,NA,,,,NA,NA,NA,,NA,NA,,,,NA,NA,NA,,NA,NA,,,,NA,NA,NA,,NA,NA,,,,NA,NA,NA,NA,NA,NA,NA,,NA,NA,,,,NA,NA,NA,NA,NA,NA,NA,,NA,NA,,,,NA,NA,NA,,NA,NA,,,,People vaping and exercising,People vaping,15,Young Treat,1,0,0,0,1,0,1,0,0,1,1,1,2,0,0
R_7Egyd3vuUiyOi89,16,Yes,NA,NA,NA,,NA,NA,,,,NA,NA,NA,,NA,NA,,,,NA,NA,NA,,NA,NA,,,,NA,NA,NA,,NA,NA,,,,NA,NA,NA,,NA,NA,,,,NA,NA,NA,,NA,NA,,,,70,60,55,Extremely harmful,1,0,Definitely not,Definitely not,Definitely not,30,35,40,Extremely harmful,0,0,Definitely not,Definitely not,Definitely not,60,65,50,Extremely harmful,1,0,Definitely not,Definitely not,Definitely not,60,40,70,Extremely harmful,0,0,Definitely not,Definitely not,Definitely not,60,65,50,Extremely harmful,1,0,Definitely not,Definitely not,Definitely not,40,60,50,Extremely harmful,1,0,Definitely not,Definitely not,Definitely not,NA,NA,NA,,NA,NA,,,,NA,NA,NA,,NA,NA,,,,NA,NA,NA,,NA,NA,,,,NA,NA,NA,,NA,NA,,,,NA,NA,NA,,NA,NA,,,,NA,NA,NA,,NA,NA,,,,NA,NA,NA,,NA,NA,,,,NA,NA,NA,,NA,NA,,,,NA,NA,NA,,NA,NA,,,,NA,NA,NA,NA,NA,NA,NA,,NA,NA,,,,NA,NA,NA,NA,NA,NA,NA,,NA,NA,,,,NA,NA,NA,,NA,NA,,,,People vaping and exercising,People vaping,16,Old Treat,0,0,0,0,0,0,1,0,0,1,1,1,3,0,0
R_1JsGkUNvRq6lRHr,15,Yes,NA,NA,NA,,NA,NA,,,,NA,NA,NA,,NA,NA,,,,NA,NA,NA,,NA,NA,,,,NA,NA,NA,,NA,NA,,,,NA,NA,NA,,NA,NA,,,,NA,NA,NA,,NA,NA,,,,NA,NA,NA,,NA,NA,,,,NA,NA,NA,,NA,NA,,,,NA,NA,NA,,NA,NA,,,,NA,NA,NA,,NA,NA,,,,NA,NA,NA,,NA,NA,,,,NA,NA,NA,,NA,NA,,,,0,0,0,Extremely harmful,0,0,Definitely not,Definitely not,Definitely not,0,0,0,Not at all harmful,0,0,Definitely not,Definitely not,Definitely not,0,0,0,Not at all harmful,0,0,Definitely not,Definitely not,Definitely not,0,0,0,Not at all harmful,0,0,Definitely not,Definitely not,Definitely not,0,0,0,Not at all harmful,0,0,Definitely not,Definitely not,Definitely not,0,0,0,Not at all harmful,0,0,Definitely not,Definitely not,Definitely not,NA,NA,NA,,NA,NA,,,,NA,NA,NA,,NA,NA,,,,NA,NA,NA,,NA,NA,,,,NA,NA,NA,NA,NA,NA,NA,,NA,NA,,,,NA,NA,NA,NA,NA,NA,NA,,NA,NA,,,,NA,NA,NA,,NA,NA,,,,,People vaping,15,Young Control,0,0,0,1,0,0,0,0,0,1,1,1,2,0,0
R_6INqMSZ2LRhigbK,14,Yes,50,5,50,Slightly harmful,1,1,Definitely yes,Definitely yes,Probably not,0,0,0,Slightly harmful,0,0,Definitely yes,Definitely yes,Probably not,100,100,100,Slightly harmful,1,1,Definitely yes,Definitely yes,Probably not,100,10,50,Slightly harmful,1,1,Definitely yes,Definitely yes,Probably not,NA,NA,NA,Slightly harmful,1,1,Definitely yes,Definitely yes,Probably not,50,5,50,Slightly harmful,1,1,Definitely yes,Definitely yes,Probably not,NA,NA,NA,,NA,NA,,,,NA,NA,NA,,NA,NA,,,,NA,NA,NA,,NA,NA,,,,NA,NA,NA,,NA,NA,,,,NA,NA,NA,,NA,NA,,,,NA,NA,NA,,NA,NA,,,,NA,NA,NA,,NA,NA,,,,NA,NA,NA,,NA,NA,,,,NA,NA,NA,,NA,NA,,,,NA,NA,NA,,NA,NA,,,,NA,NA,NA,,NA,NA,,,,NA,NA,NA,,NA,NA,,,,NA,NA,NA,,NA,NA,,,,NA,NA,NA,,NA,NA,,,,NA,NA,NA,,NA,NA,,,,NA,NA,NA,NA,NA,NA,NA,,NA,NA,,,,NA,NA,NA,NA,NA,NA,NA,,NA,NA,,,,NA,NA,NA,,NA,NA,,,,People vaping and exercising,People vaping,14,Young Treat,0,0,0,0,1,0,1,1,1,3,3,1,3,1,0
R_67edP9oKXxC5iuJ,17,Yes,NA,NA,NA,,NA,NA,,,,NA,NA,NA,,NA,NA,,,,NA,NA,NA,,NA,NA,,,,NA,NA,NA,,NA,NA,,,,NA,NA,NA,,NA,NA,,,,NA,NA,NA,,NA,NA,,,,25,21,5,Somewhat harmful,2,0,Probably not,Probably not,Probably not,8,11,12,Very harmful,1,1,Probably not,Probably not,Probably not,8,9,10,Somewhat harmful,1,1,Probably not,Probably not,Probably not,7,8,11,Very harmful,1,1,Probably not,Probably not,Probably not,20,21,15,Very harmful,1,1,Probably not,Probably not,Probably not,10,13,6,Somewhat harmful,1,1,Definitely not,Definitely not,Probably not,NA,NA,NA,,NA,NA,,,,NA,NA,NA,,NA,NA,,,,NA,NA,NA,,NA,NA,,,,NA,NA,NA,,NA,NA,,,,NA,NA,NA,,NA,NA,,,,NA,NA,NA,,NA,NA,,,,NA,NA,NA,,NA,NA,,,,NA,NA,NA,,NA,NA,,,,NA,NA,NA,,NA,NA,,,,NA,NA,NA,NA,NA,NA,NA,,NA,NA,,,,NA,NA,NA,NA,NA,NA,NA,,NA,NA,,,,NA,NA,NA,,NA,NA,,,,People vaping and exercising,People vaping,17,Old Treat,0,1,0,0,0,0,1,0,0,3,3,1,1,0,0
R_39rYxfrCK3yLZ7z,17,Yes,NA,NA,NA,,NA,NA,,,,NA,NA,NA,,NA,NA,,,,NA,NA,NA,,NA,NA,,,,NA,NA,NA,,NA,NA,,,,NA,NA,NA,,NA,NA,,,,NA,NA,NA,,NA,NA,,,,19,32,0,Very harmful,0,0,Definitely not,Definitely not,Definitely not,6,19,0,Very harmful,0,0,Definitely not,Definitely not,Definitely not,30,49,0,Very harmful,0,0,Definitely not,Definitely not,Definitely not,28,3,0,Very harmful,0,0,Definitely not,Definitely not,Definitely not,50,54,0,Very harmful,0,0,Definitely not,Definitely not,Definitely not,15,13,0,Very harmful,0,0,Definitely not,Definitely not,Definitely not,NA,NA,NA,,NA,NA,,,,NA,NA,NA,,NA,NA,,,,NA,NA,NA,,NA,NA,,,,NA,NA,NA,,NA,NA,,,,NA,NA,NA,,NA,NA,,,,NA,NA,NA,,NA,NA,,,,NA,NA,NA,,NA,NA,,,,NA,NA,NA,,NA,NA,,,,NA,NA,NA,,NA,NA,,,,NA,NA,NA,NA,NA,NA,NA,,NA,NA,,,,NA,NA,NA,NA,NA,NA,NA,,NA,NA,,,,NA,NA,NA,,NA,NA,,,,People vaping and exercising,People vaping,17,Old Treat,0,0,0,0,1,1,1,0,0,2,2,1,1,0,0
R_11sfbtYCPh2ALG9,16,No,NA,NA,NA,,NA,NA,,,,NA,NA,NA,,NA,NA,,,,NA,NA,NA,,NA,NA,,,,NA,NA,NA,,NA,NA,,,,NA,NA,NA,,NA,NA,,,,NA,NA,NA,,NA,NA,,,,NA,NA,NA,,NA,NA,,,,NA,NA,NA,,NA,NA,,,,NA,NA,NA,,NA,NA,,,,NA,NA,NA,,NA,NA,,,,NA,NA,NA,,NA,NA,,,,NA,NA,NA,,NA,NA,,,,26,12,0,Extremely harmful,0,0,Definitely not,Definitely not,Definitely not,5,3,0,Extremely harmful,0,0,Definitely not,Definitely not,Definitely not,15,12,0,Extremely harmful,0,0,Definitely not,Definitely not,Definitely not,6,5,0,Extremely harmful,0,0,Definitely not,Definitely not,Definitely not,7,5,0,Extremely harmful,0,0,Definitely not,Definitely not,Definitely not,2,5,0,Extremely harmful,0,0,Definitely not,Definitely not,Definitely not,NA,NA,NA,,NA,NA,,,,NA,NA,NA,,NA,NA,,,,NA,NA,NA,,NA,NA,,,,NA,NA,NA,NA,NA,NA,NA,,NA,NA,,,,NA,NA,NA,NA,NA,NA,NA,,NA,NA,,,,NA,NA,NA,,NA,NA,,,,,People vaping,16,Young Control,1,0,0,0,0,0,0,0,0,1,1,1,3,0,0
R_5l5m1GptmiER9Rt,16,Yes,NA,NA,NA,,NA,NA,,,,NA,NA,NA,,NA,NA,,,,NA,NA,NA,,NA,NA,,,,NA,NA,NA,,NA,NA,,,,NA,NA,NA,,NA,NA,,,,NA,NA,NA,,NA,NA,,,,NA,NA,NA,,NA,NA,,,,NA,NA,NA,,NA,NA,,,,NA,NA,NA,,NA,NA,,,,NA,NA,NA,,NA,NA,,,,NA,NA,NA,,NA,NA,,,,NA,NA,NA,,NA,NA,,,,NA,NA,NA,,NA,NA,,,,NA,NA,NA,,NA,NA,,,,NA,NA,NA,,NA,NA,,,,NA,NA,NA,,NA,NA,,,,NA,NA,NA,,NA,NA,,,,NA,NA,NA,,NA,NA,,,,26,3,10,Extremely harmful,0,0,Definitely not,Definitely not,Definitely not,6,35,64,Extremely harmful,0,0,Definitely not,Definitely not,Definitely not,2,16,22,Extremely harmful,0,0,Definitely not,Definitely not,Definitely not,1.572,15.523,16.276,3,6,7,45,Extremely harmful,0,0,Definitely not,Definitely not,Definitely not,2.077,15.093,16.192,3,73,6,32,Extremely harmful,0,1,Definitely not,Definitely not,Probably not,8,6,34,Extremely harmful,0,0,Definitely not,Definitely not,Definitely not,,People vaping,16,Old Control,1,0,0,0,0,1,0,0,0,2,2,1,1,0,0
R_5Ueqx49qz9Y5xbH,17,Yes,NA,NA,NA,,NA,NA,,,,NA,NA,NA,,NA,NA,,,,NA,NA,NA,,NA,NA,,,,NA,NA,NA,,NA,NA,,,,NA,NA,NA,,NA,NA,,,,NA,NA,NA,,NA,NA,,,,NA,NA,NA,,NA,NA,,,,NA,NA,NA,,NA,NA,,,,NA,NA,NA,,NA,NA,,,,NA,NA,NA,,NA,NA,,,,NA,NA,NA,,NA,NA,,,,NA,NA,NA,,NA,NA,,,,7,0,0,Extremely harmful,0,0,Definitely not,Definitely not,Definitely not,5,0,0,Extremely harmful,0,0,Definitely not,Definitely not,Definitely not,5,17,8,Extremely harmful,0,0,Definitely not,Definitely not,Definitely not,44,45,19,Extremely harmful,0,0,Definitely not,Definitely not,Definitely not,39,52,0,Extremely harmful,0,1,Definitely not,Definitely not,Definitely not,5,0,0,Extremely harmful,0,0,Definitely not,Definitely not,Probably not,NA,NA,NA,,NA,NA,,,,NA,NA,NA,,NA,NA,,,,NA,NA,NA,,NA,NA,,,,NA,NA,NA,NA,NA,NA,NA,,NA,NA,,,,NA,NA,NA,NA,NA,NA,NA,,NA,NA,,,,NA,NA,NA,,NA,NA,,,,,People vaping,17,Young Control,1,0,0,0,0,0,0,0,0,2,2,1,1,0,0
R_7I3va2Y509L66W8,17,Yes,NA,NA,NA,,NA,NA,,,,NA,NA,NA,,NA,NA,,,,NA,NA,NA,,NA,NA,,,,NA,NA,NA,,NA,NA,,,,NA,NA,NA,,NA,NA,,,,NA,NA,NA,,NA,NA,,,,NA,NA,NA,,NA,NA,,,,NA,NA,NA,,NA,NA,,,,NA,NA,NA,,NA,NA,,,,NA,NA,NA,,NA,NA,,,,NA,NA,NA,,NA,NA,,,,NA,NA,NA,,NA,NA,,,,NA,NA,NA,Extremely harmful,NA,NA,Definitely not,Definitely not,Definitely not,NA,NA,NA,Extremely harmful,1,1,Definitely not,Definitely not,Definitely not,46,49,51,Extremely harmful,1,1,Definitely not,Definitely not,Definitely not,31,32,36,Extremely harmful,1,1,Definitely not,Definitely not,Definitely not,44,43,47,Extremely harmful,1,1,Definitely not,Definitely not,Definitely not,49,50,48,Extremely harmful,1,1,Probably yes,Probably not,Probably not,NA,NA,NA,,NA,NA,,,,NA,NA,NA,,NA,NA,,,,NA,NA,NA,,NA,NA,,,,NA,NA,NA,NA,NA,NA,NA,,NA,NA,,,,NA,NA,NA,NA,NA,NA,NA,,NA,NA,,,,NA,NA,NA,,NA,NA,,,,,People vaping,17,Young Control,0,0,0,0,1,0,0,0,0,2,2,1,2,0,0
R_3QA1JVlyCml4ypg,16,Yes,3,7,1,Extremely harmful,0,0,Definitely not,Definitely not,Definitely not,39,13,30,Extremely harmful,0,0,Definitely not,Definitely not,Definitely not,22,25,14,Extremely harmful,0,0,Definitely not,Definitely not,Definitely not,3,6,8,Extremely harmful,0,0,Definitely not,Definitely not,Definitely not,4,6,11,Extremely harmful,0,0,Definitely not,Definitely not,Definitely not,19,11,12,Extremely harmful,0,0,Definitely not,Definitely not,Definitely not,NA,NA,NA,,NA,NA,,,,NA,NA,NA,,NA,NA,,,,NA,NA,NA,,NA,NA,,,,NA,NA,NA,,NA,NA,,,,NA,NA,NA,,NA,NA,,,,NA,NA,NA,,NA,NA,,,,NA,NA,NA,,NA,NA,,,,NA,NA,NA,,NA,NA,,,,NA,NA,NA,,NA,NA,,,,NA,NA,NA,,NA,NA,,,,NA,NA,NA,,NA,NA,,,,NA,NA,NA,,NA,NA,,,,NA,NA,NA,,NA,NA,,,,NA,NA,NA,,NA,NA,,,,NA,NA,NA,,NA,NA,,,,NA,NA,NA,NA,NA,NA,NA,,NA,NA,,,,NA,NA,NA,NA,NA,NA,NA,,NA,NA,,,,NA,NA,NA,,NA,NA,,,,People vaping and exercising,People vaping,16,Young Treat,0,0,0,0,1,0,1,0,0,1,1,1,1,0,0
R_5LMNL88BUVCKHrW,16,No,NA,NA,NA,,NA,NA,,,,NA,NA,NA,,NA,NA,,,,NA,NA,NA,,NA,NA,,,,NA,NA,NA,,NA,NA,,,,NA,NA,NA,,NA,NA,,,,NA,NA,NA,,NA,NA,,,,NA,NA,NA,,NA,NA,,,,NA,NA,NA,,NA,NA,,,,NA,NA,NA,,NA,NA,,,,NA,NA,NA,,NA,NA,,,,NA,NA,NA,,NA,NA,,,,NA,NA,NA,,NA,NA,,,,NA,NA,NA,,NA,NA,,,,NA,NA,NA,,NA,NA,,,,NA,NA,NA,,NA,NA,,,,NA,NA,NA,,NA,NA,,,,NA,NA,NA,,NA,NA,,,,NA,NA,NA,,NA,NA,,,,0,0,0,Extremely harmful,0,0,Definitely not,Definitely not,Definitely not,0,0,0,Extremely harmful,0,0,Definitely not,Definitely not,Definitely not,0,0,0,Very harmful,0,0,Definitely not,Definitely not,Definitely not,1.578,12.1,13.271,2,0,0,0,Extremely harmful,0,0,Definitely not,Definitely not,Definitely not,1.138,12.492,13.501,2,0,0,0,Extremely harmful,0,0,Definitely not,Definitely not,Definitely not,0,0,0,Extremely harmful,0,0,Definitely not,Definitely not,Definitely not,,People vaping,16,Old Control,1,0,0,0,1,1,1,0,0,2,2,1,1,0,0
R_5EVokIc3i4PH7Wh,17,Yes,NA,NA,NA,,NA,NA,,,,NA,NA,NA,,NA,NA,,,,NA,NA,NA,,NA,NA,,,,NA,NA,NA,,NA,NA,,,,NA,NA,NA,,NA,NA,,,,NA,NA,NA,,NA,NA,,,,NA,NA,NA,,NA,NA,,,,NA,NA,NA,,NA,NA,,,,NA,NA,NA,,NA,NA,,,,NA,NA,NA,,NA,NA,,,,NA,NA,NA,,NA,NA,,,,NA,NA,NA,,NA,NA,,,,0,0,0,Extremely harmful,0,0,I prefer not to answer,I prefer not to answer,I prefer not to answer,0,0,0,Extremely harmful,0,0,Definitely not,Definitely not,Definitely not,NA,0,0,Extremely harmful,0,0,I prefer not to answer,I prefer not to answer,I prefer not to answer,0,1,0,Extremely harmful,0,0,I prefer not to answer,I prefer not to answer,I prefer not to answer,0,0,0,Extremely harmful,0,0,Definitely not,Definitely not,Definitely not,0,0,0,Extremely harmful,0,0,Definitely not,Definitely not,Definitely not,NA,NA,NA,,NA,NA,,,,NA,NA,NA,,NA,NA,,,,NA,NA,NA,,NA,NA,,,,NA,NA,NA,NA,NA,NA,NA,,NA,NA,,,,NA,NA,NA,NA,NA,NA,NA,,NA,NA,,,,NA,NA,NA,,NA,NA,,,,People vaping and exercising,,17,Young Control,0,0,0,0,0,0,0,0,0,1,1,1,NA,0,0
R_3aXmUFLEWkOpNQB,14,No,82,40,21,Extremely harmful,0,0,Definitely not,Definitely not,Definitely not,15,70,30,Extremely harmful,0,0,Definitely not,Definitely not,Definitely not,100,100,19,Extremely harmful,0,0,Definitely not,Definitely not,Definitely not,100,100,31,Extremely harmful,0,0,Definitely not,Definitely not,Definitely not,10,65,50,Extremely harmful,0,0,Definitely not,Definitely not,Definitely not,10,100,71,Extremely harmful,0,0,Definitely not,Definitely not,Definitely not,NA,NA,NA,,NA,NA,,,,NA,NA,NA,,NA,NA,,,,NA,NA,NA,,NA,NA,,,,NA,NA,NA,,NA,NA,,,,NA,NA,NA,,NA,NA,,,,NA,NA,NA,,NA,NA,,,,NA,NA,NA,,NA,NA,,,,NA,NA,NA,,NA,NA,,,,NA,NA,NA,,NA,NA,,,,NA,NA,NA,,NA,NA,,,,NA,NA,NA,,NA,NA,,,,NA,NA,NA,,NA,NA,,,,NA,NA,NA,,NA,NA,,,,NA,NA,NA,,NA,NA,,,,NA,NA,NA,,NA,NA,,,,NA,NA,NA,NA,NA,NA,NA,,NA,NA,,,,NA,NA,NA,NA,NA,NA,NA,,NA,NA,,,,NA,NA,NA,,NA,NA,,,,People vaping and exercising,People vaping,14,Young Treat,0,0,1,0,0,1,0,0,0,1,1,1,1,0,0
R_6f0G76OnPW0mmJG,16,Yes,NA,NA,NA,,NA,NA,,,,NA,NA,NA,,NA,NA,,,,NA,NA,NA,,NA,NA,,,,NA,NA,NA,,NA,NA,,,,NA,NA,NA,,NA,NA,,,,NA,NA,NA,,NA,NA,,,,23,16,19,Extremely harmful,0,0,Probably not,Definitely not,Probably not,30,40,35,Very harmful,1,2,Probably not,Probably not,Probably yes,19,14,11,Extremely harmful,0,0,Definitely not,Definitely not,Definitely not,28,27,23,Extremely harmful,0,0,Definitely not,Definitely not,Definitely not,35,29,30,Very harmful,1,1,Probably not,Probably not,Probably yes,15,17,16,Extremely harmful,0,0,Definitely not,Definitely not,Definitely not,NA,NA,NA,,NA,NA,,,,NA,NA,NA,,NA,NA,,,,NA,NA,NA,,NA,NA,,,,NA,NA,NA,,NA,NA,,,,NA,NA,NA,,NA,NA,,,,NA,NA,NA,,NA,NA,,,,NA,NA,NA,,NA,NA,,,,NA,NA,NA,,NA,NA,,,,NA,NA,NA,,NA,NA,,,,NA,NA,NA,NA,NA,NA,NA,,NA,NA,,,,NA,NA,NA,NA,NA,NA,NA,,NA,NA,,,,NA,NA,NA,,NA,NA,,,,People vaping and exercising,People vaping,16,Old Treat,0,0,0,1,0,1,0,0,0,2,2,1,1,1,1
R_1Oqf9TvUBiagQkF,16,Yes,NA,NA,NA,,NA,NA,,,,NA,NA,NA,,NA,NA,,,,NA,NA,NA,,NA,NA,,,,NA,NA,NA,,NA,NA,,,,NA,NA,NA,,NA,NA,,,,NA,NA,NA,,NA,NA,,,,NA,NA,NA,,NA,NA,,,,NA,NA,NA,,NA,NA,,,,NA,NA,NA,,NA,NA,,,,NA,NA,NA,,NA,NA,,,,NA,NA,NA,,NA,NA,,,,NA,NA,NA,,NA,NA,,,,NA,NA,100,Extremely harmful,0,0,Probably not,Definitely not,Probably not,NA,NA,NA,Extremely harmful,0,0,Probably not,Definitely not,Probably not,NA,NA,100,Extremely harmful,0,0,Probably not,Definitely not,Probably not,NA,NA,100,Extremely harmful,0,0,Probably not,Definitely not,Probably not,NA,NA,100,Extremely harmful,0,0,Probably not,Definitely not,Probably not,NA,NA,100,Extremely harmful,0,0,Probably not,Definitely not,Probably not,NA,NA,NA,,NA,NA,,,,NA,NA,NA,,NA,NA,,,,NA,NA,NA,,NA,NA,,,,NA,NA,NA,NA,NA,NA,NA,,NA,NA,,,,NA,NA,NA,NA,NA,NA,NA,,NA,NA,,,,NA,NA,NA,,NA,NA,,,,,People vaping,16,Young Control,1,0,0,0,0,0,1,0,0,1,1,1,1,0,0
R_6k7LNjlcDODj4KI,16,No,NA,NA,NA,,NA,NA,,,,NA,NA,NA,,NA,NA,,,,NA,NA,NA,,NA,NA,,,,NA,NA,NA,,NA,NA,,,,NA,NA,NA,,NA,NA,,,,NA,NA,NA,,NA,NA,,,,74,84,67,Slightly harmful,5,4,Probably not,Probably not,Probably yes,76,62,77,Somewhat harmful,3,3,Probably not,Probably not,Probably not,100,100,100,Very harmful,2,2,Probably not,Probably not,Probably not,30,17,6,Not at all harmful,5,5,Probably yes,Probably yes,Probably yes,74,78,52,Not at all harmful,6,7,Definitely yes,Probably yes,Definitely yes,45,49,20,Very harmful,6,4,Probably not,Probably yes,Probably not,NA,NA,NA,,NA,NA,,,,NA,NA,NA,,NA,NA,,,,NA,NA,NA,,NA,NA,,,,NA,NA,NA,,NA,NA,,,,NA,NA,NA,,NA,NA,,,,NA,NA,NA,,NA,NA,,,,NA,NA,NA,,NA,NA,,,,NA,NA,NA,,NA,NA,,,,NA,NA,NA,,NA,NA,,,,NA,NA,NA,NA,NA,NA,NA,,NA,NA,,,,NA,NA,NA,NA,NA,NA,NA,,NA,NA,,,,NA,NA,NA,,NA,NA,,,,People vaping and exercising,People vaping,16,Old Treat,1,0,0,0,0,0,0,0,0,2,2,1,1,0,0
R_1OjKtNQtPogX6uS,16,Yes,69,74,0,Slightly harmful,0,0,Definitely not,Definitely not,Definitely not,50,47,45,Very harmful,0,0,Definitely not,Definitely not,Definitely not,60,66,67,Very harmful,0,0,Definitely not,Definitely not,Definitely not,36,34,31,Very harmful,0,0,Definitely not,Definitely not,Definitely not,66,70,69,Somewhat harmful,0,0,Definitely not,Definitely not,Definitely not,33,26,29,Very harmful,0,0,Definitely not,Definitely not,Definitely not,NA,NA,NA,,NA,NA,,,,NA,NA,NA,,NA,NA,,,,NA,NA,NA,,NA,NA,,,,NA,NA,NA,,NA,NA,,,,NA,NA,NA,,NA,NA,,,,NA,NA,NA,,NA,NA,,,,NA,NA,NA,,NA,NA,,,,NA,NA,NA,,NA,NA,,,,NA,NA,NA,,NA,NA,,,,NA,NA,NA,,NA,NA,,,,NA,NA,NA,,NA,NA,,,,NA,NA,NA,,NA,NA,,,,NA,NA,NA,,NA,NA,,,,NA,NA,NA,,NA,NA,,,,NA,NA,NA,,NA,NA,,,,NA,NA,NA,NA,NA,NA,NA,,NA,NA,,,,NA,NA,NA,NA,NA,NA,NA,,NA,NA,,,,NA,NA,NA,,NA,NA,,,,People vaping and exercising,People vaping,16,Young Treat,0,0,0,0,1,0,0,0,0,2,2,1,1,0,0
R_7CxkpyW8l7r8rhj,15,No,NA,NA,NA,,NA,NA,,,,NA,NA,NA,,NA,NA,,,,NA,NA,NA,,NA,NA,,,,NA,NA,NA,,NA,NA,,,,NA,NA,NA,,NA,NA,,,,NA,NA,NA,,NA,NA,,,,NA,NA,NA,,NA,NA,,,,NA,NA,NA,,NA,NA,,,,NA,NA,NA,,NA,NA,,,,NA,NA,NA,,NA,NA,,,,NA,NA,NA,,NA,NA,,,,NA,NA,NA,,NA,NA,,,,NA,NA,NA,,NA,NA,,,,NA,NA,NA,,NA,NA,,,,NA,NA,NA,,NA,NA,,,,NA,NA,NA,,NA,NA,,,,NA,NA,NA,,NA,NA,,,,NA,NA,NA,,NA,NA,,,,0,0,0,Extremely harmful,0,0,Definitely not,Definitely not,Definitely not,7,0,0,Extremely harmful,0,0,Definitely not,Definitely not,Definitely not,0,0,1,Extremely harmful,0,0,Definitely not,Definitely not,Definitely not,1.601,12.78,13.796,2,0,0,0,Extremely harmful,0,0,Probably not,Definitely not,Probably not,1.095,13.626,14.538,2,0,0,0,Extremely harmful,0,0,Definitely not,Definitely not,Definitely not,0,0,0,Extremely harmful,0,0,Definitely not,Definitely not,Probably not,,People vaping,15,Old Control,1,0,0,0,1,1,1,0,0,1,1,1,1,0,0
R_6Rjtty5Ui8cluN3,16,No,NA,NA,NA,,NA,NA,,,,NA,NA,NA,,NA,NA,,,,NA,NA,NA,,NA,NA,,,,NA,NA,NA,,NA,NA,,,,NA,NA,NA,,NA,NA,,,,NA,NA,NA,,NA,NA,,,,71,66,55,Not at all harmful,5,4,Definitely not,Definitely not,Definitely not,70,67,67,Slightly harmful,4,5,Definitely not,Definitely not,Definitely not,61,67,40,Somewhat harmful,2,3,Definitely not,Definitely not,Definitely not,57,34,27,Slightly harmful,3,4,Definitely not,Definitely not,Definitely not,60,59,37,Somewhat harmful,5,5,Definitely not,Definitely not,Definitely not,50,66,50,Slightly harmful,5,4,Definitely not,Definitely not,Definitely not,NA,NA,NA,,NA,NA,,,,NA,NA,NA,,NA,NA,,,,NA,NA,NA,,NA,NA,,,,NA,NA,NA,,NA,NA,,,,NA,NA,NA,,NA,NA,,,,NA,NA,NA,,NA,NA,,,,NA,NA,NA,,NA,NA,,,,NA,NA,NA,,NA,NA,,,,NA,NA,NA,,NA,NA,,,,NA,NA,NA,NA,NA,NA,NA,,NA,NA,,,,NA,NA,NA,NA,NA,NA,NA,,NA,NA,,,,NA,NA,NA,,NA,NA,,,,People vaping and exercising,People vaping,16,Old Treat,1,0,0,0,0,0,0,0,0,1,1,1,1,0,0
R_3pKb20sQ2zPdOGK,15,No,NA,NA,NA,,NA,NA,,,,NA,NA,NA,,NA,NA,,,,NA,NA,NA,,NA,NA,,,,NA,NA,NA,,NA,NA,,,,NA,NA,NA,,NA,NA,,,,NA,NA,NA,,NA,NA,,,,NA,NA,NA,,NA,NA,,,,NA,NA,NA,,NA,NA,,,,NA,NA,NA,,NA,NA,,,,NA,NA,NA,,NA,NA,,,,NA,NA,NA,,NA,NA,,,,NA,NA,NA,,NA,NA,,,,NA,NA,NA,,NA,NA,,,,NA,NA,NA,,NA,NA,,,,NA,NA,NA,,NA,NA,,,,NA,NA,NA,,NA,NA,,,,NA,NA,NA,,NA,NA,,,,NA,NA,NA,,NA,NA,,,,10,20,40,Slightly harmful,4,4,Probably not,Probably not,Probably not,17,21,18,Somewhat harmful,2,2,Probably not,Probably not,Probably not,20,18,48,Slightly harmful,3,4,Probably yes,Probably not,Probably yes,0.958,11.517,12.313,2,37,23,45,Somewhat harmful,3,3,Probably not,Probably not,Probably not,1.015,13.689,14.466,2,11,13,50,Slightly harmful,3,3,Probably not,Probably not,Probably not,6,4,45,Slightly harmful,3,3,Probably not,Probably not,Probably not,,People vaping,15,Old Control,1,0,0,0,0,0,0,0,0,3,3,1,1,1,1
R_7mKTQdK0HhaUW8V,17,No,NA,NA,NA,,NA,NA,,,,NA,NA,NA,,NA,NA,,,,NA,NA,NA,,NA,NA,,,,NA,NA,NA,,NA,NA,,,,NA,NA,NA,,NA,NA,,,,NA,NA,NA,,NA,NA,,,,18,13,11,Extremely harmful,1,1,Definitely not,Definitely not,Definitely not,14,14,15,Extremely harmful,1,1,Definitely not,Definitely not,Definitely not,38,33,27,Extremely harmful,1,0,Definitely not,Definitely not,Definitely not,15,19,11,Extremely harmful,0,1,Definitely not,Definitely not,Definitely not,11,12,17,Extremely harmful,1,1,Definitely not,Definitely not,Definitely not,12,10,10,Extremely harmful,1,1,Definitely not,Definitely not,Definitely not,NA,NA,NA,,NA,NA,,,,NA,NA,NA,,NA,NA,,,,NA,NA,NA,,NA,NA,,,,NA,NA,NA,,NA,NA,,,,NA,NA,NA,,NA,NA,,,,NA,NA,NA,,NA,NA,,,,NA,NA,NA,,NA,NA,,,,NA,NA,NA,,NA,NA,,,,NA,NA,NA,,NA,NA,,,,NA,NA,NA,NA,NA,NA,NA,,NA,NA,,,,NA,NA,NA,NA,NA,NA,NA,,NA,NA,,,,NA,NA,NA,,NA,NA,,,,People vaping and exercising,People vaping,17,Old Treat,1,0,0,0,0,0,0,0,0,1,1,1,1,1,1
R_1cAYgBxRHwULwUd,17,Yes,NA,NA,NA,,NA,NA,,,,NA,NA,NA,,NA,NA,,,,NA,NA,NA,,NA,NA,,,,NA,NA,NA,,NA,NA,,,,NA,NA,NA,,NA,NA,,,,NA,NA,NA,,NA,NA,,,,NA,NA,NA,,NA,NA,,,,NA,NA,NA,,NA,NA,,,,NA,NA,NA,,NA,NA,,,,NA,NA,NA,,NA,NA,,,,NA,NA,NA,,NA,NA,,,,NA,NA,NA,,NA,NA,,,,81,79,46,Slightly harmful,6,5,Definitely yes,Probably not,Definitely yes,35,23,13,Slightly harmful,5,3,Definitely yes,Probably not,Probably yes,32,21,14,Somewhat harmful,4,4,Probably yes,Probably not,Probably not,71,37,13,Somewhat harmful,5,3,Probably yes,Probably not,Probably yes,10,25,5,Somewhat harmful,3,5,Probably yes,Probably not,Probably not,21,26,40,Somewhat harmful,3,3,Probably not,Probably not,Probably not,NA,NA,NA,,NA,NA,,,,NA,NA,NA,,NA,NA,,,,NA,NA,NA,,NA,NA,,,,NA,NA,NA,NA,NA,NA,NA,,NA,NA,,,,NA,NA,NA,NA,NA,NA,NA,,NA,NA,,,,NA,NA,NA,,NA,NA,,,,,People vaping,17,Young Control,0,0,0,1,0,1,1,1,1,3,3,1,1,1,1
R_5dGjotStp3rKsx4,16,Yes,100,65,55,Somewhat harmful,4,4,Probably yes,Probably yes,Probably yes,100,62,54,Somewhat harmful,3,3,Probably yes,Probably yes,Probably not,100,77,75,Somewhat harmful,3,3,Probably yes,Probably yes,Probably not,100,66,53,Somewhat harmful,4,4,Definitely yes,Probably yes,Definitely yes,100,68,54,Somewhat harmful,3,3,Probably yes,Probably yes,Probably not,100,70,76,Slightly harmful,4,3,Probably yes,Probably not,Definitely not,NA,NA,NA,,NA,NA,,,,NA,NA,NA,,NA,NA,,,,NA,NA,NA,,NA,NA,,,,NA,NA,NA,,NA,NA,,,,NA,NA,NA,,NA,NA,,,,NA,NA,NA,,NA,NA,,,,NA,NA,NA,,NA,NA,,,,NA,NA,NA,,NA,NA,,,,NA,NA,NA,,NA,NA,,,,NA,NA,NA,,NA,NA,,,,NA,NA,NA,,NA,NA,,,,NA,NA,NA,,NA,NA,,,,NA,NA,NA,,NA,NA,,,,NA,NA,NA,,NA,NA,,,,NA,NA,NA,,NA,NA,,,,NA,NA,NA,NA,NA,NA,NA,,NA,NA,,,,NA,NA,NA,NA,NA,NA,NA,,NA,NA,,,,NA,NA,NA,,NA,NA,,,,People vaping and exercising,,16,Young Treat,1,0,0,0,0,0,0,0,0,2,2,1,1,0,0
R_16hGQxhUhGdn4kz,14,No,NA,NA,NA,,NA,NA,,,,NA,NA,NA,,NA,NA,,,,NA,NA,NA,,NA,NA,,,,NA,NA,NA,,NA,NA,,,,NA,NA,NA,,NA,NA,,,,NA,NA,NA,,NA,NA,,,,NA,NA,NA,,NA,NA,,,,NA,NA,NA,,NA,NA,,,,NA,NA,NA,,NA,NA,,,,NA,NA,NA,,NA,NA,,,,NA,NA,NA,,NA,NA,,,,NA,NA,NA,,NA,NA,,,,NA,NA,NA,,NA,NA,,,,NA,NA,NA,,NA,NA,,,,NA,NA,NA,,NA,NA,,,,NA,NA,NA,,NA,NA,,,,NA,NA,NA,,NA,NA,,,,NA,NA,NA,,NA,NA,,,,12,31,37,Extremely harmful,0,0,Definitely not,Definitely not,Definitely not,11,12,63,Extremely harmful,0,0,Definitely not,Definitely not,Definitely not,13,27,13,Extremely harmful,0,0,Definitely not,Definitely not,Definitely not,1.945,13.036,16.294,3,51,53,58,Extremely harmful,0,0,Definitely not,Definitely not,Definitely not,0.384,1.947,15.828,2,0,0,0,Extremely harmful,0,0,Definitely not,Definitely not,Definitely not,0,0,34,Extremely harmful,0,0,Definitely not,Definitely not,Definitely not,,People vaping,14,Old Control,0,1,0,0,0,0,1,0,0,1,1,1,1,0,0
R_62MfLXxTN0P8K71,16,No,16,56,53,Very harmful,3,4,Definitely not,Definitely not,Definitely not,45,29,41,Somewhat harmful,3,3,Definitely not,Definitely not,Definitely not,73,61,23,Slightly harmful,2,2,Definitely not,Definitely not,Definitely not,72,26,33,Very harmful,2,2,Definitely not,Definitely not,Probably not,40,54,36,Very harmful,2,3,Definitely not,Definitely not,Definitely not,47,41,28,Somewhat harmful,1,3,Definitely not,Definitely not,Definitely not,NA,NA,NA,,NA,NA,,,,NA,NA,NA,,NA,NA,,,,NA,NA,NA,,NA,NA,,,,NA,NA,NA,,NA,NA,,,,NA,NA,NA,,NA,NA,,,,NA,NA,NA,,NA,NA,,,,NA,NA,NA,,NA,NA,,,,NA,NA,NA,,NA,NA,,,,NA,NA,NA,,NA,NA,,,,NA,NA,NA,,NA,NA,,,,NA,NA,NA,,NA,NA,,,,NA,NA,NA,,NA,NA,,,,NA,NA,NA,,NA,NA,,,,NA,NA,NA,,NA,NA,,,,NA,NA,NA,,NA,NA,,,,NA,NA,NA,NA,NA,NA,NA,,NA,NA,,,,NA,NA,NA,NA,NA,NA,NA,,NA,NA,,,,NA,NA,NA,,NA,NA,,,,People vaping and exercising,People vaping,16,Young Treat,1,0,0,0,0,0,0,0,0,1,1,1,3,0,0
R_7xFYg16jIEmUWMg,14,No,NA,NA,NA,,NA,NA,,,,NA,NA,NA,,NA,NA,,,,NA,NA,NA,,NA,NA,,,,NA,NA,NA,,NA,NA,,,,NA,NA,NA,,NA,NA,,,,NA,NA,NA,,NA,NA,,,,NA,NA,NA,,NA,NA,,,,NA,NA,NA,,NA,NA,,,,NA,NA,NA,,NA,NA,,,,NA,NA,NA,,NA,NA,,,,NA,NA,NA,,NA,NA,,,,NA,NA,NA,,NA,NA,,,,0,0,0,Somewhat harmful,0,0,Definitely not,Definitely not,Definitely not,0,0,0,Very harmful,0,0,Definitely not,Definitely not,Definitely not,0,0,0,Somewhat harmful,0,0,Definitely not,Definitely not,Definitely not,10,0,0,Extremely harmful,0,0,Definitely not,Definitely not,Definitely not,0,0,0,Very harmful,0,0,Definitely not,Definitely not,Definitely not,0,0,0,Somewhat harmful,0,0,Definitely not,Definitely not,Definitely not,NA,NA,NA,,NA,NA,,,,NA,NA,NA,,NA,NA,,,,NA,NA,NA,,NA,NA,,,,NA,NA,NA,NA,NA,NA,NA,,NA,NA,,,,NA,NA,NA,NA,NA,NA,NA,,NA,NA,,,,NA,NA,NA,,NA,NA,,,,,People vaping,14,Young Control,0,0,0,0,0,0,0,0,0,1,1,1,3,0,0
R_1MDUZOvBUjjznDt,15,Yes,NA,NA,NA,,NA,NA,,,,NA,NA,NA,,NA,NA,,,,NA,NA,NA,,NA,NA,,,,NA,NA,NA,,NA,NA,,,,NA,NA,NA,,NA,NA,,,,NA,NA,NA,,NA,NA,,,,61,48,100,Very harmful,NA,NA,Definitely yes,Probably yes,Probably yes,54,89,100,Very harmful,NA,NA,Definitely yes,Probably yes,Probably yes,31,40,100,Very harmful,NA,NA,Definitely yes,Probably yes,Probably yes,0,20,50,Very harmful,NA,NA,Probably yes,Probably yes,Definitely yes,0,18,99,Very harmful,NA,NA,Definitely yes,Probably yes,Probably yes,65,49,100,Very harmful,NA,NA,Definitely yes,Probably yes,Probably yes,NA,NA,NA,,NA,NA,,,,NA,NA,NA,,NA,NA,,,,NA,NA,NA,,NA,NA,,,,NA,NA,NA,,NA,NA,,,,NA,NA,NA,,NA,NA,,,,NA,NA,NA,,NA,NA,,,,NA,NA,NA,,NA,NA,,,,NA,NA,NA,,NA,NA,,,,NA,NA,NA,,NA,NA,,,,NA,NA,NA,NA,NA,NA,NA,,NA,NA,,,,NA,NA,NA,NA,NA,NA,NA,,NA,NA,,,,NA,NA,NA,,NA,NA,,,,People vaping and exercising,,15,Old Treat,0,0,0,0,1,1,1,1,1,2,2,1,1,1,0
R_7OojnEfoYcjVkm5,17,No,40,41,53,Somewhat harmful,3,5,Definitely yes,Definitely yes,Probably yes,41,47,45,Very harmful,2,3,Probably yes,Probably yes,Probably yes,56,61,53,Somewhat harmful,3,3,Probably yes,Definitely yes,Definitely yes,48,41,35,Very harmful,3,5,Probably yes,Probably yes,Probably yes,33,34,43,Very harmful,2,3,Definitely yes,Probably yes,Definitely yes,41,47,45,Very harmful,3,2,Definitely yes,Probably yes,Definitely not,NA,NA,NA,,NA,NA,,,,NA,NA,NA,,NA,NA,,,,NA,NA,NA,,NA,NA,,,,NA,NA,NA,,NA,NA,,,,NA,NA,NA,,NA,NA,,,,NA,NA,NA,,NA,NA,,,,NA,NA,NA,,NA,NA,,,,NA,NA,NA,,NA,NA,,,,NA,NA,NA,,NA,NA,,,,NA,NA,NA,,NA,NA,,,,NA,NA,NA,,NA,NA,,,,NA,NA,NA,,NA,NA,,,,NA,NA,NA,,NA,NA,,,,NA,NA,NA,,NA,NA,,,,NA,NA,NA,,NA,NA,,,,NA,NA,NA,NA,NA,NA,NA,,NA,NA,,,,NA,NA,NA,NA,NA,NA,NA,,NA,NA,,,,NA,NA,NA,,NA,NA,,,,People vaping and exercising,People vaping,17,Young Treat,0,0,0,0,1,0,0,1,1,1,1,1,1,1,1
R_7VrP2h5mynYHx7m,14,Yes,NA,NA,NA,,NA,NA,,,,NA,NA,NA,,NA,NA,,,,NA,NA,NA,,NA,NA,,,,NA,NA,NA,,NA,NA,,,,NA,NA,NA,,NA,NA,,,,NA,NA,NA,,NA,NA,,,,NA,NA,NA,,NA,NA,,,,NA,NA,NA,,NA,NA,,,,NA,NA,NA,,NA,NA,,,,NA,NA,NA,,NA,NA,,,,NA,NA,NA,,NA,NA,,,,NA,NA,NA,,NA,NA,,,,NA,NA,NA,,NA,NA,,,,NA,NA,NA,,NA,NA,,,,NA,NA,NA,,NA,NA,,,,NA,NA,NA,,NA,NA,,,,NA,NA,NA,,NA,NA,,,,NA,NA,NA,,NA,NA,,,,50,30,0,Extremely harmful,0,0,Definitely not,Definitely not,Definitely not,10,0,0,Extremely harmful,0,0,Definitely not,Definitely not,Definitely not,31,7,0,Extremely harmful,0,0,Definitely not,Definitely not,Definitely not,1.969,15.925,16.302,2,0,0,0,Extremely harmful,0,0,Definitely not,Definitely not,Definitely not,2.088,18.183,19.355,2,0,0,0,Extremely harmful,0,0,Definitely not,Definitely not,Definitely not,30,20,0,Extremely harmful,0,0,Definitely not,Definitely not,Definitely not,,People vaping,14,Old Control,0,0,0,0,1,0,0,0,0,1,1,1,1,0,0
R_1myhP1kT4Y1780P,16,Yes,NA,NA,NA,,NA,NA,,,,NA,NA,NA,,NA,NA,,,,NA,NA,NA,,NA,NA,,,,NA,NA,NA,,NA,NA,,,,NA,NA,NA,,NA,NA,,,,NA,NA,NA,,NA,NA,,,,NA,NA,NA,,NA,NA,,,,NA,NA,NA,,NA,NA,,,,NA,NA,NA,,NA,NA,,,,NA,NA,NA,,NA,NA,,,,NA,NA,NA,,NA,NA,,,,NA,NA,NA,,NA,NA,,,,17,15,17,Extremely harmful,0,0,Definitely not,Definitely not,Definitely not,57,59,52,Very harmful,3,2,Probably not,Definitely not,Probably not,31,28,31,Extremely harmful,1,1,Definitely not,Definitely not,Definitely not,45,46,42,Very harmful,3,2,Definitely not,Definitely not,Probably not,27,28,29,Extremely harmful,1,1,Definitely not,Definitely not,Definitely not,60,50,50,Very harmful,4,3,Probably yes,Definitely not,Probably yes,NA,NA,NA,,NA,NA,,,,NA,NA,NA,,NA,NA,,,,NA,NA,NA,,NA,NA,,,,NA,NA,NA,NA,NA,NA,NA,,NA,NA,,,,NA,NA,NA,NA,NA,NA,NA,,NA,NA,,,,NA,NA,NA,,NA,NA,,,,,People vaping,16,Young Control,0,0,0,1,0,1,0,0,0,2,2,1,1,1,1
R_1NyvNmz30aeh4eM,16,Yes,NA,NA,NA,,NA,NA,,,,NA,NA,NA,,NA,NA,,,,NA,NA,NA,,NA,NA,,,,NA,NA,NA,,NA,NA,,,,NA,NA,NA,,NA,NA,,,,NA,NA,NA,,NA,NA,,,,11,6,13,Extremely harmful,0,1,Definitely not,Definitely not,Definitely not,10,13,10,Extremely harmful,1,1,Definitely not,Definitely not,Definitely not,17,32,11,Very harmful,1,2,Definitely not,Definitely not,Definitely not,6,17,21,Very harmful,0,1,Definitely not,Definitely not,Definitely not,62,51,1,Very harmful,1,1,Definitely not,Definitely not,Definitely not,34,22,13,Very harmful,1,1,Definitely not,Definitely not,Definitely not,NA,NA,NA,,NA,NA,,,,NA,NA,NA,,NA,NA,,,,NA,NA,NA,,NA,NA,,,,NA,NA,NA,,NA,NA,,,,NA,NA,NA,,NA,NA,,,,NA,NA,NA,,NA,NA,,,,NA,NA,NA,,NA,NA,,,,NA,NA,NA,,NA,NA,,,,NA,NA,NA,,NA,NA,,,,NA,NA,NA,NA,NA,NA,NA,,NA,NA,,,,NA,NA,NA,NA,NA,NA,NA,,NA,NA,,,,NA,NA,NA,,NA,NA,,,,People vaping and exercising,People vaping,16,Old Treat,0,1,0,0,1,1,0,0,0,4,4,1,2,0,0
R_1VFFzXy5A45Dddv,15,Yes,NA,NA,NA,,NA,NA,,,,NA,NA,NA,,NA,NA,,,,NA,NA,NA,,NA,NA,,,,NA,NA,NA,,NA,NA,,,,NA,NA,NA,,NA,NA,,,,NA,NA,NA,,NA,NA,,,,NA,NA,NA,,NA,NA,,,,NA,NA,NA,,NA,NA,,,,NA,NA,NA,,NA,NA,,,,NA,NA,NA,,NA,NA,,,,NA,NA,NA,,NA,NA,,,,NA,NA,NA,,NA,NA,,,,NA,NA,NA,,NA,NA,,,,NA,NA,NA,,NA,NA,,,,NA,NA,NA,,NA,NA,,,,NA,NA,NA,,NA,NA,,,,NA,NA,NA,,NA,NA,,,,NA,NA,NA,,NA,NA,,,,18,20,46,Very harmful,1,0,Probably not,Definitely not,Probably not,58,41,50,Very harmful,1,1,Definitely not,Definitely not,Definitely not,41,50,27,Extremely harmful,1,1,Definitely not,Definitely not,Probably not,1.971,14.107,16.1,2,45,40,13,Very harmful,0,1,Probably not,Probably not,Definitely not,1,12.621,14.337,2,17,21,32,Extremely harmful,0,1,Definitely not,Definitely not,Definitely not,19,16,19,Extremely harmful,1,1,Probably not,Definitely not,Probably not,,People vaping,15,Old Control,0,0,0,0,1,1,0,0,0,2,2,1,1,0,0
R_3LzzKYJffjJ4F6g,16,No,NA,NA,NA,,NA,NA,,,,NA,NA,NA,,NA,NA,,,,NA,NA,NA,,NA,NA,,,,NA,NA,NA,,NA,NA,,,,NA,NA,NA,,NA,NA,,,,NA,NA,NA,,NA,NA,,,,NA,NA,NA,,NA,NA,,,,NA,NA,NA,,NA,NA,,,,NA,NA,NA,,NA,NA,,,,NA,NA,NA,,NA,NA,,,,NA,NA,NA,,NA,NA,,,,NA,NA,NA,,NA,NA,,,,40,10,39,Extremely harmful,1,1,Definitely not,Definitely not,Probably yes,11,13,28,Extremely harmful,1,1,Definitely not,Definitely not,Probably yes,8,8,25,Extremely harmful,1,1,Definitely not,Definitely not,Probably yes,52,42,39,Extremely harmful,1,1,Definitely not,Definitely not,Probably yes,59,45,18,Extremely harmful,1,3,Definitely not,Definitely not,Probably yes,7,23,14,Extremely harmful,1,1,Definitely not,Definitely not,Probably yes,NA,NA,NA,,NA,NA,,,,NA,NA,NA,,NA,NA,,,,NA,NA,NA,,NA,NA,,,,NA,NA,NA,NA,NA,NA,NA,,NA,NA,,,,NA,NA,NA,NA,NA,NA,NA,,NA,NA,,,,NA,NA,NA,,NA,NA,,,,,People vaping,16,Young Control,1,0,0,0,0,0,0,0,0,2,2,1,3,0,0
R_7XnFBZt0oAjpTjn,16,No,NA,NA,NA,,NA,NA,,,,NA,NA,NA,,NA,NA,,,,NA,NA,NA,,NA,NA,,,,NA,NA,NA,,NA,NA,,,,NA,NA,NA,,NA,NA,,,,NA,NA,NA,,NA,NA,,,,NA,NA,NA,,NA,NA,,,,NA,NA,NA,,NA,NA,,,,NA,NA,NA,,NA,NA,,,,NA,NA,NA,,NA,NA,,,,NA,NA,NA,,NA,NA,,,,NA,NA,NA,,NA,NA,,,,NA,NA,NA,,NA,NA,,,,NA,NA,NA,,NA,NA,,,,NA,NA,NA,,NA,NA,,,,NA,NA,NA,,NA,NA,,,,NA,NA,NA,,NA,NA,,,,NA,NA,NA,,NA,NA,,,,NA,NA,NA,Extremely harmful,NA,NA,Definitely not,Definitely not,Definitely not,NA,NA,NA,Somewhat harmful,NA,NA,Definitely not,Definitely not,Definitely not,NA,NA,NA,Extremely harmful,NA,NA,Definitely not,Definitely not,Definitely not,16.129,26.445,27.066,3,NA,NA,NA,Extremely harmful,NA,NA,Definitely not,Definitely not,Definitely not,1.6,11.314,13.092,3,NA,NA,NA,Extremely harmful,NA,NA,Definitely not,Definitely not,Definitely not,NA,NA,NA,Extremely harmful,NA,NA,Definitely not,Definitely not,Definitely not,,People vaping,16,Old Control,0,1,0,0,0,0,0,0,0,2,2,1,3,0,0
R_6po3sbOrtbpaPBQ,16,Yes,NA,NA,NA,,NA,NA,,,,NA,NA,NA,,NA,NA,,,,NA,NA,NA,,NA,NA,,,,NA,NA,NA,,NA,NA,,,,NA,NA,NA,,NA,NA,,,,NA,NA,NA,,NA,NA,,,,0,1,0,Extremely harmful,0,0,Probably yes,Definitely not,Probably yes,0,4,1,Extremely harmful,0,0,Probably yes,Definitely not,Probably yes,0,0,0,Extremely harmful,0,0,Definitely not,Definitely not,Definitely not,0,0,0,Extremely harmful,0,0,Definitely not,Definitely not,Probably not,0,0,0,Extremely harmful,0,0,Definitely not,Definitely not,Definitely not,0,0,0,Extremely harmful,0,0,Definitely not,Definitely not,Definitely not,NA,NA,NA,,NA,NA,,,,NA,NA,NA,,NA,NA,,,,NA,NA,NA,,NA,NA,,,,NA,NA,NA,,NA,NA,,,,NA,NA,NA,,NA,NA,,,,NA,NA,NA,,NA,NA,,,,NA,NA,NA,,NA,NA,,,,NA,NA,NA,,NA,NA,,,,NA,NA,NA,,NA,NA,,,,NA,NA,NA,NA,NA,NA,NA,,NA,NA,,,,NA,NA,NA,NA,NA,NA,NA,,NA,NA,,,,NA,NA,NA,,NA,NA,,,,People vaping and exercising,People vaping,16,Old Treat,0,0,0,0,0,0,0,0,0,1,1,1,1,0,0
R_18LJyj9fFn6AJVu,14,Yes,48,28,0,Very harmful,1,4,Definitely not,Definitely not,Probably yes,26,19,18,Extremely harmful,0,6,Definitely not,Definitely not,Definitely yes,15,17,10,Very harmful,1,5,Definitely not,Definitely not,Probably yes,11,9,10,Extremely harmful,1,1,Definitely not,Definitely not,Definitely not,35,32,1,Very harmful,1,4,Definitely not,Definitely not,Probably yes,13,12,13,Extremely harmful,1,0,Definitely not,Definitely not,Definitely not,NA,NA,NA,,NA,NA,,,,NA,NA,NA,,NA,NA,,,,NA,NA,NA,,NA,NA,,,,NA,NA,NA,,NA,NA,,,,NA,NA,NA,,NA,NA,,,,NA,NA,NA,,NA,NA,,,,NA,NA,NA,,NA,NA,,,,NA,NA,NA,,NA,NA,,,,NA,NA,NA,,NA,NA,,,,NA,NA,NA,,NA,NA,,,,NA,NA,NA,,NA,NA,,,,NA,NA,NA,,NA,NA,,,,NA,NA,NA,,NA,NA,,,,NA,NA,NA,,NA,NA,,,,NA,NA,NA,,NA,NA,,,,NA,NA,NA,NA,NA,NA,NA,,NA,NA,,,,NA,NA,NA,NA,NA,NA,NA,,NA,NA,,,,NA,NA,NA,,NA,NA,,,,People vaping and exercising,People vaping,14,Young Treat,0,0,0,0,1,0,1,0,0,3,3,1,1,0,0
R_735O54lLphIagpP,15,Yes,NA,NA,NA,,NA,NA,,,,NA,NA,NA,,NA,NA,,,,NA,NA,NA,,NA,NA,,,,NA,NA,NA,,NA,NA,,,,NA,NA,NA,,NA,NA,,,,NA,NA,NA,,NA,NA,,,,NA,NA,NA,,NA,NA,,,,NA,NA,NA,,NA,NA,,,,NA,NA,NA,,NA,NA,,,,NA,NA,NA,,NA,NA,,,,NA,NA,NA,,NA,NA,,,,NA,NA,NA,,NA,NA,,,,100,48,50,Extremely harmful,0,0,Probably not,Probably not,Probably not,100,50,51,Extremely harmful,1,1,Probably not,Probably not,Probably not,100,NA,50,Extremely harmful,0,0,Probably yes,Probably not,Definitely not,100,50,50,Extremely harmful,1,0,Probably not,Probably not,Probably not,100,50,50,Very harmful,1,0,Probably yes,Probably not,Definitely not,100,29,50,Extremely harmful,0,0,Probably not,Probably not,Probably not,NA,NA,NA,,NA,NA,,,,NA,NA,NA,,NA,NA,,,,NA,NA,NA,,NA,NA,,,,NA,NA,NA,NA,NA,NA,NA,,NA,NA,,,,NA,NA,NA,NA,NA,NA,NA,,NA,NA,,,,NA,NA,NA,,NA,NA,,,,,People vaping,15,Young Control,0,0,0,0,1,0,1,0,0,2,2,1,1,0,0
R_50UnuoiZOAMcgTL,17,Yes,NA,NA,NA,,NA,NA,,,,NA,NA,NA,,NA,NA,,,,NA,NA,NA,,NA,NA,,,,NA,NA,NA,,NA,NA,,,,NA,NA,NA,,NA,NA,,,,NA,NA,NA,,NA,NA,,,,NA,NA,NA,,NA,NA,,,,NA,NA,NA,,NA,NA,,,,NA,NA,NA,,NA,NA,,,,NA,NA,NA,,NA,NA,,,,NA,NA,NA,,NA,NA,,,,NA,NA,NA,,NA,NA,,,,NA,NA,NA,,NA,NA,,,,NA,NA,NA,,NA,NA,,,,NA,NA,NA,,NA,NA,,,,NA,NA,NA,,NA,NA,,,,NA,NA,NA,,NA,NA,,,,NA,NA,NA,,NA,NA,,,,87,74,94,Somewhat harmful,6,6,Probably yes,Probably not,Probably yes,92,87,94,Very harmful,6,6,Probably not,Probably yes,Probably yes,83,92,79,Somewhat harmful,5,6,Probably yes,Probably yes,Probably yes,0,0,10.829,0,96,78,96,Somewhat harmful,6,6,Probably yes,Probably not,Probably yes,0,0,12.459,0,97,82,93,Somewhat harmful,7,5,Probably yes,Probably yes,Probably yes,82,82,94,Somewhat harmful,5,6,Definitely yes,Probably yes,Probably not,People vaping and exercising,People vaping,17,Old Control,1,0,0,0,0,1,0,1,1,3,3,1,2,1,1
R_1YbOv10mQfQeABr,16,Yes,0,0,0,Somewhat harmful,0,0,Definitely not,Definitely not,Definitely not,0,0,0,Not at all harmful,4,6,Definitely not,Definitely not,Definitely not,0,4,4,Not at all harmful,5,4,Definitely not,Probably not,Definitely not,0,5,2,Somewhat harmful,0,0,Probably yes,Probably not,Definitely not,7,17,6,Very harmful,0,0,Probably yes,Probably not,Probably not,0,0,0,Extremely harmful,0,0,Probably not,Definitely not,Definitely not,NA,NA,NA,,NA,NA,,,,NA,NA,NA,,NA,NA,,,,NA,NA,NA,,NA,NA,,,,NA,NA,NA,,NA,NA,,,,NA,NA,NA,,NA,NA,,,,NA,NA,NA,,NA,NA,,,,NA,NA,NA,,NA,NA,,,,NA,NA,NA,,NA,NA,,,,NA,NA,NA,,NA,NA,,,,NA,NA,NA,,NA,NA,,,,NA,NA,NA,,NA,NA,,,,NA,NA,NA,,NA,NA,,,,NA,NA,NA,,NA,NA,,,,NA,NA,NA,,NA,NA,,,,NA,NA,NA,,NA,NA,,,,NA,NA,NA,NA,NA,NA,NA,,NA,NA,,,,NA,NA,NA,NA,NA,NA,NA,,NA,NA,,,,NA,NA,NA,,NA,NA,,,,People vaping and exercising,People vaping,16,Young Treat,1,0,0,0,1,1,1,0,0,2,2,1,1,1,1
R_7scqICUkFUgvV6w,15,Yes,NA,NA,NA,,NA,NA,,,,NA,NA,NA,,NA,NA,,,,NA,NA,NA,,NA,NA,,,,NA,NA,NA,,NA,NA,,,,NA,NA,NA,,NA,NA,,,,NA,NA,NA,,NA,NA,,,,2,3,37,Extremely harmful,0,0,Definitely not,Definitely not,Probably yes,15,5,17,Somewhat harmful,3,4,Probably yes,Definitely not,Probably not,50,18,NA,Extremely harmful,1,5,Definitely not,Probably yes,Definitely not,NA,NA,25,Extremely harmful,0,0,Definitely not,Definitely not,Definitely not,34,28,100,Somewhat harmful,7,7,Definitely yes,Probably yes,Definitely yes,19,0,11,Extremely harmful,1,0,Probably not,Definitely not,Definitely yes,NA,NA,NA,,NA,NA,,,,NA,NA,NA,,NA,NA,,,,NA,NA,NA,,NA,NA,,,,NA,NA,NA,,NA,NA,,,,NA,NA,NA,,NA,NA,,,,NA,NA,NA,,NA,NA,,,,NA,NA,NA,,NA,NA,,,,NA,NA,NA,,NA,NA,,,,NA,NA,NA,,NA,NA,,,,NA,NA,NA,NA,NA,NA,NA,,NA,NA,,,,NA,NA,NA,NA,NA,NA,NA,,NA,NA,,,,NA,NA,NA,,NA,NA,,,,People vaping and exercising,People vaping,15,Old Treat,0,0,0,0,1,1,0,0,0,3,3,1,1,0,0
R_7QrdMZ2yp0CnN0k,16,Yes,NA,NA,NA,,NA,NA,,,,NA,NA,NA,,NA,NA,,,,NA,NA,NA,,NA,NA,,,,NA,NA,NA,,NA,NA,,,,NA,NA,NA,,NA,NA,,,,NA,NA,NA,,NA,NA,,,,NA,NA,NA,,NA,NA,,,,NA,NA,NA,,NA,NA,,,,NA,NA,NA,,NA,NA,,,,NA,NA,NA,,NA,NA,,,,NA,NA,NA,,NA,NA,,,,NA,NA,NA,,NA,NA,,,,54,35,83,Extremely harmful,0,0,Definitely not,Definitely not,Definitely not,68,70,93,Extremely harmful,0,0,Definitely not,Definitely not,Definitely not,53,51,89,Extremely harmful,0,0,Definitely not,Definitely not,Definitely not,55,16,82,Extremely harmful,0,0,Definitely not,Definitely not,Definitely not,41,45,21,Extremely harmful,0,0,Definitely not,Definitely not,Definitely not,30,27,58,Extremely harmful,0,0,Definitely not,Definitely not,Definitely not,NA,NA,NA,,NA,NA,,,,NA,NA,NA,,NA,NA,,,,NA,NA,NA,,NA,NA,,,,NA,NA,NA,NA,NA,NA,NA,,NA,NA,,,,NA,NA,NA,NA,NA,NA,NA,,NA,NA,,,,NA,NA,NA,,NA,NA,,,,,People vaping,16,Young Control,0,0,0,0,1,0,0,0,0,1,1,1,1,0,0
R_5EGdko2NEPS2D8m,17,Yes,NA,NA,NA,,NA,NA,,,,NA,NA,NA,,NA,NA,,,,NA,NA,NA,,NA,NA,,,,NA,NA,NA,,NA,NA,,,,NA,NA,NA,,NA,NA,,,,NA,NA,NA,,NA,NA,,,,25,8,23,Extremely harmful,0,1,Definitely not,Definitely not,Definitely not,85,11,14,Extremely harmful,1,2,Definitely not,Definitely not,Definitely not,22,12,39,Extremely harmful,1,1,Definitely not,Definitely not,Definitely not,38,5,5,Extremely harmful,1,1,Definitely not,Definitely not,Definitely not,50,3,6,Extremely harmful,1,1,Definitely not,Definitely not,Definitely not,1,1,1,Extremely harmful,1,1,Probably not,Definitely not,Definitely not,NA,NA,NA,,NA,NA,,,,NA,NA,NA,,NA,NA,,,,NA,NA,NA,,NA,NA,,,,NA,NA,NA,,NA,NA,,,,NA,NA,NA,,NA,NA,,,,NA,NA,NA,,NA,NA,,,,NA,NA,NA,,NA,NA,,,,NA,NA,NA,,NA,NA,,,,NA,NA,NA,,NA,NA,,,,NA,NA,NA,NA,NA,NA,NA,,NA,NA,,,,NA,NA,NA,NA,NA,NA,NA,,NA,NA,,,,NA,NA,NA,,NA,NA,,,,People vaping and exercising,,17,Old Treat,0,0,0,1,0,1,0,0,0,1,1,1,1,0,0
R_6shlqJbcbFzDgcg,16,Yes,9,13,59,Somewhat harmful,0,0,Probably not,Probably not,Probably not,13,11,8,Slightly harmful,1,1,Probably not,Probably not,Probably not,52,38,35,Slightly harmful,1,2,Probably not,Probably not,Probably not,11,13,12,Somewhat harmful,1,1,Probably not,Probably not,Probably not,10,9,11,Slightly harmful,1,1,Probably not,Probably not,Probably not,5,7,2,Somewhat harmful,1,0,Probably not,Probably not,Probably not,NA,NA,NA,,NA,NA,,,,NA,NA,NA,,NA,NA,,,,NA,NA,NA,,NA,NA,,,,NA,NA,NA,,NA,NA,,,,NA,NA,NA,,NA,NA,,,,NA,NA,NA,,NA,NA,,,,NA,NA,NA,,NA,NA,,,,NA,NA,NA,,NA,NA,,,,NA,NA,NA,,NA,NA,,,,NA,NA,NA,,NA,NA,,,,NA,NA,NA,,NA,NA,,,,NA,NA,NA,,NA,NA,,,,NA,NA,NA,,NA,NA,,,,NA,NA,NA,,NA,NA,,,,NA,NA,NA,,NA,NA,,,,NA,NA,NA,NA,NA,NA,NA,,NA,NA,,,,NA,NA,NA,NA,NA,NA,NA,,NA,NA,,,,NA,NA,NA,,NA,NA,,,,People vaping and exercising,People vaping,16,Young Treat,0,0,1,0,1,1,0,0,0,3,3,1,1,0,0
R_3kICq080QxOte13,15,No,NA,NA,NA,,NA,NA,,,,NA,NA,NA,,NA,NA,,,,NA,NA,NA,,NA,NA,,,,NA,NA,NA,,NA,NA,,,,NA,NA,NA,,NA,NA,,,,NA,NA,NA,,NA,NA,,,,4,3,46,Very harmful,0,0,I prefer not to answer,Definitely not,Probably not,0,0,0,Extremely harmful,0,0,Probably not,Definitely not,Definitely not,1,1,10,Extremely harmful,0,0,Definitely not,Probably not,Definitely not,3,1,24,Extremely harmful,0,0,Definitely not,Definitely not,Definitely not,8,2,35,Very harmful,1,0,Probably yes,Probably not,Probably not,1,1,1,Extremely harmful,0,0,Probably not,Definitely not,Definitely not,NA,NA,NA,,NA,NA,,,,NA,NA,NA,,NA,NA,,,,NA,NA,NA,,NA,NA,,,,NA,NA,NA,,NA,NA,,,,NA,NA,NA,,NA,NA,,,,NA,NA,NA,,NA,NA,,,,NA,NA,NA,,NA,NA,,,,NA,NA,NA,,NA,NA,,,,NA,NA,NA,,NA,NA,,,,NA,NA,NA,NA,NA,NA,NA,,NA,NA,,,,NA,NA,NA,NA,NA,NA,NA,,NA,NA,,,,NA,NA,NA,,NA,NA,,,,People vaping and exercising,People vaping,15,Old Treat,0,0,0,1,0,0,1,0,0,1,1,1,1,1,1
R_5Iz7nS2ovLcqSg9,16,No,26,50,28,Somewhat harmful,0,0,Definitely not,Definitely not,Definitely not,17,25,30,Somewhat harmful,0,0,Definitely not,Definitely not,Definitely not,12,41,13,Somewhat harmful,0,0,Definitely not,Definitely not,Definitely not,14,40,19,Very harmful,0,0,Definitely not,Definitely not,Definitely not,66,62,31,Somewhat harmful,0,0,Definitely not,Definitely not,Definitely not,36,26,40,Somewhat harmful,0,0,Definitely not,Definitely not,Definitely not,NA,NA,NA,,NA,NA,,,,NA,NA,NA,,NA,NA,,,,NA,NA,NA,,NA,NA,,,,NA,NA,NA,,NA,NA,,,,NA,NA,NA,,NA,NA,,,,NA,NA,NA,,NA,NA,,,,NA,NA,NA,,NA,NA,,,,NA,NA,NA,,NA,NA,,,,NA,NA,NA,,NA,NA,,,,NA,NA,NA,,NA,NA,,,,NA,NA,NA,,NA,NA,,,,NA,NA,NA,,NA,NA,,,,NA,NA,NA,,NA,NA,,,,NA,NA,NA,,NA,NA,,,,NA,NA,NA,,NA,NA,,,,NA,NA,NA,NA,NA,NA,NA,,NA,NA,,,,NA,NA,NA,NA,NA,NA,NA,,NA,NA,,,,NA,NA,NA,,NA,NA,,,,People vaping and exercising,People vaping,16,Young Treat,0,0,1,0,0,0,0,0,0,2,2,1,1,0,0
R_3ZHuObmXy6ofoHG,15,Yes,NA,NA,NA,,NA,NA,,,,NA,NA,NA,,NA,NA,,,,NA,NA,NA,,NA,NA,,,,NA,NA,NA,,NA,NA,,,,NA,NA,NA,,NA,NA,,,,NA,NA,NA,,NA,NA,,,,NA,NA,NA,,NA,NA,,,,NA,NA,NA,,NA,NA,,,,NA,NA,NA,,NA,NA,,,,NA,NA,NA,,NA,NA,,,,NA,NA,NA,,NA,NA,,,,NA,NA,NA,,NA,NA,,,,NA,NA,NA,,NA,NA,,,,NA,NA,NA,,NA,NA,,,,NA,NA,NA,,NA,NA,,,,NA,NA,NA,,NA,NA,,,,NA,NA,NA,,NA,NA,,,,NA,NA,NA,,NA,NA,,,,12,28,18,Extremely harmful,0,1,Definitely not,Definitely not,Definitely not,11,25,19,Very harmful,1,0,Probably not,Definitely not,Probably not,59,46,24,Very harmful,1,0,Probably not,Definitely not,Probably not,1.804,15.212,17.194,4,35,20,18,Very harmful,0,0,Probably not,Definitely not,Definitely not,1.401,30.706,32.37,3,30,32,42,Extremely harmful,1,0,Definitely not,Definitely not,Definitely not,8,25,6,Very harmful,0,0,Probably not,Definitely not,Definitely not,,People vaping,15,Old Control,0,0,0,0,1,1,1,0,0,2,2,1,1,0,0
R_1Brsjsmziz8Zwpz,16,No,NA,NA,NA,,NA,NA,,,,NA,NA,NA,,NA,NA,,,,NA,NA,NA,,NA,NA,,,,NA,NA,NA,,NA,NA,,,,NA,NA,NA,,NA,NA,,,,NA,NA,NA,,NA,NA,,,,NA,NA,NA,,NA,NA,,,,NA,NA,NA,,NA,NA,,,,NA,NA,NA,,NA,NA,,,,NA,NA,NA,,NA,NA,,,,NA,NA,NA,,NA,NA,,,,NA,NA,NA,,NA,NA,,,,30,19,45,Extremely harmful,0,0,Definitely not,Definitely not,Definitely not,7,8,13,Extremely harmful,0,0,Definitely not,Definitely not,Definitely not,14,17,18,Extremely harmful,0,0,Definitely not,Definitely not,Definitely not,19,21,22,Extremely harmful,0,0,Definitely not,Definitely not,Definitely not,49,39,25,Very harmful,0,0,Definitely not,Definitely not,Definitely not,20,28,30,Extremely harmful,0,0,Definitely not,Definitely not,Definitely not,NA,NA,NA,,NA,NA,,,,NA,NA,NA,,NA,NA,,,,NA,NA,NA,,NA,NA,,,,NA,NA,NA,NA,NA,NA,NA,,NA,NA,,,,NA,NA,NA,NA,NA,NA,NA,,NA,NA,,,,NA,NA,NA,,NA,NA,,,,,People vaping,16,Young Control,1,1,0,0,0,0,1,0,0,1,1,1,1,0,0
R_79oanr9b8RFGVLo,16,No,NA,NA,76,Extremely harmful,0,0,Definitely not,Definitely not,Definitely not,36,38,100,Extremely harmful,0,0,Definitely not,Definitely not,Definitely not,NA,NA,100,Extremely harmful,0,0,Definitely not,Definitely not,Definitely not,NA,NA,100,Extremely harmful,0,0,Definitely not,Definitely not,Definitely not,NA,NA,77,Extremely harmful,0,0,Definitely not,Definitely not,Definitely not,19,21,82,Extremely harmful,0,0,Definitely not,Definitely not,Definitely not,NA,NA,NA,,NA,NA,,,,NA,NA,NA,,NA,NA,,,,NA,NA,NA,,NA,NA,,,,NA,NA,NA,,NA,NA,,,,NA,NA,NA,,NA,NA,,,,NA,NA,NA,,NA,NA,,,,NA,NA,NA,,NA,NA,,,,NA,NA,NA,,NA,NA,,,,NA,NA,NA,,NA,NA,,,,NA,NA,NA,,NA,NA,,,,NA,NA,NA,,NA,NA,,,,NA,NA,NA,,NA,NA,,,,NA,NA,NA,,NA,NA,,,,NA,NA,NA,,NA,NA,,,,NA,NA,NA,,NA,NA,,,,NA,NA,NA,NA,NA,NA,NA,,NA,NA,,,,NA,NA,NA,NA,NA,NA,NA,,NA,NA,,,,NA,NA,NA,,NA,NA,,,,People vaping and exercising,,16,Young Treat,0,1,0,0,0,0,0,0,0,1,1,1,1,0,0
R_5JQP6RdsE3Xrc4w,17,Yes,NA,NA,NA,,NA,NA,,,,NA,NA,NA,,NA,NA,,,,NA,NA,NA,,NA,NA,,,,NA,NA,NA,,NA,NA,,,,NA,NA,NA,,NA,NA,,,,NA,NA,NA,,NA,NA,,,,NA,NA,NA,,NA,NA,,,,NA,NA,NA,,NA,NA,,,,NA,NA,NA,,NA,NA,,,,NA,NA,NA,,NA,NA,,,,NA,NA,NA,,NA,NA,,,,NA,NA,NA,,NA,NA,,,,NA,NA,NA,,NA,NA,,,,NA,NA,NA,,NA,NA,,,,NA,NA,NA,,NA,NA,,,,NA,NA,NA,,NA,NA,,,,NA,NA,NA,,NA,NA,,,,NA,NA,NA,,NA,NA,,,,25,24,39,Extremely harmful,1,2,Probably not,Probably not,Definitely not,41,43,15,Very harmful,2,3,Probably yes,Probably yes,Definitely not,46,42,43,Very harmful,1,0,Definitely not,Definitely not,Definitely not,2.394,12.76,13.002,4,26,33,30,Extremely harmful,2,1,Definitely not,Definitely not,Definitely not,1.716,14.341,15.566,2,53,52,5,Very harmful,2,1,Probably yes,Probably yes,Definitely not,24,20,51,Very harmful,1,1,Probably yes,Probably not,Definitely not,,People vaping,17,Old Control,1,0,0,0,0,1,0,1,1,2,2,1,2,1,0
R_5JEHHD4B1ps09ey,15,Yes,NA,NA,NA,,NA,NA,,,,NA,NA,NA,,NA,NA,,,,NA,NA,NA,,NA,NA,,,,NA,NA,NA,,NA,NA,,,,NA,NA,NA,,NA,NA,,,,NA,NA,NA,,NA,NA,,,,NA,NA,NA,,NA,NA,,,,NA,NA,NA,,NA,NA,,,,NA,NA,NA,,NA,NA,,,,NA,NA,NA,,NA,NA,,,,NA,NA,NA,,NA,NA,,,,NA,NA,NA,,NA,NA,,,,NA,NA,NA,,NA,NA,,,,NA,NA,NA,,NA,NA,,,,NA,NA,NA,,NA,NA,,,,NA,NA,NA,,NA,NA,,,,NA,NA,NA,,NA,NA,,,,NA,NA,NA,,NA,NA,,,,49,43,54,Extremely harmful,0,0,Definitely not,Definitely not,Definitely not,46,46,44,Extremely harmful,0,0,Definitely not,Definitely not,Definitely not,47,54,44,Extremely harmful,0,0,Definitely not,Definitely not,Definitely not,1.035,11.846,13.236,2,45,46,41,Extremely harmful,0,0,Definitely not,Definitely not,Definitely not,1.001,13.028,14.567,2,55,63,56,Extremely harmful,0,0,Definitely not,Definitely not,Definitely not,37,37,30,Extremely harmful,0,0,Definitely not,Definitely not,Definitely not,,People vaping,15,Old Control,0,0,0,0,0,0,1,0,0,1,1,1,1,0,0
R_7S7ynRNTDks55oF,14,No,NA,NA,NA,,NA,NA,,,,NA,NA,NA,,NA,NA,,,,NA,NA,NA,,NA,NA,,,,NA,NA,NA,,NA,NA,,,,NA,NA,NA,,NA,NA,,,,NA,NA,NA,,NA,NA,,,,NA,NA,NA,,NA,NA,,,,NA,NA,NA,,NA,NA,,,,NA,NA,NA,,NA,NA,,,,NA,NA,NA,,NA,NA,,,,NA,NA,NA,,NA,NA,,,,NA,NA,NA,,NA,NA,,,,0,0,0,Extremely harmful,0,0,Definitely not,Definitely not,Definitely not,50,0,0,Extremely harmful,0,0,Definitely not,Definitely not,Definitely not,0,0,0,Extremely harmful,0,0,Definitely not,Definitely not,Definitely not,0,0,0,Extremely harmful,0,0,Definitely not,Definitely not,Definitely not,0,0,0,Extremely harmful,0,0,Definitely not,Definitely not,Definitely not,0,0,0,Extremely harmful,0,0,Definitely not,Definitely not,Definitely not,NA,NA,NA,,NA,NA,,,,NA,NA,NA,,NA,NA,,,,NA,NA,NA,,NA,NA,,,,NA,NA,NA,NA,NA,NA,NA,,NA,NA,,,,NA,NA,NA,NA,NA,NA,NA,,NA,NA,,,,NA,NA,NA,,NA,NA,,,,,People vaping,14,Young Control,1,0,0,0,0,0,0,0,0,1,1,1,3,0,0
R_3Nsw5osgZIT26J5,16,No,NA,NA,NA,,NA,NA,,,,NA,NA,NA,,NA,NA,,,,NA,NA,NA,,NA,NA,,,,NA,NA,NA,,NA,NA,,,,NA,NA,NA,,NA,NA,,,,NA,NA,NA,,NA,NA,,,,32,23,34,Extremely harmful,1,1,Probably yes,Probably not,Definitely not,39,2,50,Not at all harmful,5,3,Probably yes,Probably not,Definitely not,74,44,37,Extremely harmful,1,1,Probably yes,Probably not,Definitely not,36,6,29,Extremely harmful,1,1,Probably yes,Probably not,Definitely not,23,31,24,Extremely harmful,1,1,Probably yes,Probably not,Definitely not,53,28,28,Extremely harmful,3,1,Probably yes,Probably not,Definitely not,NA,NA,NA,,NA,NA,,,,NA,NA,NA,,NA,NA,,,,NA,NA,NA,,NA,NA,,,,NA,NA,NA,,NA,NA,,,,NA,NA,NA,,NA,NA,,,,NA,NA,NA,,NA,NA,,,,NA,NA,NA,,NA,NA,,,,NA,NA,NA,,NA,NA,,,,NA,NA,NA,,NA,NA,,,,NA,NA,NA,NA,NA,NA,NA,,NA,NA,,,,NA,NA,NA,NA,NA,NA,NA,,NA,NA,,,,NA,NA,NA,,NA,NA,,,,People vaping and exercising,People vaping,16,Old Treat,1,0,0,1,0,0,1,0,0,1,1,1,2,1,1
R_7zITdWa1QFH0D9E,17,Yes,NA,NA,NA,,NA,NA,,,,NA,NA,NA,,NA,NA,,,,NA,NA,NA,,NA,NA,,,,NA,NA,NA,,NA,NA,,,,NA,NA,NA,,NA,NA,,,,NA,NA,NA,,NA,NA,,,,NA,NA,NA,,NA,NA,,,,NA,NA,NA,,NA,NA,,,,NA,NA,NA,,NA,NA,,,,NA,NA,NA,,NA,NA,,,,NA,NA,NA,,NA,NA,,,,NA,NA,NA,,NA,NA,,,,NA,NA,NA,,NA,NA,,,,NA,NA,NA,,NA,NA,,,,NA,NA,NA,,NA,NA,,,,NA,NA,NA,,NA,NA,,,,NA,NA,NA,,NA,NA,,,,NA,NA,NA,,NA,NA,,,,75,75,50,Extremely harmful,1,1,Definitely not,Definitely not,Definitely not,10,10,10,Extremely harmful,0,0,Definitely not,Definitely not,Definitely not,10,10,10,Extremely harmful,0,0,Definitely not,Definitely not,Definitely not,1.223,11.356,12,3,20,20,10,Extremely harmful,0,0,Definitely not,Definitely not,Definitely not,1.133,12.089,12.892,2,30,30,10,Extremely harmful,0,1,Definitely not,Definitely not,Definitely not,20,20,19,Extremely harmful,0,0,Definitely not,Definitely not,Definitely not,,People vaping,17,Old Control,1,0,0,0,0,0,0,0,0,1,1,1,1,0,0
R_6hRDR18dLYIhCBb,16,Yes,NA,NA,NA,,NA,NA,,,,NA,NA,NA,,NA,NA,,,,NA,NA,NA,,NA,NA,,,,NA,NA,NA,,NA,NA,,,,NA,NA,NA,,NA,NA,,,,NA,NA,NA,,NA,NA,,,,NA,NA,NA,,NA,NA,,,,NA,NA,NA,,NA,NA,,,,NA,NA,NA,,NA,NA,,,,NA,NA,NA,,NA,NA,,,,NA,NA,NA,,NA,NA,,,,NA,NA,NA,,NA,NA,,,,10,14,18,Very harmful,1,1,Definitely not,Definitely not,Definitely not,15,13,14,Very harmful,1,1,Definitely not,Definitely not,Definitely not,17,14,17,Very harmful,0,1,Definitely not,Definitely not,Definitely not,12,17,14,Very harmful,1,1,Definitely not,Definitely not,Definitely not,12,14,10,Very harmful,1,1,Definitely not,Definitely not,Definitely not,10,14,9,Very harmful,1,1,Definitely not,Definitely not,Definitely not,NA,NA,NA,,NA,NA,,,,NA,NA,NA,,NA,NA,,,,NA,NA,NA,,NA,NA,,,,NA,NA,NA,NA,NA,NA,NA,,NA,NA,,,,NA,NA,NA,NA,NA,NA,NA,,NA,NA,,,,NA,NA,NA,,NA,NA,,,,,People vaping,16,Young Control,0,0,0,1,0,1,0,0,0,2,2,1,1,0,0
R_3omPg0NHrDOPpsv,17,No,0,11,23,Extremely harmful,0,0,Definitely not,Definitely not,Definitely not,0,0,0,Very harmful,0,0,Definitely not,Definitely not,Definitely not,0,0,0,Very harmful,0,0,Definitely not,Definitely not,Definitely not,0,0,0,Very harmful,0,0,Definitely not,Definitely not,Definitely not,0,0,0,Very harmful,0,0,Definitely not,Definitely not,Definitely not,0,0,0,Very harmful,0,0,Definitely not,Definitely not,Definitely not,NA,NA,NA,,NA,NA,,,,NA,NA,NA,,NA,NA,,,,NA,NA,NA,,NA,NA,,,,NA,NA,NA,,NA,NA,,,,NA,NA,NA,,NA,NA,,,,NA,NA,NA,,NA,NA,,,,NA,NA,NA,,NA,NA,,,,NA,NA,NA,,NA,NA,,,,NA,NA,NA,,NA,NA,,,,NA,NA,NA,,NA,NA,,,,NA,NA,NA,,NA,NA,,,,NA,NA,NA,,NA,NA,,,,NA,NA,NA,,NA,NA,,,,NA,NA,NA,,NA,NA,,,,NA,NA,NA,,NA,NA,,,,NA,NA,NA,NA,NA,NA,NA,,NA,NA,,,,NA,NA,NA,NA,NA,NA,NA,,NA,NA,,,,NA,NA,NA,,NA,NA,,,,People vaping and exercising,People vaping,17,Young Treat,1,0,1,0,0,0,1,0,0,2,2,1,1,0,0
R_6IuDd4NA3xZyAvv,17,Yes,NA,NA,NA,,NA,NA,,,,NA,NA,NA,,NA,NA,,,,NA,NA,NA,,NA,NA,,,,NA,NA,NA,,NA,NA,,,,NA,NA,NA,,NA,NA,,,,NA,NA,NA,,NA,NA,,,,NA,NA,NA,,NA,NA,,,,NA,NA,NA,,NA,NA,,,,NA,NA,NA,,NA,NA,,,,NA,NA,NA,,NA,NA,,,,NA,NA,NA,,NA,NA,,,,NA,NA,NA,,NA,NA,,,,46,31,100,Extremely harmful,0,0,Definitely not,Definitely not,Definitely not,55,37,100,Extremely harmful,0,0,Definitely not,Definitely not,Definitely not,50,41,100,Extremely harmful,0,0,Definitely not,Definitely not,Definitely not,54,40,100,Extremely harmful,0,0,Definitely not,Definitely not,Definitely not,54,30,100,Extremely harmful,0,1,Definitely not,Definitely not,Definitely not,52,40,100,Extremely harmful,0,0,Definitely not,Definitely not,Definitely not,NA,NA,NA,,NA,NA,,,,NA,NA,NA,,NA,NA,,,,NA,NA,NA,,NA,NA,,,,NA,NA,NA,NA,NA,NA,NA,,NA,NA,,,,NA,NA,NA,NA,NA,NA,NA,,NA,NA,,,,NA,NA,NA,,NA,NA,,,,,People vaping,17,Young Control,0,0,0,0,1,1,0,0,0,1,1,1,1,0,0
R_5GD1bfKHu3I5hp7,16,I prefer not to answer,NA,NA,NA,,NA,NA,,,,NA,NA,NA,,NA,NA,,,,NA,NA,NA,,NA,NA,,,,NA,NA,NA,,NA,NA,,,,NA,NA,NA,,NA,NA,,,,NA,NA,NA,,NA,NA,,,,NA,NA,NA,,NA,NA,,,,NA,NA,NA,,NA,NA,,,,NA,NA,NA,,NA,NA,,,,NA,NA,NA,,NA,NA,,,,NA,NA,NA,,NA,NA,,,,NA,NA,NA,,NA,NA,,,,NA,NA,NA,,NA,NA,,,,NA,NA,NA,,NA,NA,,,,NA,NA,NA,,NA,NA,,,,NA,NA,NA,,NA,NA,,,,NA,NA,NA,,NA,NA,,,,NA,NA,NA,,NA,NA,,,,NA,NA,NA,I prefer not to answer,NA,NA,I prefer not to answer,I prefer not to answer,I prefer not to answer,11,NA,NA,Very harmful,NA,NA,I prefer not to answer,I prefer not to answer,I prefer not to answer,NA,NA,NA,Not at all harmful,NA,NA,I prefer not to answer,I prefer not to answer,I prefer not to answer,0.188,10.387,11.031,7,53,53,49,Not at all harmful,4,0,I prefer not to answer,I prefer not to answer,I prefer not to answer,1.331,9.008,10.779,6,NA,NA,NA,I prefer not to answer,NA,NA,I prefer not to answer,I prefer not to answer,I prefer not to answer,49,51,51,Extremely harmful,1,1,Definitely not,Probably not,Definitely not,,People vaping,16,Old Control,0,0,1,0,0,0,0,0,0,5,5,1,3,0,0
R_7EY6Z8PBoeRQdZZ,16,No,NA,NA,NA,,NA,NA,,,,NA,NA,NA,,NA,NA,,,,NA,NA,NA,,NA,NA,,,,NA,NA,NA,,NA,NA,,,,NA,NA,NA,,NA,NA,,,,NA,NA,NA,,NA,NA,,,,18,18,30,Extremely harmful,0,0,Definitely not,Definitely not,Definitely not,39,45,15,Extremely harmful,0,0,Definitely not,Definitely not,Definitely not,45,54,20,Extremely harmful,0,0,Definitely not,Definitely not,Definitely not,10,10,15,Extremely harmful,0,0,Definitely not,Definitely not,Definitely not,25,28,26,Extremely harmful,0,0,Definitely not,Definitely not,Definitely not,14,12,22,Extremely harmful,0,0,Definitely not,Definitely not,Definitely not,NA,NA,NA,,NA,NA,,,,NA,NA,NA,,NA,NA,,,,NA,NA,NA,,NA,NA,,,,NA,NA,NA,,NA,NA,,,,NA,NA,NA,,NA,NA,,,,NA,NA,NA,,NA,NA,,,,NA,NA,NA,,NA,NA,,,,NA,NA,NA,,NA,NA,,,,NA,NA,NA,,NA,NA,,,,NA,NA,NA,NA,NA,NA,NA,,NA,NA,,,,NA,NA,NA,NA,NA,NA,NA,,NA,NA,,,,NA,NA,NA,,NA,NA,,,,People vaping and exercising,People vaping,16,Old Treat,1,1,0,0,0,0,0,0,0,1,1,1,1,0,0
R_3OMJEkK55diUcVj,17,Yes,NA,NA,NA,,NA,NA,,,,NA,NA,NA,,NA,NA,,,,NA,NA,NA,,NA,NA,,,,NA,NA,NA,,NA,NA,,,,NA,NA,NA,,NA,NA,,,,NA,NA,NA,,NA,NA,,,,NA,NA,NA,,NA,NA,,,,NA,NA,NA,,NA,NA,,,,NA,NA,NA,,NA,NA,,,,NA,NA,NA,,NA,NA,,,,NA,NA,NA,,NA,NA,,,,NA,NA,NA,,NA,NA,,,,NA,NA,NA,,NA,NA,,,,NA,NA,NA,,NA,NA,,,,NA,NA,NA,,NA,NA,,,,NA,NA,NA,,NA,NA,,,,NA,NA,NA,,NA,NA,,,,NA,NA,NA,,NA,NA,,,,0,0,0,Extremely harmful,0,0,Definitely not,Definitely not,Definitely not,0,0,0,Extremely harmful,0,0,Definitely not,Definitely not,Definitely not,0,0,0,Extremely harmful,0,0,Definitely not,Definitely not,Definitely not,1.648,17.405,18.836,3,0,0,0,Extremely harmful,0,0,Definitely not,Definitely not,Definitely not,1.251,31.538,32.434,5,0,11,95,Extremely harmful,1,1,Definitely not,Definitely not,Definitely not,0,0,0,Extremely harmful,0,0,Definitely not,Definitely not,Definitely not,People vaping and exercising,People vaping,17,Old Control,0,0,0,0,1,0,0,0,0,1,1,1,1,0,0
R_3wGEX9THZyEMI7M,17,Yes,NA,NA,NA,,NA,NA,,,,NA,NA,NA,,NA,NA,,,,NA,NA,NA,,NA,NA,,,,NA,NA,NA,,NA,NA,,,,NA,NA,NA,,NA,NA,,,,NA,NA,NA,,NA,NA,,,,NA,NA,NA,,NA,NA,,,,NA,NA,NA,,NA,NA,,,,NA,NA,NA,,NA,NA,,,,NA,NA,NA,,NA,NA,,,,NA,NA,NA,,NA,NA,,,,NA,NA,NA,,NA,NA,,,,0,0,0,Extremely harmful,0,0,Definitely not,Definitely not,Definitely not,0,0,0,Extremely harmful,0,0,Definitely not,Definitely not,Definitely not,0,0,0,Extremely harmful,0,0,Definitely not,Definitely not,Definitely not,0,0,0,Extremely harmful,1,2,Definitely not,Definitely not,Definitely not,0,0,0,Extremely harmful,0,1,Definitely not,Definitely not,Definitely not,0,0,0,Extremely harmful,0,0,Definitely not,Definitely not,Definitely not,NA,NA,NA,,NA,NA,,,,NA,NA,NA,,NA,NA,,,,NA,NA,NA,,NA,NA,,,,NA,NA,NA,NA,NA,NA,NA,,NA,NA,,,,NA,NA,NA,NA,NA,NA,NA,,NA,NA,,,,NA,NA,NA,,NA,NA,,,,,People vaping,17,Young Control,1,0,0,0,0,0,1,0,0,1,1,1,1,0,0
R_5an0NIReTweSICC,14,No,20,13,51,Extremely harmful,0,0,Definitely not,Definitely not,Definitely not,5,15,66,Extremely harmful,0,0,Definitely not,Definitely not,Definitely not,14,7,70,Extremely harmful,0,0,Definitely not,Definitely not,Definitely not,19,11,75,Extremely harmful,0,0,Definitely not,Definitely not,Definitely not,10,18,42,Extremely harmful,0,0,Definitely not,Definitely not,Definitely not,23,20,50,Extremely harmful,0,0,Definitely not,Definitely not,Definitely not,NA,NA,NA,,NA,NA,,,,NA,NA,NA,,NA,NA,,,,NA,NA,NA,,NA,NA,,,,NA,NA,NA,,NA,NA,,,,NA,NA,NA,,NA,NA,,,,NA,NA,NA,,NA,NA,,,,NA,NA,NA,,NA,NA,,,,NA,NA,NA,,NA,NA,,,,NA,NA,NA,,NA,NA,,,,NA,NA,NA,,NA,NA,,,,NA,NA,NA,,NA,NA,,,,NA,NA,NA,,NA,NA,,,,NA,NA,NA,,NA,NA,,,,NA,NA,NA,,NA,NA,,,,NA,NA,NA,,NA,NA,,,,NA,NA,NA,NA,NA,NA,NA,,NA,NA,,,,NA,NA,NA,NA,NA,NA,NA,,NA,NA,,,,NA,NA,NA,,NA,NA,,,,People vaping and exercising,,14,Young Treat,0,1,0,0,0,1,0,0,0,1,1,1,2,0,0
R_7gZeHj3d6iHwPdA,16,No,NA,NA,NA,,NA,NA,,,,NA,NA,NA,,NA,NA,,,,NA,NA,NA,,NA,NA,,,,NA,NA,NA,,NA,NA,,,,NA,NA,NA,,NA,NA,,,,NA,NA,NA,,NA,NA,,,,50,50,0,Not at all harmful,0,0,Definitely not,Definitely not,Definitely not,50,50,0,Not at all harmful,0,1,Definitely not,Definitely not,Definitely not,50,50,0,Not at all harmful,0,0,Definitely not,Definitely not,Definitely not,50,50,0,Not at all harmful,1,1,Definitely not,Definitely not,Definitely not,55,50,0,Not at all harmful,1,2,Definitely not,Definitely not,Definitely not,25,10,0,Not at all harmful,0,0,Definitely not,Definitely not,Definitely not,NA,NA,NA,,NA,NA,,,,NA,NA,NA,,NA,NA,,,,NA,NA,NA,,NA,NA,,,,NA,NA,NA,,NA,NA,,,,NA,NA,NA,,NA,NA,,,,NA,NA,NA,,NA,NA,,,,NA,NA,NA,,NA,NA,,,,NA,NA,NA,,NA,NA,,,,NA,NA,NA,,NA,NA,,,,NA,NA,NA,NA,NA,NA,NA,,NA,NA,,,,NA,NA,NA,NA,NA,NA,NA,,NA,NA,,,,NA,NA,NA,,NA,NA,,,,People vaping and exercising,People vaping,16,Old Treat,0,0,0,0,1,0,1,0,0,1,1,1,1,0,0
R_5CO2m7gXj1xeUqT,17,Yes,29,30,16,Extremely harmful,0,0,Probably yes,Probably yes,Definitely not,55,55,45,Extremely harmful,0,0,Probably yes,Probably yes,Definitely not,74,67,67,Extremely harmful,0,0,Probably yes,Probably yes,Definitely not,60,60,55,Extremely harmful,0,0,Probably yes,Probably yes,Definitely not,40,40,28,Extremely harmful,0,0,Probably yes,Probably yes,Definitely not,50,50,42,Extremely harmful,0,0,Probably yes,Probably yes,Definitely not,NA,NA,NA,,NA,NA,,,,NA,NA,NA,,NA,NA,,,,NA,NA,NA,,NA,NA,,,,NA,NA,NA,,NA,NA,,,,NA,NA,NA,,NA,NA,,,,NA,NA,NA,,NA,NA,,,,NA,NA,NA,,NA,NA,,,,NA,NA,NA,,NA,NA,,,,NA,NA,NA,,NA,NA,,,,NA,NA,NA,,NA,NA,,,,NA,NA,NA,,NA,NA,,,,NA,NA,NA,,NA,NA,,,,NA,NA,NA,,NA,NA,,,,NA,NA,NA,,NA,NA,,,,NA,NA,NA,,NA,NA,,,,NA,NA,NA,NA,NA,NA,NA,,NA,NA,,,,NA,NA,NA,NA,NA,NA,NA,,NA,NA,,,,NA,NA,NA,,NA,NA,,,,People vaping and exercising,People vaping,17,Young Treat,1,1,1,1,0,0,0,1,1,1,1,1,1,1,0
R_5qdYqYOGOxHetmK,16,Yes,NA,NA,NA,,NA,NA,,,,NA,NA,NA,,NA,NA,,,,NA,NA,NA,,NA,NA,,,,NA,NA,NA,,NA,NA,,,,NA,NA,NA,,NA,NA,,,,NA,NA,NA,,NA,NA,,,,NA,NA,NA,,NA,NA,,,,NA,NA,NA,,NA,NA,,,,NA,NA,NA,,NA,NA,,,,NA,NA,NA,,NA,NA,,,,NA,NA,NA,,NA,NA,,,,NA,NA,NA,,NA,NA,,,,NA,NA,NA,,NA,NA,,,,NA,NA,NA,,NA,NA,,,,NA,NA,NA,,NA,NA,,,,NA,NA,NA,,NA,NA,,,,NA,NA,NA,,NA,NA,,,,NA,NA,NA,,NA,NA,,,,91,93,97,Very harmful,6,7,Definitely yes,Probably yes,Definitely yes,90,89,83,Extremely harmful,7,6,Definitely yes,Definitely yes,Probably yes,97,88,97,Very harmful,6,7,Definitely yes,Definitely yes,Probably yes,0,0,13.064,0,93,96,100,Very harmful,6,7,Definitely yes,Probably yes,Probably yes,0,0,33.441,0,93,84,83,Very harmful,6,6,Definitely yes,Probably yes,Probably yes,78,94,98,Extremely harmful,7,6,Definitely yes,Probably yes,Probably yes,,People vaping,16,Old Control,1,0,0,0,0,1,1,0,0,4,4,1,1,0,0
R_7iMl4FM5IBpKXaV,14,No,NA,NA,NA,,NA,NA,,,,NA,NA,NA,,NA,NA,,,,NA,NA,NA,,NA,NA,,,,NA,NA,NA,,NA,NA,,,,NA,NA,NA,,NA,NA,,,,NA,NA,NA,,NA,NA,,,,NA,NA,NA,,NA,NA,,,,NA,NA,NA,,NA,NA,,,,NA,NA,NA,,NA,NA,,,,NA,NA,NA,,NA,NA,,,,NA,NA,NA,,NA,NA,,,,NA,NA,NA,,NA,NA,,,,NA,NA,NA,,NA,NA,,,,NA,NA,NA,,NA,NA,,,,NA,NA,NA,,NA,NA,,,,NA,NA,NA,,NA,NA,,,,NA,NA,NA,,NA,NA,,,,NA,NA,NA,,NA,NA,,,,66,73,61,Very harmful,4,5,Probably yes,Probably not,Probably yes,60,66,37,Very harmful,4,3,Probably yes,Probably yes,Probably yes,60,67,53,Very harmful,4,4,Probably yes,Probably yes,Probably not,0,0,21.3,0,62,55,64,Very harmful,4,5,Probably yes,Probably yes,Probably yes,0,0,12.77,0,61,52,71,Very harmful,4,5,Probably yes,Probably yes,Probably yes,53,73,60,Very harmful,4,5,Probably yes,Probably yes,Probably not,People vaping and exercising,People vaping,14,Old Control,1,0,0,0,0,1,0,0,0,2,2,1,1,0,0
R_7BtdD4ZHcInJfJq,16,No,NA,NA,NA,,NA,NA,,,,NA,NA,NA,,NA,NA,,,,NA,NA,NA,,NA,NA,,,,NA,NA,NA,,NA,NA,,,,NA,NA,NA,,NA,NA,,,,NA,NA,NA,,NA,NA,,,,68,82,67,Very harmful,5,4,Probably yes,Definitely yes,Probably yes,66,57,66,Somewhat harmful,5,4,Probably yes,Definitely yes,Probably yes,66,52,71,Somewhat harmful,5,4,Probably yes,Definitely yes,Probably yes,60,67,52,Very harmful,4,5,Probably yes,Definitely yes,Probably yes,72,59,82,Somewhat harmful,5,3,Probably yes,Definitely yes,Probably yes,65,76,69,Very harmful,6,5,Probably yes,Probably yes,Definitely yes,NA,NA,NA,,NA,NA,,,,NA,NA,NA,,NA,NA,,,,NA,NA,NA,,NA,NA,,,,NA,NA,NA,,NA,NA,,,,NA,NA,NA,,NA,NA,,,,NA,NA,NA,,NA,NA,,,,NA,NA,NA,,NA,NA,,,,NA,NA,NA,,NA,NA,,,,NA,NA,NA,,NA,NA,,,,NA,NA,NA,NA,NA,NA,NA,,NA,NA,,,,NA,NA,NA,NA,NA,NA,NA,,NA,NA,,,,NA,NA,NA,,NA,NA,,,,,People vaping,16,Old Treat,1,0,0,0,0,0,1,1,0,3,3,1,3,1,1
R_7flXl16UpZFUir2,16,No,58,68,54,Somewhat harmful,5,4,Probably yes,Definitely yes,Probably yes,67,52,64,Somewhat harmful,5,4,Probably yes,Definitely yes,Probably yes,62,42,63,Very harmful,4,5,Definitely yes,Probably yes,Probably yes,58,47,62,Somewhat harmful,4,5,Definitely yes,Probably yes,Probably yes,63,59,37,Very harmful,5,4,Definitely yes,Probably yes,Probably yes,66,59,66,Very harmful,5,4,Probably yes,Probably yes,Probably yes,NA,NA,NA,,NA,NA,,,,NA,NA,NA,,NA,NA,,,,NA,NA,NA,,NA,NA,,,,NA,NA,NA,,NA,NA,,,,NA,NA,NA,,NA,NA,,,,NA,NA,NA,,NA,NA,,,,NA,NA,NA,,NA,NA,,,,NA,NA,NA,,NA,NA,,,,NA,NA,NA,,NA,NA,,,,NA,NA,NA,,NA,NA,,,,NA,NA,NA,,NA,NA,,,,NA,NA,NA,,NA,NA,,,,NA,NA,NA,,NA,NA,,,,NA,NA,NA,,NA,NA,,,,NA,NA,NA,,NA,NA,,,,NA,NA,NA,NA,NA,NA,NA,,NA,NA,,,,NA,NA,NA,NA,NA,NA,NA,,NA,NA,,,,NA,NA,NA,,NA,NA,,,,,People vaping,16,Young Treat,1,0,0,0,0,0,1,1,0,3,3,1,3,1,1
R_5oHWW2RHyheomxX,16,No,NA,NA,NA,,NA,NA,,,,NA,NA,NA,,NA,NA,,,,NA,NA,NA,,NA,NA,,,,NA,NA,NA,,NA,NA,,,,NA,NA,NA,,NA,NA,,,,NA,NA,NA,,NA,NA,,,,NA,NA,NA,,NA,NA,,,,NA,NA,NA,,NA,NA,,,,NA,NA,NA,,NA,NA,,,,NA,NA,NA,,NA,NA,,,,NA,NA,NA,,NA,NA,,,,NA,NA,NA,,NA,NA,,,,65,59,73,Somewhat harmful,4,5,Probably yes,Definitely yes,Probably yes,55,74,58,Very harmful,4,5,Probably yes,Definitely yes,Probably yes,64,52,68,Somewhat harmful,5,4,Definitely yes,Probably yes,Probably yes,60,72,65,Somewhat harmful,4,5,Probably yes,Definitely yes,Probably yes,64,80,72,Very harmful,5,4,Probably yes,Probably yes,Probably yes,65,50,66,Very harmful,4,5,Probably yes,Definitely yes,Probably yes,NA,NA,NA,,NA,NA,,,,NA,NA,NA,,NA,NA,,,,NA,NA,NA,,NA,NA,,,,NA,NA,NA,NA,NA,NA,NA,,NA,NA,,,,NA,NA,NA,NA,NA,NA,NA,,NA,NA,,,,NA,NA,NA,,NA,NA,,,,,People vaping,16,Young Control,1,0,0,0,0,1,1,1,1,4,4,1,3,1,0
R_7oTmSxaKTj6HQd7,16,No,NA,NA,NA,,NA,NA,,,,NA,NA,NA,,NA,NA,,,,NA,NA,NA,,NA,NA,,,,NA,NA,NA,,NA,NA,,,,NA,NA,NA,,NA,NA,,,,NA,NA,NA,,NA,NA,,,,NA,NA,NA,,NA,NA,,,,NA,NA,NA,,NA,NA,,,,NA,NA,NA,,NA,NA,,,,NA,NA,NA,,NA,NA,,,,NA,NA,NA,,NA,NA,,,,NA,NA,NA,,NA,NA,,,,63,79,65,Very harmful,4,5,Definitely yes,Probably yes,Probably yes,77,68,85,Somewhat harmful,4,5,Definitely yes,Probably yes,Probably yes,82,68,81,Somewhat harmful,4,5,Definitely yes,Probably yes,Definitely yes,83,62,75,Somewhat harmful,5,4,Definitely yes,Probably yes,Probably yes,69,81,67,Very harmful,4,5,Probably yes,Definitely yes,Probably yes,79,57,78,Somewhat harmful,4,6,Definitely yes,Probably yes,Definitely yes,NA,NA,NA,,NA,NA,,,,NA,NA,NA,,NA,NA,,,,NA,NA,NA,,NA,NA,,,,NA,NA,NA,NA,NA,NA,NA,,NA,NA,,,,NA,NA,NA,NA,NA,NA,NA,,NA,NA,,,,NA,NA,NA,,NA,NA,,,,,People vaping,16,Young Control,1,0,0,0,0,1,1,1,1,4,4,1,2,1,1
R_7IMltZsURgGnIDH,16,No,74,60,79,Slightly harmful,6,4,Probably yes,Probably yes,Definitely yes,84,69,78,Somewhat harmful,4,5,Probably yes,Probably yes,Definitely yes,77,66,86,Somewhat harmful,6,5,Probably yes,Definitely yes,Probably yes,86,77,87,Very harmful,5,4,Probably yes,Probably yes,Probably yes,74,62,83,Very harmful,5,4,Probably yes,Definitely yes,Probably yes,67,60,78,Somewhat harmful,5,4,Probably yes,Probably yes,Definitely yes,NA,NA,NA,,NA,NA,,,,NA,NA,NA,,NA,NA,,,,NA,NA,NA,,NA,NA,,,,NA,NA,NA,,NA,NA,,,,NA,NA,NA,,NA,NA,,,,NA,NA,NA,,NA,NA,,,,NA,NA,NA,,NA,NA,,,,NA,NA,NA,,NA,NA,,,,NA,NA,NA,,NA,NA,,,,NA,NA,NA,,NA,NA,,,,NA,NA,NA,,NA,NA,,,,NA,NA,NA,,NA,NA,,,,NA,NA,NA,,NA,NA,,,,NA,NA,NA,,NA,NA,,,,NA,NA,NA,,NA,NA,,,,NA,NA,NA,NA,NA,NA,NA,,NA,NA,,,,NA,NA,NA,NA,NA,NA,NA,,NA,NA,,,,NA,NA,NA,,NA,NA,,,,,People vaping,16,Young Treat,1,0,0,0,0,0,1,1,1,3,3,1,3,1,1
R_3lKCbCJ8XmhSgEl,14,No,NA,NA,NA,,NA,NA,,,,NA,NA,NA,,NA,NA,,,,NA,NA,NA,,NA,NA,,,,NA,NA,NA,,NA,NA,,,,NA,NA,NA,,NA,NA,,,,NA,NA,NA,,NA,NA,,,,NA,NA,NA,,NA,NA,,,,NA,NA,NA,,NA,NA,,,,NA,NA,NA,,NA,NA,,,,NA,NA,NA,,NA,NA,,,,NA,NA,NA,,NA,NA,,,,NA,NA,NA,,NA,NA,,,,79,75,88,Extremely harmful,5,4,Probably yes,Probably yes,Definitely yes,66,55,72,Very harmful,4,5,Definitely yes,Definitely yes,Probably yes,75,63,84,Very harmful,5,4,Probably yes,Definitely yes,Probably yes,75,61,74,Somewhat harmful,5,4,Probably yes,Definitely yes,Probably yes,80,72,77,Somewhat harmful,5,6,Probably yes,Definitely yes,Probably yes,83,66,77,Very harmful,6,5,Probably yes,Probably yes,Definitely yes,NA,NA,NA,,NA,NA,,,,NA,NA,NA,,NA,NA,,,,NA,NA,NA,,NA,NA,,,,NA,NA,NA,NA,NA,NA,NA,,NA,NA,,,,NA,NA,NA,NA,NA,NA,NA,,NA,NA,,,,NA,NA,NA,,NA,NA,,,,,People vaping,14,Young Control,1,0,0,0,0,0,1,1,1,2,2,1,3,1,1
R_6CEpKQComKuOlgp,14,No,NA,NA,NA,,NA,NA,,,,NA,NA,NA,,NA,NA,,,,NA,NA,NA,,NA,NA,,,,NA,NA,NA,,NA,NA,,,,NA,NA,NA,,NA,NA,,,,NA,NA,NA,,NA,NA,,,,68,79,73,Very harmful,6,5,Probably yes,Definitely yes,Probably yes,77,66,79,Very harmful,6,5,Probably yes,Definitely yes,Probably yes,67,81,75,Very harmful,5,6,Probably yes,Definitely yes,Probably yes,75,70,88,Somewhat harmful,5,4,Probably yes,Definitely yes,Definitely yes,71,64,86,Somewhat harmful,5,4,Probably yes,Definitely yes,Probably yes,83,74,85,Somewhat harmful,5,6,Definitely yes,Probably yes,Probably yes,NA,NA,NA,,NA,NA,,,,NA,NA,NA,,NA,NA,,,,NA,NA,NA,,NA,NA,,,,NA,NA,NA,,NA,NA,,,,NA,NA,NA,,NA,NA,,,,NA,NA,NA,,NA,NA,,,,NA,NA,NA,,NA,NA,,,,NA,NA,NA,,NA,NA,,,,NA,NA,NA,,NA,NA,,,,NA,NA,NA,NA,NA,NA,NA,,NA,NA,,,,NA,NA,NA,NA,NA,NA,NA,,NA,NA,,,,NA,NA,NA,,NA,NA,,,,,People vaping,14,Old Treat,1,0,0,0,0,0,1,1,1,1,1,1,3,1,1
R_3k7ZS5wygBNwUSJ,16,No,NA,NA,NA,,NA,NA,,,,NA,NA,NA,,NA,NA,,,,NA,NA,NA,,NA,NA,,,,NA,NA,NA,,NA,NA,,,,NA,NA,NA,,NA,NA,,,,NA,NA,NA,,NA,NA,,,,NA,NA,NA,,NA,NA,,,,NA,NA,NA,,NA,NA,,,,NA,NA,NA,,NA,NA,,,,NA,NA,NA,,NA,NA,,,,NA,NA,NA,,NA,NA,,,,NA,NA,NA,,NA,NA,,,,NA,NA,NA,,NA,NA,,,,NA,NA,NA,,NA,NA,,,,NA,NA,NA,,NA,NA,,,,NA,NA,NA,,NA,NA,,,,NA,NA,NA,,NA,NA,,,,NA,NA,NA,,NA,NA,,,,66,77,67,Somewhat harmful,6,5,Probably yes,Definitely yes,Probably yes,70,81,77,Somewhat harmful,5,6,Definitely yes,Probably yes,Probably yes,68,80,75,Somewhat harmful,6,5,Definitely yes,Probably yes,Definitely yes,0,0,26.178,0,76,63,76,Very harmful,5,4,Definitely yes,Definitely yes,Probably yes,0,0,16.558,0,83,73,78,Somewhat harmful,6,5,Probably yes,Probably yes,Probably yes,84,70,83,Very harmful,6,4,Probably yes,Definitely yes,Probably yes,,People vaping,16,Old Control,1,0,0,0,0,1,1,1,1,2,2,1,2,1,1
R_3psjCulUwZWpZmh,16,Yes,65,90,74,Very harmful,5,6,Definitely yes,Probably yes,Definitely yes,64,75,68,Extremely harmful,6,6,Definitely yes,Definitely yes,Probably yes,77,89,65,Very harmful,6,5,Probably yes,Definitely yes,Definitely yes,68,88,57,Very harmful,4,5,Probably yes,Definitely yes,Probably yes,71,86,66,Very harmful,5,5,Definitely yes,Probably yes,Definitely yes,78,68,82,Extremely harmful,6,4,Definitely yes,Probably yes,Definitely yes,NA,NA,NA,,NA,NA,,,,NA,NA,NA,,NA,NA,,,,NA,NA,NA,,NA,NA,,,,NA,NA,NA,,NA,NA,,,,NA,NA,NA,,NA,NA,,,,NA,NA,NA,,NA,NA,,,,NA,NA,NA,,NA,NA,,,,NA,NA,NA,,NA,NA,,,,NA,NA,NA,,NA,NA,,,,NA,NA,NA,,NA,NA,,,,NA,NA,NA,,NA,NA,,,,NA,NA,NA,,NA,NA,,,,NA,NA,NA,,NA,NA,,,,NA,NA,NA,,NA,NA,,,,NA,NA,NA,,NA,NA,,,,NA,NA,NA,NA,NA,NA,NA,,NA,NA,,,,NA,NA,NA,NA,NA,NA,NA,,NA,NA,,,,NA,NA,NA,,NA,NA,,,,People vaping and exercising,People vaping,16,Young Treat,1,0,0,0,0,0,1,1,1,2,2,1,3,1,0
R_3lDfqWbSGrrbQgb,17,No,NA,NA,NA,,NA,NA,,,,NA,NA,NA,,NA,NA,,,,NA,NA,NA,,NA,NA,,,,NA,NA,NA,,NA,NA,,,,NA,NA,NA,,NA,NA,,,,NA,NA,NA,,NA,NA,,,,NA,NA,NA,,NA,NA,,,,NA,NA,NA,,NA,NA,,,,NA,NA,NA,,NA,NA,,,,NA,NA,NA,,NA,NA,,,,NA,NA,NA,,NA,NA,,,,NA,NA,NA,,NA,NA,,,,NA,NA,NA,,NA,NA,,,,NA,NA,NA,,NA,NA,,,,NA,NA,NA,,NA,NA,,,,NA,NA,NA,,NA,NA,,,,NA,NA,NA,,NA,NA,,,,NA,NA,NA,,NA,NA,,,,62,72,59,Somewhat harmful,4,5,Definitely yes,Probably yes,Definitely yes,65,60,74,Somewhat harmful,4,5,Probably yes,Probably yes,Probably yes,62,72,65,Somewhat harmful,5,4,Probably yes,Definitely yes,Probably yes,0,0,39.391,0,78,68,55,Somewhat harmful,5,4,Probably yes,Definitely yes,Probably yes,0,0,29.687,0,75,61,81,Very harmful,5,4,Definitely yes,Probably yes,Probably yes,79,72,83,Extremely harmful,5,6,Probably yes,Definitely yes,Probably yes,,People vaping,17,Old Control,1,0,0,0,0,0,1,1,0,3,3,1,2,1,1
R_7dQ9WE35xh4NYlU,17,I prefer not to answer,NA,NA,NA,,NA,NA,,,,NA,NA,NA,,NA,NA,,,,NA,NA,NA,,NA,NA,,,,NA,NA,NA,,NA,NA,,,,NA,NA,NA,,NA,NA,,,,NA,NA,NA,,NA,NA,,,,NA,NA,NA,,NA,NA,,,,NA,NA,NA,,NA,NA,,,,NA,NA,NA,,NA,NA,,,,NA,NA,NA,,NA,NA,,,,NA,NA,NA,,NA,NA,,,,NA,NA,NA,,NA,NA,,,,50,2,30,Somewhat harmful,0,0,Probably not,Probably not,Probably not,0,4,100,Somewhat harmful,0,0,Probably not,Probably not,Probably not,50,22,50,Somewhat harmful,0,0,Probably not,Probably not,Probably not,50,2,50,Somewhat harmful,0,0,Probably not,Probably not,Probably not,20,0,30,Somewhat harmful,0,0,Probably not,Probably not,Probably not,NA,NA,NA,Somewhat harmful,1,0,I prefer not to answer,Probably not,Probably not,NA,NA,NA,,NA,NA,,,,NA,NA,NA,,NA,NA,,,,NA,NA,NA,,NA,NA,,,,NA,NA,NA,NA,NA,NA,NA,,NA,NA,,,,NA,NA,NA,NA,NA,NA,NA,,NA,NA,,,,NA,NA,NA,,NA,NA,,,,,People vaping,17,Young Control,0,0,1,0,0,0,0,0,0,3,3,1,1,0,0
R_5qmDmCSmDLdJxtM,15,Yes,NA,NA,NA,,NA,NA,,,,NA,NA,NA,,NA,NA,,,,NA,NA,NA,,NA,NA,,,,NA,NA,NA,,NA,NA,,,,NA,NA,NA,,NA,NA,,,,NA,NA,NA,,NA,NA,,,,NA,NA,NA,,NA,NA,,,,NA,NA,NA,,NA,NA,,,,NA,NA,NA,,NA,NA,,,,NA,NA,NA,,NA,NA,,,,NA,NA,NA,,NA,NA,,,,NA,NA,NA,,NA,NA,,,,10,0,0,Very harmful,0,0,Probably yes,Definitely not,Probably yes,0,0,0,Extremely harmful,0,0,Definitely not,Definitely not,Definitely not,2,0,0,Very harmful,0,0,Definitely not,Definitely not,Definitely not,0,0,0,Extremely harmful,0,0,Definitely not,Definitely not,Definitely not,0,0,0,Extremely harmful,0,0,Definitely not,Definitely not,Definitely not,0,0,0,Very harmful,0,0,Probably yes,Definitely not,Probably yes,NA,NA,NA,,NA,NA,,,,NA,NA,NA,,NA,NA,,,,NA,NA,NA,,NA,NA,,,,NA,NA,NA,NA,NA,NA,NA,,NA,NA,,,,NA,NA,NA,NA,NA,NA,NA,,NA,NA,,,,NA,NA,NA,,NA,NA,,,,People vaping and exercising,People vaping,15,Young Control,0,0,0,0,1,1,0,0,0,2,2,1,1,0,0
R_5Cv3SaGbheEnOmK,17,Yes,NA,NA,NA,,NA,NA,,,,NA,NA,NA,,NA,NA,,,,NA,NA,NA,,NA,NA,,,,NA,NA,NA,,NA,NA,,,,NA,NA,NA,,NA,NA,,,,NA,NA,NA,,NA,NA,,,,NA,NA,NA,,NA,NA,,,,NA,NA,NA,,NA,NA,,,,NA,NA,NA,,NA,NA,,,,NA,NA,NA,,NA,NA,,,,NA,NA,NA,,NA,NA,,,,NA,NA,NA,,NA,NA,,,,NA,NA,NA,,NA,NA,,,,NA,NA,NA,,NA,NA,,,,NA,NA,NA,,NA,NA,,,,NA,NA,NA,,NA,NA,,,,NA,NA,NA,,NA,NA,,,,NA,NA,NA,,NA,NA,,,,7,30,7,Extremely harmful,0,0,Probably not,Probably not,Probably not,4,8,16,Extremely harmful,0,0,Probably not,Probably not,Probably not,13,17,24,Extremely harmful,0,0,Probably not,Probably not,Definitely not,11.964,11.964,12.802,1,0,0,0,Extremely harmful,0,0,Probably not,Probably not,Probably not,11.811,11.811,14.201,1,12,9,14,Extremely harmful,0,0,Probably not,Probably not,Probably not,28,43,25,Extremely harmful,0,0,Probably not,Probably not,Probably not,,People vaping,17,Old Control,0,0,0,0,1,0,0,0,0,2,2,1,1,0,0
R_7h6URrG2RtWOhQ5,14,Yes,NA,NA,NA,,NA,NA,,,,NA,NA,NA,,NA,NA,,,,NA,NA,NA,,NA,NA,,,,NA,NA,NA,,NA,NA,,,,NA,NA,NA,,NA,NA,,,,NA,NA,NA,,NA,NA,,,,NA,NA,NA,,NA,NA,,,,NA,NA,NA,,NA,NA,,,,NA,NA,NA,,NA,NA,,,,NA,NA,NA,,NA,NA,,,,NA,NA,NA,,NA,NA,,,,NA,NA,NA,,NA,NA,,,,4,10,14,Extremely harmful,1,1,Definitely not,Definitely not,Definitely not,2,8,5,Extremely harmful,1,1,Definitely not,Definitely not,Definitely not,26,38,10,Extremely harmful,1,1,Definitely not,Definitely not,Definitely not,3,5,3,Extremely harmful,1,1,Definitely not,Definitely not,Definitely not,5,9,11,Extremely harmful,1,1,Definitely not,Definitely not,Definitely not,6,0,7,Extremely harmful,1,1,Definitely not,Definitely not,Definitely not,NA,NA,NA,,NA,NA,,,,NA,NA,NA,,NA,NA,,,,NA,NA,NA,,NA,NA,,,,NA,NA,NA,NA,NA,NA,NA,,NA,NA,,,,NA,NA,NA,NA,NA,NA,NA,,NA,NA,,,,NA,NA,NA,,NA,NA,,,,,People vaping,14,Young Control,0,0,0,1,0,0,0,0,0,1,1,1,3,0,0
R_7rSsgiP4cZwOvhD,15,No,30,8,10,Extremely harmful,0,0,Definitely not,Definitely not,Definitely not,44,33,29,Extremely harmful,0,0,Definitely not,Definitely not,Definitely not,41,38,55,Extremely harmful,0,0,Definitely not,Definitely not,Definitely not,7,9,8,Extremely harmful,0,0,Definitely not,Definitely not,Definitely not,60,58,5,Extremely harmful,0,0,Definitely not,Definitely not,Definitely not,41,33,29,Extremely harmful,0,0,Definitely not,Definitely not,Definitely not,NA,NA,NA,,NA,NA,,,,NA,NA,NA,,NA,NA,,,,NA,NA,NA,,NA,NA,,,,NA,NA,NA,,NA,NA,,,,NA,NA,NA,,NA,NA,,,,NA,NA,NA,,NA,NA,,,,NA,NA,NA,,NA,NA,,,,NA,NA,NA,,NA,NA,,,,NA,NA,NA,,NA,NA,,,,NA,NA,NA,,NA,NA,,,,NA,NA,NA,,NA,NA,,,,NA,NA,NA,,NA,NA,,,,NA,NA,NA,,NA,NA,,,,NA,NA,NA,,NA,NA,,,,NA,NA,NA,,NA,NA,,,,NA,NA,NA,NA,NA,NA,NA,,NA,NA,,,,NA,NA,NA,NA,NA,NA,NA,,NA,NA,,,,NA,NA,NA,,NA,NA,,,,People vaping and exercising,People vaping,15,Young Treat,1,0,0,0,1,0,0,0,0,1,1,1,3,0,0
R_6H737vNXffMbOYV,16,Yes,NA,NA,NA,,NA,NA,,,,NA,NA,NA,,NA,NA,,,,NA,NA,NA,,NA,NA,,,,NA,NA,NA,,NA,NA,,,,NA,NA,NA,,NA,NA,,,,NA,NA,NA,,NA,NA,,,,4,2,10,Extremely harmful,0,0,Definitely not,Definitely not,Definitely not,3,3,3,Extremely harmful,0,0,Probably not,Definitely not,Definitely not,5,6,3,Very harmful,0,0,Definitely not,Definitely not,Definitely not,2,2,10,Extremely harmful,0,1,Definitely not,Definitely not,Definitely not,3,3,2,Very harmful,1,0,Probably not,Probably not,Definitely not,3,6,10,Extremely harmful,0,0,Definitely not,Definitely not,Definitely not,NA,NA,NA,,NA,NA,,,,NA,NA,NA,,NA,NA,,,,NA,NA,NA,,NA,NA,,,,NA,NA,NA,,NA,NA,,,,NA,NA,NA,,NA,NA,,,,NA,NA,NA,,NA,NA,,,,NA,NA,NA,,NA,NA,,,,NA,NA,NA,,NA,NA,,,,NA,NA,NA,,NA,NA,,,,NA,NA,NA,NA,NA,NA,NA,,NA,NA,,,,NA,NA,NA,NA,NA,NA,NA,,NA,NA,,,,NA,NA,NA,,NA,NA,,,,People vaping and exercising,People vaping,16,Old Treat,0,0,0,0,0,1,0,0,0,2,2,1,1,0,0
R_3WwnfNyVauYEJvc,15,Yes,NA,NA,NA,,NA,NA,,,,NA,NA,NA,,NA,NA,,,,NA,NA,NA,,NA,NA,,,,NA,NA,NA,,NA,NA,,,,NA,NA,NA,,NA,NA,,,,NA,NA,NA,,NA,NA,,,,NA,NA,NA,,NA,NA,,,,NA,NA,NA,,NA,NA,,,,NA,NA,NA,,NA,NA,,,,NA,NA,NA,,NA,NA,,,,NA,NA,NA,,NA,NA,,,,NA,NA,NA,,NA,NA,,,,NA,NA,NA,,NA,NA,,,,NA,NA,NA,,NA,NA,,,,NA,NA,NA,,NA,NA,,,,NA,NA,NA,,NA,NA,,,,NA,NA,NA,,NA,NA,,,,NA,NA,NA,,NA,NA,,,,8,4,20,Slightly harmful,4,4,Probably yes,Probably not,Probably not,1,1,2,Slightly harmful,4,4,Probably yes,Probably not,Probably not,3,2,4,Slightly harmful,7,6,Probably yes,Probably yes,Probably yes,1.418,19.449,22.437,3,1,1,3,Somewhat harmful,5,4,Probably yes,Probably not,Probably not,0.067,21.864,23.432,3,1,1,2,Slightly harmful,4,4,Probably yes,Probably not,Probably not,4,2,2,Slightly harmful,5,6,Probably yes,Probably yes,Probably yes,,People vaping,15,Old Control,0,0,0,0,1,0,0,1,1,4,4,1,1,1,0
R_5cA9gvqYCe2tUFj,17,No,83,30,73,Extremely harmful,0,0,Definitely not,Definitely not,Definitely not,90,35,71,Extremely harmful,0,0,Definitely not,Definitely not,Definitely not,18,36,10,Extremely harmful,0,0,Definitely not,Definitely not,Definitely not,87,39,6,Extremely harmful,0,0,Definitely not,Definitely not,Definitely not,30,9,5,Extremely harmful,0,0,Definitely not,Definitely not,Definitely not,31,23,0,Extremely harmful,0,0,Definitely not,Definitely not,Definitely not,NA,NA,NA,,NA,NA,,,,NA,NA,NA,,NA,NA,,,,NA,NA,NA,,NA,NA,,,,NA,NA,NA,,NA,NA,,,,NA,NA,NA,,NA,NA,,,,NA,NA,NA,,NA,NA,,,,NA,NA,NA,,NA,NA,,,,NA,NA,NA,,NA,NA,,,,NA,NA,NA,,NA,NA,,,,NA,NA,NA,,NA,NA,,,,NA,NA,NA,,NA,NA,,,,NA,NA,NA,,NA,NA,,,,NA,NA,NA,,NA,NA,,,,NA,NA,NA,,NA,NA,,,,NA,NA,NA,,NA,NA,,,,NA,NA,NA,NA,NA,NA,NA,,NA,NA,,,,NA,NA,NA,NA,NA,NA,NA,,NA,NA,,,,NA,NA,NA,,NA,NA,,,,People vaping and exercising,People vaping,17,Young Treat,1,0,0,0,0,0,1,0,0,1,1,1,3,0,0
R_6MPNdo5ckqq4mB0,17,Yes,NA,NA,NA,,NA,NA,,,,NA,NA,NA,,NA,NA,,,,NA,NA,NA,,NA,NA,,,,NA,NA,NA,,NA,NA,,,,NA,NA,NA,,NA,NA,,,,NA,NA,NA,,NA,NA,,,,NA,NA,NA,,NA,NA,,,,NA,NA,NA,,NA,NA,,,,NA,NA,NA,,NA,NA,,,,NA,NA,NA,,NA,NA,,,,NA,NA,NA,,NA,NA,,,,NA,NA,NA,,NA,NA,,,,NA,NA,NA,,NA,NA,,,,NA,NA,NA,,NA,NA,,,,NA,NA,NA,,NA,NA,,,,NA,NA,NA,,NA,NA,,,,NA,NA,NA,,NA,NA,,,,NA,NA,NA,,NA,NA,,,,26,26,31,Very harmful,2,2,Definitely not,Definitely not,Definitely not,31,28,30,Somewhat harmful,2,1,Definitely not,Definitely not,Definitely not,25,17,20,Somewhat harmful,2,2,Definitely not,Definitely not,Definitely not,1.167,11.67,12.36,2,21,24,31,Not at all harmful,2,2,Definitely not,Definitely not,Definitely not,0.801,11.853,12.984,3,19,31,26,Very harmful,2,2,Definitely not,Definitely not,Definitely not,39,45,25,Very harmful,2,2,Definitely not,Definitely not,Definitely not,,People vaping,17,Old Control,0,0,0,0,0,0,0,0,0,3,3,1,1,0,0
R_6Y9fuVfVVzo9I5F,16,No,NA,NA,NA,,NA,NA,,,,NA,NA,NA,,NA,NA,,,,NA,NA,NA,,NA,NA,,,,NA,NA,NA,,NA,NA,,,,NA,NA,NA,,NA,NA,,,,NA,NA,NA,,NA,NA,,,,NA,NA,NA,,NA,NA,,,,NA,NA,NA,,NA,NA,,,,NA,NA,NA,,NA,NA,,,,NA,NA,NA,,NA,NA,,,,NA,NA,NA,,NA,NA,,,,NA,NA,NA,,NA,NA,,,,10,0,50,Extremely harmful,0,0,Definitely not,Definitely not,Definitely not,0,10,70,Extremely harmful,0,0,Definitely not,Definitely not,Definitely not,30,25,20,Extremely harmful,0,0,Definitely not,Definitely not,Definitely not,0,0,70,Extremely harmful,0,0,Definitely not,Definitely not,Definitely not,5,0,20,Extremely harmful,0,0,Definitely not,Definitely not,Definitely not,0,5,80,Extremely harmful,0,0,Definitely not,Definitely not,Definitely not,NA,NA,NA,,NA,NA,,,,NA,NA,NA,,NA,NA,,,,NA,NA,NA,,NA,NA,,,,NA,NA,NA,NA,NA,NA,NA,,NA,NA,,,,NA,NA,NA,NA,NA,NA,NA,,NA,NA,,,,NA,NA,NA,,NA,NA,,,,,People vaping,16,Young Control,1,0,0,0,0,0,1,0,0,1,1,1,3,0,0
R_6PecrNp3j0HpWV3,15,Yes,20,21,28,Extremely harmful,1,1,Definitely not,Definitely not,Definitely not,12,15,10,Very harmful,1,1,Definitely not,Definitely not,Definitely not,22,21,66,Very harmful,1,1,Definitely not,Definitely not,Definitely not,11,7,25,Extremely harmful,1,0,Definitely not,Definitely not,Definitely not,48,51,10,Very harmful,0,0,Probably not,Probably not,Probably not,25,13,3,Extremely harmful,0,0,Definitely not,Definitely not,Definitely not,NA,NA,NA,,NA,NA,,,,NA,NA,NA,,NA,NA,,,,NA,NA,NA,,NA,NA,,,,NA,NA,NA,,NA,NA,,,,NA,NA,NA,,NA,NA,,,,NA,NA,NA,,NA,NA,,,,NA,NA,NA,,NA,NA,,,,NA,NA,NA,,NA,NA,,,,NA,NA,NA,,NA,NA,,,,NA,NA,NA,,NA,NA,,,,NA,NA,NA,,NA,NA,,,,NA,NA,NA,,NA,NA,,,,NA,NA,NA,,NA,NA,,,,NA,NA,NA,,NA,NA,,,,NA,NA,NA,,NA,NA,,,,NA,NA,NA,NA,NA,NA,NA,,NA,NA,,,,NA,NA,NA,NA,NA,NA,NA,,NA,NA,,,,NA,NA,NA,,NA,NA,,,,People vaping and exercising,,15,Young Treat,0,0,0,0,1,0,1,0,0,2,2,1,1,0,0
R_5jdIgxnFl4WK1R2,15,Yes,NA,NA,NA,,NA,NA,,,,NA,NA,NA,,NA,NA,,,,NA,NA,NA,,NA,NA,,,,NA,NA,NA,,NA,NA,,,,NA,NA,NA,,NA,NA,,,,NA,NA,NA,,NA,NA,,,,NA,NA,NA,,NA,NA,,,,NA,NA,NA,,NA,NA,,,,NA,NA,NA,,NA,NA,,,,NA,NA,NA,,NA,NA,,,,NA,NA,NA,,NA,NA,,,,NA,NA,NA,,NA,NA,,,,NA,NA,NA,,NA,NA,,,,NA,NA,NA,,NA,NA,,,,NA,NA,NA,,NA,NA,,,,NA,NA,NA,,NA,NA,,,,NA,NA,NA,,NA,NA,,,,NA,NA,NA,,NA,NA,,,,10,10,50,Extremely harmful,0,0,Definitely not,Definitely not,Definitely not,50,20,50,Extremely harmful,0,0,Definitely not,Definitely not,Definitely not,50,30,50,Extremely harmful,0,0,Definitely not,Definitely not,Definitely not,10.333,10.333,10.971,1,50,30,55,Extremely harmful,1,1,Definitely not,Definitely not,Definitely not,7.188,7.188,10.636,1,0,0,40,Extremely harmful,5,5,Definitely not,Definitely not,Definitely not,8,4,50,Extremely harmful,0,0,Definitely not,Definitely not,Definitely not,,People vaping,15,Old Control,1,0,0,1,1,0,0,0,0,1,1,1,3,0,0
R_58M8ShSdDD2W0zi,16,Yes,NA,NA,NA,,NA,NA,,,,NA,NA,NA,,NA,NA,,,,NA,NA,NA,,NA,NA,,,,NA,NA,NA,,NA,NA,,,,NA,NA,NA,,NA,NA,,,,NA,NA,NA,,NA,NA,,,,NA,NA,NA,,NA,NA,,,,NA,NA,NA,,NA,NA,,,,NA,NA,NA,,NA,NA,,,,NA,NA,NA,,NA,NA,,,,NA,NA,NA,,NA,NA,,,,NA,NA,NA,,NA,NA,,,,NA,NA,NA,I prefer not to answer,NA,NA,I prefer not to answer,I prefer not to answer,I prefer not to answer,NA,NA,NA,I prefer not to answer,NA,NA,I prefer not to answer,I prefer not to answer,I prefer not to answer,NA,NA,NA,I prefer not to answer,NA,NA,I prefer not to answer,I prefer not to answer,I prefer not to answer,NA,NA,NA,Extremely harmful,NA,NA,Definitely not,Definitely not,Definitely not,0,0,0,Extremely harmful,NA,NA,Definitely not,Definitely not,Probably yes,NA,NA,NA,I prefer not to answer,NA,NA,I prefer not to answer,I prefer not to answer,I prefer not to answer,NA,NA,NA,,NA,NA,,,,NA,NA,NA,,NA,NA,,,,NA,NA,NA,,NA,NA,,,,NA,NA,NA,NA,NA,NA,NA,,NA,NA,,,,NA,NA,NA,NA,NA,NA,NA,,NA,NA,,,,NA,NA,NA,,NA,NA,,,,People vaping and exercising,,16,Young Control,0,0,0,0,1,1,0,0,0,1,1,1,1,0,0
R_3VsVbvS2FtLdi2C,16,Yes,NA,NA,NA,,NA,NA,,,,NA,NA,NA,,NA,NA,,,,NA,NA,NA,,NA,NA,,,,NA,NA,NA,,NA,NA,,,,NA,NA,NA,,NA,NA,,,,NA,NA,NA,,NA,NA,,,,8,16,12,Somewhat harmful,3,3,Probably not,Probably not,Probably not,45,40,35,Somewhat harmful,3,4,Probably not,Probably not,Probably not,50,50,50,Very harmful,3,3,Probably not,Probably not,Probably not,24,20,14,Very harmful,3,3,Definitely not,Definitely not,Definitely not,31,1,45,Somewhat harmful,3,3,Probably not,Probably not,Probably not,25,30,20,Somewhat harmful,3,3,Probably not,Probably not,Probably not,NA,NA,NA,,NA,NA,,,,NA,NA,NA,,NA,NA,,,,NA,NA,NA,,NA,NA,,,,NA,NA,NA,,NA,NA,,,,NA,NA,NA,,NA,NA,,,,NA,NA,NA,,NA,NA,,,,NA,NA,NA,,NA,NA,,,,NA,NA,NA,,NA,NA,,,,NA,NA,NA,,NA,NA,,,,NA,NA,NA,NA,NA,NA,NA,,NA,NA,,,,NA,NA,NA,NA,NA,NA,NA,,NA,NA,,,,NA,NA,NA,,NA,NA,,,,People vaping and exercising,People vaping,16,Old Treat,0,0,0,0,1,0,0,0,0,3,3,1,1,0,0
R_1gGu5TyifenWRqF,15,Yes,NA,NA,NA,,NA,NA,,,,NA,NA,NA,,NA,NA,,,,NA,NA,NA,,NA,NA,,,,NA,NA,NA,,NA,NA,,,,NA,NA,NA,,NA,NA,,,,NA,NA,NA,,NA,NA,,,,NA,NA,NA,,NA,NA,,,,NA,NA,NA,,NA,NA,,,,NA,NA,NA,,NA,NA,,,,NA,NA,NA,,NA,NA,,,,NA,NA,NA,,NA,NA,,,,NA,NA,NA,,NA,NA,,,,NA,NA,NA,,NA,NA,,,,NA,NA,NA,,NA,NA,,,,NA,NA,NA,,NA,NA,,,,NA,NA,NA,,NA,NA,,,,NA,NA,NA,,NA,NA,,,,NA,NA,NA,,NA,NA,,,,2,7,7,Extremely harmful,0,0,Definitely not,Definitely not,Definitely not,1,0,0,Extremely harmful,0,0,Definitely not,Definitely not,Definitely not,1,10,9,Extremely harmful,0,0,Definitely not,Definitely not,Definitely not,1.292,1.292,12.401,1,3,7,7,Extremely harmful,0,0,Definitely not,Definitely not,Definitely not,2.467,16.354,18.525,5,6,0,5,Extremely harmful,0,0,Definitely not,Definitely not,Definitely not,3,3,6,Extremely harmful,0,0,Definitely not,Definitely not,Probably not,,People vaping,15,Old Control,1,0,0,0,1,1,1,0,0,2,2,1,1,0,0
R_1OH1Nt3n6kd5vWN,16,Yes,0,0,0,Extremely harmful,0,0,Definitely not,Definitely not,Definitely not,0,0,0,Extremely harmful,0,0,Definitely not,Definitely not,Definitely not,0,0,0,Extremely harmful,0,0,Definitely not,Definitely not,Definitely not,0,0,0,Not at all harmful,0,0,Definitely not,Definitely not,Definitely not,1,0,0,Extremely harmful,0,0,Definitely not,Definitely not,Definitely not,0,0,0,Extremely harmful,0,0,Definitely not,Definitely not,Definitely not,NA,NA,NA,,NA,NA,,,,NA,NA,NA,,NA,NA,,,,NA,NA,NA,,NA,NA,,,,NA,NA,NA,,NA,NA,,,,NA,NA,NA,,NA,NA,,,,NA,NA,NA,,NA,NA,,,,NA,NA,NA,,NA,NA,,,,NA,NA,NA,,NA,NA,,,,NA,NA,NA,,NA,NA,,,,NA,NA,NA,,NA,NA,,,,NA,NA,NA,,NA,NA,,,,NA,NA,NA,,NA,NA,,,,NA,NA,NA,,NA,NA,,,,NA,NA,NA,,NA,NA,,,,NA,NA,NA,,NA,NA,,,,NA,NA,NA,NA,NA,NA,NA,,NA,NA,,,,NA,NA,NA,NA,NA,NA,NA,,NA,NA,,,,NA,NA,NA,,NA,NA,,,,,People vaping,16,Young Treat,0,0,0,1,0,0,1,0,0,2,2,1,1,0,0
R_5PvmbUBnQoWVN72,16,Yes,NA,NA,NA,,NA,NA,,,,NA,NA,NA,,NA,NA,,,,NA,NA,NA,,NA,NA,,,,NA,NA,NA,,NA,NA,,,,NA,NA,NA,,NA,NA,,,,NA,NA,NA,,NA,NA,,,,NA,10,8,Not at all harmful,4,0,Probably not,Probably yes,Probably yes,0,9,0,Slightly harmful,0,2,Probably not,Definitely not,Definitely not,50,87,NA,Not at all harmful,6,6,Probably yes,Probably yes,Definitely yes,66,94,NA,Not at all harmful,7,7,Probably yes,Probably not,Definitely yes,0,8,0,Very harmful,0,5,Definitely not,Probably not,Definitely not,67,65,NA,Not at all harmful,7,6,Definitely yes,Probably not,Definitely yes,NA,NA,NA,,NA,NA,,,,NA,NA,NA,,NA,NA,,,,NA,NA,NA,,NA,NA,,,,NA,NA,NA,,NA,NA,,,,NA,NA,NA,,NA,NA,,,,NA,NA,NA,,NA,NA,,,,NA,NA,NA,,NA,NA,,,,NA,NA,NA,,NA,NA,,,,NA,NA,NA,,NA,NA,,,,NA,NA,NA,NA,NA,NA,NA,,NA,NA,,,,NA,NA,NA,NA,NA,NA,NA,,NA,NA,,,,NA,NA,NA,,NA,NA,,,,People vaping and exercising,,16,Old Treat,0,0,0,1,0,1,1,0,0,4,4,1,3,0,0
R_74RO5uRmo5NgaPv,15,Yes,NA,NA,NA,,NA,NA,,,,NA,NA,NA,,NA,NA,,,,NA,NA,NA,,NA,NA,,,,NA,NA,NA,,NA,NA,,,,NA,NA,NA,,NA,NA,,,,NA,NA,NA,,NA,NA,,,,NA,NA,NA,,NA,NA,,,,NA,NA,NA,,NA,NA,,,,NA,NA,NA,,NA,NA,,,,NA,NA,NA,,NA,NA,,,,NA,NA,NA,,NA,NA,,,,NA,NA,NA,,NA,NA,,,,NA,NA,NA,,NA,NA,,,,NA,NA,NA,,NA,NA,,,,NA,NA,NA,,NA,NA,,,,NA,NA,NA,,NA,NA,,,,NA,NA,NA,,NA,NA,,,,NA,NA,NA,,NA,NA,,,,21,37,84,Very harmful,1,1,Definitely not,Definitely not,Definitely not,35,23,77,Very harmful,1,1,Probably not,Probably not,Probably not,7,71,48,Slightly harmful,1,0,Definitely not,Probably not,Probably yes,1.033,13.002,12.905,3,17,46,59,Somewhat harmful,1,1,Probably not,Probably not,Probably not,1.362,13.815,15.004,2,14,49,88,Slightly harmful,1,2,Probably not,Probably not,Probably not,13,3,88,Somewhat harmful,1,0,Probably not,Probably not,Probably yes,,People vaping,15,Old Control,0,0,0,1,0,1,0,0,0,2,2,1,1,0,0
R_6zqKMuP1Prd8mbZ,17,Yes,NA,NA,NA,,NA,NA,,,,NA,NA,NA,,NA,NA,,,,NA,NA,NA,,NA,NA,,,,NA,NA,NA,,NA,NA,,,,NA,NA,NA,,NA,NA,,,,NA,NA,NA,,NA,NA,,,,NA,NA,NA,,NA,NA,,,,NA,NA,NA,,NA,NA,,,,NA,NA,NA,,NA,NA,,,,NA,NA,NA,,NA,NA,,,,NA,NA,NA,,NA,NA,,,,NA,NA,NA,,NA,NA,,,,10,10,10,Very harmful,1,1,Probably yes,Probably yes,Probably not,16,25,22,Somewhat harmful,2,2,Probably yes,Definitely yes,Definitely yes,10,10,10,Somewhat harmful,1,1,Definitely yes,Probably yes,Probably not,28,23,21,Very harmful,2,3,Probably yes,I prefer not to answer,Probably not,6,34,23,Slightly harmful,1,2,Probably yes,Probably not,Definitely yes,10,10,10,Very harmful,1,1,I prefer not to answer,I prefer not to answer,Probably yes,NA,NA,NA,,NA,NA,,,,NA,NA,NA,,NA,NA,,,,NA,NA,NA,,NA,NA,,,,NA,NA,NA,NA,NA,NA,NA,,NA,NA,,,,NA,NA,NA,NA,NA,NA,NA,,NA,NA,,,,NA,NA,NA,,NA,NA,,,,,People vaping,17,Young Control,0,0,0,1,0,1,0,1,1,1,1,1,2,1,1
R_5Zjr821pbFY7s65,15,Yes,NA,NA,NA,,NA,NA,,,,NA,NA,NA,,NA,NA,,,,NA,NA,NA,,NA,NA,,,,NA,NA,NA,,NA,NA,,,,NA,NA,NA,,NA,NA,,,,NA,NA,NA,,NA,NA,,,,9,10,4,Extremely harmful,0,1,Definitely not,Definitely not,Definitely not,5,6,5,Extremely harmful,0,0,Definitely not,Definitely not,Definitely not,5,8,9,Extremely harmful,0,0,Definitely not,Definitely not,Definitely not,5,12,7,Extremely harmful,0,0,Definitely not,Definitely not,Definitely not,5,5,5,Extremely harmful,0,0,Definitely not,Definitely not,Definitely not,11,14,11,Extremely harmful,0,0,Definitely not,Definitely not,Definitely not,NA,NA,NA,,NA,NA,,,,NA,NA,NA,,NA,NA,,,,NA,NA,NA,,NA,NA,,,,NA,NA,NA,,NA,NA,,,,NA,NA,NA,,NA,NA,,,,NA,NA,NA,,NA,NA,,,,NA,NA,NA,,NA,NA,,,,NA,NA,NA,,NA,NA,,,,NA,NA,NA,,NA,NA,,,,NA,NA,NA,NA,NA,NA,NA,,NA,NA,,,,NA,NA,NA,NA,NA,NA,NA,,NA,NA,,,,NA,NA,NA,,NA,NA,,,,People vaping and exercising,People vaping,15,Old Treat,0,0,0,1,0,1,1,0,0,1,1,1,1,0,0
R_6UYP4Y8vk5jnY9o,17,Yes,NA,NA,NA,,NA,NA,,,,NA,NA,NA,,NA,NA,,,,NA,NA,NA,,NA,NA,,,,NA,NA,NA,,NA,NA,,,,NA,NA,NA,,NA,NA,,,,NA,NA,NA,,NA,NA,,,,NA,NA,NA,,NA,NA,,,,NA,NA,NA,,NA,NA,,,,NA,NA,NA,,NA,NA,,,,NA,NA,NA,,NA,NA,,,,NA,NA,NA,,NA,NA,,,,NA,NA,NA,,NA,NA,,,,NA,NA,NA,,NA,NA,,,,NA,NA,NA,,NA,NA,,,,NA,NA,NA,,NA,NA,,,,NA,NA,NA,,NA,NA,,,,NA,NA,NA,,NA,NA,,,,NA,NA,NA,,NA,NA,,,,7,3,5,Extremely harmful,0,0,Definitely not,Definitely not,Definitely not,5,7,5,Extremely harmful,0,1,Definitely not,Definitely not,Definitely not,8,19,11,Extremely harmful,0,0,Definitely not,Definitely not,Definitely not,0.951,13.508,14.213,2,1,4,7,Extremely harmful,1,1,Definitely not,Definitely not,Definitely not,2.492,3.362,17.158,3,1,25,20,Very harmful,0,1,Probably not,Definitely not,Definitely not,5,6,9,Extremely harmful,0,0,Definitely not,Definitely not,Definitely not,,People vaping,17,Old Control,0,0,0,0,1,1,1,0,0,2,2,1,1,0,0
R_6ORlXZ1sUgI57k5,16,No,NA,NA,NA,,NA,NA,,,,NA,NA,NA,,NA,NA,,,,NA,NA,NA,,NA,NA,,,,NA,NA,NA,,NA,NA,,,,NA,NA,NA,,NA,NA,,,,NA,NA,NA,,NA,NA,,,,NA,NA,NA,,NA,NA,,,,NA,NA,NA,,NA,NA,,,,NA,NA,NA,,NA,NA,,,,NA,NA,NA,,NA,NA,,,,NA,NA,NA,,NA,NA,,,,NA,NA,NA,,NA,NA,,,,NA,NA,NA,,NA,NA,,,,NA,NA,NA,,NA,NA,,,,NA,NA,NA,,NA,NA,,,,NA,NA,NA,,NA,NA,,,,NA,NA,NA,,NA,NA,,,,NA,NA,NA,,NA,NA,,,,5,7,7,Extremely harmful,0,1,Probably yes,Probably yes,Probably not,7,9,10,Extremely harmful,1,1,Probably yes,Probably yes,Probably not,7,6,7,Extremely harmful,0,0,Probably yes,Probably yes,Probably not,1.701,16.178,16.683,2,6,8,7,Extremely harmful,0,0,Probably yes,Probably yes,Probably not,1.886,15.931,16.896,2,6,7,6,Extremely harmful,0,1,Probably yes,Probably yes,Probably not,6,1,2,Extremely harmful,0,0,Probably yes,Probably yes,Probably not,,People vaping,16,Old Control,1,0,0,0,0,0,1,1,1,1,1,1,1,1,0
R_7mUJAEdp7tXm3g5,16,No,10,12,13,Somewhat harmful,4,1,Probably yes,Probably yes,Definitely not,77,52,52,Somewhat harmful,5,3,Probably yes,Probably yes,Probably not,6,5,10,Very harmful,3,3,Probably yes,Probably yes,Definitely not,17,14,8,Somewhat harmful,4,5,Probably yes,Probably yes,Probably not,53,54,18,Very harmful,5,3,Probably yes,Probably yes,Probably yes,12,2,4,Very harmful,4,1,Probably yes,Probably yes,Probably not,NA,NA,NA,,NA,NA,,,,NA,NA,NA,,NA,NA,,,,NA,NA,NA,,NA,NA,,,,NA,NA,NA,,NA,NA,,,,NA,NA,NA,,NA,NA,,,,NA,NA,NA,,NA,NA,,,,NA,NA,NA,,NA,NA,,,,NA,NA,NA,,NA,NA,,,,NA,NA,NA,,NA,NA,,,,NA,NA,NA,,NA,NA,,,,NA,NA,NA,,NA,NA,,,,NA,NA,NA,,NA,NA,,,,NA,NA,NA,,NA,NA,,,,NA,NA,NA,,NA,NA,,,,NA,NA,NA,,NA,NA,,,,NA,NA,NA,NA,NA,NA,NA,,NA,NA,,,,NA,NA,NA,NA,NA,NA,NA,,NA,NA,,,,NA,NA,NA,,NA,NA,,,,People vaping and exercising,People vaping,16,Young Treat,0,0,1,0,0,1,1,0,0,2,2,1,1,0,0
R_5Xn8wFWI98Yig6M,17,No,NA,NA,NA,,NA,NA,,,,NA,NA,NA,,NA,NA,,,,NA,NA,NA,,NA,NA,,,,NA,NA,NA,,NA,NA,,,,NA,NA,NA,,NA,NA,,,,NA,NA,NA,,NA,NA,,,,NA,NA,NA,,NA,NA,,,,NA,NA,NA,,NA,NA,,,,NA,NA,NA,,NA,NA,,,,NA,NA,NA,,NA,NA,,,,NA,NA,NA,,NA,NA,,,,NA,NA,NA,,NA,NA,,,,76,28,15,Very harmful,1,1,Probably not,Probably not,Definitely not,40,50,1,Extremely harmful,1,1,Definitely not,Definitely not,Definitely not,10,7,9,Very harmful,1,1,Definitely not,Definitely not,Definitely not,3,3,30,Very harmful,1,1,Definitely not,Definitely not,Definitely not,35,6,3,Very harmful,1,1,Definitely not,Definitely not,Definitely not,7,4,18,Very harmful,1,1,Definitely not,Definitely not,Definitely not,NA,NA,NA,,NA,NA,,,,NA,NA,NA,,NA,NA,,,,NA,NA,NA,,NA,NA,,,,NA,NA,NA,NA,NA,NA,NA,,NA,NA,,,,NA,NA,NA,NA,NA,NA,NA,,NA,NA,,,,NA,NA,NA,,NA,NA,,,,,People vaping,17,Young Control,1,0,0,0,0,0,1,0,0,2,2,1,1,0,0
R_56jKXsOvkgCnchr,15,No,NA,NA,NA,,NA,NA,,,,NA,NA,NA,,NA,NA,,,,NA,NA,NA,,NA,NA,,,,NA,NA,NA,,NA,NA,,,,NA,NA,NA,,NA,NA,,,,NA,NA,NA,,NA,NA,,,,NA,NA,NA,,NA,NA,,,,NA,NA,NA,,NA,NA,,,,NA,NA,NA,,NA,NA,,,,NA,NA,NA,,NA,NA,,,,NA,NA,NA,,NA,NA,,,,NA,NA,NA,,NA,NA,,,,NA,NA,NA,,NA,NA,,,,NA,NA,NA,,NA,NA,,,,NA,NA,NA,,NA,NA,,,,NA,NA,NA,,NA,NA,,,,NA,NA,NA,,NA,NA,,,,NA,NA,NA,,NA,NA,,,,88,74,66,Somewhat harmful,5,4,Probably yes,Probably yes,Probably yes,70,64,81,Somewhat harmful,4,6,Definitely yes,Probably yes,Definitely yes,60,52,62,Somewhat harmful,5,4,Definitely yes,Probably yes,Probably yes,0,0,18.271,0,69,78,66,Somewhat harmful,4,5,Probably yes,Probably not,Definitely yes,0,0,13.83,0,58,49,56,Somewhat harmful,3,3,Probably yes,Probably not,Probably yes,63,70,51,Very harmful,5,4,Probably yes,Probably yes,Definitely yes,,People vaping,15,Old Control,1,0,0,0,0,1,0,1,1,2,2,1,1,1,1
R_3ERqyPZMTYvgpHF,15,Yes,NA,NA,NA,,NA,NA,,,,NA,NA,NA,,NA,NA,,,,NA,NA,NA,,NA,NA,,,,NA,NA,NA,,NA,NA,,,,NA,NA,NA,,NA,NA,,,,NA,NA,NA,,NA,NA,,,,66,63,67,Very harmful,5,4,Probably yes,Probably yes,Probably yes,68,64,77,Very harmful,4,5,Probably yes,Probably yes,Definitely yes,58,59,54,Very harmful,3,4,Probably yes,Definitely yes,Probably yes,71,63,72,Somewhat harmful,5,4,Probably yes,Probably yes,Probably yes,70,61,75,Very harmful,5,4,Probably yes,Definitely yes,Probably yes,51,47,42,Somewhat harmful,3,3,Probably yes,Probably yes,Probably yes,NA,NA,NA,,NA,NA,,,,NA,NA,NA,,NA,NA,,,,NA,NA,NA,,NA,NA,,,,NA,NA,NA,,NA,NA,,,,NA,NA,NA,,NA,NA,,,,NA,NA,NA,,NA,NA,,,,NA,NA,NA,,NA,NA,,,,NA,NA,NA,,NA,NA,,,,NA,NA,NA,,NA,NA,,,,NA,NA,NA,NA,NA,NA,NA,,NA,NA,,,,NA,NA,NA,NA,NA,NA,NA,,NA,NA,,,,NA,NA,NA,,NA,NA,,,,,People vaping,15,Old Treat,1,0,0,0,0,1,1,1,1,3,3,1,1,1,1
R_5tKEhIzhpGkt8DZ,16,Yes,NA,NA,NA,,NA,NA,,,,NA,NA,NA,,NA,NA,,,,NA,NA,NA,,NA,NA,,,,NA,NA,NA,,NA,NA,,,,NA,NA,NA,,NA,NA,,,,NA,NA,NA,,NA,NA,,,,NA,NA,NA,,NA,NA,,,,NA,NA,NA,,NA,NA,,,,NA,NA,NA,,NA,NA,,,,NA,NA,NA,,NA,NA,,,,NA,NA,NA,,NA,NA,,,,NA,NA,NA,,NA,NA,,,,NA,NA,NA,,NA,NA,,,,NA,NA,NA,,NA,NA,,,,NA,NA,NA,,NA,NA,,,,NA,NA,NA,,NA,NA,,,,NA,NA,NA,,NA,NA,,,,NA,NA,NA,,NA,NA,,,,11,10,5,Extremely harmful,0,0,Definitely not,Definitely not,Definitely not,31,0,20,Extremely harmful,0,0,Definitely not,Definitely not,Definitely not,11,9,13,Extremely harmful,0,0,Definitely not,Definitely not,Definitely not,2.266,5.629,12.028,2,10,10,7,Extremely harmful,0,0,Definitely not,Definitely not,Definitely not,1.795,12.482,13.182,3,20,20,20,Extremely harmful,0,0,Definitely not,Definitely not,Definitely not,8,11,14,Extremely harmful,0,0,Definitely not,Definitely not,Definitely not,People vaping and exercising,People vaping,16,Old Control,0,0,0,0,1,0,0,0,0,2,2,1,1,0,0
R_6HT2pmGhXVYf7Fv,16,No,NA,NA,NA,Extremely harmful,0,0,Definitely not,Definitely not,Definitely not,NA,21,NA,Extremely harmful,0,0,Definitely not,Definitely not,Definitely not,50,50,0,Extremely harmful,0,0,Definitely not,Definitely not,Definitely not,NA,NA,NA,Extremely harmful,0,0,Definitely not,Definitely not,Definitely not,NA,NA,22,Extremely harmful,0,0,Definitely not,Definitely not,Definitely not,NA,NA,NA,Extremely harmful,0,0,Definitely not,Definitely not,Definitely not,NA,NA,NA,,NA,NA,,,,NA,NA,NA,,NA,NA,,,,NA,NA,NA,,NA,NA,,,,NA,NA,NA,,NA,NA,,,,NA,NA,NA,,NA,NA,,,,NA,NA,NA,,NA,NA,,,,NA,NA,NA,,NA,NA,,,,NA,NA,NA,,NA,NA,,,,NA,NA,NA,,NA,NA,,,,NA,NA,NA,,NA,NA,,,,NA,NA,NA,,NA,NA,,,,NA,NA,NA,,NA,NA,,,,NA,NA,NA,,NA,NA,,,,NA,NA,NA,,NA,NA,,,,NA,NA,NA,,NA,NA,,,,NA,NA,NA,NA,NA,NA,NA,,NA,NA,,,,NA,NA,NA,NA,NA,NA,NA,,NA,NA,,,,NA,NA,NA,,NA,NA,,,,People vaping and exercising,People vaping,16,Young Treat,0,1,0,0,0,1,0,0,0,1,1,1,1,0,0
R_3H58e7K4smsnqEN,16,Yes,18,25,17,Very harmful,1,1,Definitely not,Definitely not,Definitely not,26,32,42,Very harmful,1,2,Definitely not,Definitely not,Definitely not,12,15,15,Very harmful,1,1,Definitely not,Definitely not,Definitely not,20,23,21,Very harmful,1,1,Definitely not,Definitely not,Definitely not,16,16,9,Very harmful,2,1,Definitely not,Definitely not,Definitely not,20,21,26,Very harmful,4,1,Definitely not,Definitely not,Definitely not,NA,NA,NA,,NA,NA,,,,NA,NA,NA,,NA,NA,,,,NA,NA,NA,,NA,NA,,,,NA,NA,NA,,NA,NA,,,,NA,NA,NA,,NA,NA,,,,NA,NA,NA,,NA,NA,,,,NA,NA,NA,,NA,NA,,,,NA,NA,NA,,NA,NA,,,,NA,NA,NA,,NA,NA,,,,NA,NA,NA,,NA,NA,,,,NA,NA,NA,,NA,NA,,,,NA,NA,NA,,NA,NA,,,,NA,NA,NA,,NA,NA,,,,NA,NA,NA,,NA,NA,,,,NA,NA,NA,,NA,NA,,,,NA,NA,NA,NA,NA,NA,NA,,NA,NA,,,,NA,NA,NA,NA,NA,NA,NA,,NA,NA,,,,NA,NA,NA,,NA,NA,,,,People vaping and exercising,People vaping,16,Young Treat,0,0,0,0,1,0,0,0,0,1,1,1,2,0,0
R_1jrbq2tlFc6OhSF,16,Yes,NA,NA,NA,,NA,NA,,,,NA,NA,NA,,NA,NA,,,,NA,NA,NA,,NA,NA,,,,NA,NA,NA,,NA,NA,,,,NA,NA,NA,,NA,NA,,,,NA,NA,NA,,NA,NA,,,,NA,NA,NA,,NA,NA,,,,NA,NA,NA,,NA,NA,,,,NA,NA,NA,,NA,NA,,,,NA,NA,NA,,NA,NA,,,,NA,NA,NA,,NA,NA,,,,NA,NA,NA,,NA,NA,,,,12,20,64,Extremely harmful,1,1,Definitely not,Definitely not,Definitely not,29,27,40,Extremely harmful,1,1,Definitely not,Definitely not,Probably not,30,19,62,Very harmful,1,1,Definitely not,Definitely not,Definitely not,11,10,83,Extremely harmful,1,1,Definitely not,Definitely not,Definitely not,16,17,52,Extremely harmful,1,1,Definitely not,Definitely not,Probably not,7,7,84,Extremely harmful,1,1,Definitely not,Definitely not,Definitely not,NA,NA,NA,,NA,NA,,,,NA,NA,NA,,NA,NA,,,,NA,NA,NA,,NA,NA,,,,NA,NA,NA,NA,NA,NA,NA,,NA,NA,,,,NA,NA,NA,NA,NA,NA,NA,,NA,NA,,,,NA,NA,NA,,NA,NA,,,,People vaping and exercising,People vaping,16,Young Control,1,0,0,0,0,1,0,0,0,1,1,1,1,0,0
R_7DCF4dcJEu0dYPd,16,Yes,NA,NA,NA,,NA,NA,,,,NA,NA,NA,,NA,NA,,,,NA,NA,NA,,NA,NA,,,,NA,NA,NA,,NA,NA,,,,NA,NA,NA,,NA,NA,,,,NA,NA,NA,,NA,NA,,,,NA,NA,NA,,NA,NA,,,,NA,NA,NA,,NA,NA,,,,NA,NA,NA,,NA,NA,,,,NA,NA,NA,,NA,NA,,,,NA,NA,NA,,NA,NA,,,,NA,NA,NA,,NA,NA,,,,NA,NA,NA,,NA,NA,,,,NA,NA,NA,,NA,NA,,,,NA,NA,NA,,NA,NA,,,,NA,NA,NA,,NA,NA,,,,NA,NA,NA,,NA,NA,,,,NA,NA,NA,,NA,NA,,,,7,6,8,Very harmful,1,1,Definitely not,Definitely not,Definitely not,7,7,10,Very harmful,1,1,Definitely not,Definitely not,Definitely not,10,10,10,Very harmful,1,1,Definitely not,Definitely not,Definitely not,1.732,12.587,13.199,2,9,11,7,Very harmful,1,1,Definitely not,Definitely not,Definitely not,1.483,10.687,13.501,5,8,8,7,Very harmful,1,1,Definitely not,Definitely not,Definitely not,7,7,7,Very harmful,1,1,Definitely not,Definitely not,Definitely not,,People vaping,16,Old Control,0,0,0,0,1,1,0,0,0,2,2,1,1,0,0
R_7fJ0N19XZri1lqA,16,No,NA,NA,NA,,NA,NA,,,,NA,NA,NA,,NA,NA,,,,NA,NA,NA,,NA,NA,,,,NA,NA,NA,,NA,NA,,,,NA,NA,NA,,NA,NA,,,,NA,NA,NA,,NA,NA,,,,42,54,48,Very harmful,3,2,Probably yes,Definitely yes,Probably yes,50,42,48,Very harmful,2,3,Probably yes,Probably yes,Probably not,49,40,45,Very harmful,2,3,Probably yes,Definitely yes,Probably not,46,39,50,Very harmful,2,3,Definitely yes,Probably not,Probably yes,41,33,48,Very harmful,2,3,Probably yes,Probably not,Definitely yes,47,41,55,Very harmful,2,2,Probably yes,Definitely yes,Probably yes,NA,NA,NA,,NA,NA,,,,NA,NA,NA,,NA,NA,,,,NA,NA,NA,,NA,NA,,,,NA,NA,NA,,NA,NA,,,,NA,NA,NA,,NA,NA,,,,NA,NA,NA,,NA,NA,,,,NA,NA,NA,,NA,NA,,,,NA,NA,NA,,NA,NA,,,,NA,NA,NA,,NA,NA,,,,NA,NA,NA,NA,NA,NA,NA,,NA,NA,,,,NA,NA,NA,NA,NA,NA,NA,,NA,NA,,,,NA,NA,NA,,NA,NA,,,,People vaping and exercising,People vaping,16,Old Treat,1,0,0,0,0,1,1,1,1,2,2,1,1,1,1
R_6CIZPSNyU3WNRtt,17,Yes,0,0,0,Extremely harmful,0,0,Definitely not,Definitely not,Definitely not,20,10,100,Extremely harmful,0,0,Definitely not,Definitely not,Definitely not,0,0,0,Not at all harmful,0,0,Definitely not,Definitely not,Definitely not,0,0,0,Extremely harmful,0,0,Definitely not,Definitely not,Definitely not,0,0,0,Extremely harmful,0,0,Definitely not,Definitely not,Definitely not,0,0,0,Extremely harmful,0,0,Definitely not,Definitely not,Definitely not,NA,NA,NA,,NA,NA,,,,NA,NA,NA,,NA,NA,,,,NA,NA,NA,,NA,NA,,,,NA,NA,NA,,NA,NA,,,,NA,NA,NA,,NA,NA,,,,NA,NA,NA,,NA,NA,,,,NA,NA,NA,,NA,NA,,,,NA,NA,NA,,NA,NA,,,,NA,NA,NA,,NA,NA,,,,NA,NA,NA,,NA,NA,,,,NA,NA,NA,,NA,NA,,,,NA,NA,NA,,NA,NA,,,,NA,NA,NA,,NA,NA,,,,NA,NA,NA,,NA,NA,,,,NA,NA,NA,,NA,NA,,,,NA,NA,NA,NA,NA,NA,NA,,NA,NA,,,,NA,NA,NA,NA,NA,NA,NA,,NA,NA,,,,NA,NA,NA,,NA,NA,,,,People vaping and exercising,People vaping,17,Young Treat,0,0,0,1,0,0,0,0,0,1,1,1,2,0,0
R_6jYYET0mEl35MpL,14,Yes,NA,NA,NA,,NA,NA,,,,NA,NA,NA,,NA,NA,,,,NA,NA,NA,,NA,NA,,,,NA,NA,NA,,NA,NA,,,,NA,NA,NA,,NA,NA,,,,NA,NA,NA,,NA,NA,,,,NA,NA,NA,,NA,NA,,,,NA,NA,NA,,NA,NA,,,,NA,NA,NA,,NA,NA,,,,NA,NA,NA,,NA,NA,,,,NA,NA,NA,,NA,NA,,,,NA,NA,NA,,NA,NA,,,,NA,NA,NA,,NA,NA,,,,NA,NA,NA,,NA,NA,,,,NA,NA,NA,,NA,NA,,,,NA,NA,NA,,NA,NA,,,,NA,NA,NA,,NA,NA,,,,NA,NA,NA,,NA,NA,,,,10,20,15,Extremely harmful,0,0,Definitely not,Definitely not,Definitely not,25,5,15,Extremely harmful,0,0,Definitely not,Definitely not,Definitely not,50,15,15,Extremely harmful,0,0,Definitely not,Definitely not,Definitely not,2.35,38.162,39.186,4,55,20,20,Extremely harmful,0,0,Definitely not,Definitely not,Definitely not,1.171,16.192,17.082,3,35,20,25,Extremely harmful,0,0,Definitely not,Definitely not,Definitely not,5,5,5,Extremely harmful,0,0,Definitely not,Definitely not,Definitely not,,People vaping,14,Old Control,0,0,0,0,1,1,1,0,0,2,2,1,1,0,0
R_6HA2Tb6q3iT62RO,16,No,NA,NA,NA,,NA,NA,,,,NA,NA,NA,,NA,NA,,,,NA,NA,NA,,NA,NA,,,,NA,NA,NA,,NA,NA,,,,NA,NA,NA,,NA,NA,,,,NA,NA,NA,,NA,NA,,,,NA,NA,NA,,NA,NA,,,,NA,NA,NA,,NA,NA,,,,NA,NA,NA,,NA,NA,,,,NA,NA,NA,,NA,NA,,,,NA,NA,NA,,NA,NA,,,,NA,NA,NA,,NA,NA,,,,5,6,8,Very harmful,0,0,Definitely not,Definitely not,Probably not,0,3,3,Extremely harmful,0,0,Definitely not,Definitely not,Definitely not,5,5,6,Extremely harmful,0,0,Definitely not,Definitely not,Definitely not,5,6,32,Very harmful,0,0,Definitely not,Definitely not,Probably not,6,8,0,Very harmful,0,0,Definitely not,Definitely not,Probably not,40,25,0,Very harmful,0,0,Definitely not,Definitely not,Probably not,NA,NA,NA,,NA,NA,,,,NA,NA,NA,,NA,NA,,,,NA,NA,NA,,NA,NA,,,,NA,NA,NA,NA,NA,NA,NA,,NA,NA,,,,NA,NA,NA,NA,NA,NA,NA,,NA,NA,,,,NA,NA,NA,,NA,NA,,,,,People vaping,16,Young Control,1,0,0,0,0,1,0,0,0,2,2,1,1,0,0
R_33fXDZxniH9ZYJ5,17,No,64,21,11,Very harmful,1,1,Probably not,Probably not,Probably not,79,97,94,Somewhat harmful,5,6,Probably not,Definitely not,Definitely not,14,6,4,Somewhat harmful,2,1,Probably not,Probably not,Probably not,0,0,0,Extremely harmful,0,0,Definitely not,Definitely not,Definitely not,13,6,6,Extremely harmful,1,1,Definitely not,Definitely not,Definitely not,12,5,21,Extremely harmful,1,2,Probably not,Definitely not,Probably not,NA,NA,NA,,NA,NA,,,,NA,NA,NA,,NA,NA,,,,NA,NA,NA,,NA,NA,,,,NA,NA,NA,,NA,NA,,,,NA,NA,NA,,NA,NA,,,,NA,NA,NA,,NA,NA,,,,NA,NA,NA,,NA,NA,,,,NA,NA,NA,,NA,NA,,,,NA,NA,NA,,NA,NA,,,,NA,NA,NA,,NA,NA,,,,NA,NA,NA,,NA,NA,,,,NA,NA,NA,,NA,NA,,,,NA,NA,NA,,NA,NA,,,,NA,NA,NA,,NA,NA,,,,NA,NA,NA,,NA,NA,,,,NA,NA,NA,NA,NA,NA,NA,,NA,NA,,,,NA,NA,NA,NA,NA,NA,NA,,NA,NA,,,,NA,NA,NA,,NA,NA,,,,,People vaping,17,Young Treat,1,0,0,0,0,0,0,0,0,2,2,1,2,0,0
R_1rIlX2BiEdN8kul,17,No,NA,NA,NA,,NA,NA,,,,NA,NA,NA,,NA,NA,,,,NA,NA,NA,,NA,NA,,,,NA,NA,NA,,NA,NA,,,,NA,NA,NA,,NA,NA,,,,NA,NA,NA,,NA,NA,,,,NA,NA,NA,,NA,NA,,,,NA,NA,NA,,NA,NA,,,,NA,NA,NA,,NA,NA,,,,NA,NA,NA,,NA,NA,,,,NA,NA,NA,,NA,NA,,,,NA,NA,NA,,NA,NA,,,,NA,NA,NA,,NA,NA,,,,NA,NA,NA,,NA,NA,,,,NA,NA,NA,,NA,NA,,,,NA,NA,NA,,NA,NA,,,,NA,NA,NA,,NA,NA,,,,NA,NA,NA,,NA,NA,,,,16,14,13,Extremely harmful,1,1,Definitely not,Definitely not,Definitely not,18,16,16,Extremely harmful,1,1,Definitely not,Definitely not,Definitely not,27,11,12,Very harmful,1,1,Definitely not,Definitely not,Definitely not,0,0,16.175,0,37,24,25,Slightly harmful,2,2,Probably not,Probably not,Probably not,0,0,16.801,0,40,26,53,Slightly harmful,2,3,Definitely not,Definitely not,Probably not,23,17,16,Extremely harmful,1,1,Definitely not,Definitely not,Definitely not,,People vaping,17,Old Control,1,0,0,0,0,1,1,0,0,4,4,1,1,0,0
R_7NFa6bU0s1zdE4t,17,No,10,50,15,Extremely harmful,0,0,Probably not,Definitely not,Definitely not,1,1,1,Extremely harmful,0,0,Definitely not,Definitely not,Definitely not,4,5,1,Extremely harmful,0,0,Definitely not,Definitely not,Definitely not,1,1,2,Extremely harmful,0,0,Definitely not,Definitely not,Definitely not,50,60,20,Somewhat harmful,5,7,Probably yes,Probably not,Probably yes,1,1,1,Extremely harmful,0,0,Probably not,Definitely not,Probably yes,NA,NA,NA,,NA,NA,,,,NA,NA,NA,,NA,NA,,,,NA,NA,NA,,NA,NA,,,,NA,NA,NA,,NA,NA,,,,NA,NA,NA,,NA,NA,,,,NA,NA,NA,,NA,NA,,,,NA,NA,NA,,NA,NA,,,,NA,NA,NA,,NA,NA,,,,NA,NA,NA,,NA,NA,,,,NA,NA,NA,,NA,NA,,,,NA,NA,NA,,NA,NA,,,,NA,NA,NA,,NA,NA,,,,NA,NA,NA,,NA,NA,,,,NA,NA,NA,,NA,NA,,,,NA,NA,NA,,NA,NA,,,,NA,NA,NA,NA,NA,NA,NA,,NA,NA,,,,NA,NA,NA,NA,NA,NA,NA,,NA,NA,,,,NA,NA,NA,,NA,NA,,,,People vaping and exercising,People vaping,17,Young Treat,1,0,0,0,0,0,1,0,0,1,1,1,2,0,0
R_3n2wSZSdzR0mmCH,15,Yes,NA,NA,NA,,NA,NA,,,,NA,NA,NA,,NA,NA,,,,NA,NA,NA,,NA,NA,,,,NA,NA,NA,,NA,NA,,,,NA,NA,NA,,NA,NA,,,,NA,NA,NA,,NA,NA,,,,NA,NA,NA,,NA,NA,,,,NA,NA,NA,,NA,NA,,,,NA,NA,NA,,NA,NA,,,,NA,NA,NA,,NA,NA,,,,NA,NA,NA,,NA,NA,,,,NA,NA,NA,,NA,NA,,,,32,26,17,Extremely harmful,1,1,Definitely not,Definitely not,Definitely not,22,19,23,Extremely harmful,1,1,Definitely not,Definitely not,Definitely not,13,15,29,Extremely harmful,1,1,Definitely not,Definitely not,Definitely not,38,49,22,Extremely harmful,1,1,Definitely not,Definitely not,Definitely not,29,31,29,Extremely harmful,1,2,Definitely not,Definitely not,Definitely not,50,36,17,Extremely harmful,1,1,Definitely not,Definitely not,Definitely not,NA,NA,NA,,NA,NA,,,,NA,NA,NA,,NA,NA,,,,NA,NA,NA,,NA,NA,,,,NA,NA,NA,NA,NA,NA,NA,,NA,NA,,,,NA,NA,NA,NA,NA,NA,NA,,NA,NA,,,,NA,NA,NA,,NA,NA,,,,People vaping and exercising,People vaping,15,Young Control,0,0,0,0,0,0,0,0,0,2,2,1,1,0,0
R_5H05vaBl8kn6KwF,14,No,10,6,14,Not at all harmful,1,1,Definitely not,Definitely not,Definitely not,6,14,12,Extremely harmful,2,1,Definitely not,Definitely not,Definitely not,8,10,15,Somewhat harmful,1,1,Definitely not,Definitely not,Probably not,29,37,7,Slightly harmful,3,1,Probably not,Definitely not,Probably yes,5,2,3,Extremely harmful,1,1,Definitely not,Definitely not,Definitely not,18,14,13,Not at all harmful,1,2,Definitely not,Probably not,Probably not,NA,NA,NA,,NA,NA,,,,NA,NA,NA,,NA,NA,,,,NA,NA,NA,,NA,NA,,,,NA,NA,NA,,NA,NA,,,,NA,NA,NA,,NA,NA,,,,NA,NA,NA,,NA,NA,,,,NA,NA,NA,,NA,NA,,,,NA,NA,NA,,NA,NA,,,,NA,NA,NA,,NA,NA,,,,NA,NA,NA,,NA,NA,,,,NA,NA,NA,,NA,NA,,,,NA,NA,NA,,NA,NA,,,,NA,NA,NA,,NA,NA,,,,NA,NA,NA,,NA,NA,,,,NA,NA,NA,,NA,NA,,,,NA,NA,NA,NA,NA,NA,NA,,NA,NA,,,,NA,NA,NA,NA,NA,NA,NA,,NA,NA,,,,NA,NA,NA,,NA,NA,,,,People vaping and exercising,People vaping,14,Young Treat,0,1,0,0,0,1,0,0,0,NA,NA,1,1,0,0
R_3qEKsIze8ULgA9T,15,Yes,NA,NA,NA,,NA,NA,,,,NA,NA,NA,,NA,NA,,,,NA,NA,NA,,NA,NA,,,,NA,NA,NA,,NA,NA,,,,NA,NA,NA,,NA,NA,,,,NA,NA,NA,,NA,NA,,,,37,51,51,Slightly harmful,4,2,Probably yes,Probably yes,Probably not,62,56,55,Somewhat harmful,4,2,Probably yes,Probably yes,Probably not,44,53,47,Somewhat harmful,4,2,Probably yes,Probably not,Probably not,38,50,48,Somewhat harmful,4,2,Probably yes,Probably yes,Probably not,32,48,53,Somewhat harmful,4,1,Probably yes,Probably yes,Probably not,39,53,50,Slightly harmful,4,1,Probably yes,Probably yes,Probably not,NA,NA,NA,,NA,NA,,,,NA,NA,NA,,NA,NA,,,,NA,NA,NA,,NA,NA,,,,NA,NA,NA,,NA,NA,,,,NA,NA,NA,,NA,NA,,,,NA,NA,NA,,NA,NA,,,,NA,NA,NA,,NA,NA,,,,NA,NA,NA,,NA,NA,,,,NA,NA,NA,,NA,NA,,,,NA,NA,NA,NA,NA,NA,NA,,NA,NA,,,,NA,NA,NA,NA,NA,NA,NA,,NA,NA,,,,NA,NA,NA,,NA,NA,,,,,People vaping,15,Old Treat,0,0,0,0,0,0,0,1,1,3,3,1,1,1,0
R_3YFergoOp6GkcSt,17,No,50,36,41,Extremely harmful,0,0,Definitely not,Definitely not,Definitely not,20,30,50,Extremely harmful,0,0,Definitely not,Definitely not,Definitely not,44,27,40,Extremely harmful,0,0,Definitely not,Definitely not,Definitely not,26,NA,28,Extremely harmful,0,0,Definitely not,Definitely not,Definitely not,50,50,33,Extremely harmful,0,0,Definitely not,Definitely not,Definitely not,NA,NA,30,Extremely harmful,0,0,Definitely not,Definitely not,Definitely not,NA,NA,NA,,NA,NA,,,,NA,NA,NA,,NA,NA,,,,NA,NA,NA,,NA,NA,,,,NA,NA,NA,,NA,NA,,,,NA,NA,NA,,NA,NA,,,,NA,NA,NA,,NA,NA,,,,NA,NA,NA,,NA,NA,,,,NA,NA,NA,,NA,NA,,,,NA,NA,NA,,NA,NA,,,,NA,NA,NA,,NA,NA,,,,NA,NA,NA,,NA,NA,,,,NA,NA,NA,,NA,NA,,,,NA,NA,NA,,NA,NA,,,,NA,NA,NA,,NA,NA,,,,NA,NA,NA,,NA,NA,,,,NA,NA,NA,NA,NA,NA,NA,,NA,NA,,,,NA,NA,NA,NA,NA,NA,NA,,NA,NA,,,,NA,NA,NA,,NA,NA,,,,People vaping and exercising,People vaping,17,Young Treat,0,0,1,0,0,0,0,0,0,1,1,1,2,0,0
R_6QfvIegS9jDUVoW,14,Yes,NA,NA,NA,,NA,NA,,,,NA,NA,NA,,NA,NA,,,,NA,NA,NA,,NA,NA,,,,NA,NA,NA,,NA,NA,,,,NA,NA,NA,,NA,NA,,,,NA,NA,NA,,NA,NA,,,,NA,NA,NA,,NA,NA,,,,NA,NA,NA,,NA,NA,,,,NA,NA,NA,,NA,NA,,,,NA,NA,NA,,NA,NA,,,,NA,NA,NA,,NA,NA,,,,NA,NA,NA,,NA,NA,,,,22,22,19,Very harmful,1,1,Probably not,Definitely not,Probably not,19,18,22,Very harmful,1,1,Probably not,Definitely not,Probably not,29,18,40,Very harmful,1,1,Probably not,Definitely not,Probably not,11,19,21,Somewhat harmful,1,1,Probably not,Definitely not,Probably not,11,15,12,Very harmful,1,1,Probably not,Definitely not,Probably not,12,14,15,Somewhat harmful,1,2,Probably not,Definitely not,Probably not,NA,NA,NA,,NA,NA,,,,NA,NA,NA,,NA,NA,,,,NA,NA,NA,,NA,NA,,,,NA,NA,NA,NA,NA,NA,NA,,NA,NA,,,,NA,NA,NA,NA,NA,NA,NA,,NA,NA,,,,NA,NA,NA,,NA,NA,,,,,People vaping,14,Young Control,0,0,0,0,0,0,1,0,0,2,2,1,3,0,0
R_5qfl0b8ekiBFfLM,14,No,NA,NA,NA,,NA,NA,,,,NA,NA,NA,,NA,NA,,,,NA,NA,NA,,NA,NA,,,,NA,NA,NA,,NA,NA,,,,NA,NA,NA,,NA,NA,,,,NA,NA,NA,,NA,NA,,,,NA,NA,NA,,NA,NA,,,,NA,NA,NA,,NA,NA,,,,NA,NA,NA,,NA,NA,,,,NA,NA,NA,,NA,NA,,,,NA,NA,NA,,NA,NA,,,,NA,NA,NA,,NA,NA,,,,NA,NA,NA,,NA,NA,,,,NA,NA,NA,,NA,NA,,,,NA,NA,NA,,NA,NA,,,,NA,NA,NA,,NA,NA,,,,NA,NA,NA,,NA,NA,,,,NA,NA,NA,,NA,NA,,,,1,2,1,Extremely harmful,0,0,Definitely not,Definitely not,Definitely not,3,1,1,Extremely harmful,0,0,Definitely not,Definitely not,Definitely not,1,1,1,Extremely harmful,0,0,Definitely not,Definitely not,Definitely not,0,0,11.015,0,10,1,1,Extremely harmful,0,0,Definitely not,Definitely not,Definitely not,0,0,12.888,0,12,4,3,Extremely harmful,0,0,Definitely not,Definitely not,Definitely not,2,2,1,Extremely harmful,0,0,Definitely not,Definitely not,Definitely not,People vaping and exercising,People vaping,14,Old Control,0,1,0,0,0,0,0,0,0,1,1,1,1,0,0
R_3js7BfXcOIeFMng,16,No,0,0,0,Slightly harmful,0,0,Probably not,Probably yes,Definitely not,9,47,0,Very harmful,0,0,Probably not,Definitely not,Definitely not,0,0,0,Not at all harmful,0,0,Definitely not,Definitely not,Definitely not,0,0,0,Somewhat harmful,0,0,Probably not,Definitely not,Definitely not,0,0,0,Somewhat harmful,0,0,Probably not,Probably yes,Probably not,0,0,0,Very harmful,0,0,Probably not,Definitely not,Definitely not,NA,NA,NA,,NA,NA,,,,NA,NA,NA,,NA,NA,,,,NA,NA,NA,,NA,NA,,,,NA,NA,NA,,NA,NA,,,,NA,NA,NA,,NA,NA,,,,NA,NA,NA,,NA,NA,,,,NA,NA,NA,,NA,NA,,,,NA,NA,NA,,NA,NA,,,,NA,NA,NA,,NA,NA,,,,NA,NA,NA,,NA,NA,,,,NA,NA,NA,,NA,NA,,,,NA,NA,NA,,NA,NA,,,,NA,NA,NA,,NA,NA,,,,NA,NA,NA,,NA,NA,,,,NA,NA,NA,,NA,NA,,,,NA,NA,NA,NA,NA,NA,NA,,NA,NA,,,,NA,NA,NA,NA,NA,NA,NA,,NA,NA,,,,NA,NA,NA,,NA,NA,,,,People vaping and exercising,People vaping,16,Young Treat,1,0,0,0,0,0,1,0,0,5,5,1,3,0,0
R_3lVU6SqsoYdjYen,17,No,NA,NA,NA,,NA,NA,,,,NA,NA,NA,,NA,NA,,,,NA,NA,NA,,NA,NA,,,,NA,NA,NA,,NA,NA,,,,NA,NA,NA,,NA,NA,,,,NA,NA,NA,,NA,NA,,,,NA,NA,NA,,NA,NA,,,,NA,NA,NA,,NA,NA,,,,NA,NA,NA,,NA,NA,,,,NA,NA,NA,,NA,NA,,,,NA,NA,NA,,NA,NA,,,,NA,NA,NA,,NA,NA,,,,50,50,30,Extremely harmful,3,3,Probably not,Probably not,Definitely not,50,50,10,Extremely harmful,1,1,Probably not,Probably not,Definitely not,50,50,30,Extremely harmful,2,2,Probably yes,Probably yes,Probably yes,50,50,20,Extremely harmful,1,2,Definitely not,Definitely not,Definitely not,50,50,10,Extremely harmful,2,3,Probably not,Probably not,Probably not,50,50,20,Extremely harmful,2,2,Probably yes,Probably yes,Probably yes,NA,NA,NA,,NA,NA,,,,NA,NA,NA,,NA,NA,,,,NA,NA,NA,,NA,NA,,,,NA,NA,NA,NA,NA,NA,NA,,NA,NA,,,,NA,NA,NA,NA,NA,NA,NA,,NA,NA,,,,NA,NA,NA,,NA,NA,,,,,People vaping,17,Young Control,1,1,0,0,0,1,1,1,1,1,1,1,1,1,1
R_306laEj05l5Vzd7,15,No,NA,NA,NA,,NA,NA,,,,NA,NA,NA,,NA,NA,,,,NA,NA,NA,,NA,NA,,,,NA,NA,NA,,NA,NA,,,,NA,NA,NA,,NA,NA,,,,NA,NA,NA,,NA,NA,,,,NA,NA,NA,,NA,NA,,,,NA,NA,NA,,NA,NA,,,,NA,NA,NA,,NA,NA,,,,NA,NA,NA,,NA,NA,,,,NA,NA,NA,,NA,NA,,,,NA,NA,NA,,NA,NA,,,,NA,NA,NA,,NA,NA,,,,NA,NA,NA,,NA,NA,,,,NA,NA,NA,,NA,NA,,,,NA,NA,NA,,NA,NA,,,,NA,NA,NA,,NA,NA,,,,NA,NA,NA,,NA,NA,,,,71,60,62,Very harmful,3,2,Probably not,Definitely not,Probably not,71,38,10,Very harmful,0,1,Definitely not,Definitely not,Definitely not,61,41,37,Very harmful,1,1,Probably not,Definitely not,Probably not,0,0,11.955,0,40,36,5,Very harmful,0,0,Definitely not,Definitely not,Definitely not,19.112,19.112,20.407,1,71,50,61,Very harmful,4,3,Probably not,Definitely not,Probably not,71,61,40,Very harmful,3,2,Probably not,Definitely not,Probably not,,People vaping,15,Old Control,0,1,0,0,0,0,0,0,0,2,2,1,1,0,0
R_6PuAKKXLLOmsBLr,16,No,NA,NA,NA,,NA,NA,,,,NA,NA,NA,,NA,NA,,,,NA,NA,NA,,NA,NA,,,,NA,NA,NA,,NA,NA,,,,NA,NA,NA,,NA,NA,,,,NA,NA,NA,,NA,NA,,,,NA,NA,NA,,NA,NA,,,,NA,NA,NA,,NA,NA,,,,NA,NA,NA,,NA,NA,,,,NA,NA,NA,,NA,NA,,,,NA,NA,NA,,NA,NA,,,,NA,NA,NA,,NA,NA,,,,NA,NA,NA,,NA,NA,,,,NA,NA,NA,,NA,NA,,,,NA,NA,NA,,NA,NA,,,,NA,NA,NA,,NA,NA,,,,NA,NA,NA,,NA,NA,,,,NA,NA,NA,,NA,NA,,,,42,32,28,Very harmful,2,0,Definitely not,Definitely not,Definitely not,40,8,7,Extremely harmful,1,0,Definitely not,Definitely not,Definitely not,36,38,3,Very harmful,2,1,Definitely not,Definitely not,Definitely not,0,0,11.801,0,28,31,35,Extremely harmful,1,0,Definitely not,Definitely not,Definitely not,0,0,12.251,0,36,43,17,Very harmful,3,3,Definitely not,Definitely not,Definitely not,35,33,29,Extremely harmful,2,2,Definitely not,Definitely not,Definitely not,People vaping and exercising,People vaping,16,Old Control,0,1,0,0,0,1,0,0,0,1,1,1,1,0,0
R_5t2PN1qJ4dCR7Zn,16,Yes,NA,NA,NA,,NA,NA,,,,NA,NA,NA,,NA,NA,,,,NA,NA,NA,,NA,NA,,,,NA,NA,NA,,NA,NA,,,,NA,NA,NA,,NA,NA,,,,NA,NA,NA,,NA,NA,,,,0,0,35,Extremely harmful,0,0,Definitely not,Definitely not,Definitely not,0,0,35,Extremely harmful,0,0,Definitely not,Definitely not,Definitely not,0,0,0,Extremely harmful,0,0,Definitely not,Definitely not,Definitely not,0,0,60,Extremely harmful,0,0,Definitely not,Definitely not,Definitely not,0,0,35,Extremely harmful,0,0,Definitely not,Definitely not,Definitely not,0,0,0,Extremely harmful,0,0,Definitely not,Definitely not,Definitely not,NA,NA,NA,,NA,NA,,,,NA,NA,NA,,NA,NA,,,,NA,NA,NA,,NA,NA,,,,NA,NA,NA,,NA,NA,,,,NA,NA,NA,,NA,NA,,,,NA,NA,NA,,NA,NA,,,,NA,NA,NA,,NA,NA,,,,NA,NA,NA,,NA,NA,,,,NA,NA,NA,,NA,NA,,,,NA,NA,NA,NA,NA,NA,NA,,NA,NA,,,,NA,NA,NA,NA,NA,NA,NA,,NA,NA,,,,NA,NA,NA,,NA,NA,,,,People vaping and exercising,People vaping,16,Old Treat,0,0,0,0,0,0,0,0,0,1,1,1,1,0,0
R_1Qs0hiTkjG6rRvP,17,No,NA,NA,NA,,NA,NA,,,,NA,NA,NA,,NA,NA,,,,NA,NA,NA,,NA,NA,,,,NA,NA,NA,,NA,NA,,,,NA,NA,NA,,NA,NA,,,,NA,NA,NA,,NA,NA,,,,NA,NA,NA,,NA,NA,,,,NA,NA,NA,,NA,NA,,,,NA,NA,NA,,NA,NA,,,,NA,NA,NA,,NA,NA,,,,NA,NA,NA,,NA,NA,,,,NA,NA,NA,,NA,NA,,,,33,39,12,Extremely harmful,0,0,Definitely not,Definitely not,Definitely not,34,26,27,Extremely harmful,0,0,Definitely not,Definitely not,Definitely not,0,0,0,Extremely harmful,0,0,Definitely not,Definitely not,Definitely not,35,29,19,Extremely harmful,0,0,Definitely not,Definitely not,Definitely not,40,31,4,Extremely harmful,0,0,Definitely not,Definitely not,Definitely not,15,15,15,Extremely harmful,0,0,Definitely not,Definitely not,Definitely not,NA,NA,NA,,NA,NA,,,,NA,NA,NA,,NA,NA,,,,NA,NA,NA,,NA,NA,,,,NA,NA,NA,NA,NA,NA,NA,,NA,NA,,,,NA,NA,NA,NA,NA,NA,NA,,NA,NA,,,,NA,NA,NA,,NA,NA,,,,,People vaping,17,Young Control,1,1,0,0,0,1,1,0,0,1,1,1,1,0,0
R_5kM8yFH3bwxRVN3,16,No,NA,NA,NA,,NA,NA,,,,NA,NA,NA,,NA,NA,,,,NA,NA,NA,,NA,NA,,,,NA,NA,NA,,NA,NA,,,,NA,NA,NA,,NA,NA,,,,NA,NA,NA,,NA,NA,,,,33,20,28,Somewhat harmful,1,0,Definitely not,Definitely not,Probably not,22,36,42,Slightly harmful,3,2,Definitely not,Definitely not,Probably not,51,44,47,Somewhat harmful,2,1,Definitely not,Definitely not,Probably not,29,41,20,Very harmful,2,0,Definitely not,Definitely not,Probably not,23,11,20,Slightly harmful,1,3,Definitely not,Definitely not,Probably not,41,50,40,Somewhat harmful,2,0,Definitely not,Definitely not,Probably not,NA,NA,NA,,NA,NA,,,,NA,NA,NA,,NA,NA,,,,NA,NA,NA,,NA,NA,,,,NA,NA,NA,,NA,NA,,,,NA,NA,NA,,NA,NA,,,,NA,NA,NA,,NA,NA,,,,NA,NA,NA,,NA,NA,,,,NA,NA,NA,,NA,NA,,,,NA,NA,NA,,NA,NA,,,,NA,NA,NA,NA,NA,NA,NA,,NA,NA,,,,NA,NA,NA,NA,NA,NA,NA,,NA,NA,,,,NA,NA,NA,,NA,NA,,,,People vaping and exercising,People vaping,16,Old Treat,0,1,0,0,0,1,0,0,0,1,1,1,1,0,0
R_3I5CNmx7T50QCcm,16,No,0,0,1,Very harmful,0,0,Definitely not,Definitely not,Definitely not,0,0,0,Very harmful,0,0,Definitely not,Definitely not,Definitely not,0,0,0,Very harmful,0,0,Definitely not,Definitely not,Definitely not,0,0,0,Very harmful,0,0,Definitely not,Definitely not,Definitely not,10,21,14,Very harmful,0,0,Definitely not,Definitely not,Definitely not,0,0,0,Very harmful,0,0,Definitely not,Definitely not,Definitely not,NA,NA,NA,,NA,NA,,,,NA,NA,NA,,NA,NA,,,,NA,NA,NA,,NA,NA,,,,NA,NA,NA,,NA,NA,,,,NA,NA,NA,,NA,NA,,,,NA,NA,NA,,NA,NA,,,,NA,NA,NA,,NA,NA,,,,NA,NA,NA,,NA,NA,,,,NA,NA,NA,,NA,NA,,,,NA,NA,NA,,NA,NA,,,,NA,NA,NA,,NA,NA,,,,NA,NA,NA,,NA,NA,,,,NA,NA,NA,,NA,NA,,,,NA,NA,NA,,NA,NA,,,,NA,NA,NA,,NA,NA,,,,NA,NA,NA,NA,NA,NA,NA,,NA,NA,,,,NA,NA,NA,NA,NA,NA,NA,,NA,NA,,,,NA,NA,NA,,NA,NA,,,,People vaping and exercising,People vaping,16,Young Treat,1,0,0,0,0,0,0,0,0,2,2,1,1,0,0
R_3itfUGUeGjgprbo,15,Yes,NA,NA,NA,,NA,NA,,,,NA,NA,NA,,NA,NA,,,,NA,NA,NA,,NA,NA,,,,NA,NA,NA,,NA,NA,,,,NA,NA,NA,,NA,NA,,,,NA,NA,NA,,NA,NA,,,,NA,NA,NA,,NA,NA,,,,NA,NA,NA,,NA,NA,,,,NA,NA,NA,,NA,NA,,,,NA,NA,NA,,NA,NA,,,,NA,NA,NA,,NA,NA,,,,NA,NA,NA,,NA,NA,,,,NA,NA,NA,,NA,NA,,,,NA,NA,NA,,NA,NA,,,,NA,NA,NA,,NA,NA,,,,NA,NA,NA,,NA,NA,,,,NA,NA,NA,,NA,NA,,,,NA,NA,NA,,NA,NA,,,,49,52,0,Extremely harmful,0,0,Definitely not,Definitely not,Definitely not,42,47,0,Extremely harmful,0,0,Definitely not,Definitely not,Definitely not,50,51,0,Extremely harmful,0,0,Definitely not,Definitely not,Definitely not,1.728,11.62,11.636,4,100,50,50,Extremely harmful,0,0,Definitely not,Definitely not,Definitely not,1.201,1.424,16.584,2,47,49,0,Extremely harmful,0,0,Definitely not,Definitely not,Definitely not,47,43,0,Extremely harmful,0,0,Definitely not,Definitely not,Definitely not,,People vaping,15,Old Control,0,0,0,0,1,0,0,0,0,2,2,1,1,0,0
R_5LIkGEsF1nmAH0K,16,No,NA,NA,NA,,NA,NA,,,,NA,NA,NA,,NA,NA,,,,NA,NA,NA,,NA,NA,,,,NA,NA,NA,,NA,NA,,,,NA,NA,NA,,NA,NA,,,,NA,NA,NA,,NA,NA,,,,30,48,71,Somewhat harmful,3,4,Probably yes,Probably not,Probably yes,30,50,60,Somewhat harmful,4,3,Probably yes,Probably not,Probably yes,54,55,71,Somewhat harmful,4,3,Probably yes,Probably not,Probably yes,30,37,80,Somewhat harmful,3,3,Probably yes,Probably not,Probably yes,80,30,50,Somewhat harmful,5,6,Probably yes,Probably not,Probably yes,20,21,46,Somewhat harmful,3,1,Probably yes,Probably not,Probably yes,NA,NA,NA,,NA,NA,,,,NA,NA,NA,,NA,NA,,,,NA,NA,NA,,NA,NA,,,,NA,NA,NA,,NA,NA,,,,NA,NA,NA,,NA,NA,,,,NA,NA,NA,,NA,NA,,,,NA,NA,NA,,NA,NA,,,,NA,NA,NA,,NA,NA,,,,NA,NA,NA,,NA,NA,,,,NA,NA,NA,NA,NA,NA,NA,,NA,NA,,,,NA,NA,NA,NA,NA,NA,NA,,NA,NA,,,,NA,NA,NA,,NA,NA,,,,People vaping and exercising,People vaping,16,Old Treat,0,0,1,0,0,0,1,0,0,3,3,1,1,0,0
R_6MzGV3RcLQ0g6Fa,17,No,NA,NA,NA,,NA,NA,,,,NA,NA,NA,,NA,NA,,,,NA,NA,NA,,NA,NA,,,,NA,NA,NA,,NA,NA,,,,NA,NA,NA,,NA,NA,,,,NA,NA,NA,,NA,NA,,,,NA,NA,NA,,NA,NA,,,,NA,NA,NA,,NA,NA,,,,NA,NA,NA,,NA,NA,,,,NA,NA,NA,,NA,NA,,,,NA,NA,NA,,NA,NA,,,,NA,NA,NA,,NA,NA,,,,NA,NA,NA,,NA,NA,,,,NA,NA,NA,,NA,NA,,,,NA,NA,NA,,NA,NA,,,,NA,NA,NA,,NA,NA,,,,NA,NA,NA,,NA,NA,,,,NA,NA,NA,,NA,NA,,,,34,28,40,Not at all harmful,2,1,Definitely not,Probably not,Probably yes,45,40,26,Not at all harmful,2,2,Definitely not,Probably not,Probably yes,25,32,15,Not at all harmful,1,3,Definitely not,Probably not,Probably yes,2.761,16.855,17.258,3,62,30,80,Not at all harmful,1,2,Definitely not,Probably not,Probably yes,1.601,88.405,88.834,2,23,38,39,Not at all harmful,2,3,Definitely not,Probably not,Probably yes,28,40,38,Not at all harmful,2,2,Definitely not,Probably not,Probably yes,People vaping and exercising,People vaping,17,Old Control,0,1,0,0,0,0,0,0,0,5,5,1,2,0,0
R_7Fmtm6bKu8YUXU6,17,Yes,NA,NA,NA,,NA,NA,,,,NA,NA,NA,,NA,NA,,,,NA,NA,NA,,NA,NA,,,,NA,NA,NA,,NA,NA,,,,NA,NA,NA,,NA,NA,,,,NA,NA,NA,,NA,NA,,,,72,45,36,Very harmful,0,2,Definitely not,Definitely not,Definitely not,80,76,57,Very harmful,0,2,Definitely not,Definitely not,Definitely not,86,53,38,Very harmful,0,2,Definitely not,Definitely not,Definitely not,69,85,30,Very harmful,0,2,Definitely not,Definitely not,Definitely not,78,89,22,Very harmful,0,2,Definitely not,Definitely not,Definitely not,64,65,30,Very harmful,0,2,Definitely not,Definitely not,Definitely not,NA,NA,NA,,NA,NA,,,,NA,NA,NA,,NA,NA,,,,NA,NA,NA,,NA,NA,,,,NA,NA,NA,,NA,NA,,,,NA,NA,NA,,NA,NA,,,,NA,NA,NA,,NA,NA,,,,NA,NA,NA,,NA,NA,,,,NA,NA,NA,,NA,NA,,,,NA,NA,NA,,NA,NA,,,,NA,NA,NA,NA,NA,NA,NA,,NA,NA,,,,NA,NA,NA,NA,NA,NA,NA,,NA,NA,,,,NA,NA,NA,,NA,NA,,,,People vaping and exercising,People vaping,17,Old Treat,1,0,0,0,0,0,0,0,0,2,2,1,1,0,0
R_7VCHxUk0Vi1fZ22,16,Yes,NA,NA,NA,,NA,NA,,,,NA,NA,NA,,NA,NA,,,,NA,NA,NA,,NA,NA,,,,NA,NA,NA,,NA,NA,,,,NA,NA,NA,,NA,NA,,,,NA,NA,NA,,NA,NA,,,,NA,NA,NA,,NA,NA,,,,NA,NA,NA,,NA,NA,,,,NA,NA,NA,,NA,NA,,,,NA,NA,NA,,NA,NA,,,,NA,NA,NA,,NA,NA,,,,NA,NA,NA,,NA,NA,,,,NA,NA,NA,,NA,NA,,,,NA,NA,NA,,NA,NA,,,,NA,NA,NA,,NA,NA,,,,NA,NA,NA,,NA,NA,,,,NA,NA,NA,,NA,NA,,,,NA,NA,NA,,NA,NA,,,,50,40,70,Extremely harmful,2,3,Probably yes,Definitely not,Probably not,30,44,30,Extremely harmful,2,2,Probably yes,Definitely not,Definitely not,35,30,45,Extremely harmful,1,1,Probably not,Definitely not,Definitely not,1.669,14.037,15.136,4,30,30,18,Extremely harmful,1,0,Probably not,Definitely not,Definitely not,2.001,16.215,18.444,2,40,30,39,Extremely harmful,2,2,Probably yes,Definitely not,Definitely not,40,37,51,Extremely harmful,1,1,Definitely not,Definitely not,Definitely not,,People vaping,16,Old Control,0,0,0,0,1,1,1,0,0,1,1,1,3,0,0
R_39wjfWJKxUfJ4rL,17,No,NA,NA,NA,,NA,NA,,,,NA,NA,NA,,NA,NA,,,,NA,NA,NA,,NA,NA,,,,NA,NA,NA,,NA,NA,,,,NA,NA,NA,,NA,NA,,,,NA,NA,NA,,NA,NA,,,,NA,NA,NA,,NA,NA,,,,NA,NA,NA,,NA,NA,,,,NA,NA,NA,,NA,NA,,,,NA,NA,NA,,NA,NA,,,,NA,NA,NA,,NA,NA,,,,NA,NA,NA,,NA,NA,,,,6,10,2,Very harmful,1,0,Definitely not,Definitely not,Definitely not,14,5,8,Very harmful,0,1,Definitely not,Definitely not,Definitely not,0,20,21,Very harmful,1,1,Definitely not,Definitely not,Definitely not,100,3,8,Very harmful,0,1,Definitely not,Definitely not,Definitely not,0,6,4,Very harmful,0,0,Definitely not,Definitely not,Definitely not,9,6,7,Very harmful,1,1,Definitely not,Definitely not,Definitely not,NA,NA,NA,,NA,NA,,,,NA,NA,NA,,NA,NA,,,,NA,NA,NA,,NA,NA,,,,NA,NA,NA,NA,NA,NA,NA,,NA,NA,,,,NA,NA,NA,NA,NA,NA,NA,,NA,NA,,,,NA,NA,NA,,NA,NA,,,,,People vaping,17,Young Control,1,0,0,0,0,0,0,0,0,2,2,1,1,0,0
R_7zOxREm025k5AuB,17,No,47,47,38,Very harmful,2,2,Definitely not,Definitely not,Definitely not,40,42,41,Very harmful,3,3,Definitely not,Definitely not,Definitely not,52,54,54,Very harmful,3,2,Definitely not,Definitely not,Definitely not,40,43,45,Very harmful,2,2,Definitely not,Definitely not,Definitely not,51,57,56,Very harmful,3,2,Definitely not,Definitely not,Definitely not,42,46,35,Very harmful,2,3,Definitely not,Definitely not,Definitely not,NA,NA,NA,,NA,NA,,,,NA,NA,NA,,NA,NA,,,,NA,NA,NA,,NA,NA,,,,NA,NA,NA,,NA,NA,,,,NA,NA,NA,,NA,NA,,,,NA,NA,NA,,NA,NA,,,,NA,NA,NA,,NA,NA,,,,NA,NA,NA,,NA,NA,,,,NA,NA,NA,,NA,NA,,,,NA,NA,NA,,NA,NA,,,,NA,NA,NA,,NA,NA,,,,NA,NA,NA,,NA,NA,,,,NA,NA,NA,,NA,NA,,,,NA,NA,NA,,NA,NA,,,,NA,NA,NA,,NA,NA,,,,NA,NA,NA,NA,NA,NA,NA,,NA,NA,,,,NA,NA,NA,NA,NA,NA,NA,,NA,NA,,,,NA,NA,NA,,NA,NA,,,,People vaping and exercising,People vaping,17,Young Treat,1,0,0,0,0,0,0,0,0,1,1,1,2,0,0
R_6Cjrwo2Y6KLsJqh,15,Yes,NA,NA,NA,,NA,NA,,,,NA,NA,NA,,NA,NA,,,,NA,NA,NA,,NA,NA,,,,NA,NA,NA,,NA,NA,,,,NA,NA,NA,,NA,NA,,,,NA,NA,NA,,NA,NA,,,,7,8,7,Extremely harmful,0,0,Definitely not,Definitely not,Definitely not,36,35,39,Extremely harmful,0,0,Definitely not,Definitely not,Definitely not,10,20,5,Extremely harmful,0,6,Definitely not,Definitely not,Definitely not,20,20,22,Extremely harmful,0,0,Definitely not,Definitely not,Definitely not,7,8,18,Extremely harmful,0,0,Definitely not,Definitely not,Definitely not,6,8,21,Extremely harmful,0,0,Definitely not,Definitely not,Definitely not,NA,NA,NA,,NA,NA,,,,NA,NA,NA,,NA,NA,,,,NA,NA,NA,,NA,NA,,,,NA,NA,NA,,NA,NA,,,,NA,NA,NA,,NA,NA,,,,NA,NA,NA,,NA,NA,,,,NA,NA,NA,,NA,NA,,,,NA,NA,NA,,NA,NA,,,,NA,NA,NA,,NA,NA,,,,NA,NA,NA,NA,NA,NA,NA,,NA,NA,,,,NA,NA,NA,NA,NA,NA,NA,,NA,NA,,,,NA,NA,NA,,NA,NA,,,,People vaping and exercising,,15,Old Treat,0,0,0,1,0,0,0,0,0,1,1,1,1,0,0
R_517MbUGNtH4eD5x,14,Yes,NA,NA,NA,,NA,NA,,,,NA,NA,NA,,NA,NA,,,,NA,NA,NA,,NA,NA,,,,NA,NA,NA,,NA,NA,,,,NA,NA,NA,,NA,NA,,,,NA,NA,NA,,NA,NA,,,,NA,NA,NA,,NA,NA,,,,NA,NA,NA,,NA,NA,,,,NA,NA,NA,,NA,NA,,,,NA,NA,NA,,NA,NA,,,,NA,NA,NA,,NA,NA,,,,NA,NA,NA,,NA,NA,,,,NA,NA,NA,,NA,NA,,,,NA,NA,NA,,NA,NA,,,,NA,NA,NA,,NA,NA,,,,NA,NA,NA,,NA,NA,,,,NA,NA,NA,,NA,NA,,,,NA,NA,NA,,NA,NA,,,,13,16,15,Very harmful,1,1,Probably not,Definitely not,Definitely not,36,19,20,Very harmful,1,1,Probably not,Definitely not,Definitely not,38,36,46,Very harmful,2,0,Probably not,Definitely not,Definitely not,1.894,2.352,12.137,2,8,5,6,Very harmful,1,1,Probably not,Definitely not,Definitely not,1.129,15.656,17.018,2,11,7,6,Very harmful,1,1,Probably not,Definitely not,Definitely not,14,12,14,Very harmful,1,1,Probably not,Definitely not,Definitely not,,People vaping,14,Old Control,1,0,0,0,0,1,1,0,0,2,2,1,1,0,0
R_5rNIcZXLrt0YPx7,17,No,0,0,0,Somewhat harmful,0,0,Definitely not,Definitely not,Definitely not,6,6,10,Somewhat harmful,0,0,Definitely not,Definitely not,Definitely not,0,4,5,Somewhat harmful,0,0,Definitely not,Definitely not,Definitely not,17,10,13,Somewhat harmful,0,0,Definitely not,Definitely not,Definitely not,41,20,16,Somewhat harmful,0,0,Definitely not,Definitely not,Definitely not,16,9,14,Somewhat harmful,0,0,Definitely not,Definitely not,Definitely not,NA,NA,NA,,NA,NA,,,,NA,NA,NA,,NA,NA,,,,NA,NA,NA,,NA,NA,,,,NA,NA,NA,,NA,NA,,,,NA,NA,NA,,NA,NA,,,,NA,NA,NA,,NA,NA,,,,NA,NA,NA,,NA,NA,,,,NA,NA,NA,,NA,NA,,,,NA,NA,NA,,NA,NA,,,,NA,NA,NA,,NA,NA,,,,NA,NA,NA,,NA,NA,,,,NA,NA,NA,,NA,NA,,,,NA,NA,NA,,NA,NA,,,,NA,NA,NA,,NA,NA,,,,NA,NA,NA,,NA,NA,,,,NA,NA,NA,NA,NA,NA,NA,,NA,NA,,,,NA,NA,NA,NA,NA,NA,NA,,NA,NA,,,,NA,NA,NA,,NA,NA,,,,People vaping and exercising,People vaping,17,Young Treat,1,0,0,0,0,1,0,0,0,3,3,1,1,1,1
R_53VPuX0DAjVVvFr,17,Yes,NA,NA,NA,,NA,NA,,,,NA,NA,NA,,NA,NA,,,,NA,NA,NA,,NA,NA,,,,NA,NA,NA,,NA,NA,,,,NA,NA,NA,,NA,NA,,,,NA,NA,NA,,NA,NA,,,,NA,NA,NA,,NA,NA,,,,NA,NA,NA,,NA,NA,,,,NA,NA,NA,,NA,NA,,,,NA,NA,NA,,NA,NA,,,,NA,NA,NA,,NA,NA,,,,NA,NA,NA,,NA,NA,,,,40,40,99,Very harmful,0,0,Definitely not,Probably not,Definitely not,33,91,64,Very harmful,0,0,Definitely not,Probably not,Definitely not,40,72,28,Very harmful,0,0,Probably not,Probably not,Definitely not,8,5,0,Very harmful,0,0,Definitely not,Probably not,Definitely not,16,22,48,Very harmful,0,0,Definitely not,Probably not,Definitely not,16,13,72,Very harmful,0,0,Definitely not,Probably not,Definitely not,NA,NA,NA,,NA,NA,,,,NA,NA,NA,,NA,NA,,,,NA,NA,NA,,NA,NA,,,,NA,NA,NA,NA,NA,NA,NA,,NA,NA,,,,NA,NA,NA,NA,NA,NA,NA,,NA,NA,,,,NA,NA,NA,,NA,NA,,,,,People vaping,17,Young Control,0,0,0,0,1,1,0,0,0,2,2,1,1,1,1
R_15Hm59U14eJ4REm,15,Yes,NA,NA,NA,,NA,NA,,,,NA,NA,NA,,NA,NA,,,,NA,NA,NA,,NA,NA,,,,NA,NA,NA,,NA,NA,,,,NA,NA,NA,,NA,NA,,,,NA,NA,NA,,NA,NA,,,,NA,NA,NA,,NA,NA,,,,NA,NA,NA,,NA,NA,,,,NA,NA,NA,,NA,NA,,,,NA,NA,NA,,NA,NA,,,,NA,NA,NA,,NA,NA,,,,NA,NA,NA,,NA,NA,,,,NA,NA,NA,,NA,NA,,,,NA,NA,NA,,NA,NA,,,,NA,NA,NA,,NA,NA,,,,NA,NA,NA,,NA,NA,,,,NA,NA,NA,,NA,NA,,,,NA,NA,NA,,NA,NA,,,,0,12,30,Very harmful,0,0,Definitely not,Definitely not,Definitely not,42,34,48,Very harmful,0,0,Definitely not,Definitely not,Definitely not,42,24,28,Not at all harmful,0,0,Definitely not,Definitely not,Definitely not,0,0,13.462,0,50,45,46,Very harmful,0,0,Probably not,Definitely not,Definitely not,0,0,21.893,0,13,14,24,Extremely harmful,0,0,Definitely not,Definitely not,Definitely not,41,22,53,Very harmful,0,0,Definitely not,Definitely not,Definitely not,,People vaping,15,Old Control,1,0,0,0,0,0,1,0,0,2,2,1,1,0,0
R_15hSSpnglqS2tQR,17,I prefer not to answer,0,0,0,I prefer not to answer,0,0,Definitely not,Definitely not,Definitely not,0,0,0,Extremely harmful,0,0,Definitely not,Definitely not,Definitely not,0,0,0,Very harmful,0,0,Definitely not,Definitely not,Definitely not,0,0,0,Extremely harmful,0,0,Definitely not,Definitely not,Definitely not,0,0,0,Not at all harmful,0,0,Definitely not,Definitely not,Definitely not,0,2,0,Very harmful,0,0,Definitely not,Definitely not,Definitely not,NA,NA,NA,,NA,NA,,,,NA,NA,NA,,NA,NA,,,,NA,NA,NA,,NA,NA,,,,NA,NA,NA,,NA,NA,,,,NA,NA,NA,,NA,NA,,,,NA,NA,NA,,NA,NA,,,,NA,NA,NA,,NA,NA,,,,NA,NA,NA,,NA,NA,,,,NA,NA,NA,,NA,NA,,,,NA,NA,NA,,NA,NA,,,,NA,NA,NA,,NA,NA,,,,NA,NA,NA,,NA,NA,,,,NA,NA,NA,,NA,NA,,,,NA,NA,NA,,NA,NA,,,,NA,NA,NA,,NA,NA,,,,NA,NA,NA,NA,NA,NA,NA,,NA,NA,,,,NA,NA,NA,NA,NA,NA,NA,,NA,NA,,,,NA,NA,NA,,NA,NA,,,,,People vaping,17,Young Treat,1,0,0,0,0,0,1,0,0,2,2,1,3,0,0
R_5aitFxipFtwoWWZ,17,Yes,NA,NA,NA,,NA,NA,,,,NA,NA,NA,,NA,NA,,,,NA,NA,NA,,NA,NA,,,,NA,NA,NA,,NA,NA,,,,NA,NA,NA,,NA,NA,,,,NA,NA,NA,,NA,NA,,,,NA,NA,NA,,NA,NA,,,,NA,NA,NA,,NA,NA,,,,NA,NA,NA,,NA,NA,,,,NA,NA,NA,,NA,NA,,,,NA,NA,NA,,NA,NA,,,,NA,NA,NA,,NA,NA,,,,0,0,0,Extremely harmful,0,0,Probably not,Probably not,Definitely not,8,12,15,Extremely harmful,0,0,Probably not,Probably not,Definitely not,NA,NA,NA,Extremely harmful,NA,NA,Probably not,Probably not,Definitely not,0,0,0,Extremely harmful,0,0,Definitely not,Definitely not,Definitely not,3,13,15,Extremely harmful,0,0,Probably not,Probably not,Definitely not,2,2,0,Extremely harmful,0,0,Probably not,Probably not,Definitely not,NA,NA,NA,,NA,NA,,,,NA,NA,NA,,NA,NA,,,,NA,NA,NA,,NA,NA,,,,NA,NA,NA,NA,NA,NA,NA,,NA,NA,,,,NA,NA,NA,NA,NA,NA,NA,,NA,NA,,,,NA,NA,NA,,NA,NA,,,,People vaping and exercising,People vaping,17,Young Control,0,0,0,0,0,0,0,0,0,1,1,1,1,0,0
R_6KybwUX6QD58mTE,17,No,NA,NA,NA,,NA,NA,,,,NA,NA,NA,,NA,NA,,,,NA,NA,NA,,NA,NA,,,,NA,NA,NA,,NA,NA,,,,NA,NA,NA,,NA,NA,,,,NA,NA,NA,,NA,NA,,,,NA,NA,NA,,NA,NA,,,,NA,NA,NA,,NA,NA,,,,NA,NA,NA,,NA,NA,,,,NA,NA,NA,,NA,NA,,,,NA,NA,NA,,NA,NA,,,,NA,NA,NA,,NA,NA,,,,NA,NA,NA,,NA,NA,,,,NA,NA,NA,,NA,NA,,,,NA,NA,NA,,NA,NA,,,,NA,NA,NA,,NA,NA,,,,NA,NA,NA,,NA,NA,,,,NA,NA,NA,,NA,NA,,,,32,15,7,Very harmful,0,1,Definitely not,Definitely not,Definitely not,44,23,3,Very harmful,2,1,Definitely not,Definitely not,Definitely not,41,19,13,Very harmful,1,1,Definitely not,Definitely not,Definitely not,1.079,11.826,12.789,2,51,30,11,Very harmful,4,3,Definitely not,Definitely not,Definitely not,2.194,16.921,18.889,4,80,50,20,Not at all harmful,5,4,Probably not,Definitely not,Definitely not,57,35,11,Somewhat harmful,4,2,Definitely not,Definitely not,Definitely not,,People vaping,17,Old Control,1,0,0,0,0,0,0,0,0,2,2,1,2,1,1
R_1LbY85saHBQ5Bnn,14,Yes,NA,NA,NA,,NA,NA,,,,NA,NA,NA,,NA,NA,,,,NA,NA,NA,,NA,NA,,,,NA,NA,NA,,NA,NA,,,,NA,NA,NA,,NA,NA,,,,NA,NA,NA,,NA,NA,,,,45,46,49,Very harmful,1,1,Definitely not,Definitely not,Definitely not,3,5,4,Very harmful,1,1,Definitely not,Definitely not,Definitely not,49,48,48,Very harmful,1,1,Definitely not,Definitely not,Definitely not,48,52,49,Very harmful,0,0,Definitely not,Definitely not,Definitely not,1,1,5,Very harmful,5,4,Definitely not,Definitely not,Definitely not,49,49,47,Very harmful,0,1,Definitely not,Definitely not,Definitely not,NA,NA,NA,,NA,NA,,,,NA,NA,NA,,NA,NA,,,,NA,NA,NA,,NA,NA,,,,NA,NA,NA,,NA,NA,,,,NA,NA,NA,,NA,NA,,,,NA,NA,NA,,NA,NA,,,,NA,NA,NA,,NA,NA,,,,NA,NA,NA,,NA,NA,,,,NA,NA,NA,,NA,NA,,,,NA,NA,NA,NA,NA,NA,NA,,NA,NA,,,,NA,NA,NA,NA,NA,NA,NA,,NA,NA,,,,NA,NA,NA,,NA,NA,,,,People vaping and exercising,People vaping,14,Old Treat,1,0,0,0,1,0,0,0,0,2,2,1,1,0,0
R_1CwJGgpNre61qdf,16,No,NA,NA,NA,,NA,NA,,,,NA,NA,NA,,NA,NA,,,,NA,NA,NA,,NA,NA,,,,NA,NA,NA,,NA,NA,,,,NA,NA,NA,,NA,NA,,,,NA,NA,NA,,NA,NA,,,,NA,NA,NA,,NA,NA,,,,NA,NA,NA,,NA,NA,,,,NA,NA,NA,,NA,NA,,,,NA,NA,NA,,NA,NA,,,,NA,NA,NA,,NA,NA,,,,NA,NA,NA,,NA,NA,,,,NA,NA,NA,,NA,NA,,,,NA,NA,NA,,NA,NA,,,,NA,NA,NA,,NA,NA,,,,NA,NA,NA,,NA,NA,,,,NA,NA,NA,,NA,NA,,,,NA,NA,NA,,NA,NA,,,,40,31,39,Slightly harmful,2,2,Probably not,Probably not,Probably not,55,54,50,Very harmful,4,3,Probably not,Probably not,Probably not,44,44,48,Somewhat harmful,4,4,Probably not,Probably not,Probably not,1.655,7.834,18.831,7,48,44,40,Very harmful,2,2,Probably not,Probably not,Probably not,1.094,13.8,14.224,3,49,58,56,Somewhat harmful,4,4,Probably not,Probably not,Probably not,37,18,24,Very harmful,2,2,Probably not,Probably not,Probably not,,People vaping,16,Old Control,1,1,0,0,0,0,1,0,0,4,4,1,1,0,0
R_5dGuTBCibV6TMNR,16,No,70,12,10,Extremely harmful,0,0,Definitely not,Definitely not,Definitely not,12,11,11,Extremely harmful,0,0,Definitely not,Definitely not,Definitely not,3,7,9,Extremely harmful,0,0,Definitely yes,Definitely yes,Definitely yes,4,2,5,Extremely harmful,0,0,Definitely not,Definitely not,Definitely not,71,39,55,Extremely harmful,0,2,Definitely not,Definitely not,Definitely not,12,7,5,Extremely harmful,0,0,Definitely not,Definitely not,Definitely not,NA,NA,NA,,NA,NA,,,,NA,NA,NA,,NA,NA,,,,NA,NA,NA,,NA,NA,,,,NA,NA,NA,,NA,NA,,,,NA,NA,NA,,NA,NA,,,,NA,NA,NA,,NA,NA,,,,NA,NA,NA,,NA,NA,,,,NA,NA,NA,,NA,NA,,,,NA,NA,NA,,NA,NA,,,,NA,NA,NA,,NA,NA,,,,NA,NA,NA,,NA,NA,,,,NA,NA,NA,,NA,NA,,,,NA,NA,NA,,NA,NA,,,,NA,NA,NA,,NA,NA,,,,NA,NA,NA,,NA,NA,,,,NA,NA,NA,NA,NA,NA,NA,,NA,NA,,,,NA,NA,NA,NA,NA,NA,NA,,NA,NA,,,,NA,NA,NA,,NA,NA,,,,People vaping and exercising,,16,Young Treat,0,1,0,0,0,0,0,0,0,1,1,1,3,0,0
R_7Dqo84mF3K2LzW0,17,Yes,NA,NA,NA,,NA,NA,,,,NA,NA,NA,,NA,NA,,,,NA,NA,NA,,NA,NA,,,,NA,NA,NA,,NA,NA,,,,NA,NA,NA,,NA,NA,,,,NA,NA,NA,,NA,NA,,,,19,14,12,Very harmful,2,2,Definitely not,Definitely not,Definitely not,40,31,30,Very harmful,3,3,Definitely not,Definitely not,Probably not,40,36,41,Very harmful,4,3,Probably not,Probably not,Probably not,23,19,19,Very harmful,1,1,Probably not,Probably not,Probably not,47,43,40,Very harmful,3,3,Probably not,Probably not,Probably not,22,24,24,Very harmful,2,1,Definitely not,Definitely not,Definitely not,NA,NA,NA,,NA,NA,,,,NA,NA,NA,,NA,NA,,,,NA,NA,NA,,NA,NA,,,,NA,NA,NA,,NA,NA,,,,NA,NA,NA,,NA,NA,,,,NA,NA,NA,,NA,NA,,,,NA,NA,NA,,NA,NA,,,,NA,NA,NA,,NA,NA,,,,NA,NA,NA,,NA,NA,,,,NA,NA,NA,NA,NA,NA,NA,,NA,NA,,,,NA,NA,NA,NA,NA,NA,NA,,NA,NA,,,,NA,NA,NA,,NA,NA,,,,People vaping and exercising,People vaping,17,Old Treat,0,0,0,0,1,0,0,0,0,2,2,1,1,0,0
R_1Qm334LqcwTvsZP,16,No,NA,NA,NA,,NA,NA,,,,NA,NA,NA,,NA,NA,,,,NA,NA,NA,,NA,NA,,,,NA,NA,NA,,NA,NA,,,,NA,NA,NA,,NA,NA,,,,NA,NA,NA,,NA,NA,,,,NA,NA,NA,,NA,NA,,,,NA,NA,NA,,NA,NA,,,,NA,NA,NA,,NA,NA,,,,NA,NA,NA,,NA,NA,,,,NA,NA,NA,,NA,NA,,,,NA,NA,NA,,NA,NA,,,,NA,NA,NA,,NA,NA,,,,NA,NA,NA,,NA,NA,,,,NA,NA,NA,,NA,NA,,,,NA,NA,NA,,NA,NA,,,,NA,NA,NA,,NA,NA,,,,NA,NA,NA,,NA,NA,,,,0,0,0,Extremely harmful,0,0,Definitely not,Definitely not,Definitely not,12,36,9,Extremely harmful,0,0,Definitely not,Definitely not,Definitely not,0,0,0,Extremely harmful,0,0,Definitely not,Definitely not,Definitely not,1.342,2.76,11.467,4,0,0,0,Extremely harmful,0,0,Definitely not,Definitely not,Definitely not,1.275,10.27,11.562,8,NA,NA,NA,I prefer not to answer,NA,NA,I prefer not to answer,I prefer not to answer,I prefer not to answer,81,68,58,Slightly harmful,3,5,Probably not,Probably not,Probably not,,People vaping,16,Old Control,0,0,0,0,1,0,1,0,0,2,2,1,3,0,0
R_68NIH9tinfozGJj,14,No,NA,NA,NA,,NA,NA,,,,NA,NA,NA,,NA,NA,,,,NA,NA,NA,,NA,NA,,,,NA,NA,NA,,NA,NA,,,,NA,NA,NA,,NA,NA,,,,NA,NA,NA,,NA,NA,,,,NA,NA,NA,,NA,NA,,,,NA,NA,NA,,NA,NA,,,,NA,NA,NA,,NA,NA,,,,NA,NA,NA,,NA,NA,,,,NA,NA,NA,,NA,NA,,,,NA,NA,NA,,NA,NA,,,,11,15,16,Slightly harmful,1,1,Probably not,Probably not,Probably not,2,15,19,Slightly harmful,1,1,Probably not,Probably not,Probably not,7,8,9,Somewhat harmful,2,3,Probably yes,Probably not,Probably not,11,9,12,Somewhat harmful,1,1,Probably not,Definitely not,Probably not,19,21,17,Slightly harmful,4,3,Probably yes,Probably not,Probably yes,16,8,23,Somewhat harmful,3,2,Probably not,Definitely not,Probably yes,NA,NA,NA,,NA,NA,,,,NA,NA,NA,,NA,NA,,,,NA,NA,NA,,NA,NA,,,,NA,NA,NA,NA,NA,NA,NA,,NA,NA,,,,NA,NA,NA,NA,NA,NA,NA,,NA,NA,,,,NA,NA,NA,,NA,NA,,,,,People vaping,14,Young Control,1,0,0,0,0,0,0,0,0,3,3,1,1,0,0
R_11FnZCqgVVecpOI,16,Yes,NA,NA,NA,,NA,NA,,,,NA,NA,NA,,NA,NA,,,,NA,NA,NA,,NA,NA,,,,NA,NA,NA,,NA,NA,,,,NA,NA,NA,,NA,NA,,,,NA,NA,NA,,NA,NA,,,,56,37,45,Very harmful,0,1,Definitely not,Definitely not,Definitely not,43,NA,NA,Somewhat harmful,0,1,Definitely not,Definitely not,Definitely not,50,37,41,Very harmful,0,1,Definitely not,Definitely not,Definitely not,32,38,34,Very harmful,0,0,Definitely not,Definitely not,Definitely not,0,0,0,Very harmful,1,1,Definitely not,Definitely not,Definitely not,7,0,0,Very harmful,0,0,Definitely not,Definitely not,Definitely not,NA,NA,NA,,NA,NA,,,,NA,NA,NA,,NA,NA,,,,NA,NA,NA,,NA,NA,,,,NA,NA,NA,,NA,NA,,,,NA,NA,NA,,NA,NA,,,,NA,NA,NA,,NA,NA,,,,NA,NA,NA,,NA,NA,,,,NA,NA,NA,,NA,NA,,,,NA,NA,NA,,NA,NA,,,,NA,NA,NA,NA,NA,NA,NA,,NA,NA,,,,NA,NA,NA,NA,NA,NA,NA,,NA,NA,,,,NA,NA,NA,,NA,NA,,,,People vaping and exercising,People vaping,16,Old Treat,0,0,0,0,1,0,0,0,0,2,2,1,2,0,0
R_5m0nmamunEp8UHT,17,Yes,NA,NA,NA,,NA,NA,,,,NA,NA,NA,,NA,NA,,,,NA,NA,NA,,NA,NA,,,,NA,NA,NA,,NA,NA,,,,NA,NA,NA,,NA,NA,,,,NA,NA,NA,,NA,NA,,,,NA,NA,NA,,NA,NA,,,,NA,NA,NA,,NA,NA,,,,NA,NA,NA,,NA,NA,,,,NA,NA,NA,,NA,NA,,,,NA,NA,NA,,NA,NA,,,,NA,NA,NA,,NA,NA,,,,51,63,25,Very harmful,1,1,Probably not,Probably not,Definitely yes,77,52,71,Very harmful,1,1,Probably not,Probably not,Probably yes,80,52,32,Very harmful,1,2,Definitely not,Probably not,Definitely yes,50,50,29,Very harmful,2,3,Probably not,I prefer not to answer,Probably yes,50,50,30,Extremely harmful,1,1,Definitely not,Probably not,Probably yes,62,50,43,Extremely harmful,1,1,Definitely not,Probably not,Definitely yes,NA,NA,NA,,NA,NA,,,,NA,NA,NA,,NA,NA,,,,NA,NA,NA,,NA,NA,,,,NA,NA,NA,NA,NA,NA,NA,,NA,NA,,,,NA,NA,NA,NA,NA,NA,NA,,NA,NA,,,,NA,NA,NA,,NA,NA,,,,,People vaping,17,Young Control,0,0,0,0,0,0,0,0,0,2,2,1,3,0,0
R_62LuMrKeuofdQUT,16,Yes,24,16,20,I prefer not to answer,1,1,Definitely not,Definitely not,Definitely not,5,10,7,Extremely harmful,1,1,Definitely not,Definitely not,Definitely not,33,34,6,I prefer not to answer,1,1,Probably not,Definitely not,Probably not,7,6,9,Extremely harmful,1,1,Definitely not,Definitely not,Definitely not,13,11,5,Extremely harmful,1,1,Definitely not,Definitely not,Definitely not,20,17,13,I prefer not to answer,1,1,Definitely not,Definitely not,Probably not,NA,NA,NA,,NA,NA,,,,NA,NA,NA,,NA,NA,,,,NA,NA,NA,,NA,NA,,,,NA,NA,NA,,NA,NA,,,,NA,NA,NA,,NA,NA,,,,NA,NA,NA,,NA,NA,,,,NA,NA,NA,,NA,NA,,,,NA,NA,NA,,NA,NA,,,,NA,NA,NA,,NA,NA,,,,NA,NA,NA,,NA,NA,,,,NA,NA,NA,,NA,NA,,,,NA,NA,NA,,NA,NA,,,,NA,NA,NA,,NA,NA,,,,NA,NA,NA,,NA,NA,,,,NA,NA,NA,,NA,NA,,,,NA,NA,NA,NA,NA,NA,NA,,NA,NA,,,,NA,NA,NA,NA,NA,NA,NA,,NA,NA,,,,NA,NA,NA,,NA,NA,,,,People vaping and exercising,People vaping,16,Young Treat,0,0,1,1,0,1,1,0,0,NA,NA,1,1,0,0
R_3BwTxL5Y0Yjgg8N,15,No,NA,NA,NA,,NA,NA,,,,NA,NA,NA,,NA,NA,,,,NA,NA,NA,,NA,NA,,,,NA,NA,NA,,NA,NA,,,,NA,NA,NA,,NA,NA,,,,NA,NA,NA,,NA,NA,,,,NA,NA,NA,,NA,NA,,,,NA,NA,NA,,NA,NA,,,,NA,NA,NA,,NA,NA,,,,NA,NA,NA,,NA,NA,,,,NA,NA,NA,,NA,NA,,,,NA,NA,NA,,NA,NA,,,,NA,NA,NA,,NA,NA,,,,NA,NA,NA,,NA,NA,,,,NA,NA,NA,,NA,NA,,,,NA,NA,NA,,NA,NA,,,,NA,NA,NA,,NA,NA,,,,NA,NA,NA,,NA,NA,,,,0,0,0,Very harmful,0,0,Definitely not,Definitely not,Definitely not,0,0,0,Very harmful,0,0,Definitely not,Definitely not,Definitely not,0,0,0,Very harmful,0,0,Definitely not,Definitely not,Definitely not,4.072,4.072,14.828,1,0,0,0,Very harmful,0,0,Definitely not,Definitely not,Definitely not,0,0,16.9,0,0,0,10,Very harmful,0,1,Definitely not,Definitely not,Definitely not,0,0,0,Very harmful,0,0,Definitely not,Definitely not,Definitely not,,People vaping,15,Old Control,1,0,0,0,0,1,0,0,0,2,2,1,1,0,0
R_1du07fuzlXJmGuG,16,Yes,NA,NA,NA,,NA,NA,,,,NA,NA,NA,,NA,NA,,,,NA,NA,NA,,NA,NA,,,,NA,NA,NA,,NA,NA,,,,NA,NA,NA,,NA,NA,,,,NA,NA,NA,,NA,NA,,,,NA,NA,NA,,NA,NA,,,,NA,NA,NA,,NA,NA,,,,NA,NA,NA,,NA,NA,,,,NA,NA,NA,,NA,NA,,,,NA,NA,NA,,NA,NA,,,,NA,NA,NA,,NA,NA,,,,1,NA,0,Not at all harmful,0,0,Definitely not,Definitely not,Definitely not,7,5,0,Not at all harmful,0,0,Definitely not,Definitely not,Definitely not,31,29,8,Extremely harmful,1,2,Definitely not,Probably not,Probably yes,4,5,4,Not at all harmful,0,0,Definitely not,Definitely not,Definitely not,21,31,9,Extremely harmful,0,1,Definitely not,Definitely not,Definitely not,5,7,11,Not at all harmful,0,0,Definitely not,Definitely not,Probably not,NA,NA,NA,,NA,NA,,,,NA,NA,NA,,NA,NA,,,,NA,NA,NA,,NA,NA,,,,NA,NA,NA,NA,NA,NA,NA,,NA,NA,,,,NA,NA,NA,NA,NA,NA,NA,,NA,NA,,,,NA,NA,NA,,NA,NA,,,,,People vaping,16,Young Control,0,0,0,0,1,1,1,0,0,1,1,1,1,0,0
R_79rYanmms9i0vsx,14,Yes,NA,NA,NA,,NA,NA,,,,NA,NA,NA,,NA,NA,,,,NA,NA,NA,,NA,NA,,,,NA,NA,NA,,NA,NA,,,,NA,NA,NA,,NA,NA,,,,NA,NA,NA,,NA,NA,,,,NA,NA,NA,Very harmful,0,0,Definitely not,Definitely not,Definitely not,NA,NA,NA,Not at all harmful,0,0,Definitely not,Definitely not,Definitely not,NA,NA,NA,Not at all harmful,0,0,Definitely not,Definitely not,Definitely not,NA,NA,NA,Not at all harmful,NA,NA,Definitely not,Definitely not,Definitely not,NA,NA,NA,Very harmful,0,0,Definitely not,Definitely not,Definitely not,NA,NA,NA,Very harmful,0,0,Definitely not,Definitely not,Definitely not,NA,NA,NA,,NA,NA,,,,NA,NA,NA,,NA,NA,,,,NA,NA,NA,,NA,NA,,,,NA,NA,NA,,NA,NA,,,,NA,NA,NA,,NA,NA,,,,NA,NA,NA,,NA,NA,,,,NA,NA,NA,,NA,NA,,,,NA,NA,NA,,NA,NA,,,,NA,NA,NA,,NA,NA,,,,NA,NA,NA,NA,NA,NA,NA,,NA,NA,,,,NA,NA,NA,NA,NA,NA,NA,,NA,NA,,,,NA,NA,NA,,NA,NA,,,,People vaping and exercising,People vaping,14,Old Treat,0,0,0,1,0,1,0,0,0,2,2,1,1,0,0
R_7JbfIdCeQNTyBKz,17,No,23,20,26,Extremely harmful,0,0,Probably not,Definitely not,Definitely not,0,0,0,Extremely harmful,0,0,Definitely not,Definitely not,Definitely not,0,0,0,Extremely harmful,0,0,Definitely not,Definitely not,Definitely not,0,0,0,Extremely harmful,0,0,Definitely not,Definitely not,Definitely not,0,0,0,Extremely harmful,0,0,Definitely not,Definitely not,Definitely not,0,0,0,Extremely harmful,0,0,Definitely not,Definitely not,Definitely not,NA,NA,NA,,NA,NA,,,,NA,NA,NA,,NA,NA,,,,NA,NA,NA,,NA,NA,,,,NA,NA,NA,,NA,NA,,,,NA,NA,NA,,NA,NA,,,,NA,NA,NA,,NA,NA,,,,NA,NA,NA,,NA,NA,,,,NA,NA,NA,,NA,NA,,,,NA,NA,NA,,NA,NA,,,,NA,NA,NA,,NA,NA,,,,NA,NA,NA,,NA,NA,,,,NA,NA,NA,,NA,NA,,,,NA,NA,NA,,NA,NA,,,,NA,NA,NA,,NA,NA,,,,NA,NA,NA,,NA,NA,,,,NA,NA,NA,NA,NA,NA,NA,,NA,NA,,,,NA,NA,NA,NA,NA,NA,NA,,NA,NA,,,,NA,NA,NA,,NA,NA,,,,People vaping and exercising,People vaping,17,Young Treat,1,0,0,0,0,0,1,0,0,1,1,1,1,0,0
R_5HzSbNK3YayoOZe,16,No,NA,NA,NA,,NA,NA,,,,NA,NA,NA,,NA,NA,,,,NA,NA,NA,,NA,NA,,,,NA,NA,NA,,NA,NA,,,,NA,NA,NA,,NA,NA,,,,NA,NA,NA,,NA,NA,,,,4,0,0,Extremely harmful,0,0,Definitely not,Definitely not,Definitely not,0,0,0,Extremely harmful,0,0,Definitely not,Definitely not,Definitely not,0,0,0,Extremely harmful,0,0,Definitely not,Definitely not,Definitely not,1,0,0,Extremely harmful,0,0,Definitely not,Definitely not,Definitely not,0,0,0,Extremely harmful,0,0,Definitely not,Definitely not,Definitely not,0,0,0,Extremely harmful,0,0,Definitely not,Definitely not,Definitely not,NA,NA,NA,,NA,NA,,,,NA,NA,NA,,NA,NA,,,,NA,NA,NA,,NA,NA,,,,NA,NA,NA,,NA,NA,,,,NA,NA,NA,,NA,NA,,,,NA,NA,NA,,NA,NA,,,,NA,NA,NA,,NA,NA,,,,NA,NA,NA,,NA,NA,,,,NA,NA,NA,,NA,NA,,,,NA,NA,NA,NA,NA,NA,NA,,NA,NA,,,,NA,NA,NA,NA,NA,NA,NA,,NA,NA,,,,NA,NA,NA,,NA,NA,,,,People vaping and exercising,People vaping,16,Old Treat,0,1,0,0,0,0,0,0,0,1,1,1,3,0,0
R_7fZee0daeCNR0pm,16,I prefer not to answer,NA,NA,NA,,NA,NA,,,,NA,NA,NA,,NA,NA,,,,NA,NA,NA,,NA,NA,,,,NA,NA,NA,,NA,NA,,,,NA,NA,NA,,NA,NA,,,,NA,NA,NA,,NA,NA,,,,NA,NA,NA,,NA,NA,,,,NA,NA,NA,,NA,NA,,,,NA,NA,NA,,NA,NA,,,,NA,NA,NA,,NA,NA,,,,NA,NA,NA,,NA,NA,,,,NA,NA,NA,,NA,NA,,,,0,0,0,I prefer not to answer,0,0,I prefer not to answer,I prefer not to answer,I prefer not to answer,0,0,0,I prefer not to answer,0,0,I prefer not to answer,I prefer not to answer,I prefer not to answer,0,0,0,Extremely harmful,0,0,I prefer not to answer,I prefer not to answer,Definitely not,0,0,0,I prefer not to answer,0,0,I prefer not to answer,I prefer not to answer,I prefer not to answer,0,0,0,I prefer not to answer,0,0,I prefer not to answer,I prefer not to answer,I prefer not to answer,0,0,0,Extremely harmful,0,0,Definitely not,Definitely not,Definitely not,NA,NA,NA,,NA,NA,,,,NA,NA,NA,,NA,NA,,,,NA,NA,NA,,NA,NA,,,,NA,NA,NA,NA,NA,NA,NA,,NA,NA,,,,NA,NA,NA,NA,NA,NA,NA,,NA,NA,,,,NA,NA,NA,,NA,NA,,,,,People vaping,16,Young Control,0,0,0,0,0,0,0,0,0,NA,NA,1,1,0,0
R_1fkOLcYu5uEKXDZ,16,Yes,NA,50,16,Extremely harmful,0,0,Probably not,Definitely not,Definitely not,50,48,15,Extremely harmful,0,0,Definitely not,Definitely not,Definitely not,48,53,36,Extremely harmful,0,0,Definitely not,Definitely not,Definitely not,49,29,0,Extremely harmful,0,0,Definitely not,Definitely not,Definitely not,48,47,34,Extremely harmful,0,0,Definitely not,Definitely not,Definitely not,NA,50,50,Extremely harmful,0,0,Definitely not,Definitely not,Definitely not,NA,NA,NA,,NA,NA,,,,NA,NA,NA,,NA,NA,,,,NA,NA,NA,,NA,NA,,,,NA,NA,NA,,NA,NA,,,,NA,NA,NA,,NA,NA,,,,NA,NA,NA,,NA,NA,,,,NA,NA,NA,,NA,NA,,,,NA,NA,NA,,NA,NA,,,,NA,NA,NA,,NA,NA,,,,NA,NA,NA,,NA,NA,,,,NA,NA,NA,,NA,NA,,,,NA,NA,NA,,NA,NA,,,,NA,NA,NA,,NA,NA,,,,NA,NA,NA,,NA,NA,,,,NA,NA,NA,,NA,NA,,,,NA,NA,NA,NA,NA,NA,NA,,NA,NA,,,,NA,NA,NA,NA,NA,NA,NA,,NA,NA,,,,NA,NA,NA,,NA,NA,,,,People vaping and exercising,People vaping,16,Young Treat,0,0,0,1,0,0,0,0,0,1,1,1,1,0,0
R_61n5Q78iBGLzXmA,17,Yes,NA,NA,NA,,NA,NA,,,,NA,NA,NA,,NA,NA,,,,NA,NA,NA,,NA,NA,,,,NA,NA,NA,,NA,NA,,,,NA,NA,NA,,NA,NA,,,,NA,NA,NA,,NA,NA,,,,NA,NA,NA,,NA,NA,,,,NA,NA,NA,,NA,NA,,,,NA,NA,NA,,NA,NA,,,,NA,NA,NA,,NA,NA,,,,NA,NA,NA,,NA,NA,,,,NA,NA,NA,,NA,NA,,,,NA,NA,NA,,NA,NA,,,,NA,NA,NA,,NA,NA,,,,NA,NA,NA,,NA,NA,,,,NA,NA,NA,,NA,NA,,,,NA,NA,NA,,NA,NA,,,,NA,NA,NA,,NA,NA,,,,66,35,15,Very harmful,0,0,Definitely not,Definitely not,Definitely not,43,23,26,Very harmful,0,0,Definitely not,Definitely not,Definitely not,44,27,48,Extremely harmful,0,0,Definitely not,Definitely not,Definitely not,1.396,12.391,13.799,3,33,37,19,Extremely harmful,0,0,Definitely not,Definitely not,Definitely not,1.052,12.142,13.098,3,27,22,12,Extremely harmful,0,0,Definitely not,Definitely not,Definitely not,17,3,16,Extremely harmful,0,0,Definitely not,Definitely not,Definitely not,,People vaping,17,Old Control,0,1,0,0,0,0,1,0,0,1,1,1,1,0,0
R_6fNp11AWA4emmWM,17,Yes,NA,NA,NA,,NA,NA,,,,NA,NA,NA,,NA,NA,,,,NA,NA,NA,,NA,NA,,,,NA,NA,NA,,NA,NA,,,,NA,NA,NA,,NA,NA,,,,NA,NA,NA,,NA,NA,,,,10,12,3,Extremely harmful,0,0,Definitely not,Definitely not,Definitely not,40,26,23,Very harmful,0,2,Definitely not,Definitely not,Definitely not,50,50,50,Very harmful,0,5,Definitely not,Definitely not,Definitely not,70,50,25,Extremely harmful,1,1,Definitely not,Definitely not,Definitely not,50,10,50,Very harmful,0,5,Definitely not,Definitely not,Definitely not,26,33,29,Very harmful,0,0,Definitely not,Definitely not,Definitely not,NA,NA,NA,,NA,NA,,,,NA,NA,NA,,NA,NA,,,,NA,NA,NA,,NA,NA,,,,NA,NA,NA,,NA,NA,,,,NA,NA,NA,,NA,NA,,,,NA,NA,NA,,NA,NA,,,,NA,NA,NA,,NA,NA,,,,NA,NA,NA,,NA,NA,,,,NA,NA,NA,,NA,NA,,,,NA,NA,NA,NA,NA,NA,NA,,NA,NA,,,,NA,NA,NA,NA,NA,NA,NA,,NA,NA,,,,NA,NA,NA,,NA,NA,,,,People vaping and exercising,People vaping,17,Old Treat,0,0,0,0,1,0,1,0,0,1,1,1,1,1,1
R_537n1xE2L3JON4R,15,Yes,NA,NA,NA,,NA,NA,,,,NA,NA,NA,,NA,NA,,,,NA,NA,NA,,NA,NA,,,,NA,NA,NA,,NA,NA,,,,NA,NA,NA,,NA,NA,,,,NA,NA,NA,,NA,NA,,,,NA,NA,NA,,NA,NA,,,,NA,NA,NA,,NA,NA,,,,NA,NA,NA,,NA,NA,,,,NA,NA,NA,,NA,NA,,,,NA,NA,NA,,NA,NA,,,,NA,NA,NA,,NA,NA,,,,NA,NA,NA,,NA,NA,,,,NA,NA,NA,,NA,NA,,,,NA,NA,NA,,NA,NA,,,,NA,NA,NA,,NA,NA,,,,NA,NA,NA,,NA,NA,,,,NA,NA,NA,,NA,NA,,,,49,39,81,Extremely harmful,0,0,Definitely not,Definitely not,Definitely not,50,30,84,Extremely harmful,5,5,Probably not,Probably not,Definitely not,53,51,80,Not at all harmful,3,4,Probably not,Probably not,Probably not,2.161,15.039,16.041,2,20,20,52,Extremely harmful,0,5,Probably not,Probably not,Probably not,14.716,31.107,32.42,2,54,54,100,Extremely harmful,6,5,Probably not,Probably not,Probably not,91,81,100,Extremely harmful,4,1,Probably not,Probably not,Probably not,,People vaping,15,Old Control,0,0,1,1,0,1,1,0,0,1,1,1,1,0,0
R_3KgjtxbjtNtfoC5,16,No,NA,NA,NA,,NA,NA,,,,NA,NA,NA,,NA,NA,,,,NA,NA,NA,,NA,NA,,,,NA,NA,NA,,NA,NA,,,,NA,NA,NA,,NA,NA,,,,NA,NA,NA,,NA,NA,,,,NA,NA,NA,,NA,NA,,,,NA,NA,NA,,NA,NA,,,,NA,NA,NA,,NA,NA,,,,NA,NA,NA,,NA,NA,,,,NA,NA,NA,,NA,NA,,,,NA,NA,NA,,NA,NA,,,,NA,NA,NA,,NA,NA,,,,NA,NA,NA,,NA,NA,,,,NA,NA,NA,,NA,NA,,,,NA,NA,NA,,NA,NA,,,,NA,NA,NA,,NA,NA,,,,NA,NA,NA,,NA,NA,,,,52,49,42,Extremely harmful,1,1,Definitely not,Probably not,Probably not,49,48,48,Very harmful,0,1,Probably not,Probably not,Probably not,48,48,46,Extremely harmful,0,0,Probably not,Probably not,Probably not,1.539,12.693,15.183,2,100,41,52,Extremely harmful,0,0,Probably not,Probably yes,Probably not,1.173,13.262,14.901,2,48,48,43,Extremely harmful,0,0,Probably not,Probably not,Probably not,51,50,63,Very harmful,1,1,Probably not,Definitely not,Definitely not,,People vaping,16,Old Control,0,0,0,0,1,0,0,0,0,1,1,1,1,0,0
R_6hxQw09lFFNmyUb,16,Yes,NA,NA,NA,,NA,NA,,,,NA,NA,NA,,NA,NA,,,,NA,NA,NA,,NA,NA,,,,NA,NA,NA,,NA,NA,,,,NA,NA,NA,,NA,NA,,,,NA,NA,NA,,NA,NA,,,,19,29,39,Extremely harmful,1,0,Definitely not,Definitely not,Definitely not,48,9,20,Extremely harmful,0,0,Definitely not,Definitely not,Definitely not,28,32,20,Extremely harmful,1,0,Definitely not,Definitely not,Definitely not,10,12,11,Extremely harmful,0,0,Definitely not,Definitely not,Definitely not,28,34,32,Extremely harmful,1,4,Definitely not,Definitely not,Definitely not,14,14,28,Extremely harmful,1,1,Definitely not,Definitely not,Definitely not,NA,NA,NA,,NA,NA,,,,NA,NA,NA,,NA,NA,,,,NA,NA,NA,,NA,NA,,,,NA,NA,NA,,NA,NA,,,,NA,NA,NA,,NA,NA,,,,NA,NA,NA,,NA,NA,,,,NA,NA,NA,,NA,NA,,,,NA,NA,NA,,NA,NA,,,,NA,NA,NA,,NA,NA,,,,NA,NA,NA,NA,NA,NA,NA,,NA,NA,,,,NA,NA,NA,NA,NA,NA,NA,,NA,NA,,,,NA,NA,NA,,NA,NA,,,,People vaping and exercising,People vaping,16,Old Treat,0,0,0,1,0,0,1,0,0,2,2,1,1,0,0
R_7FWHYE7nihDDXHz,17,No,NA,NA,NA,,NA,NA,,,,NA,NA,NA,,NA,NA,,,,NA,NA,NA,,NA,NA,,,,NA,NA,NA,,NA,NA,,,,NA,NA,NA,,NA,NA,,,,NA,NA,NA,,NA,NA,,,,NA,NA,NA,,NA,NA,,,,NA,NA,NA,,NA,NA,,,,NA,NA,NA,,NA,NA,,,,NA,NA,NA,,NA,NA,,,,NA,NA,NA,,NA,NA,,,,NA,NA,NA,,NA,NA,,,,0,35,32,Extremely harmful,0,0,Probably not,Definitely not,Probably yes,47,44,33,Extremely harmful,0,0,Definitely not,Definitely not,Definitely not,47,30,19,Extremely harmful,0,0,Definitely not,Definitely not,Definitely not,68,18,53,Extremely harmful,0,0,Probably not,Definitely not,Probably yes,44,45,44,Extremely harmful,0,0,Definitely not,Definitely not,Definitely not,0,0,6,Extremely harmful,0,0,Definitely not,Definitely not,Definitely not,NA,NA,NA,,NA,NA,,,,NA,NA,NA,,NA,NA,,,,NA,NA,NA,,NA,NA,,,,NA,NA,NA,NA,NA,NA,NA,,NA,NA,,,,NA,NA,NA,NA,NA,NA,NA,,NA,NA,,,,NA,NA,NA,,NA,NA,,,,,People vaping,17,Young Control,1,0,0,0,0,0,0,0,0,1,1,1,1,0,0
R_10TINikslJ87UpY,17,No,NA,NA,NA,,NA,NA,,,,NA,NA,NA,,NA,NA,,,,NA,NA,NA,,NA,NA,,,,NA,NA,NA,,NA,NA,,,,NA,NA,NA,,NA,NA,,,,NA,NA,NA,,NA,NA,,,,NA,NA,NA,,NA,NA,,,,NA,NA,NA,,NA,NA,,,,NA,NA,NA,,NA,NA,,,,NA,NA,NA,,NA,NA,,,,NA,NA,NA,,NA,NA,,,,NA,NA,NA,,NA,NA,,,,NA,NA,NA,,NA,NA,,,,NA,NA,NA,,NA,NA,,,,NA,NA,NA,,NA,NA,,,,NA,NA,NA,,NA,NA,,,,NA,NA,NA,,NA,NA,,,,NA,NA,NA,,NA,NA,,,,0,0,0,Extremely harmful,0,0,Definitely not,Definitely not,Definitely not,0,0,0,Very harmful,0,0,Definitely not,Definitely not,Definitely not,0,0,0,Very harmful,0,0,Definitely not,Definitely not,Definitely not,2.484,16.042,16.42,2,0,0,0,Very harmful,0,0,Definitely not,Definitely not,Definitely not,2.201,17.62,18.536,2,34,37,20,Not at all harmful,0,0,Definitely not,Definitely not,Definitely not,0,0,0,Very harmful,0,0,Definitely not,Definitely not,Definitely not,People vaping and exercising,People vaping,17,Old Control,0,1,0,0,0,0,0,0,0,1,1,1,1,0,0
R_3dH8JAqJDE1P6qE,17,Yes,NA,NA,NA,,NA,NA,,,,NA,NA,NA,,NA,NA,,,,NA,NA,NA,,NA,NA,,,,NA,NA,NA,,NA,NA,,,,NA,NA,NA,,NA,NA,,,,NA,NA,NA,,NA,NA,,,,3,4,0,Very harmful,0,0,Definitely not,Definitely not,Definitely not,0,0,0,Very harmful,0,0,Definitely not,Definitely not,Definitely not,0,0,0,Very harmful,0,0,Definitely not,Definitely not,Definitely not,0,0,0,Very harmful,0,0,Definitely not,Definitely not,Definitely not,0,0,0,Very harmful,0,0,Definitely not,Definitely not,Definitely not,0,0,0,Very harmful,0,0,Definitely not,Definitely not,Definitely not,NA,NA,NA,,NA,NA,,,,NA,NA,NA,,NA,NA,,,,NA,NA,NA,,NA,NA,,,,NA,NA,NA,,NA,NA,,,,NA,NA,NA,,NA,NA,,,,NA,NA,NA,,NA,NA,,,,NA,NA,NA,,NA,NA,,,,NA,NA,NA,,NA,NA,,,,NA,NA,NA,,NA,NA,,,,NA,NA,NA,NA,NA,NA,NA,,NA,NA,,,,NA,NA,NA,NA,NA,NA,NA,,NA,NA,,,,NA,NA,NA,,NA,NA,,,,People vaping and exercising,People vaping,17,Old Treat,0,0,0,0,1,0,0,0,0,2,2,1,1,0,0
R_3CeNuHoiHmIJH6p,16,No,45,8,41,Extremely harmful,2,4,Definitely not,Definitely not,Definitely not,43,65,21,Very harmful,2,5,Definitely not,Definitely not,Definitely not,21,30,20,Extremely harmful,2,1,Definitely not,Definitely not,Definitely not,64,18,66,Extremely harmful,0,2,Definitely not,Definitely not,Definitely not,16,37,33,Extremely harmful,0,4,Definitely not,Definitely not,Definitely not,39,0,21,Extremely harmful,0,2,Definitely not,Definitely not,Definitely not,NA,NA,NA,,NA,NA,,,,NA,NA,NA,,NA,NA,,,,NA,NA,NA,,NA,NA,,,,NA,NA,NA,,NA,NA,,,,NA,NA,NA,,NA,NA,,,,NA,NA,NA,,NA,NA,,,,NA,NA,NA,,NA,NA,,,,NA,NA,NA,,NA,NA,,,,NA,NA,NA,,NA,NA,,,,NA,NA,NA,,NA,NA,,,,NA,NA,NA,,NA,NA,,,,NA,NA,NA,,NA,NA,,,,NA,NA,NA,,NA,NA,,,,NA,NA,NA,,NA,NA,,,,NA,NA,NA,,NA,NA,,,,NA,NA,NA,NA,NA,NA,NA,,NA,NA,,,,NA,NA,NA,NA,NA,NA,NA,,NA,NA,,,,NA,NA,NA,,NA,NA,,,,People vaping and exercising,People vaping,16,Young Treat,0,1,0,0,0,0,0,0,0,1,1,1,1,0,0
R_1H6MUIr2UGjsgQq,14,No,NA,NA,NA,,NA,NA,,,,NA,NA,NA,,NA,NA,,,,NA,NA,NA,,NA,NA,,,,NA,NA,NA,,NA,NA,,,,NA,NA,NA,,NA,NA,,,,NA,NA,NA,,NA,NA,,,,NA,NA,NA,,NA,NA,,,,NA,NA,NA,,NA,NA,,,,NA,NA,NA,,NA,NA,,,,NA,NA,NA,,NA,NA,,,,NA,NA,NA,,NA,NA,,,,NA,NA,NA,,NA,NA,,,,30,30,50,Extremely harmful,0,0,Definitely not,Definitely not,Definitely not,40,35,50,Extremely harmful,0,0,Definitely not,Definitely not,Definitely not,40,35,50,Extremely harmful,0,0,Definitely not,Definitely not,Definitely not,45,30,50,Extremely harmful,0,0,Definitely not,Definitely not,Definitely not,40,45,60,Extremely harmful,0,0,Definitely not,Definitely not,Definitely not,35,30,50,Extremely harmful,0,0,Definitely not,Definitely not,Definitely not,NA,NA,NA,,NA,NA,,,,NA,NA,NA,,NA,NA,,,,NA,NA,NA,,NA,NA,,,,NA,NA,NA,NA,NA,NA,NA,,NA,NA,,,,NA,NA,NA,NA,NA,NA,NA,,NA,NA,,,,NA,NA,NA,,NA,NA,,,,,People vaping,14,Young Control,1,0,0,0,0,1,0,0,0,1,1,1,1,0,0
R_6ON49yK0NfTsYlk,15,Yes,NA,NA,NA,,NA,NA,,,,NA,NA,NA,,NA,NA,,,,NA,NA,NA,,NA,NA,,,,NA,NA,NA,,NA,NA,,,,NA,NA,NA,,NA,NA,,,,NA,NA,NA,,NA,NA,,,,NA,NA,NA,,NA,NA,,,,NA,NA,NA,,NA,NA,,,,NA,NA,NA,,NA,NA,,,,NA,NA,NA,,NA,NA,,,,NA,NA,NA,,NA,NA,,,,NA,NA,NA,,NA,NA,,,,NA,NA,NA,,NA,NA,,,,NA,NA,NA,,NA,NA,,,,NA,NA,NA,,NA,NA,,,,NA,NA,NA,,NA,NA,,,,NA,NA,NA,,NA,NA,,,,NA,NA,NA,,NA,NA,,,,5,4,4,Extremely harmful,0,0,Probably not,Probably not,Probably not,NA,NA,NA,Extremely harmful,0,0,Definitely not,Definitely not,Definitely not,2,3,5,Extremely harmful,0,0,Probably not,Probably not,Probably not,1.524,8.47,11.325,3,0,0,0,Extremely harmful,0,0,Probably not,Probably not,Probably not,1.852,9.791,12.791,6,0,0,0,Extremely harmful,0,0,Probably not,Probably not,Probably not,NA,NA,NA,I prefer not to answer,NA,NA,I prefer not to answer,I prefer not to answer,I prefer not to answer,,People vaping,15,Old Control,0,0,0,0,1,1,0,0,0,1,1,1,1,0,0
R_12JY551bWcJUOoZ,16,No,NA,NA,NA,,NA,NA,,,,NA,NA,NA,,NA,NA,,,,NA,NA,NA,,NA,NA,,,,NA,NA,NA,,NA,NA,,,,NA,NA,NA,,NA,NA,,,,NA,NA,NA,,NA,NA,,,,NA,NA,NA,,NA,NA,,,,NA,NA,NA,,NA,NA,,,,NA,NA,NA,,NA,NA,,,,NA,NA,NA,,NA,NA,,,,NA,NA,NA,,NA,NA,,,,NA,NA,NA,,NA,NA,,,,56,30,38,Extremely harmful,0,2,Definitely not,Definitely not,Definitely not,62,64,43,Extremely harmful,3,2,Definitely not,Definitely not,Definitely not,55,62,60,Extremely harmful,2,2,Definitely not,Definitely not,Definitely not,53,29,38,Very harmful,0,0,Definitely not,Definitely not,Probably yes,66,23,25,Extremely harmful,1,2,Definitely not,Definitely not,Definitely not,5,0,0,Extremely harmful,0,0,Definitely not,Definitely not,Definitely not,NA,NA,NA,,NA,NA,,,,NA,NA,NA,,NA,NA,,,,NA,NA,NA,,NA,NA,,,,NA,NA,NA,NA,NA,NA,NA,,NA,NA,,,,NA,NA,NA,NA,NA,NA,NA,,NA,NA,,,,NA,NA,NA,,NA,NA,,,,,People vaping,16,Young Control,0,1,0,0,0,1,0,0,0,1,1,1,2,0,0
R_5jTdGq7knmflixx,14,Yes,26,29,16,Somewhat harmful,0,0,Definitely not,Definitely not,Definitely not,24,15,28,Somewhat harmful,0,2,Definitely not,Definitely not,Definitely not,18,25,21,Somewhat harmful,0,0,Definitely not,Definitely not,Definitely not,2,7,18,Somewhat harmful,1,0,Definitely not,Definitely not,Definitely not,5,3,10,Somewhat harmful,0,2,Definitely not,Definitely not,Definitely not,8,12,5,Somewhat harmful,0,1,Definitely not,Definitely not,Definitely not,NA,NA,NA,,NA,NA,,,,NA,NA,NA,,NA,NA,,,,NA,NA,NA,,NA,NA,,,,NA,NA,NA,,NA,NA,,,,NA,NA,NA,,NA,NA,,,,NA,NA,NA,,NA,NA,,,,NA,NA,NA,,NA,NA,,,,NA,NA,NA,,NA,NA,,,,NA,NA,NA,,NA,NA,,,,NA,NA,NA,,NA,NA,,,,NA,NA,NA,,NA,NA,,,,NA,NA,NA,,NA,NA,,,,NA,NA,NA,,NA,NA,,,,NA,NA,NA,,NA,NA,,,,NA,NA,NA,,NA,NA,,,,NA,NA,NA,NA,NA,NA,NA,,NA,NA,,,,NA,NA,NA,NA,NA,NA,NA,,NA,NA,,,,NA,NA,NA,,NA,NA,,,,People vaping and exercising,People vaping,14,Young Treat,0,0,0,1,0,0,0,0,0,3,3,1,1,0,0
R_6cu6oZhVCwdCsPb,16,Yes,NA,NA,NA,,NA,NA,,,,NA,NA,NA,,NA,NA,,,,NA,NA,NA,,NA,NA,,,,NA,NA,NA,,NA,NA,,,,NA,NA,NA,,NA,NA,,,,NA,NA,NA,,NA,NA,,,,NA,NA,NA,,NA,NA,,,,NA,NA,NA,,NA,NA,,,,NA,NA,NA,,NA,NA,,,,NA,NA,NA,,NA,NA,,,,NA,NA,NA,,NA,NA,,,,NA,NA,NA,,NA,NA,,,,NA,NA,NA,,NA,NA,,,,NA,NA,NA,,NA,NA,,,,NA,NA,NA,,NA,NA,,,,NA,NA,NA,,NA,NA,,,,NA,NA,NA,,NA,NA,,,,NA,NA,NA,,NA,NA,,,,50,50,0,Extremely harmful,0,0,Definitely not,Definitely not,Definitely not,0,0,0,Extremely harmful,0,0,Definitely not,Definitely not,Definitely not,0,0,0,Extremely harmful,0,0,Definitely not,Definitely not,Definitely not,1.584,13.588,14.313,2,0,0,0,Extremely harmful,0,0,Definitely not,Definitely not,Definitely not,1.063,13.474,13.8,2,0,0,0,Extremely harmful,0,0,Definitely not,Definitely not,Definitely not,40,40,0,Extremely harmful,0,0,Definitely not,Definitely not,Definitely not,People vaping and exercising,People vaping,16,Old Control,0,0,0,1,0,0,0,0,0,1,1,1,1,0,0
R_77HliKYTEDRXDRc,15,No,NA,NA,NA,,NA,NA,,,,NA,NA,NA,,NA,NA,,,,NA,NA,NA,,NA,NA,,,,NA,NA,NA,,NA,NA,,,,NA,NA,NA,,NA,NA,,,,NA,NA,NA,,NA,NA,,,,NA,NA,NA,,NA,NA,,,,NA,NA,NA,,NA,NA,,,,NA,NA,NA,,NA,NA,,,,NA,NA,NA,,NA,NA,,,,NA,NA,NA,,NA,NA,,,,NA,NA,NA,,NA,NA,,,,0,0,0,Extremely harmful,0,0,Definitely not,Definitely not,Definitely not,1,3,0,Extremely harmful,0,0,Definitely not,Definitely not,Definitely not,0,1,0,Extremely harmful,0,0,Definitely not,Definitely not,Definitely not,1,1,1,Extremely harmful,0,0,Definitely not,Definitely not,Definitely not,0,1,0,Extremely harmful,0,0,Definitely not,Definitely not,Definitely not,0,0,0,Extremely harmful,0,0,Definitely not,Definitely not,Definitely not,NA,NA,NA,,NA,NA,,,,NA,NA,NA,,NA,NA,,,,NA,NA,NA,,NA,NA,,,,NA,NA,NA,NA,NA,NA,NA,,NA,NA,,,,NA,NA,NA,NA,NA,NA,NA,,NA,NA,,,,NA,NA,NA,,NA,NA,,,,,People vaping,15,Young Control,1,0,0,0,0,0,0,0,0,1,1,1,3,0,0
R_3HTzbQb8wxEtYi4,15,Yes,NA,NA,NA,,NA,NA,,,,NA,NA,NA,,NA,NA,,,,NA,NA,NA,,NA,NA,,,,NA,NA,NA,,NA,NA,,,,NA,NA,NA,,NA,NA,,,,NA,NA,NA,,NA,NA,,,,10,20,0,Extremely harmful,0,0,Probably not,Definitely not,Definitely not,3,5,50,Very harmful,0,0,Definitely not,Definitely not,Definitely not,20,NA,NA,Extremely harmful,0,0,Definitely not,Definitely not,Definitely not,0,10,30,Extremely harmful,0,0,Definitely not,Definitely not,Definitely not,10,NA,60,Very harmful,0,0,Definitely not,Definitely not,Definitely not,15,15,30,Extremely harmful,0,0,Definitely not,Definitely not,Definitely not,NA,NA,NA,,NA,NA,,,,NA,NA,NA,,NA,NA,,,,NA,NA,NA,,NA,NA,,,,NA,NA,NA,,NA,NA,,,,NA,NA,NA,,NA,NA,,,,NA,NA,NA,,NA,NA,,,,NA,NA,NA,,NA,NA,,,,NA,NA,NA,,NA,NA,,,,NA,NA,NA,,NA,NA,,,,NA,NA,NA,NA,NA,NA,NA,,NA,NA,,,,NA,NA,NA,NA,NA,NA,NA,,NA,NA,,,,NA,NA,NA,,NA,NA,,,,People vaping and exercising,People vaping,15,Old Treat,0,0,0,0,1,0,0,0,0,1,1,1,1,0,0
R_6haG4xLMxtwJnFf,17,No,NA,NA,NA,,NA,NA,,,,NA,NA,NA,,NA,NA,,,,NA,NA,NA,,NA,NA,,,,NA,NA,NA,,NA,NA,,,,NA,NA,NA,,NA,NA,,,,NA,NA,NA,,NA,NA,,,,NA,NA,NA,,NA,NA,,,,NA,NA,NA,,NA,NA,,,,NA,NA,NA,,NA,NA,,,,NA,NA,NA,,NA,NA,,,,NA,NA,NA,,NA,NA,,,,NA,NA,NA,,NA,NA,,,,1,6,5,Extremely harmful,0,1,Definitely not,Definitely not,Definitely not,0,0,0,Extremely harmful,0,0,Definitely not,Definitely not,Definitely not,10,2,2,Extremely harmful,0,0,Probably not,Definitely not,Definitely not,NA,NA,NA,Extremely harmful,NA,NA,Definitely not,Definitely not,Definitely not,4,5,5,Extremely harmful,0,0,Definitely not,Definitely not,Definitely not,4,3,2,Extremely harmful,0,1,Definitely not,Definitely not,Definitely not,NA,NA,NA,,NA,NA,,,,NA,NA,NA,,NA,NA,,,,NA,NA,NA,,NA,NA,,,,NA,NA,NA,NA,NA,NA,NA,,NA,NA,,,,NA,NA,NA,NA,NA,NA,NA,,NA,NA,,,,NA,NA,NA,,NA,NA,,,,,People vaping,17,Young Control,1,0,0,0,0,1,1,0,0,1,1,1,1,0,0
R_5li653RibNBPh96,16,Yes,40,40,30,Extremely harmful,0,0,Definitely not,Definitely not,Definitely not,10,20,10,Extremely harmful,0,0,Definitely not,Definitely not,Definitely not,10,20,10,Extremely harmful,0,0,Definitely not,Definitely not,Definitely not,50,50,40,Extremely harmful,0,0,Definitely not,Definitely not,Definitely not,50,50,50,Extremely harmful,0,0,Definitely not,Definitely not,Definitely not,50,30,30,Extremely harmful,0,0,Definitely not,Definitely not,Definitely not,NA,NA,NA,,NA,NA,,,,NA,NA,NA,,NA,NA,,,,NA,NA,NA,,NA,NA,,,,NA,NA,NA,,NA,NA,,,,NA,NA,NA,,NA,NA,,,,NA,NA,NA,,NA,NA,,,,NA,NA,NA,,NA,NA,,,,NA,NA,NA,,NA,NA,,,,NA,NA,NA,,NA,NA,,,,NA,NA,NA,,NA,NA,,,,NA,NA,NA,,NA,NA,,,,NA,NA,NA,,NA,NA,,,,NA,NA,NA,,NA,NA,,,,NA,NA,NA,,NA,NA,,,,NA,NA,NA,,NA,NA,,,,NA,NA,NA,NA,NA,NA,NA,,NA,NA,,,,NA,NA,NA,NA,NA,NA,NA,,NA,NA,,,,NA,NA,NA,,NA,NA,,,,People vaping and exercising,People vaping,16,Young Treat,1,0,0,0,0,0,0,0,0,1,1,1,1,0,0
R_5rkbVgb0cEHSOAv,15,Yes,NA,NA,NA,,NA,NA,,,,NA,NA,NA,,NA,NA,,,,NA,NA,NA,,NA,NA,,,,NA,NA,NA,,NA,NA,,,,NA,NA,NA,,NA,NA,,,,NA,NA,NA,,NA,NA,,,,NA,NA,NA,Extremely harmful,NA,NA,Definitely not,Definitely not,Definitely not,6,17,NA,Somewhat harmful,NA,NA,Definitely not,Definitely not,Definitely not,14,24,17,Slightly harmful,1,1,Definitely not,Definitely not,Definitely not,7,9,100,Somewhat harmful,0,1,Definitely not,Definitely not,Definitely not,98,10,17,Extremely harmful,1,1,Probably not,Definitely not,Definitely not,NA,NA,NA,Extremely harmful,NA,NA,Definitely not,Definitely not,Definitely not,NA,NA,NA,,NA,NA,,,,NA,NA,NA,,NA,NA,,,,NA,NA,NA,,NA,NA,,,,NA,NA,NA,,NA,NA,,,,NA,NA,NA,,NA,NA,,,,NA,NA,NA,,NA,NA,,,,NA,NA,NA,,NA,NA,,,,NA,NA,NA,,NA,NA,,,,NA,NA,NA,,NA,NA,,,,NA,NA,NA,NA,NA,NA,NA,,NA,NA,,,,NA,NA,NA,NA,NA,NA,NA,,NA,NA,,,,NA,NA,NA,,NA,NA,,,,People vaping and exercising,,15,Old Treat,0,0,0,1,1,0,0,0,0,1,1,1,2,0,0
R_3q91YdWPIAt9stc,14,No,NA,NA,NA,,NA,NA,,,,NA,NA,NA,,NA,NA,,,,NA,NA,NA,,NA,NA,,,,NA,NA,NA,,NA,NA,,,,NA,NA,NA,,NA,NA,,,,NA,NA,NA,,NA,NA,,,,NA,NA,NA,,NA,NA,,,,NA,NA,NA,,NA,NA,,,,NA,NA,NA,,NA,NA,,,,NA,NA,NA,,NA,NA,,,,NA,NA,NA,,NA,NA,,,,NA,NA,NA,,NA,NA,,,,61,49,62,Extremely harmful,0,0,Definitely not,Definitely not,Definitely not,51,40,71,Extremely harmful,0,0,Definitely not,Definitely not,Definitely not,50,43,40,Extremely harmful,0,0,Definitely not,Definitely not,Definitely not,61,40,44,Extremely harmful,0,0,Definitely not,Definitely not,Definitely not,50,39,71,Extremely harmful,0,0,Definitely not,Definitely not,Definitely not,62,50,71,Extremely harmful,0,0,Definitely not,Definitely not,Definitely not,NA,NA,NA,,NA,NA,,,,NA,NA,NA,,NA,NA,,,,NA,NA,NA,,NA,NA,,,,NA,NA,NA,NA,NA,NA,NA,,NA,NA,,,,NA,NA,NA,NA,NA,NA,NA,,NA,NA,,,,NA,NA,NA,,NA,NA,,,,,People vaping,14,Young Control,1,0,0,0,0,0,0,0,0,1,1,1,1,0,0
R_6dCwb9fI52jObEl,16,No,NA,NA,NA,,NA,NA,,,,NA,NA,NA,,NA,NA,,,,NA,NA,NA,,NA,NA,,,,NA,NA,NA,,NA,NA,,,,NA,NA,NA,,NA,NA,,,,NA,NA,NA,,NA,NA,,,,NA,NA,NA,,NA,NA,,,,NA,NA,NA,,NA,NA,,,,NA,NA,NA,,NA,NA,,,,NA,NA,NA,,NA,NA,,,,NA,NA,NA,,NA,NA,,,,NA,NA,NA,,NA,NA,,,,NA,NA,NA,,NA,NA,,,,NA,NA,NA,,NA,NA,,,,NA,NA,NA,,NA,NA,,,,NA,NA,NA,,NA,NA,,,,NA,NA,NA,,NA,NA,,,,NA,NA,NA,,NA,NA,,,,30,28,13,Extremely harmful,0,0,Definitely not,Definitely not,Definitely not,11,11,15,Extremely harmful,0,0,Definitely not,Definitely not,Definitely not,24,24,30,Extremely harmful,0,0,Definitely not,Definitely not,Definitely not,5.052,15.895,16.867,2,7,10,15,Extremely harmful,0,0,Definitely not,Definitely not,Definitely not,0.967,11.862,12.915,2,10,9,13,Extremely harmful,0,0,Definitely not,Definitely not,Definitely not,17,10,11,Extremely harmful,0,0,Definitely not,Definitely not,Definitely not,People vaping and exercising,People vaping,16,Old Control,1,0,0,0,0,0,1,0,0,1,1,1,1,0,0
R_62798iphSgF6eFb,17,No,NA,NA,NA,,NA,NA,,,,NA,NA,NA,,NA,NA,,,,NA,NA,NA,,NA,NA,,,,NA,NA,NA,,NA,NA,,,,NA,NA,NA,,NA,NA,,,,NA,NA,NA,,NA,NA,,,,81,96,76,Very harmful,6,5,Probably yes,Probably yes,Definitely yes,62,89,67,Somewhat harmful,5,6,Probably yes,Probably yes,Probably yes,67,90,80,Very harmful,5,6,Probably yes,Probably yes,Probably yes,75,98,73,Somewhat harmful,5,6,Probably yes,Definitely yes,Probably yes,79,99,60,Somewhat harmful,5,6,Probably not,Probably yes,Probably not,73,97,68,Very harmful,5,6,Definitely yes,Definitely yes,Probably not,NA,NA,NA,,NA,NA,,,,NA,NA,NA,,NA,NA,,,,NA,NA,NA,,NA,NA,,,,NA,NA,NA,,NA,NA,,,,NA,NA,NA,,NA,NA,,,,NA,NA,NA,,NA,NA,,,,NA,NA,NA,,NA,NA,,,,NA,NA,NA,,NA,NA,,,,NA,NA,NA,,NA,NA,,,,NA,NA,NA,NA,NA,NA,NA,,NA,NA,,,,NA,NA,NA,NA,NA,NA,NA,,NA,NA,,,,NA,NA,NA,,NA,NA,,,,,People vaping,17,Old Treat,1,0,0,0,0,1,0,0,0,4,4,1,1,0,0
R_370AL2PzV4xgSRj,17,No,NA,NA,NA,,NA,NA,,,,NA,NA,NA,,NA,NA,,,,NA,NA,NA,,NA,NA,,,,NA,NA,NA,,NA,NA,,,,NA,NA,NA,,NA,NA,,,,NA,NA,NA,,NA,NA,,,,NA,NA,NA,,NA,NA,,,,NA,NA,NA,,NA,NA,,,,NA,NA,NA,,NA,NA,,,,NA,NA,NA,,NA,NA,,,,NA,NA,NA,,NA,NA,,,,NA,NA,NA,,NA,NA,,,,NA,NA,NA,,NA,NA,,,,NA,NA,NA,,NA,NA,,,,NA,NA,NA,,NA,NA,,,,NA,NA,NA,,NA,NA,,,,NA,NA,NA,,NA,NA,,,,NA,NA,NA,,NA,NA,,,,76,93,64,Very harmful,5,6,Definitely yes,Probably yes,Definitely yes,65,96,77,Very harmful,5,7,Probably yes,Probably not,Definitely not,82,67,96,Very harmful,5,6,Probably not,Probably yes,Definitely yes,0,0,20.945,0,74,93,64,Somewhat harmful,5,6,Definitely yes,Definitely yes,Probably not,0,0,19.77,0,66,94,72,Somewhat harmful,5,7,Probably yes,Definitely yes,Probably not,74,93,64,Very harmful,5,7,Definitely yes,Probably yes,Probably yes,,People vaping,17,Old Control,1,0,0,0,0,1,1,0,0,2,2,1,1,0,0
R_1OkkE7VsuqVICpd,17,No,NA,NA,NA,,NA,NA,,,,NA,NA,NA,,NA,NA,,,,NA,NA,NA,,NA,NA,,,,NA,NA,NA,,NA,NA,,,,NA,NA,NA,,NA,NA,,,,NA,NA,NA,,NA,NA,,,,NA,NA,NA,,NA,NA,,,,NA,NA,NA,,NA,NA,,,,NA,NA,NA,,NA,NA,,,,NA,NA,NA,,NA,NA,,,,NA,NA,NA,,NA,NA,,,,NA,NA,NA,,NA,NA,,,,57,58,62,Very harmful,3,3,Probably yes,Probably not,Probably yes,66,62,55,Somewhat harmful,3,4,Probably yes,Probably not,Probably yes,67,62,68,Somewhat harmful,3,4,Probably yes,Probably not,Probably yes,53,62,63,Somewhat harmful,4,3,Probably yes,Probably not,Probably yes,65,55,61,Somewhat harmful,3,3,Probably yes,Probably not,Probably yes,46,56,55,Somewhat harmful,3,4,Probably yes,Probably not,Probably not,NA,NA,NA,,NA,NA,,,,NA,NA,NA,,NA,NA,,,,NA,NA,NA,,NA,NA,,,,NA,NA,NA,NA,NA,NA,NA,,NA,NA,,,,NA,NA,NA,NA,NA,NA,NA,,NA,NA,,,,NA,NA,NA,,NA,NA,,,,,People vaping,17,Young Control,1,0,0,0,0,1,1,1,1,3,3,1,1,1,1
R_5DM4OTe3tWClldu,17,No,NA,NA,NA,,NA,NA,,,,NA,NA,NA,,NA,NA,,,,NA,NA,NA,,NA,NA,,,,NA,NA,NA,,NA,NA,,,,NA,NA,NA,,NA,NA,,,,NA,NA,NA,,NA,NA,,,,NA,NA,NA,,NA,NA,,,,NA,NA,NA,,NA,NA,,,,NA,NA,NA,,NA,NA,,,,NA,NA,NA,,NA,NA,,,,NA,NA,NA,,NA,NA,,,,NA,NA,NA,,NA,NA,,,,NA,NA,NA,,NA,NA,,,,NA,NA,NA,,NA,NA,,,,NA,NA,NA,,NA,NA,,,,NA,NA,NA,,NA,NA,,,,NA,NA,NA,,NA,NA,,,,NA,NA,NA,,NA,NA,,,,77,96,67,Very harmful,5,6,Probably not,Definitely yes,Probably yes,86,62,85,Somewhat harmful,5,6,Probably yes,Probably not,Definitely yes,71,91,69,Very harmful,5,6,Definitely yes,Probably yes,Probably yes,0,0,14.193,0,75,95,66,Very harmful,5,6,Probably yes,Probably yes,Probably yes,0,0,11.31,0,83,61,91,Extremely harmful,5,7,Probably not,Probably yes,Definitely yes,64,91,74,Somewhat harmful,5,6,Probably yes,Probably yes,Probably not,,People vaping,17,Old Control,1,0,0,0,0,1,1,0,0,2,2,1,3,0,0
R_5eDGBWOhyYL59WT,17,No,NA,NA,NA,,NA,NA,,,,NA,NA,NA,,NA,NA,,,,NA,NA,NA,,NA,NA,,,,NA,NA,NA,,NA,NA,,,,NA,NA,NA,,NA,NA,,,,NA,NA,NA,,NA,NA,,,,NA,NA,NA,,NA,NA,,,,NA,NA,NA,,NA,NA,,,,NA,NA,NA,,NA,NA,,,,NA,NA,NA,,NA,NA,,,,NA,NA,NA,,NA,NA,,,,NA,NA,NA,,NA,NA,,,,65,61,60,Very harmful,2,3,Probably not,Probably not,Probably not,64,56,59,Somewhat harmful,3,3,Probably yes,Probably not,Probably yes,63,60,65,Somewhat harmful,3,3,Probably yes,Probably not,Probably yes,62,55,58,Very harmful,4,3,Probably yes,Probably not,Probably yes,56,61,55,Somewhat harmful,4,4,Probably yes,Probably yes,Probably yes,73,63,68,Somewhat harmful,3,3,Probably yes,Probably not,Probably yes,NA,NA,NA,,NA,NA,,,,NA,NA,NA,,NA,NA,,,,NA,NA,NA,,NA,NA,,,,NA,NA,NA,NA,NA,NA,NA,,NA,NA,,,,NA,NA,NA,NA,NA,NA,NA,,NA,NA,,,,NA,NA,NA,,NA,NA,,,,,People vaping,17,Young Control,1,0,0,0,0,1,1,1,1,3,3,1,1,1,1
R_7PgXQlQHCmEjSBZ,16,No,NA,NA,NA,,NA,NA,,,,NA,NA,NA,,NA,NA,,,,NA,NA,NA,,NA,NA,,,,NA,NA,NA,,NA,NA,,,,NA,NA,NA,,NA,NA,,,,NA,NA,NA,,NA,NA,,,,76,95,64,Very harmful,5,7,Definitely yes,Probably not,Probably yes,71,95,76,Somewhat harmful,5,6,Probably yes,Definitely yes,Definitely yes,70,96,65,Very harmful,5,6,Definitely yes,Probably yes,Probably yes,79,95,59,Somewhat harmful,5,7,Definitely yes,Probably not,Probably not,76,92,69,Very harmful,5,6,Definitely yes,Probably yes,Probably yes,75,94,61,Extremely harmful,5,6,Probably yes,Definitely yes,Probably yes,NA,NA,NA,,NA,NA,,,,NA,NA,NA,,NA,NA,,,,NA,NA,NA,,NA,NA,,,,NA,NA,NA,,NA,NA,,,,NA,NA,NA,,NA,NA,,,,NA,NA,NA,,NA,NA,,,,NA,NA,NA,,NA,NA,,,,NA,NA,NA,,NA,NA,,,,NA,NA,NA,,NA,NA,,,,NA,NA,NA,NA,NA,NA,NA,,NA,NA,,,,NA,NA,NA,NA,NA,NA,NA,,NA,NA,,,,NA,NA,NA,,NA,NA,,,,,People vaping,16,Old Treat,1,0,0,0,0,1,0,0,0,3,3,1,2,0,0
R_3r0RHa0c99imB9b,17,No,47,61,59,Very harmful,4,3,Probably yes,Probably not,Probably yes,54,66,62,Somewhat harmful,3,4,Probably yes,Probably not,Probably yes,53,63,58,Somewhat harmful,3,4,Probably yes,Probably not,Probably yes,45,60,45,Very harmful,3,4,Probably yes,Probably not,Probably yes,56,62,56,Very harmful,4,4,Probably yes,Probably yes,Probably not,55,58,68,Very harmful,4,4,Probably yes,Probably not,Probably yes,NA,NA,NA,,NA,NA,,,,NA,NA,NA,,NA,NA,,,,NA,NA,NA,,NA,NA,,,,NA,NA,NA,,NA,NA,,,,NA,NA,NA,,NA,NA,,,,NA,NA,NA,,NA,NA,,,,NA,NA,NA,,NA,NA,,,,NA,NA,NA,,NA,NA,,,,NA,NA,NA,,NA,NA,,,,NA,NA,NA,,NA,NA,,,,NA,NA,NA,,NA,NA,,,,NA,NA,NA,,NA,NA,,,,NA,NA,NA,,NA,NA,,,,NA,NA,NA,,NA,NA,,,,NA,NA,NA,,NA,NA,,,,NA,NA,NA,NA,NA,NA,NA,,NA,NA,,,,NA,NA,NA,NA,NA,NA,NA,,NA,NA,,,,NA,NA,NA,,NA,NA,,,,,People vaping,17,Young Treat,1,0,0,0,0,1,1,1,1,3,3,1,1,1,1
R_1f7VpZ09sUBgvoZ,15,No,76,97,70,Very harmful,6,7,Probably yes,Probably not,Probably yes,75,99,68,Very harmful,6,5,Probably yes,Probably yes,Probably yes,75,96,67,Very harmful,5,7,Probably yes,Probably yes,Probably yes,71,95,69,Very harmful,6,5,Probably yes,Definitely yes,Probably yes,65,95,70,Very harmful,5,7,Definitely yes,Probably yes,Probably yes,81,97,67,Somewhat harmful,5,6,Probably not,Probably yes,Probably yes,NA,NA,NA,,NA,NA,,,,NA,NA,NA,,NA,NA,,,,NA,NA,NA,,NA,NA,,,,NA,NA,NA,,NA,NA,,,,NA,NA,NA,,NA,NA,,,,NA,NA,NA,,NA,NA,,,,NA,NA,NA,,NA,NA,,,,NA,NA,NA,,NA,NA,,,,NA,NA,NA,,NA,NA,,,,NA,NA,NA,,NA,NA,,,,NA,NA,NA,,NA,NA,,,,NA,NA,NA,,NA,NA,,,,NA,NA,NA,,NA,NA,,,,NA,NA,NA,,NA,NA,,,,NA,NA,NA,,NA,NA,,,,NA,NA,NA,NA,NA,NA,NA,,NA,NA,,,,NA,NA,NA,NA,NA,NA,NA,,NA,NA,,,,NA,NA,NA,,NA,NA,,,,,People vaping,15,Young Treat,1,0,0,0,0,1,0,0,0,3,3,1,1,0,0
R_7I3WzDKcDb2GoBb,17,No,63,55,59,Very harmful,4,3,Probably yes,Probably not,Probably yes,62,54,65,Somewhat harmful,3,3,Probably yes,Probably not,Probably yes,63,60,68,Somewhat harmful,3,4,Probably yes,Probably not,Probably yes,58,48,61,Somewhat harmful,3,4,Probably yes,Probably not,Probably yes,55,62,54,Somewhat harmful,3,3,Probably yes,Probably not,Probably yes,59,59,54,Somewhat harmful,4,3,Probably yes,Probably not,Probably yes,NA,NA,NA,,NA,NA,,,,NA,NA,NA,,NA,NA,,,,NA,NA,NA,,NA,NA,,,,NA,NA,NA,,NA,NA,,,,NA,NA,NA,,NA,NA,,,,NA,NA,NA,,NA,NA,,,,NA,NA,NA,,NA,NA,,,,NA,NA,NA,,NA,NA,,,,NA,NA,NA,,NA,NA,,,,NA,NA,NA,,NA,NA,,,,NA,NA,NA,,NA,NA,,,,NA,NA,NA,,NA,NA,,,,NA,NA,NA,,NA,NA,,,,NA,NA,NA,,NA,NA,,,,NA,NA,NA,,NA,NA,,,,NA,NA,NA,NA,NA,NA,NA,,NA,NA,,,,NA,NA,NA,NA,NA,NA,NA,,NA,NA,,,,NA,NA,NA,,NA,NA,,,,,People vaping,17,Young Treat,1,0,0,0,0,1,1,1,1,3,3,1,1,1,1
R_1Tz6n1NLCbvdGIT,17,No,NA,NA,NA,,NA,NA,,,,NA,NA,NA,,NA,NA,,,,NA,NA,NA,,NA,NA,,,,NA,NA,NA,,NA,NA,,,,NA,NA,NA,,NA,NA,,,,NA,NA,NA,,NA,NA,,,,NA,NA,NA,,NA,NA,,,,NA,NA,NA,,NA,NA,,,,NA,NA,NA,,NA,NA,,,,NA,NA,NA,,NA,NA,,,,NA,NA,NA,,NA,NA,,,,NA,NA,NA,,NA,NA,,,,NA,NA,NA,,NA,NA,,,,NA,NA,NA,,NA,NA,,,,NA,NA,NA,,NA,NA,,,,NA,NA,NA,,NA,NA,,,,NA,NA,NA,,NA,NA,,,,NA,NA,NA,,NA,NA,,,,41,51,46,Very harmful,4,3,Probably yes,Probably not,Probably yes,62,52,49,Somewhat harmful,3,3,Probably yes,Probably not,Probably yes,45,52,50,Somewhat harmful,3,4,Probably yes,Probably not,Probably yes,0,0,23.058,0,39,48,45,Very harmful,4,4,Probably yes,Probably not,Probably yes,2.448,2.448,16.047,1,44,48,43,Somewhat harmful,3,3,Probably yes,Probably not,Probably yes,41,52,49,Somewhat harmful,3,3,Probably yes,Probably not,Probably yes,,People vaping,17,Old Control,1,0,0,0,0,1,1,1,1,3,3,1,1,1,1
R_6Hn9XRHteeBIm4h,15,No,NA,NA,NA,,NA,NA,,,,NA,NA,NA,,NA,NA,,,,NA,NA,NA,,NA,NA,,,,NA,NA,NA,,NA,NA,,,,NA,NA,NA,,NA,NA,,,,NA,NA,NA,,NA,NA,,,,NA,NA,NA,,NA,NA,,,,NA,NA,NA,,NA,NA,,,,NA,NA,NA,,NA,NA,,,,NA,NA,NA,,NA,NA,,,,NA,NA,NA,,NA,NA,,,,NA,NA,NA,,NA,NA,,,,59,75,52,Slightly harmful,4,6,Probably not,Probably yes,Probably yes,80,44,76,Somewhat harmful,3,5,Probably yes,Probably yes,Probably yes,74,43,72,Somewhat harmful,5,5,Probably yes,Probably yes,Probably not,71,79,67,Somewhat harmful,4,5,Probably yes,Probably yes,Probably not,58,72,53,Slightly harmful,4,6,Definitely yes,Definitely yes,Probably yes,73,58,73,Somewhat harmful,4,6,Probably yes,Probably yes,Probably yes,NA,NA,NA,,NA,NA,,,,NA,NA,NA,,NA,NA,,,,NA,NA,NA,,NA,NA,,,,NA,NA,NA,NA,NA,NA,NA,,NA,NA,,,,NA,NA,NA,NA,NA,NA,NA,,NA,NA,,,,NA,NA,NA,,NA,NA,,,,People vaping and exercising,,15,Young Control,0,0,1,0,0,1,0,1,1,3,3,1,1,1,1
R_3uXuE01WRSRlPYl,15,Yes,NA,NA,NA,,NA,NA,,,,NA,NA,NA,,NA,NA,,,,NA,NA,NA,,NA,NA,,,,NA,NA,NA,,NA,NA,,,,NA,NA,NA,,NA,NA,,,,NA,NA,NA,,NA,NA,,,,NA,NA,NA,,NA,NA,,,,NA,NA,NA,,NA,NA,,,,NA,NA,NA,,NA,NA,,,,NA,NA,NA,,NA,NA,,,,NA,NA,NA,,NA,NA,,,,NA,NA,NA,,NA,NA,,,,NA,NA,NA,,NA,NA,,,,NA,NA,NA,,NA,NA,,,,NA,NA,NA,,NA,NA,,,,NA,NA,NA,,NA,NA,,,,NA,NA,NA,,NA,NA,,,,NA,NA,NA,,NA,NA,,,,NA,NA,NA,Very harmful,4,2,Probably yes,Probably not,Probably yes,61,NA,NA,Very harmful,NA,NA,Definitely yes,Probably yes,Probably yes,NA,NA,52,Very harmful,4,NA,Definitely yes,Probably not,Definitely yes,0,0,11.126,0,72,57,72,Very harmful,5,5,Probably yes,Definitely yes,Probably yes,0,0,11.828,0,NA,56,NA,Very harmful,5,4,Definitely yes,Probably not,Probably yes,NA,69,62,Somewhat harmful,NA,4,Definitely yes,Definitely yes,Probably yes,People vaping and exercising,,15,Old Control,0,0,1,0,0,1,1,1,1,2,2,1,3,1,1
R_3JgDwhkdm18GBMF,17,Yes,80,80,80,Extremely harmful,0,0,Definitely not,Definitely not,Definitely not,70,70,95,Extremely harmful,0,0,Definitely not,Definitely not,Definitely not,82,81,90,Extremely harmful,0,0,Definitely not,Definitely not,Definitely not,30,30,50,Extremely harmful,0,0,Definitely not,Definitely not,Definitely not,41,50,50,Extremely harmful,0,0,Definitely not,Definitely not,Definitely not,65,60,81,Extremely harmful,0,0,Definitely not,Definitely not,Definitely not,NA,NA,NA,,NA,NA,,,,NA,NA,NA,,NA,NA,,,,NA,NA,NA,,NA,NA,,,,NA,NA,NA,,NA,NA,,,,NA,NA,NA,,NA,NA,,,,NA,NA,NA,,NA,NA,,,,NA,NA,NA,,NA,NA,,,,NA,NA,NA,,NA,NA,,,,NA,NA,NA,,NA,NA,,,,NA,NA,NA,,NA,NA,,,,NA,NA,NA,,NA,NA,,,,NA,NA,NA,,NA,NA,,,,NA,NA,NA,,NA,NA,,,,NA,NA,NA,,NA,NA,,,,NA,NA,NA,,NA,NA,,,,NA,NA,NA,NA,NA,NA,NA,,NA,NA,,,,NA,NA,NA,NA,NA,NA,NA,,NA,NA,,,,NA,NA,NA,,NA,NA,,,,People vaping and exercising,People vaping,17,Young Treat,1,0,0,0,0,0,0,0,0,1,1,1,1,0,0
R_5t9lWYwM5dx4Kpv,15,Yes,NA,NA,NA,,NA,NA,,,,NA,NA,NA,,NA,NA,,,,NA,NA,NA,,NA,NA,,,,NA,NA,NA,,NA,NA,,,,NA,NA,NA,,NA,NA,,,,NA,NA,NA,,NA,NA,,,,NA,NA,NA,,NA,NA,,,,NA,NA,NA,,NA,NA,,,,NA,NA,NA,,NA,NA,,,,NA,NA,NA,,NA,NA,,,,NA,NA,NA,,NA,NA,,,,NA,NA,NA,,NA,NA,,,,87,82,86,Very harmful,6,6,Definitely yes,Definitely yes,Definitely yes,86,87,85,Very harmful,6,5,Definitely yes,Definitely yes,Definitely yes,88,88,87,Very harmful,6,6,Definitely yes,Definitely yes,Definitely yes,90,83,87,Very harmful,6,6,Definitely yes,Definitely yes,Definitely yes,85,81,82,Very harmful,6,6,Definitely yes,Definitely yes,Definitely yes,88,84,83,Very harmful,6,6,Definitely yes,Definitely yes,Definitely yes,NA,NA,NA,,NA,NA,,,,NA,NA,NA,,NA,NA,,,,NA,NA,NA,,NA,NA,,,,NA,NA,NA,NA,NA,NA,NA,,NA,NA,,,,NA,NA,NA,NA,NA,NA,NA,,NA,NA,,,,NA,NA,NA,,NA,NA,,,,,People vaping,15,Young Control,0,0,1,0,0,1,0,1,1,2,2,1,2,1,1
R_5fPFnX7AthR7apz,15,No,89,80,86,Very harmful,6,5,Definitely yes,Definitely yes,Definitely yes,82,83,82,Very harmful,6,6,Definitely yes,Definitely yes,Definitely yes,86,84,84,Very harmful,5,5,Definitely yes,Definitely yes,Definitely yes,85,86,85,Very harmful,6,6,Definitely yes,Definitely yes,Definitely yes,88,80,83,Very harmful,6,6,Definitely yes,Definitely yes,Definitely yes,90,84,82,Very harmful,5,5,Definitely yes,Definitely yes,Definitely yes,NA,NA,NA,,NA,NA,,,,NA,NA,NA,,NA,NA,,,,NA,NA,NA,,NA,NA,,,,NA,NA,NA,,NA,NA,,,,NA,NA,NA,,NA,NA,,,,NA,NA,NA,,NA,NA,,,,NA,NA,NA,,NA,NA,,,,NA,NA,NA,,NA,NA,,,,NA,NA,NA,,NA,NA,,,,NA,NA,NA,,NA,NA,,,,NA,NA,NA,,NA,NA,,,,NA,NA,NA,,NA,NA,,,,NA,NA,NA,,NA,NA,,,,NA,NA,NA,,NA,NA,,,,NA,NA,NA,,NA,NA,,,,NA,NA,NA,NA,NA,NA,NA,,NA,NA,,,,NA,NA,NA,NA,NA,NA,NA,,NA,NA,,,,NA,NA,NA,,NA,NA,,,,,People vaping,15,Young Treat,0,0,1,0,0,1,0,1,1,2,2,1,3,1,1
R_32RxV7v2t74YOZ6,15,Yes,NA,NA,NA,,NA,NA,,,,NA,NA,NA,,NA,NA,,,,NA,NA,NA,,NA,NA,,,,NA,NA,NA,,NA,NA,,,,NA,NA,NA,,NA,NA,,,,NA,NA,NA,,NA,NA,,,,NA,NA,NA,,NA,NA,,,,NA,NA,NA,,NA,NA,,,,NA,NA,NA,,NA,NA,,,,NA,NA,NA,,NA,NA,,,,NA,NA,NA,,NA,NA,,,,NA,NA,NA,,NA,NA,,,,NA,NA,NA,,NA,NA,,,,NA,NA,NA,,NA,NA,,,,NA,NA,NA,,NA,NA,,,,NA,NA,NA,,NA,NA,,,,NA,NA,NA,,NA,NA,,,,NA,NA,NA,,NA,NA,,,,85,84,81,Very harmful,6,6,Definitely yes,Definitely yes,Definitely yes,87,76,76,Very harmful,5,6,Definitely yes,Definitely yes,Definitely yes,86,84,81,Very harmful,6,6,Definitely yes,Definitely yes,Definitely yes,0,0,15.962,0,99,79,78,Very harmful,6,6,Definitely yes,Definitely yes,Definitely yes,0,0,18.491,0,89,86,86,Very harmful,6,6,Definitely yes,Definitely yes,Definitely yes,85,84,82,Very harmful,6,6,Definitely yes,Definitely yes,Definitely yes,,People vaping,15,Old Control,0,0,1,0,0,1,0,1,1,2,2,1,2,1,1
R_704XS2zQz4douAh,15,Yes,NA,NA,NA,,NA,NA,,,,NA,NA,NA,,NA,NA,,,,NA,NA,NA,,NA,NA,,,,NA,NA,NA,,NA,NA,,,,NA,NA,NA,,NA,NA,,,,NA,NA,NA,,NA,NA,,,,NA,NA,NA,,NA,NA,,,,NA,NA,NA,,NA,NA,,,,NA,NA,NA,,NA,NA,,,,NA,NA,NA,,NA,NA,,,,NA,NA,NA,,NA,NA,,,,NA,NA,NA,,NA,NA,,,,NA,NA,NA,,NA,NA,,,,NA,NA,NA,,NA,NA,,,,NA,NA,NA,,NA,NA,,,,NA,NA,NA,,NA,NA,,,,NA,NA,NA,,NA,NA,,,,NA,NA,NA,,NA,NA,,,,86,81,82,Very harmful,6,6,Definitely yes,Definitely yes,Definitely yes,91,87,84,Very harmful,6,6,Definitely yes,Definitely yes,Definitely yes,93,88,90,Very harmful,6,6,Definitely yes,Definitely yes,Definitely yes,0,0,12.114,0,88,81,82,Very harmful,6,6,Definitely yes,Definitely yes,Definitely yes,0,0,18.842,0,88,79,75,Very harmful,6,6,Definitely yes,Definitely yes,Definitely yes,84,83,82,Very harmful,6,6,Definitely yes,Definitely yes,Definitely yes,,People vaping,15,Old Control,0,0,1,0,0,1,0,1,1,2,2,1,2,1,1
R_1X0bFHqUDPOxYiJ,16,No,NA,NA,NA,,NA,NA,,,,NA,NA,NA,,NA,NA,,,,NA,NA,NA,,NA,NA,,,,NA,NA,NA,,NA,NA,,,,NA,NA,NA,,NA,NA,,,,NA,NA,NA,,NA,NA,,,,100,0,0,Extremely harmful,0,0,Definitely not,Definitely not,Definitely not,0,0,0,Extremely harmful,0,0,Definitely not,Definitely not,Definitely not,0,0,0,Extremely harmful,0,0,Definitely not,Definitely not,Definitely not,0,0,0,Extremely harmful,0,0,Definitely not,Definitely not,Definitely not,0,0,0,Extremely harmful,3,0,Definitely not,Definitely not,Definitely not,0,0,0,Extremely harmful,0,0,Definitely not,Definitely not,Definitely not,NA,NA,NA,,NA,NA,,,,NA,NA,NA,,NA,NA,,,,NA,NA,NA,,NA,NA,,,,NA,NA,NA,,NA,NA,,,,NA,NA,NA,,NA,NA,,,,NA,NA,NA,,NA,NA,,,,NA,NA,NA,,NA,NA,,,,NA,NA,NA,,NA,NA,,,,NA,NA,NA,,NA,NA,,,,NA,NA,NA,NA,NA,NA,NA,,NA,NA,,,,NA,NA,NA,NA,NA,NA,NA,,NA,NA,,,,NA,NA,NA,,NA,NA,,,,People vaping and exercising,People vaping,16,Old Treat,1,0,0,0,0,1,0,0,0,1,1,1,1,0,0
R_778v3mC8m5sVvC9,16,No,NA,NA,NA,,NA,NA,,,,NA,NA,NA,,NA,NA,,,,NA,NA,NA,,NA,NA,,,,NA,NA,NA,,NA,NA,,,,NA,NA,NA,,NA,NA,,,,NA,NA,NA,,NA,NA,,,,0,0,0,Extremely harmful,0,0,Definitely not,Definitely not,Definitely not,0,0,0,Extremely harmful,0,0,Definitely not,Definitely not,Definitely not,0,0,0,Extremely harmful,0,0,Definitely not,Definitely not,Definitely not,0,0,0,Extremely harmful,0,0,Definitely not,Definitely not,Definitely not,8,0,6,Extremely harmful,0,0,Definitely not,Definitely not,Definitely not,0,0,0,Extremely harmful,0,0,Definitely not,Definitely not,Definitely not,NA,NA,NA,,NA,NA,,,,NA,NA,NA,,NA,NA,,,,NA,NA,NA,,NA,NA,,,,NA,NA,NA,,NA,NA,,,,NA,NA,NA,,NA,NA,,,,NA,NA,NA,,NA,NA,,,,NA,NA,NA,,NA,NA,,,,NA,NA,NA,,NA,NA,,,,NA,NA,NA,,NA,NA,,,,NA,NA,NA,NA,NA,NA,NA,,NA,NA,,,,NA,NA,NA,NA,NA,NA,NA,,NA,NA,,,,NA,NA,NA,,NA,NA,,,,People vaping and exercising,People vaping,16,Old Treat,0,0,1,0,0,0,0,0,0,1,1,1,1,0,0
R_6ULjW8dlxwoLmH7,15,Yes,NA,NA,NA,,NA,NA,,,,NA,NA,NA,,NA,NA,,,,NA,NA,NA,,NA,NA,,,,NA,NA,NA,,NA,NA,,,,NA,NA,NA,,NA,NA,,,,NA,NA,NA,,NA,NA,,,,NA,NA,NA,,NA,NA,,,,NA,NA,NA,,NA,NA,,,,NA,NA,NA,,NA,NA,,,,NA,NA,NA,,NA,NA,,,,NA,NA,NA,,NA,NA,,,,NA,NA,NA,,NA,NA,,,,61,69,63,Very harmful,4,NA,Probably yes,Probably not,Probably not,NA,58,59,Somewhat harmful,4,NA,Probably yes,Definitely yes,Probably yes,62,NA,64,Slightly harmful,4,NA,Probably yes,Probably yes,Probably yes,69,52,70,Somewhat harmful,5,4,Probably not,Probably yes,Probably not,NA,67,NA,Somewhat harmful,NA,NA,Definitely yes,Probably yes,Probably yes,61,70,65,Very harmful,4,5,Definitely yes,Probably yes,Definitely yes,NA,NA,NA,,NA,NA,,,,NA,NA,NA,,NA,NA,,,,NA,NA,NA,,NA,NA,,,,NA,NA,NA,NA,NA,NA,NA,,NA,NA,,,,NA,NA,NA,NA,NA,NA,NA,,NA,NA,,,,NA,NA,NA,,NA,NA,,,,People vaping and exercising,,15,Young Control,0,0,1,0,0,0,1,1,1,4,4,1,2,1,1
R_5j8SjEXvZ6ww4NJ,15,Yes,NA,NA,NA,,NA,NA,,,,NA,NA,NA,,NA,NA,,,,NA,NA,NA,,NA,NA,,,,NA,NA,NA,,NA,NA,,,,NA,NA,NA,,NA,NA,,,,NA,NA,NA,,NA,NA,,,,NA,NA,NA,,NA,NA,,,,NA,NA,NA,,NA,NA,,,,NA,NA,NA,,NA,NA,,,,NA,NA,NA,,NA,NA,,,,NA,NA,NA,,NA,NA,,,,NA,NA,NA,,NA,NA,,,,71,61,NA,Somewhat harmful,4,NA,Probably yes,Probably not,Probably not,65,NA,NA,Somewhat harmful,4,4,Probably not,Probably not,Probably yes,68,NA,NA,Somewhat harmful,NA,4,Probably yes,Probably yes,Definitely not,62,67,NA,Somewhat harmful,5,4,Probably yes,Probably not,Probably not,66,69,59,Somewhat harmful,4,5,Probably yes,Probably yes,Definitely yes,NA,NA,NA,Somewhat harmful,4,4,Probably not,Probably yes,Probably not,NA,NA,NA,,NA,NA,,,,NA,NA,NA,,NA,NA,,,,NA,NA,NA,,NA,NA,,,,NA,NA,NA,NA,NA,NA,NA,,NA,NA,,,,NA,NA,NA,NA,NA,NA,NA,,NA,NA,,,,NA,NA,NA,,NA,NA,,,,People vaping and exercising,,15,Young Control,0,0,1,0,0,0,1,1,1,3,3,1,2,1,1
R_1E5IFoqowlvvdRb,15,Yes,90,87,88,Very harmful,6,6,Definitely yes,Definitely yes,Definitely yes,89,93,87,Very harmful,7,6,Definitely yes,Definitely yes,Definitely yes,88,85,83,Very harmful,6,6,Definitely yes,Definitely yes,Definitely yes,90,87,83,Very harmful,6,6,Definitely yes,Definitely yes,Definitely yes,93,89,87,Very harmful,5,6,Definitely yes,Probably yes,Definitely yes,93,88,86,Very harmful,6,6,Definitely yes,Definitely yes,Definitely yes,NA,NA,NA,,NA,NA,,,,NA,NA,NA,,NA,NA,,,,NA,NA,NA,,NA,NA,,,,NA,NA,NA,,NA,NA,,,,NA,NA,NA,,NA,NA,,,,NA,NA,NA,,NA,NA,,,,NA,NA,NA,,NA,NA,,,,NA,NA,NA,,NA,NA,,,,NA,NA,NA,,NA,NA,,,,NA,NA,NA,,NA,NA,,,,NA,NA,NA,,NA,NA,,,,NA,NA,NA,,NA,NA,,,,NA,NA,NA,,NA,NA,,,,NA,NA,NA,,NA,NA,,,,NA,NA,NA,,NA,NA,,,,NA,NA,NA,NA,NA,NA,NA,,NA,NA,,,,NA,NA,NA,NA,NA,NA,NA,,NA,NA,,,,NA,NA,NA,,NA,NA,,,,,People vaping,15,Young Treat,0,0,1,0,0,1,0,1,1,2,2,1,2,1,1
R_16AV4E5hNWpO2Jz,15,Yes,NA,NA,NA,,NA,NA,,,,NA,NA,NA,,NA,NA,,,,NA,NA,NA,,NA,NA,,,,NA,NA,NA,,NA,NA,,,,NA,NA,NA,,NA,NA,,,,NA,NA,NA,,NA,NA,,,,90,86,89,Very harmful,6,6,Probably yes,Probably yes,Probably yes,77,80,81,Very harmful,6,5,Definitely yes,Definitely yes,Definitely yes,84,88,82,Very harmful,6,6,Definitely yes,Definitely yes,Definitely yes,90,88,85,Very harmful,6,6,Definitely yes,Definitely yes,Definitely yes,85,84,80,Very harmful,6,6,Definitely yes,Definitely yes,Definitely yes,95,90,89,Very harmful,5,5,Definitely yes,Probably yes,Definitely yes,NA,NA,NA,,NA,NA,,,,NA,NA,NA,,NA,NA,,,,NA,NA,NA,,NA,NA,,,,NA,NA,NA,,NA,NA,,,,NA,NA,NA,,NA,NA,,,,NA,NA,NA,,NA,NA,,,,NA,NA,NA,,NA,NA,,,,NA,NA,NA,,NA,NA,,,,NA,NA,NA,,NA,NA,,,,NA,NA,NA,NA,NA,NA,NA,,NA,NA,,,,NA,NA,NA,NA,NA,NA,NA,,NA,NA,,,,NA,NA,NA,,NA,NA,,,,,People vaping,15,Old Treat,0,0,1,0,0,1,0,1,1,2,2,1,3,1,1
R_1yfZfm3hzKJrIL7,15,Yes,NA,NA,NA,,NA,NA,,,,NA,NA,NA,,NA,NA,,,,NA,NA,NA,,NA,NA,,,,NA,NA,NA,,NA,NA,,,,NA,NA,NA,,NA,NA,,,,NA,NA,NA,,NA,NA,,,,NA,NA,NA,,NA,NA,,,,NA,NA,NA,,NA,NA,,,,NA,NA,NA,,NA,NA,,,,NA,NA,NA,,NA,NA,,,,NA,NA,NA,,NA,NA,,,,NA,NA,NA,,NA,NA,,,,NA,NA,NA,,NA,NA,,,,NA,NA,NA,,NA,NA,,,,NA,NA,NA,,NA,NA,,,,NA,NA,NA,,NA,NA,,,,NA,NA,NA,,NA,NA,,,,NA,NA,NA,,NA,NA,,,,87,88,86,Very harmful,6,6,Definitely yes,Definitely yes,Definitely yes,82,88,83,Very harmful,6,6,Definitely yes,Definitely yes,Definitely yes,89,90,90,Very harmful,6,6,Definitely yes,Definitely yes,Definitely yes,0,0,15.504,0,88,93,88,Very harmful,6,6,Definitely yes,Definitely yes,Definitely yes,0,0,24.482,0,89,85,84,Very harmful,6,6,Definitely yes,Definitely yes,Definitely yes,90,89,89,Extremely harmful,6,6,Definitely yes,Definitely yes,Definitely yes,,People vaping,15,Old Control,0,0,1,0,0,1,0,1,1,2,2,1,3,1,1
R_1bT1oORBOwQNwmz,14,No,NA,NA,NA,,NA,NA,,,,NA,NA,NA,,NA,NA,,,,NA,NA,NA,,NA,NA,,,,NA,NA,NA,,NA,NA,,,,NA,NA,NA,,NA,NA,,,,NA,NA,NA,,NA,NA,,,,NA,NA,NA,,NA,NA,,,,NA,NA,NA,,NA,NA,,,,NA,NA,NA,,NA,NA,,,,NA,NA,NA,,NA,NA,,,,NA,NA,NA,,NA,NA,,,,NA,NA,NA,,NA,NA,,,,NA,NA,NA,,NA,NA,,,,NA,NA,NA,,NA,NA,,,,NA,NA,NA,,NA,NA,,,,NA,NA,NA,,NA,NA,,,,NA,NA,NA,,NA,NA,,,,NA,NA,NA,,NA,NA,,,,58,51,61,Slightly harmful,3,4,Probably yes,Definitely yes,Probably not,57,71,47,Somewhat harmful,3,5,Definitely yes,Probably not,Probably yes,51,71,52,Somewhat harmful,4,5,Probably yes,Probably yes,Probably not,0,0,11.058,0,51,49,62,Slightly harmful,3,4,Definitely yes,Probably yes,Probably yes,0,0,50.116,0,36,62,37,Somewhat harmful,4,4,Probably not,Probably yes,Probably yes,40,56,58,Slightly harmful,4,5,Probably yes,Probably yes,Probably yes,People vaping and exercising,,14,Old Control,0,0,1,0,0,0,0,1,0,3,3,1,3,1,1
R_5E0jNOijr3OQVeo,16,Yes,NA,NA,NA,,NA,NA,,,,NA,NA,NA,,NA,NA,,,,NA,NA,NA,,NA,NA,,,,NA,NA,NA,,NA,NA,,,,NA,NA,NA,,NA,NA,,,,NA,NA,NA,,NA,NA,,,,NA,NA,NA,,NA,NA,,,,NA,NA,NA,,NA,NA,,,,NA,NA,NA,,NA,NA,,,,NA,NA,NA,,NA,NA,,,,NA,NA,NA,,NA,NA,,,,NA,NA,NA,,NA,NA,,,,NA,NA,NA,,NA,NA,,,,NA,NA,NA,,NA,NA,,,,NA,NA,NA,,NA,NA,,,,NA,NA,NA,,NA,NA,,,,NA,NA,NA,,NA,NA,,,,NA,NA,NA,,NA,NA,,,,6,5,5,Very harmful,1,1,Probably not,Probably yes,Probably yes,10,13,9,Very harmful,0,0,Probably not,Definitely not,Definitely not,0,0,0,Very harmful,0,0,Definitely not,Definitely not,Definitely not,2.294,17.805,19.789,5,1,0,0,Very harmful,0,0,Definitely not,Definitely not,Definitely not,8.541,22.599,31.182,5,2,7,7,Very harmful,0,0,Definitely not,Definitely not,Definitely not,0,0,0,Very harmful,0,0,Definitely not,Definitely not,Definitely not,People vaping and exercising,People vaping,16,Old Control,0,0,0,0,1,1,0,0,0,4,4,1,1,0,0
R_5SeEp1j0YlMcYIE,14,No,NA,NA,NA,,NA,NA,,,,NA,NA,NA,,NA,NA,,,,NA,NA,NA,,NA,NA,,,,NA,NA,NA,,NA,NA,,,,NA,NA,NA,,NA,NA,,,,NA,NA,NA,,NA,NA,,,,14,12,11,Extremely harmful,0,0,Definitely not,Definitely not,Definitely not,12,17,18,Extremely harmful,0,0,Definitely not,Definitely not,Definitely not,11,9,17,Extremely harmful,0,0,Definitely not,Definitely not,Definitely not,12,8,11,Extremely harmful,0,0,Definitely not,Definitely not,Definitely not,17,13,12,Extremely harmful,0,0,Definitely not,Definitely not,Definitely not,20,20,10,Extremely harmful,0,0,Definitely not,Definitely not,Definitely not,NA,NA,NA,,NA,NA,,,,NA,NA,NA,,NA,NA,,,,NA,NA,NA,,NA,NA,,,,NA,NA,NA,,NA,NA,,,,NA,NA,NA,,NA,NA,,,,NA,NA,NA,,NA,NA,,,,NA,NA,NA,,NA,NA,,,,NA,NA,NA,,NA,NA,,,,NA,NA,NA,,NA,NA,,,,NA,NA,NA,NA,NA,NA,NA,,NA,NA,,,,NA,NA,NA,NA,NA,NA,NA,,NA,NA,,,,NA,NA,NA,,NA,NA,,,,People vaping and exercising,People vaping,14,Old Treat,1,0,0,0,0,0,0,0,0,1,1,1,3,0,0
R_3v9a4AybgT3iNfP,17,No,NA,NA,NA,,NA,NA,,,,NA,NA,NA,,NA,NA,,,,NA,NA,NA,,NA,NA,,,,NA,NA,NA,,NA,NA,,,,NA,NA,NA,,NA,NA,,,,NA,NA,NA,,NA,NA,,,,NA,NA,NA,,NA,NA,,,,NA,NA,NA,,NA,NA,,,,NA,NA,NA,,NA,NA,,,,NA,NA,NA,,NA,NA,,,,NA,NA,NA,,NA,NA,,,,NA,NA,NA,,NA,NA,,,,NA,NA,NA,Extremely harmful,3,3,Definitely not,Definitely not,Definitely not,NA,NA,NA,Extremely harmful,NA,NA,Definitely not,Definitely not,Definitely not,NA,NA,NA,Extremely harmful,0,0,Definitely not,Definitely not,Definitely not,NA,NA,NA,Extremely harmful,NA,NA,Definitely not,Definitely not,Definitely not,NA,NA,NA,Extremely harmful,NA,NA,Definitely not,Definitely not,Definitely not,NA,NA,NA,Extremely harmful,0,0,Definitely not,Definitely not,Definitely not,NA,NA,NA,,NA,NA,,,,NA,NA,NA,,NA,NA,,,,NA,NA,NA,,NA,NA,,,,NA,NA,NA,NA,NA,NA,NA,,NA,NA,,,,NA,NA,NA,NA,NA,NA,NA,,NA,NA,,,,NA,NA,NA,,NA,NA,,,,,People vaping,17,Young Control,0,0,1,0,0,0,0,0,0,2,2,1,3,1,1
R_5uvNg9D2CEkiGIh,17,No,NA,NA,NA,,NA,NA,,,,NA,NA,NA,,NA,NA,,,,NA,NA,NA,,NA,NA,,,,NA,NA,NA,,NA,NA,,,,NA,NA,NA,,NA,NA,,,,NA,NA,NA,,NA,NA,,,,NA,NA,NA,,NA,NA,,,,NA,NA,NA,,NA,NA,,,,NA,NA,NA,,NA,NA,,,,NA,NA,NA,,NA,NA,,,,NA,NA,NA,,NA,NA,,,,NA,NA,NA,,NA,NA,,,,NA,NA,NA,,NA,NA,,,,NA,NA,NA,,NA,NA,,,,NA,NA,NA,,NA,NA,,,,NA,NA,NA,,NA,NA,,,,NA,NA,NA,,NA,NA,,,,NA,NA,NA,,NA,NA,,,,0,0,0,Extremely harmful,0,0,Probably yes,Probably not,Probably yes,21,24,39,Extremely harmful,1,0,Probably yes,Probably not,Probably yes,13,14,14,Extremely harmful,1,1,Probably yes,Probably not,Probably yes,5.562,20.487,25.802,2,39,47,50,Extremely harmful,0,0,Probably yes,Probably not,Probably yes,3.735,20.448,22.102,2,5,3,0,Extremely harmful,0,0,Probably yes,Probably not,Probably yes,0,0,0,Extremely harmful,0,0,Probably yes,Probably not,Probably yes,,People vaping,17,Old Control,0,0,1,0,0,0,0,0,0,1,1,1,1,0,0
R_3Osh5ZnGjlMHqmd,14,No,6,14,18,Extremely harmful,1,1,Definitely not,Definitely not,Definitely not,21,7,12,Extremely harmful,1,1,Definitely not,Definitely not,Definitely not,17,19,21,Extremely harmful,1,1,Definitely not,Definitely not,Definitely not,9,31,35,Extremely harmful,1,1,Definitely not,Definitely not,Definitely not,16,19,16,Extremely harmful,1,1,Definitely not,Definitely not,Definitely not,9,15,13,Not at all harmful,1,1,Definitely not,Definitely not,Definitely not,NA,NA,NA,,NA,NA,,,,NA,NA,NA,,NA,NA,,,,NA,NA,NA,,NA,NA,,,,NA,NA,NA,,NA,NA,,,,NA,NA,NA,,NA,NA,,,,NA,NA,NA,,NA,NA,,,,NA,NA,NA,,NA,NA,,,,NA,NA,NA,,NA,NA,,,,NA,NA,NA,,NA,NA,,,,NA,NA,NA,,NA,NA,,,,NA,NA,NA,,NA,NA,,,,NA,NA,NA,,NA,NA,,,,NA,NA,NA,,NA,NA,,,,NA,NA,NA,,NA,NA,,,,NA,NA,NA,,NA,NA,,,,NA,NA,NA,NA,NA,NA,NA,,NA,NA,,,,NA,NA,NA,NA,NA,NA,NA,,NA,NA,,,,NA,NA,NA,,NA,NA,,,,People vaping and exercising,People vaping,14,Young Treat,1,0,0,0,0,0,0,0,0,1,1,1,3,0,0
R_64sn6myMrezmXO9,15,Yes,NA,NA,NA,,NA,NA,,,,NA,NA,NA,,NA,NA,,,,NA,NA,NA,,NA,NA,,,,NA,NA,NA,,NA,NA,,,,NA,NA,NA,,NA,NA,,,,NA,NA,NA,,NA,NA,,,,NA,NA,NA,,NA,NA,,,,NA,NA,NA,,NA,NA,,,,NA,NA,NA,,NA,NA,,,,NA,NA,NA,,NA,NA,,,,NA,NA,NA,,NA,NA,,,,NA,NA,NA,,NA,NA,,,,NA,NA,NA,,NA,NA,,,,NA,NA,NA,,NA,NA,,,,NA,NA,NA,,NA,NA,,,,NA,NA,NA,,NA,NA,,,,NA,NA,NA,,NA,NA,,,,NA,NA,NA,,NA,NA,,,,72,61,64,Somewhat harmful,5,4,Probably not,Probably yes,Probably not,72,69,70,Somewhat harmful,5,4,Probably yes,Probably yes,Probably yes,74,67,NA,Very harmful,NA,4,Probably yes,Probably yes,Definitely yes,0,0,11.59,0,66,73,67,Very harmful,5,4,Probably not,Probably yes,Probably yes,0,0,11.466,0,67,54,63,Somewhat harmful,5,NA,Probably yes,Probably yes,Probably yes,62,67,63,Very harmful,5,4,Probably yes,Probably yes,Definitely yes,People vaping and exercising,,15,Old Control,0,0,0,0,1,1,1,1,1,3,3,1,1,1,1
R_6CfUlB4RS59ARmP,15,Yes,NA,NA,NA,,NA,NA,,,,NA,NA,NA,,NA,NA,,,,NA,NA,NA,,NA,NA,,,,NA,NA,NA,,NA,NA,,,,NA,NA,NA,,NA,NA,,,,NA,NA,NA,,NA,NA,,,,NA,NA,NA,,NA,NA,,,,NA,NA,NA,,NA,NA,,,,NA,NA,NA,,NA,NA,,,,NA,NA,NA,,NA,NA,,,,NA,NA,NA,,NA,NA,,,,NA,NA,NA,,NA,NA,,,,83,69,75,Very harmful,6,5,Definitely yes,Definitely yes,Definitely yes,82,79,85,Very harmful,4,6,Definitely yes,Definitely yes,Definitely yes,44,53,41,Very harmful,5,5,Definitely yes,Definitely yes,Definitely yes,100,89,97,Very harmful,7,7,Definitely yes,Definitely yes,Definitely yes,100,100,82,Very harmful,5,6,Definitely yes,Definitely yes,Probably yes,40,21,32,Very harmful,3,5,Definitely yes,Definitely yes,Definitely yes,NA,NA,NA,,NA,NA,,,,NA,NA,NA,,NA,NA,,,,NA,NA,NA,,NA,NA,,,,NA,NA,NA,NA,NA,NA,NA,,NA,NA,,,,NA,NA,NA,NA,NA,NA,NA,,NA,NA,,,,NA,NA,NA,,NA,NA,,,,,People vaping,15,Young Control,0,0,1,0,0,1,0,1,1,2,2,1,3,1,1
R_51gPQg8K4Fkmtng,15,Yes,80,76,58,Very harmful,6,5,Definitely yes,Definitely yes,Definitely yes,100,100,100,Very harmful,7,7,Definitely yes,Probably yes,Definitely yes,58,74,58,Very harmful,5,4,I prefer not to answer,Definitely yes,Definitely yes,100,100,100,Very harmful,7,7,Definitely yes,Probably yes,Probably yes,95,98,77,Very harmful,6,6,Definitely yes,Definitely yes,Definitely yes,100,100,95,Very harmful,7,7,Definitely yes,Definitely yes,Definitely yes,NA,NA,NA,,NA,NA,,,,NA,NA,NA,,NA,NA,,,,NA,NA,NA,,NA,NA,,,,NA,NA,NA,,NA,NA,,,,NA,NA,NA,,NA,NA,,,,NA,NA,NA,,NA,NA,,,,NA,NA,NA,,NA,NA,,,,NA,NA,NA,,NA,NA,,,,NA,NA,NA,,NA,NA,,,,NA,NA,NA,,NA,NA,,,,NA,NA,NA,,NA,NA,,,,NA,NA,NA,,NA,NA,,,,NA,NA,NA,,NA,NA,,,,NA,NA,NA,,NA,NA,,,,NA,NA,NA,,NA,NA,,,,NA,NA,NA,NA,NA,NA,NA,,NA,NA,,,,NA,NA,NA,NA,NA,NA,NA,,NA,NA,,,,NA,NA,NA,,NA,NA,,,,,People vaping,15,Young Treat,0,0,1,0,0,0,0,1,1,2,2,1,2,1,1
R_3ncnUoA2XBnYb3y,15,No,NA,NA,NA,,NA,NA,,,,NA,NA,NA,,NA,NA,,,,NA,NA,NA,,NA,NA,,,,NA,NA,NA,,NA,NA,,,,NA,NA,NA,,NA,NA,,,,NA,NA,NA,,NA,NA,,,,35,30,10,Slightly harmful,4,4,Probably not,Definitely not,Probably not,10,0,5,Slightly harmful,0,0,Definitely not,Definitely not,Definitely not,20,30,20,Slightly harmful,2,2,Probably not,Definitely not,Probably not,30,20,20,Slightly harmful,2,2,Definitely not,Definitely not,Definitely not,60,55,20,Somewhat harmful,2,2,Probably not,Definitely not,Probably not,10,0,10,Slightly harmful,6,6,Probably not,Probably not,Probably yes,NA,NA,NA,,NA,NA,,,,NA,NA,NA,,NA,NA,,,,NA,NA,NA,,NA,NA,,,,NA,NA,NA,,NA,NA,,,,NA,NA,NA,,NA,NA,,,,NA,NA,NA,,NA,NA,,,,NA,NA,NA,,NA,NA,,,,NA,NA,NA,,NA,NA,,,,NA,NA,NA,,NA,NA,,,,NA,NA,NA,NA,NA,NA,NA,,NA,NA,,,,NA,NA,NA,NA,NA,NA,NA,,NA,NA,,,,NA,NA,NA,,NA,NA,,,,People vaping and exercising,People vaping,15,Old Treat,1,0,0,0,1,0,1,0,0,1,1,1,1,0,0
R_6u2nw9Glg0dswaR,17,Yes,NA,NA,NA,,NA,NA,,,,NA,NA,NA,,NA,NA,,,,NA,NA,NA,,NA,NA,,,,NA,NA,NA,,NA,NA,,,,NA,NA,NA,,NA,NA,,,,NA,NA,NA,,NA,NA,,,,NA,NA,NA,,NA,NA,,,,NA,NA,NA,,NA,NA,,,,NA,NA,NA,,NA,NA,,,,NA,NA,NA,,NA,NA,,,,NA,NA,NA,,NA,NA,,,,NA,NA,NA,,NA,NA,,,,5,0,0,Extremely harmful,0,0,Definitely not,Definitely not,Definitely not,7,9,0,Extremely harmful,0,0,Definitely not,Definitely not,Definitely not,15,9,20,Extremely harmful,0,0,Definitely not,Definitely not,Definitely not,8,0,0,Extremely harmful,0,0,Definitely not,Definitely not,Definitely not,0,8,2,Extremely harmful,0,0,Definitely not,Definitely not,Definitely not,4,0,2,Extremely harmful,0,0,Definitely not,Definitely not,Definitely not,NA,NA,NA,,NA,NA,,,,NA,NA,NA,,NA,NA,,,,NA,NA,NA,,NA,NA,,,,NA,NA,NA,NA,NA,NA,NA,,NA,NA,,,,NA,NA,NA,NA,NA,NA,NA,,NA,NA,,,,NA,NA,NA,,NA,NA,,,,,People vaping,17,Young Control,1,0,0,0,0,0,1,0,0,1,1,1,1,0,0
R_1v98IPTOSXs2VGy,16,No,NA,NA,NA,,NA,NA,,,,NA,NA,NA,,NA,NA,,,,NA,NA,NA,,NA,NA,,,,NA,NA,NA,,NA,NA,,,,NA,NA,NA,,NA,NA,,,,NA,NA,NA,,NA,NA,,,,10,13,7,Slightly harmful,7,7,Definitely not,Definitely not,Definitely not,37,38,41,Extremely harmful,1,1,Definitely not,Definitely not,Definitely not,22,30,46,Very harmful,2,2,Definitely not,Definitely not,Definitely not,25,42,55,Extremely harmful,2,1,Definitely not,Definitely not,Definitely not,35,31,27,Extremely harmful,2,2,Definitely not,Definitely not,Definitely not,17,17,15,Extremely harmful,1,1,Definitely not,Definitely not,Definitely not,NA,NA,NA,,NA,NA,,,,NA,NA,NA,,NA,NA,,,,NA,NA,NA,,NA,NA,,,,NA,NA,NA,,NA,NA,,,,NA,NA,NA,,NA,NA,,,,NA,NA,NA,,NA,NA,,,,NA,NA,NA,,NA,NA,,,,NA,NA,NA,,NA,NA,,,,NA,NA,NA,,NA,NA,,,,NA,NA,NA,NA,NA,NA,NA,,NA,NA,,,,NA,NA,NA,NA,NA,NA,NA,,NA,NA,,,,NA,NA,NA,,NA,NA,,,,People vaping and exercising,People vaping,16,Old Treat,0,0,1,0,0,0,1,0,0,1,1,1,1,0,0
R_3jJ0lCNxfUNwU1z,15,Yes,NA,NA,NA,,NA,NA,,,,NA,NA,NA,,NA,NA,,,,NA,NA,NA,,NA,NA,,,,NA,NA,NA,,NA,NA,,,,NA,NA,NA,,NA,NA,,,,NA,NA,NA,,NA,NA,,,,NA,NA,NA,,NA,NA,,,,NA,NA,NA,,NA,NA,,,,NA,NA,NA,,NA,NA,,,,NA,NA,NA,,NA,NA,,,,NA,NA,NA,,NA,NA,,,,NA,NA,NA,,NA,NA,,,,NA,NA,NA,,NA,NA,,,,NA,NA,NA,,NA,NA,,,,NA,NA,NA,,NA,NA,,,,NA,NA,NA,,NA,NA,,,,NA,NA,NA,,NA,NA,,,,NA,NA,NA,,NA,NA,,,,67,NA,63,Very harmful,5,4,Probably yes,Probably yes,Probably not,71,65,64,Somewhat harmful,5,5,Probably yes,Probably yes,Probably not,71,70,68,Extremely harmful,NA,4,Probably yes,Probably yes,Probably yes,0,0,36.702,0,73,67,65,Slightly harmful,5,4,Probably not,Probably yes,Definitely yes,0,0,11.273,0,70,68,NA,Very harmful,NA,4,Probably yes,Probably not,Probably yes,NA,66,68,Very harmful,5,5,Probably yes,Probably yes,Probably yes,People vaping and exercising,,15,Old Control,0,0,1,0,0,0,1,1,1,2,2,1,1,1,1
R_7G1T2hNMRGaBTXO,15,Yes,NA,NA,NA,,NA,NA,,,,NA,NA,NA,,NA,NA,,,,NA,NA,NA,,NA,NA,,,,NA,NA,NA,,NA,NA,,,,NA,NA,NA,,NA,NA,,,,NA,NA,NA,,NA,NA,,,,17,14,13,Extremely harmful,1,1,Definitely not,Definitely not,Definitely not,0,0,NA,Extremely harmful,0,0,Definitely not,Definitely not,Definitely not,6,6,10,Extremely harmful,0,0,Definitely not,Definitely not,Definitely not,5,14,8,Extremely harmful,0,0,Definitely not,Definitely not,Definitely not,0,0,0,Extremely harmful,0,0,Definitely not,Definitely not,Definitely not,7,7,7,Extremely harmful,0,1,Definitely not,Definitely not,Definitely not,NA,NA,NA,,NA,NA,,,,NA,NA,NA,,NA,NA,,,,NA,NA,NA,,NA,NA,,,,NA,NA,NA,,NA,NA,,,,NA,NA,NA,,NA,NA,,,,NA,NA,NA,,NA,NA,,,,NA,NA,NA,,NA,NA,,,,NA,NA,NA,,NA,NA,,,,NA,NA,NA,,NA,NA,,,,NA,NA,NA,NA,NA,NA,NA,,NA,NA,,,,NA,NA,NA,NA,NA,NA,NA,,NA,NA,,,,NA,NA,NA,,NA,NA,,,,People vaping and exercising,People vaping,15,Old Treat,1,0,0,0,0,1,0,0,0,1,1,1,1,0,0
R_7WwnelwA6HMo7ch,17,No,8,9,12,Very harmful,3,2,Probably not,Probably not,Probably not,16,12,11,Somewhat harmful,2,2,Probably not,Probably not,Probably not,25,23,27,Somewhat harmful,1,2,Probably not,Probably not,Probably not,11,14,13,Very harmful,1,1,Probably not,Probably not,Probably not,9,9,8,Very harmful,1,1,Probably not,Probably not,Probably not,9,10,12,Very harmful,1,1,Definitely not,Definitely not,Definitely not,NA,NA,NA,,NA,NA,,,,NA,NA,NA,,NA,NA,,,,NA,NA,NA,,NA,NA,,,,NA,NA,NA,,NA,NA,,,,NA,NA,NA,,NA,NA,,,,NA,NA,NA,,NA,NA,,,,NA,NA,NA,,NA,NA,,,,NA,NA,NA,,NA,NA,,,,NA,NA,NA,,NA,NA,,,,NA,NA,NA,,NA,NA,,,,NA,NA,NA,,NA,NA,,,,NA,NA,NA,,NA,NA,,,,NA,NA,NA,,NA,NA,,,,NA,NA,NA,,NA,NA,,,,NA,NA,NA,,NA,NA,,,,NA,NA,NA,NA,NA,NA,NA,,NA,NA,,,,NA,NA,NA,NA,NA,NA,NA,,NA,NA,,,,NA,NA,NA,,NA,NA,,,,People vaping and exercising,People vaping,17,Young Treat,1,0,0,0,0,0,0,0,0,1,1,1,1,0,0
R_7RPILBEnxzHB7OA,17,No,NA,NA,NA,,NA,NA,,,,NA,NA,NA,,NA,NA,,,,NA,NA,NA,,NA,NA,,,,NA,NA,NA,,NA,NA,,,,NA,NA,NA,,NA,NA,,,,NA,NA,NA,,NA,NA,,,,NA,NA,NA,,NA,NA,,,,NA,NA,NA,,NA,NA,,,,NA,NA,NA,,NA,NA,,,,NA,NA,NA,,NA,NA,,,,NA,NA,NA,,NA,NA,,,,NA,NA,NA,,NA,NA,,,,NA,NA,NA,,NA,NA,,,,NA,NA,NA,,NA,NA,,,,NA,NA,NA,,NA,NA,,,,NA,NA,NA,,NA,NA,,,,NA,NA,NA,,NA,NA,,,,NA,NA,NA,,NA,NA,,,,0,0,0,Extremely harmful,0,0,Definitely not,Definitely not,Definitely not,0,0,0,Extremely harmful,0,0,Definitely not,Definitely not,Definitely not,1,0,0,Extremely harmful,0,0,Definitely not,Definitely not,Definitely not,1.258,25.282,27.008,2,0,0,0,Extremely harmful,0,0,Definitely not,Definitely not,Definitely not,1.918,8.826,17.955,4,0,0,0,Extremely harmful,0,0,Definitely not,Definitely not,Definitely not,4,3,0,Extremely harmful,2,0,Definitely not,Definitely not,Definitely not,,People vaping,17,Old Control,0,1,0,0,0,0,1,0,0,1,1,1,1,0,0
R_7SRzsfTSRhSXrLr,17,No,NA,NA,NA,,NA,NA,,,,NA,NA,NA,,NA,NA,,,,NA,NA,NA,,NA,NA,,,,NA,NA,NA,,NA,NA,,,,NA,NA,NA,,NA,NA,,,,NA,NA,NA,,NA,NA,,,,NA,NA,NA,,NA,NA,,,,NA,NA,NA,,NA,NA,,,,NA,NA,NA,,NA,NA,,,,NA,NA,NA,,NA,NA,,,,NA,NA,NA,,NA,NA,,,,NA,NA,NA,,NA,NA,,,,56,6,23,Very harmful,1,2,Definitely not,Definitely not,Definitely not,76,18,23,Extremely harmful,3,2,Definitely not,Definitely not,Definitely not,78,6,11,Somewhat harmful,2,1,Probably not,Probably not,Probably not,62,18,66,Extremely harmful,1,1,Definitely not,Definitely not,Definitely not,12,14,4,Very harmful,1,2,Probably yes,Probably not,Probably not,8,2,52,Very harmful,1,1,Definitely not,Definitely not,Definitely not,NA,NA,NA,,NA,NA,,,,NA,NA,NA,,NA,NA,,,,NA,NA,NA,,NA,NA,,,,NA,NA,NA,NA,NA,NA,NA,,NA,NA,,,,NA,NA,NA,NA,NA,NA,NA,,NA,NA,,,,NA,NA,NA,,NA,NA,,,,,People vaping,17,Young Control,1,0,0,0,0,1,1,1,0,2,2,1,2,1,1
R_3mf2RfK0RtxhvHB,17,Yes,NA,NA,NA,,NA,NA,,,,NA,NA,NA,,NA,NA,,,,NA,NA,NA,,NA,NA,,,,NA,NA,NA,,NA,NA,,,,NA,NA,NA,,NA,NA,,,,NA,NA,NA,,NA,NA,,,,50,0,50,Very harmful,0,0,Probably not,Probably not,Probably not,50,0,50,Very harmful,0,0,Probably not,Probably not,Probably not,50,0,50,Very harmful,0,0,Probably not,Probably not,Probably not,50,0,45,Very harmful,0,0,Probably not,Probably not,Probably not,50,0,50,Very harmful,0,0,Probably not,Probably not,Probably not,50,0,50,Very harmful,0,0,Probably not,Probably not,Probably not,NA,NA,NA,,NA,NA,,,,NA,NA,NA,,NA,NA,,,,NA,NA,NA,,NA,NA,,,,NA,NA,NA,,NA,NA,,,,NA,NA,NA,,NA,NA,,,,NA,NA,NA,,NA,NA,,,,NA,NA,NA,,NA,NA,,,,NA,NA,NA,,NA,NA,,,,NA,NA,NA,,NA,NA,,,,NA,NA,NA,NA,NA,NA,NA,,NA,NA,,,,NA,NA,NA,NA,NA,NA,NA,,NA,NA,,,,NA,NA,NA,,NA,NA,,,,People vaping and exercising,People vaping,17,Old Treat,0,0,0,0,1,0,1,0,0,1,1,1,1,0,0
R_5VZy2JXTXqSKZvH,14,No,0,0,0,Somewhat harmful,0,0,Definitely not,Definitely not,Definitely not,0,0,0,Somewhat harmful,0,0,Definitely not,Definitely not,Definitely not,3,2,0,Somewhat harmful,0,0,Definitely not,Definitely not,Definitely not,0,0,0,Somewhat harmful,0,0,Definitely not,Definitely not,Definitely not,0,0,0,Somewhat harmful,0,0,Definitely not,Definitely not,Definitely not,0,0,0,Slightly harmful,0,0,Definitely not,Definitely not,Definitely not,NA,NA,NA,,NA,NA,,,,NA,NA,NA,,NA,NA,,,,NA,NA,NA,,NA,NA,,,,NA,NA,NA,,NA,NA,,,,NA,NA,NA,,NA,NA,,,,NA,NA,NA,,NA,NA,,,,NA,NA,NA,,NA,NA,,,,NA,NA,NA,,NA,NA,,,,NA,NA,NA,,NA,NA,,,,NA,NA,NA,,NA,NA,,,,NA,NA,NA,,NA,NA,,,,NA,NA,NA,,NA,NA,,,,NA,NA,NA,,NA,NA,,,,NA,NA,NA,,NA,NA,,,,NA,NA,NA,,NA,NA,,,,NA,NA,NA,NA,NA,NA,NA,,NA,NA,,,,NA,NA,NA,NA,NA,NA,NA,,NA,NA,,,,NA,NA,NA,,NA,NA,,,,People vaping and exercising,People vaping,14,Young Treat,0,1,0,0,1,0,0,0,0,2,2,1,3,0,0
R_5efa2gtX8pazgir,15,Yes,NA,NA,NA,,NA,NA,,,,NA,NA,NA,,NA,NA,,,,NA,NA,NA,,NA,NA,,,,NA,NA,NA,,NA,NA,,,,NA,NA,NA,,NA,NA,,,,NA,NA,NA,,NA,NA,,,,50,50,50,Extremely harmful,1,1,Definitely not,Definitely not,Definitely not,50,50,50,Extremely harmful,1,1,Definitely not,Definitely not,Definitely not,50,50,50,Extremely harmful,1,1,Definitely not,Definitely not,Definitely not,50,50,50,Extremely harmful,1,1,Definitely not,Definitely not,Definitely not,50,50,50,Extremely harmful,1,1,Definitely not,Definitely not,Definitely not,50,50,50,Extremely harmful,1,1,Definitely not,Definitely not,Definitely not,NA,NA,NA,,NA,NA,,,,NA,NA,NA,,NA,NA,,,,NA,NA,NA,,NA,NA,,,,NA,NA,NA,,NA,NA,,,,NA,NA,NA,,NA,NA,,,,NA,NA,NA,,NA,NA,,,,NA,NA,NA,,NA,NA,,,,NA,NA,NA,,NA,NA,,,,NA,NA,NA,,NA,NA,,,,NA,NA,NA,NA,NA,NA,NA,,NA,NA,,,,NA,NA,NA,NA,NA,NA,NA,,NA,NA,,,,NA,NA,NA,,NA,NA,,,,People vaping and exercising,People vaping,15,Old Treat,0,0,0,1,0,1,0,0,0,1,1,1,1,0,0
R_5BA4yEYbfIl5vDb,16,No,0,0,0,Very harmful,0,0,Definitely not,Definitely not,Definitely not,19,0,10,Very harmful,0,0,Definitely not,Definitely not,Definitely not,40,51,61,Very harmful,0,0,Definitely not,Definitely not,Definitely not,20,0,0,Very harmful,0,0,Definitely not,Definitely not,Definitely not,29,19,10,Very harmful,0,0,Definitely not,Definitely not,Definitely not,9,0,0,Very harmful,0,0,Definitely not,Definitely not,Definitely not,NA,NA,NA,,NA,NA,,,,NA,NA,NA,,NA,NA,,,,NA,NA,NA,,NA,NA,,,,NA,NA,NA,,NA,NA,,,,NA,NA,NA,,NA,NA,,,,NA,NA,NA,,NA,NA,,,,NA,NA,NA,,NA,NA,,,,NA,NA,NA,,NA,NA,,,,NA,NA,NA,,NA,NA,,,,NA,NA,NA,,NA,NA,,,,NA,NA,NA,,NA,NA,,,,NA,NA,NA,,NA,NA,,,,NA,NA,NA,,NA,NA,,,,NA,NA,NA,,NA,NA,,,,NA,NA,NA,,NA,NA,,,,NA,NA,NA,NA,NA,NA,NA,,NA,NA,,,,NA,NA,NA,NA,NA,NA,NA,,NA,NA,,,,NA,NA,NA,,NA,NA,,,,People vaping and exercising,People vaping,16,Young Treat,0,1,0,0,0,0,0,0,0,1,1,1,3,0,0
R_3QJOVEMtjUo1e5m,16,Yes,NA,NA,NA,,NA,NA,,,,NA,NA,NA,,NA,NA,,,,NA,NA,NA,,NA,NA,,,,NA,NA,NA,,NA,NA,,,,NA,NA,NA,,NA,NA,,,,NA,NA,NA,,NA,NA,,,,NA,NA,NA,,NA,NA,,,,NA,NA,NA,,NA,NA,,,,NA,NA,NA,,NA,NA,,,,NA,NA,NA,,NA,NA,,,,NA,NA,NA,,NA,NA,,,,NA,NA,NA,,NA,NA,,,,10,6,7,Very harmful,1,1,Probably not,Probably not,Probably not,59,73,18,Very harmful,1,1,Probably not,Definitely not,Definitely not,30,24,11,Very harmful,1,1,Probably not,Probably not,Probably not,5,11,6,Very harmful,1,1,Probably not,Probably not,Probably not,9,8,8,Extremely harmful,1,1,Definitely not,Definitely not,Definitely not,8,6,11,Very harmful,1,1,Probably not,Probably not,Probably not,NA,NA,NA,,NA,NA,,,,NA,NA,NA,,NA,NA,,,,NA,NA,NA,,NA,NA,,,,NA,NA,NA,NA,NA,NA,NA,,NA,NA,,,,NA,NA,NA,NA,NA,NA,NA,,NA,NA,,,,NA,NA,NA,,NA,NA,,,,,People vaping,16,Young Control,0,0,0,0,0,0,0,0,0,2,2,1,1,0,0
R_1nGX4LGLzXq4KnT,17,Yes,NA,NA,NA,,NA,NA,,,,NA,NA,NA,,NA,NA,,,,NA,NA,NA,,NA,NA,,,,NA,NA,NA,,NA,NA,,,,NA,NA,NA,,NA,NA,,,,NA,NA,NA,,NA,NA,,,,NA,NA,NA,,NA,NA,,,,NA,NA,NA,,NA,NA,,,,NA,NA,NA,,NA,NA,,,,NA,NA,NA,,NA,NA,,,,NA,NA,NA,,NA,NA,,,,NA,NA,NA,,NA,NA,,,,NA,NA,NA,,NA,NA,,,,NA,NA,NA,,NA,NA,,,,NA,NA,NA,,NA,NA,,,,NA,NA,NA,,NA,NA,,,,NA,NA,NA,,NA,NA,,,,NA,NA,NA,,NA,NA,,,,54,41,50,Somewhat harmful,0,1,Probably not,Probably not,Probably not,9,6,4,Extremely harmful,0,1,Definitely not,Definitely not,Definitely not,47,46,11,Somewhat harmful,1,0,Probably not,Probably not,Probably not,1.452,7.243,12.222,5,0,0,0,Extremely harmful,0,0,Definitely not,Definitely not,Definitely not,2.581,9.144,12.799,4,11,13,10,Somewhat harmful,0,0,Definitely not,Definitely not,Definitely not,0,6,4,Extremely harmful,0,0,Definitely not,Definitely not,Definitely not,People vaping and exercising,People vaping,17,Old Control,0,0,0,0,1,0,0,0,0,3,3,1,1,0,0
R_1ER66QJnIj9Lyrj,17,No,NA,NA,NA,,NA,NA,,,,NA,NA,NA,,NA,NA,,,,NA,NA,NA,,NA,NA,,,,NA,NA,NA,,NA,NA,,,,NA,NA,NA,,NA,NA,,,,NA,NA,NA,,NA,NA,,,,NA,NA,NA,,NA,NA,,,,NA,NA,NA,,NA,NA,,,,NA,NA,NA,,NA,NA,,,,NA,NA,NA,,NA,NA,,,,NA,NA,NA,,NA,NA,,,,NA,NA,NA,,NA,NA,,,,NA,NA,NA,Extremely harmful,NA,NA,Definitely not,Definitely not,Definitely not,NA,NA,NA,Extremely harmful,NA,NA,Definitely not,Definitely not,Definitely not,42,43,46,Extremely harmful,3,4,Definitely not,Definitely not,Definitely yes,NA,NA,NA,Extremely harmful,NA,NA,Definitely not,Definitely not,Definitely not,31,34,40,Extremely harmful,4,2,Definitely not,Definitely not,Definitely not,100,100,NA,Extremely harmful,NA,NA,Definitely not,Definitely not,Definitely not,NA,NA,NA,,NA,NA,,,,NA,NA,NA,,NA,NA,,,,NA,NA,NA,,NA,NA,,,,NA,NA,NA,NA,NA,NA,NA,,NA,NA,,,,NA,NA,NA,NA,NA,NA,NA,,NA,NA,,,,NA,NA,NA,,NA,NA,,,,,People vaping,17,Young Control,0,0,1,0,0,1,1,0,0,1,1,1,1,0,0
R_1CEvtAsI3XLZmMK,17,No,96,33,31,Very harmful,1,3,Definitely yes,Probably yes,Probably yes,14,24,23,Extremely harmful,1,3,Definitely yes,Probably yes,Probably yes,99,37,40,Very harmful,1,4,Definitely yes,Probably yes,Probably yes,19,16,22,Very harmful,1,1,Definitely yes,Probably yes,Probably yes,7,11,16,Very harmful,1,2,Definitely yes,Probably yes,Probably yes,11,13,16,Very harmful,1,1,Definitely yes,Probably yes,Probably yes,NA,NA,NA,,NA,NA,,,,NA,NA,NA,,NA,NA,,,,NA,NA,NA,,NA,NA,,,,NA,NA,NA,,NA,NA,,,,NA,NA,NA,,NA,NA,,,,NA,NA,NA,,NA,NA,,,,NA,NA,NA,,NA,NA,,,,NA,NA,NA,,NA,NA,,,,NA,NA,NA,,NA,NA,,,,NA,NA,NA,,NA,NA,,,,NA,NA,NA,,NA,NA,,,,NA,NA,NA,,NA,NA,,,,NA,NA,NA,,NA,NA,,,,NA,NA,NA,,NA,NA,,,,NA,NA,NA,,NA,NA,,,,NA,NA,NA,NA,NA,NA,NA,,NA,NA,,,,NA,NA,NA,NA,NA,NA,NA,,NA,NA,,,,NA,NA,NA,,NA,NA,,,,People vaping and exercising,People vaping,17,Young Treat,0,1,0,0,0,1,0,1,1,2,2,1,1,1,0
R_3oZa0fkWayTyhDX,15,Yes,NA,NA,NA,,NA,NA,,,,NA,NA,NA,,NA,NA,,,,NA,NA,NA,,NA,NA,,,,NA,NA,NA,,NA,NA,,,,NA,NA,NA,,NA,NA,,,,NA,NA,NA,,NA,NA,,,,2,2,1,Very harmful,0,0,Definitely not,Definitely not,Definitely not,0,0,0,Very harmful,0,0,Definitely not,Definitely not,Definitely not,1,1,1,Very harmful,0,0,Definitely not,Definitely not,Definitely not,0,0,0,Very harmful,0,0,Definitely not,Definitely not,Definitely not,0,0,0,Very harmful,0,0,Definitely not,Definitely not,Definitely not,2,1,0,Very harmful,0,0,Definitely not,Definitely not,Definitely not,NA,NA,NA,,NA,NA,,,,NA,NA,NA,,NA,NA,,,,NA,NA,NA,,NA,NA,,,,NA,NA,NA,,NA,NA,,,,NA,NA,NA,,NA,NA,,,,NA,NA,NA,,NA,NA,,,,NA,NA,NA,,NA,NA,,,,NA,NA,NA,,NA,NA,,,,NA,NA,NA,,NA,NA,,,,NA,NA,NA,NA,NA,NA,NA,,NA,NA,,,,NA,NA,NA,NA,NA,NA,NA,,NA,NA,,,,NA,NA,NA,,NA,NA,,,,People vaping and exercising,,15,Old Treat,0,0,0,1,1,1,0,0,0,2,2,1,3,0,0
R_1qxt9YxQti9yeIl,17,Yes,100,50,50,Somewhat harmful,0,0,Definitely not,Definitely not,Probably yes,100,50,50,Somewhat harmful,0,0,Definitely not,Definitely not,Probably yes,100,50,50,Somewhat harmful,0,0,Definitely not,Definitely not,Probably yes,100,50,50,Somewhat harmful,0,0,Definitely not,Definitely not,Probably yes,100,50,50,Somewhat harmful,0,0,Definitely not,Definitely not,Probably yes,100,0,0,Very harmful,0,0,Definitely not,Definitely not,Probably yes,NA,NA,NA,,NA,NA,,,,NA,NA,NA,,NA,NA,,,,NA,NA,NA,,NA,NA,,,,NA,NA,NA,,NA,NA,,,,NA,NA,NA,,NA,NA,,,,NA,NA,NA,,NA,NA,,,,NA,NA,NA,,NA,NA,,,,NA,NA,NA,,NA,NA,,,,NA,NA,NA,,NA,NA,,,,NA,NA,NA,,NA,NA,,,,NA,NA,NA,,NA,NA,,,,NA,NA,NA,,NA,NA,,,,NA,NA,NA,,NA,NA,,,,NA,NA,NA,,NA,NA,,,,NA,NA,NA,,NA,NA,,,,NA,NA,NA,NA,NA,NA,NA,,NA,NA,,,,NA,NA,NA,NA,NA,NA,NA,,NA,NA,,,,NA,NA,NA,,NA,NA,,,,People vaping and exercising,People vaping,17,Young Treat,0,0,0,0,1,1,1,0,0,2,2,1,1,0,0
R_33yew3qZZooYmAx,15,Yes,NA,NA,NA,,NA,NA,,,,NA,NA,NA,,NA,NA,,,,NA,NA,NA,,NA,NA,,,,NA,NA,NA,,NA,NA,,,,NA,NA,NA,,NA,NA,,,,NA,NA,NA,,NA,NA,,,,NA,NA,NA,,NA,NA,,,,NA,NA,NA,,NA,NA,,,,NA,NA,NA,,NA,NA,,,,NA,NA,NA,,NA,NA,,,,NA,NA,NA,,NA,NA,,,,NA,NA,NA,,NA,NA,,,,NA,NA,NA,,NA,NA,,,,NA,NA,NA,,NA,NA,,,,NA,NA,NA,,NA,NA,,,,NA,NA,NA,,NA,NA,,,,NA,NA,NA,,NA,NA,,,,NA,NA,NA,,NA,NA,,,,0,0,0,Very harmful,0,0,Definitely not,Definitely not,Definitely not,0,0,0,Very harmful,0,0,Definitely not,Definitely not,Definitely not,0,0,0,Very harmful,0,0,Definitely not,Definitely not,Definitely not,2.035,13.929,16.356,3,0,0,0,Very harmful,0,0,Definitely not,Definitely not,Definitely not,3.207,42.891,43.471,3,0,0,0,Very harmful,0,0,Definitely not,Definitely not,Definitely not,0,0,0,Very harmful,0,0,Definitely not,Definitely not,Definitely not,,People vaping,15,Old Control,0,0,0,0,1,0,0,0,0,2,2,1,1,0,0
R_6mtRvX5tX460Pvz,17,No,NA,NA,NA,,NA,NA,,,,NA,NA,NA,,NA,NA,,,,NA,NA,NA,,NA,NA,,,,NA,NA,NA,,NA,NA,,,,NA,NA,NA,,NA,NA,,,,NA,NA,NA,,NA,NA,,,,NA,NA,NA,,NA,NA,,,,NA,NA,NA,,NA,NA,,,,NA,NA,NA,,NA,NA,,,,NA,NA,NA,,NA,NA,,,,NA,NA,NA,,NA,NA,,,,NA,NA,NA,,NA,NA,,,,NA,NA,NA,,NA,NA,,,,NA,NA,NA,,NA,NA,,,,NA,NA,NA,,NA,NA,,,,NA,NA,NA,,NA,NA,,,,NA,NA,NA,,NA,NA,,,,NA,NA,NA,,NA,NA,,,,0,5,6,Extremely harmful,0,0,Definitely not,Definitely not,Definitely not,7,10,10,Extremely harmful,0,0,Definitely not,Definitely not,Definitely not,2,5,4,Extremely harmful,0,0,Definitely not,Definitely not,Definitely not,1.696,12.833,13.484,2,5,5,0,Extremely harmful,0,0,Definitely not,Definitely not,Definitely not,1.942,9.998,11.47,4,9,9,10,Extremely harmful,0,0,Definitely not,Definitely not,Definitely not,0,5,10,Extremely harmful,0,0,Definitely not,Definitely not,Definitely not,People vaping and exercising,People vaping,17,Old Control,0,1,0,0,0,0,0,0,0,1,1,1,3,0,0
R_11sqWiv55aEMnY9,14,No,NA,NA,NA,,NA,NA,,,,NA,NA,NA,,NA,NA,,,,NA,NA,NA,,NA,NA,,,,NA,NA,NA,,NA,NA,,,,NA,NA,NA,,NA,NA,,,,NA,NA,NA,,NA,NA,,,,NA,NA,NA,,NA,NA,,,,NA,NA,NA,,NA,NA,,,,NA,NA,NA,,NA,NA,,,,NA,NA,NA,,NA,NA,,,,NA,NA,NA,,NA,NA,,,,NA,NA,NA,,NA,NA,,,,0,0,0,Extremely harmful,0,0,Definitely not,Definitely not,Definitely not,0,0,0,Extremely harmful,0,1,Probably not,Definitely not,Definitely not,30,30,NA,Very harmful,1,0,Probably not,Definitely not,Definitely not,0,0,0,Extremely harmful,0,0,Probably not,Definitely not,Definitely not,0,0,0,Very harmful,1,1,Probably not,Definitely not,Definitely not,0,0,0,Extremely harmful,0,0,Probably not,Definitely not,Definitely not,NA,NA,NA,,NA,NA,,,,NA,NA,NA,,NA,NA,,,,NA,NA,NA,,NA,NA,,,,NA,NA,NA,NA,NA,NA,NA,,NA,NA,,,,NA,NA,NA,NA,NA,NA,NA,,NA,NA,,,,NA,NA,NA,,NA,NA,,,,,People vaping,14,Young Control,1,0,0,0,0,0,0,0,0,2,2,1,1,0,0
R_73lDp3fTlkwGKJ3,14,Yes,NA,NA,NA,,NA,NA,,,,NA,NA,NA,,NA,NA,,,,NA,NA,NA,,NA,NA,,,,NA,NA,NA,,NA,NA,,,,NA,NA,NA,,NA,NA,,,,NA,NA,NA,,NA,NA,,,,0,0,0,Extremely harmful,0,0,Definitely not,Definitely not,Definitely not,0,0,0,Extremely harmful,0,0,Definitely not,Definitely not,Definitely not,0,0,0,Extremely harmful,0,0,Definitely not,Definitely not,Definitely not,0,0,0,Extremely harmful,0,0,Definitely not,Definitely not,Definitely not,0,0,0,Extremely harmful,0,0,Definitely not,Definitely not,Definitely not,0,10,15,Extremely harmful,0,0,Definitely not,Definitely not,Definitely not,NA,NA,NA,,NA,NA,,,,NA,NA,NA,,NA,NA,,,,NA,NA,NA,,NA,NA,,,,NA,NA,NA,,NA,NA,,,,NA,NA,NA,,NA,NA,,,,NA,NA,NA,,NA,NA,,,,NA,NA,NA,,NA,NA,,,,NA,NA,NA,,NA,NA,,,,NA,NA,NA,,NA,NA,,,,NA,NA,NA,NA,NA,NA,NA,,NA,NA,,,,NA,NA,NA,NA,NA,NA,NA,,NA,NA,,,,NA,NA,NA,,NA,NA,,,,People vaping and exercising,People vaping,14,Old Treat,0,0,0,0,1,0,0,0,0,1,1,1,1,0,0
R_6e4nKX5PGXNvihS,16,Yes,61,58,37,Slightly harmful,5,5,Probably yes,Probably not,Probably yes,39,49,31,Not at all harmful,3,6,Probably yes,Probably yes,Probably yes,68,45,50,Not at all harmful,6,4,Probably yes,Probably yes,Probably yes,61,52,68,Not at all harmful,6,1,Probably yes,Probably yes,Probably yes,55,64,51,Not at all harmful,3,7,Probably yes,Probably yes,Definitely yes,65,38,36,Not at all harmful,6,6,Probably yes,Probably yes,Definitely yes,NA,NA,NA,,NA,NA,,,,NA,NA,NA,,NA,NA,,,,NA,NA,NA,,NA,NA,,,,NA,NA,NA,,NA,NA,,,,NA,NA,NA,,NA,NA,,,,NA,NA,NA,,NA,NA,,,,NA,NA,NA,,NA,NA,,,,NA,NA,NA,,NA,NA,,,,NA,NA,NA,,NA,NA,,,,NA,NA,NA,,NA,NA,,,,NA,NA,NA,,NA,NA,,,,NA,NA,NA,,NA,NA,,,,NA,NA,NA,,NA,NA,,,,NA,NA,NA,,NA,NA,,,,NA,NA,NA,,NA,NA,,,,NA,NA,NA,NA,NA,NA,NA,,NA,NA,,,,NA,NA,NA,NA,NA,NA,NA,,NA,NA,,,,NA,NA,NA,,NA,NA,,,,People vaping and exercising,People vaping,16,Young Treat,0,0,0,1,0,1,1,0,0,4,4,1,1,0,0
R_1TG1e0SvAiwSyEp,16,No,NA,NA,NA,,NA,NA,,,,NA,NA,NA,,NA,NA,,,,NA,NA,NA,,NA,NA,,,,NA,NA,NA,,NA,NA,,,,NA,NA,NA,,NA,NA,,,,NA,NA,NA,,NA,NA,,,,7,3,5,Extremely harmful,1,0,Definitely not,Definitely not,Definitely not,9,17,16,Extremely harmful,0,1,Probably not,Probably not,Probably not,24,20,23,Extremely harmful,2,2,Probably not,Definitely not,Definitely not,12,3,25,Extremely harmful,1,0,Definitely not,Definitely not,Definitely not,22,5,4,Very harmful,0,1,Definitely not,Definitely not,Definitely not,15,9,8,Extremely harmful,1,1,Probably not,Probably not,Definitely not,NA,NA,NA,,NA,NA,,,,NA,NA,NA,,NA,NA,,,,NA,NA,NA,,NA,NA,,,,NA,NA,NA,,NA,NA,,,,NA,NA,NA,,NA,NA,,,,NA,NA,NA,,NA,NA,,,,NA,NA,NA,,NA,NA,,,,NA,NA,NA,,NA,NA,,,,NA,NA,NA,,NA,NA,,,,NA,NA,NA,NA,NA,NA,NA,,NA,NA,,,,NA,NA,NA,NA,NA,NA,NA,,NA,NA,,,,NA,NA,NA,,NA,NA,,,,People vaping and exercising,People vaping,16,Old Treat,1,0,0,0,0,1,0,0,0,1,1,1,2,0,0
R_5ek9COJ0JpTMUqo,17,No,NA,NA,NA,,NA,NA,,,,NA,NA,NA,,NA,NA,,,,NA,NA,NA,,NA,NA,,,,NA,NA,NA,,NA,NA,,,,NA,NA,NA,,NA,NA,,,,NA,NA,NA,,NA,NA,,,,NA,NA,NA,,NA,NA,,,,NA,NA,NA,,NA,NA,,,,NA,NA,NA,,NA,NA,,,,NA,NA,NA,,NA,NA,,,,NA,NA,NA,,NA,NA,,,,NA,NA,NA,,NA,NA,,,,NA,NA,NA,,NA,NA,,,,NA,NA,NA,,NA,NA,,,,NA,NA,NA,,NA,NA,,,,NA,NA,NA,,NA,NA,,,,NA,NA,NA,,NA,NA,,,,NA,NA,NA,,NA,NA,,,,0,0,0,Extremely harmful,0,0,Definitely not,Definitely not,Definitely not,0,0,0,Extremely harmful,0,0,Definitely not,Definitely not,Definitely not,0,0,0,Extremely harmful,0,0,Definitely not,Definitely not,Definitely not,1.679,1.679,13.148,1,0,0,0,Extremely harmful,0,0,Definitely not,Definitely not,Definitely not,1.869,1.869,13.724,1,0,0,0,Extremely harmful,0,0,Definitely not,Definitely not,Definitely not,3,4,0,Extremely harmful,0,0,Definitely not,Definitely not,Definitely not,People vaping and exercising,People vaping,17,Old Control,1,0,0,0,0,1,1,0,0,1,1,1,1,0,0
R_3OWifxM8aK0I0Gj,16,Yes,NA,NA,NA,,NA,NA,,,,NA,NA,NA,,NA,NA,,,,NA,NA,NA,,NA,NA,,,,NA,NA,NA,,NA,NA,,,,NA,NA,NA,,NA,NA,,,,NA,NA,NA,,NA,NA,,,,NA,NA,NA,,NA,NA,,,,NA,NA,NA,,NA,NA,,,,NA,NA,NA,,NA,NA,,,,NA,NA,NA,,NA,NA,,,,NA,NA,NA,,NA,NA,,,,NA,NA,NA,,NA,NA,,,,39,30,32,Somewhat harmful,1,1,Definitely not,Definitely not,Definitely not,90,82,86,Slightly harmful,6,4,Probably yes,Probably yes,Probably yes,35,53,46,Somewhat harmful,3,3,Probably not,Probably not,Probably not,61,60,52,Somewhat harmful,3,2,Probably not,Probably not,Probably not,31,39,17,Very harmful,1,1,Probably not,Probably not,Definitely not,36,37,28,Very harmful,2,2,Probably not,Probably not,Probably not,NA,NA,NA,,NA,NA,,,,NA,NA,NA,,NA,NA,,,,NA,NA,NA,,NA,NA,,,,NA,NA,NA,NA,NA,NA,NA,,NA,NA,,,,NA,NA,NA,NA,NA,NA,NA,,NA,NA,,,,NA,NA,NA,,NA,NA,,,,,People vaping,16,Young Control,0,0,0,1,0,1,0,0,0,2,2,1,1,0,0
R_7eqmJrJysYb05Ty,17,No,NA,NA,NA,,NA,NA,,,,NA,NA,NA,,NA,NA,,,,NA,NA,NA,,NA,NA,,,,NA,NA,NA,,NA,NA,,,,NA,NA,NA,,NA,NA,,,,NA,NA,NA,,NA,NA,,,,0,0,0,Very harmful,0,0,Definitely not,Definitely not,Definitely not,9,9,15,Very harmful,0,0,Probably not,Definitely not,Probably not,28,0,12,Very harmful,0,0,Definitely not,Definitely not,Definitely not,3,4,6,Very harmful,0,0,Definitely not,Definitely not,Definitely not,9,3,14,Very harmful,0,0,Definitely not,Definitely not,Definitely not,0,0,0,Very harmful,0,0,Definitely not,Definitely not,Definitely not,NA,NA,NA,,NA,NA,,,,NA,NA,NA,,NA,NA,,,,NA,NA,NA,,NA,NA,,,,NA,NA,NA,,NA,NA,,,,NA,NA,NA,,NA,NA,,,,NA,NA,NA,,NA,NA,,,,NA,NA,NA,,NA,NA,,,,NA,NA,NA,,NA,NA,,,,NA,NA,NA,,NA,NA,,,,NA,NA,NA,NA,NA,NA,NA,,NA,NA,,,,NA,NA,NA,NA,NA,NA,NA,,NA,NA,,,,NA,NA,NA,,NA,NA,,,,People vaping and exercising,,17,Old Treat,1,0,0,0,1,0,0,0,0,3,3,1,2,0,0
R_5P04BaJQS650mqR,16,Yes,NA,0,0,I prefer not to answer,0,0,Definitely not,Definitely not,Definitely not,0,0,0,I prefer not to answer,0,0,Definitely not,Definitely not,Definitely not,NA,40,0,I prefer not to answer,0,0,Definitely not,Definitely not,Definitely not,0,2,13,I prefer not to answer,0,0,Definitely not,Definitely not,Definitely not,63,35,26,I prefer not to answer,0,0,Definitely not,Definitely not,Definitely not,0,4,7,I prefer not to answer,0,0,Definitely not,Definitely not,Definitely not,NA,NA,NA,,NA,NA,,,,NA,NA,NA,,NA,NA,,,,NA,NA,NA,,NA,NA,,,,NA,NA,NA,,NA,NA,,,,NA,NA,NA,,NA,NA,,,,NA,NA,NA,,NA,NA,,,,NA,NA,NA,,NA,NA,,,,NA,NA,NA,,NA,NA,,,,NA,NA,NA,,NA,NA,,,,NA,NA,NA,,NA,NA,,,,NA,NA,NA,,NA,NA,,,,NA,NA,NA,,NA,NA,,,,NA,NA,NA,,NA,NA,,,,NA,NA,NA,,NA,NA,,,,NA,NA,NA,,NA,NA,,,,NA,NA,NA,NA,NA,NA,NA,,NA,NA,,,,NA,NA,NA,NA,NA,NA,NA,,NA,NA,,,,NA,NA,NA,,NA,NA,,,,People vaping and exercising,,16,Young Treat,1,1,0,0,1,1,0,0,0,NA,NA,1,1,0,0
R_15sc4l7OmrOwoAS,17,Yes,NA,NA,NA,,NA,NA,,,,NA,NA,NA,,NA,NA,,,,NA,NA,NA,,NA,NA,,,,NA,NA,NA,,NA,NA,,,,NA,NA,NA,,NA,NA,,,,NA,NA,NA,,NA,NA,,,,NA,100,100,Not at all harmful,7,6,Probably not,Definitely not,Definitely not,95,93,92,Not at all harmful,6,7,Definitely not,Definitely not,Definitely not,88,87,2,Not at all harmful,5,6,Definitely not,Definitely not,Definitely not,10,3,9,Very harmful,7,7,Probably not,Definitely not,Definitely not,90,93,93,Not at all harmful,6,6,Definitely not,Definitely not,Definitely not,100,98,93,Not at all harmful,7,7,Definitely not,Definitely not,Definitely not,NA,NA,NA,,NA,NA,,,,NA,NA,NA,,NA,NA,,,,NA,NA,NA,,NA,NA,,,,NA,NA,NA,,NA,NA,,,,NA,NA,NA,,NA,NA,,,,NA,NA,NA,,NA,NA,,,,NA,NA,NA,,NA,NA,,,,NA,NA,NA,,NA,NA,,,,NA,NA,NA,,NA,NA,,,,NA,NA,NA,NA,NA,NA,NA,,NA,NA,,,,NA,NA,NA,NA,NA,NA,NA,,NA,NA,,,,NA,NA,NA,,NA,NA,,,,People vaping and exercising,People vaping,17,Old Treat,0,0,0,0,1,0,1,0,0,2,2,1,1,0,0
R_51gCGfZWh3aRSYR,16,Yes,NA,NA,NA,,NA,NA,,,,NA,NA,NA,,NA,NA,,,,NA,NA,NA,,NA,NA,,,,NA,NA,NA,,NA,NA,,,,NA,NA,NA,,NA,NA,,,,NA,NA,NA,,NA,NA,,,,NA,NA,NA,,NA,NA,,,,NA,NA,NA,,NA,NA,,,,NA,NA,NA,,NA,NA,,,,NA,NA,NA,,NA,NA,,,,NA,NA,NA,,NA,NA,,,,NA,NA,NA,,NA,NA,,,,2,0,0,Somewhat harmful,0,0,Definitely not,Definitely not,Definitely not,1,0,6,Somewhat harmful,0,0,Definitely not,Definitely not,Definitely not,4,0,0,Somewhat harmful,0,0,Definitely not,Definitely not,Definitely not,0,0,0,Somewhat harmful,0,0,Definitely not,Definitely not,Definitely not,1,1,1,Somewhat harmful,0,0,Probably not,Definitely not,Definitely not,0,0,0,Somewhat harmful,0,0,Definitely not,Definitely not,Definitely not,NA,NA,NA,,NA,NA,,,,NA,NA,NA,,NA,NA,,,,NA,NA,NA,,NA,NA,,,,NA,NA,NA,NA,NA,NA,NA,,NA,NA,,,,NA,NA,NA,NA,NA,NA,NA,,NA,NA,,,,NA,NA,NA,,NA,NA,,,,,People vaping,16,Young Control,0,0,0,0,1,0,0,0,0,1,1,1,3,0,0
R_5o7rf9Jnn2f9xoT,14,Yes,NA,NA,NA,,NA,NA,,,,NA,NA,NA,,NA,NA,,,,NA,NA,NA,,NA,NA,,,,NA,NA,NA,,NA,NA,,,,NA,NA,NA,,NA,NA,,,,NA,NA,NA,,NA,NA,,,,NA,NA,NA,,NA,NA,,,,NA,NA,NA,,NA,NA,,,,NA,NA,NA,,NA,NA,,,,NA,NA,NA,,NA,NA,,,,NA,NA,NA,,NA,NA,,,,NA,NA,NA,,NA,NA,,,,NA,NA,NA,,NA,NA,,,,NA,NA,NA,,NA,NA,,,,NA,NA,NA,,NA,NA,,,,NA,NA,NA,,NA,NA,,,,NA,NA,NA,,NA,NA,,,,NA,NA,NA,,NA,NA,,,,NA,1,1,Extremely harmful,0,0,Definitely not,Definitely not,Definitely not,NA,1,2,Extremely harmful,0,0,Definitely not,Definitely not,Definitely not,1,1,2,Extremely harmful,0,0,Definitely not,Definitely not,Definitely not,1.777,16.821,16.841,3,NA,1,1,Extremely harmful,0,0,Definitely not,Definitely not,Definitely not,1.879,8.243,15.21,3,NA,1,1,Extremely harmful,0,0,Definitely not,Definitely not,Definitely not,0,0,0,Extremely harmful,0,0,Definitely not,Definitely not,Definitely not,,People vaping,14,Old Control,0,0,0,1,0,0,0,0,0,1,1,1,1,0,0
R_5JmcCAfMJE2mJTH,15,No,NA,NA,NA,,NA,NA,,,,NA,NA,NA,,NA,NA,,,,NA,NA,NA,,NA,NA,,,,NA,NA,NA,,NA,NA,,,,NA,NA,NA,,NA,NA,,,,NA,NA,NA,,NA,NA,,,,0,0,0,Somewhat harmful,0,0,Definitely not,Definitely not,Definitely not,0,0,0,Somewhat harmful,0,0,Definitely not,Definitely not,Definitely not,5,15,15,Somewhat harmful,0,0,Definitely not,Definitely not,Definitely not,0,0,0,Somewhat harmful,0,0,Definitely not,Definitely not,Definitely not,0,0,0,Somewhat harmful,0,0,Definitely not,Definitely not,Definitely not,10,10,10,Somewhat harmful,0,0,Definitely not,Definitely not,Definitely not,NA,NA,NA,,NA,NA,,,,NA,NA,NA,,NA,NA,,,,NA,NA,NA,,NA,NA,,,,NA,NA,NA,,NA,NA,,,,NA,NA,NA,,NA,NA,,,,NA,NA,NA,,NA,NA,,,,NA,NA,NA,,NA,NA,,,,NA,NA,NA,,NA,NA,,,,NA,NA,NA,,NA,NA,,,,NA,NA,NA,NA,NA,NA,NA,,NA,NA,,,,NA,NA,NA,NA,NA,NA,NA,,NA,NA,,,,NA,NA,NA,,NA,NA,,,,People vaping and exercising,People vaping,15,Old Treat,0,1,0,0,0,1,1,0,0,1,1,1,1,0,0
R_5pnZxjsvI52mh1v,15,Yes,30,15,35,Very harmful,0,0,Probably not,Probably not,Probably yes,24,16,40,Very harmful,0,0,Probably yes,Probably not,Probably yes,15,10,25,Very harmful,0,0,Probably not,Probably not,Probably yes,24,17,20,Very harmful,0,0,Probably yes,Probably not,Probably yes,25,15,30,Very harmful,0,0,Probably not,Probably not,Probably yes,35,5,20,Very harmful,0,0,Probably not,Probably not,Probably yes,NA,NA,NA,,NA,NA,,,,NA,NA,NA,,NA,NA,,,,NA,NA,NA,,NA,NA,,,,NA,NA,NA,,NA,NA,,,,NA,NA,NA,,NA,NA,,,,NA,NA,NA,,NA,NA,,,,NA,NA,NA,,NA,NA,,,,NA,NA,NA,,NA,NA,,,,NA,NA,NA,,NA,NA,,,,NA,NA,NA,,NA,NA,,,,NA,NA,NA,,NA,NA,,,,NA,NA,NA,,NA,NA,,,,NA,NA,NA,,NA,NA,,,,NA,NA,NA,,NA,NA,,,,NA,NA,NA,,NA,NA,,,,NA,NA,NA,NA,NA,NA,NA,,NA,NA,,,,NA,NA,NA,NA,NA,NA,NA,,NA,NA,,,,NA,NA,NA,,NA,NA,,,,People vaping and exercising,People vaping,15,Young Treat,0,0,0,0,1,0,1,0,0,2,2,1,1,0,0
R_7lPHlIjr3h1rlFl,14,No,55,67,64,Slightly harmful,5,0,Probably yes,Probably not,Probably not,50,54,28,Somewhat harmful,0,0,Probably yes,Probably not,Probably not,67,65,19,Somewhat harmful,3,1,Probably yes,Probably not,Probably yes,76,31,16,Somewhat harmful,1,4,Probably yes,Probably not,Probably not,64,27,33,Slightly harmful,2,2,Probably yes,Probably not,Probably not,55,5,14,Somewhat harmful,5,0,Probably yes,Probably not,Probably not,NA,NA,NA,,NA,NA,,,,NA,NA,NA,,NA,NA,,,,NA,NA,NA,,NA,NA,,,,NA,NA,NA,,NA,NA,,,,NA,NA,NA,,NA,NA,,,,NA,NA,NA,,NA,NA,,,,NA,NA,NA,,NA,NA,,,,NA,NA,NA,,NA,NA,,,,NA,NA,NA,,NA,NA,,,,NA,NA,NA,,NA,NA,,,,NA,NA,NA,,NA,NA,,,,NA,NA,NA,,NA,NA,,,,NA,NA,NA,,NA,NA,,,,NA,NA,NA,,NA,NA,,,,NA,NA,NA,,NA,NA,,,,NA,NA,NA,NA,NA,NA,NA,,NA,NA,,,,NA,NA,NA,NA,NA,NA,NA,,NA,NA,,,,NA,NA,NA,,NA,NA,,,,People vaping and exercising,People vaping,14,Young Treat,0,0,1,0,0,1,1,0,0,1,1,1,1,0,0
R_1hxDXUVL8yqa7kd,15,Yes,NA,NA,NA,,NA,NA,,,,NA,NA,NA,,NA,NA,,,,NA,NA,NA,,NA,NA,,,,NA,NA,NA,,NA,NA,,,,NA,NA,NA,,NA,NA,,,,NA,NA,NA,,NA,NA,,,,NA,NA,NA,,NA,NA,,,,NA,NA,NA,,NA,NA,,,,NA,NA,NA,,NA,NA,,,,NA,NA,NA,,NA,NA,,,,NA,NA,NA,,NA,NA,,,,NA,NA,NA,,NA,NA,,,,NA,NA,NA,,NA,NA,,,,NA,NA,NA,,NA,NA,,,,NA,NA,NA,,NA,NA,,,,NA,NA,NA,,NA,NA,,,,NA,NA,NA,,NA,NA,,,,NA,NA,NA,,NA,NA,,,,2,0,0,Extremely harmful,0,0,Definitely not,Definitely not,Definitely not,1,1,0,Extremely harmful,0,0,Definitely not,Definitely not,Definitely not,0,0,0,Very harmful,0,0,Definitely not,Definitely not,Definitely not,0.981,10.821,13.588,2,0,0,0,Very harmful,0,0,Definitely not,Definitely not,Definitely not,1.006,2.18,13.834,2,0,0,0,Very harmful,0,0,Definitely not,Definitely not,Definitely not,0,0,0,Extremely harmful,0,0,Definitely not,Definitely not,Definitely not,,People vaping,15,Old Control,0,0,0,0,1,1,0,0,0,1,1,1,1,0,0
R_7fxQYAHE8TQdcEW,16,No,NA,NA,NA,,NA,NA,,,,NA,NA,NA,,NA,NA,,,,NA,NA,NA,,NA,NA,,,,NA,NA,NA,,NA,NA,,,,NA,NA,NA,,NA,NA,,,,NA,NA,NA,,NA,NA,,,,NA,NA,NA,,NA,NA,,,,NA,NA,NA,,NA,NA,,,,NA,NA,NA,,NA,NA,,,,NA,NA,NA,,NA,NA,,,,NA,NA,NA,,NA,NA,,,,NA,NA,NA,,NA,NA,,,,7,6,4,Extremely harmful,1,1,Definitely not,Definitely not,Definitely not,12,12,13,Extremely harmful,1,4,Definitely not,Definitely not,Definitely not,50,20,2,Very harmful,1,1,Definitely not,Definitely not,Definitely not,19,18,17,Extremely harmful,1,1,Definitely not,Definitely not,Definitely not,33,39,9,Extremely harmful,1,7,Definitely not,Definitely not,Definitely not,5,9,7,Extremely harmful,1,1,Definitely not,Definitely not,Definitely not,NA,NA,NA,,NA,NA,,,,NA,NA,NA,,NA,NA,,,,NA,NA,NA,,NA,NA,,,,NA,NA,NA,NA,NA,NA,NA,,NA,NA,,,,NA,NA,NA,NA,NA,NA,NA,,NA,NA,,,,NA,NA,NA,,NA,NA,,,,People vaping and exercising,People vaping,16,Young Control,1,0,0,0,0,1,0,0,0,1,1,1,1,0,0
R_3yl5n8LNtCc18vT,17,No,NA,NA,NA,,NA,NA,,,,NA,NA,NA,,NA,NA,,,,NA,NA,NA,,NA,NA,,,,NA,NA,NA,,NA,NA,,,,NA,NA,NA,,NA,NA,,,,NA,NA,NA,,NA,NA,,,,NA,NA,NA,,NA,NA,,,,NA,NA,NA,,NA,NA,,,,NA,NA,NA,,NA,NA,,,,NA,NA,NA,,NA,NA,,,,NA,NA,NA,,NA,NA,,,,NA,NA,NA,,NA,NA,,,,NA,NA,NA,,NA,NA,,,,NA,NA,NA,,NA,NA,,,,NA,NA,NA,,NA,NA,,,,NA,NA,NA,,NA,NA,,,,NA,NA,NA,,NA,NA,,,,NA,NA,NA,,NA,NA,,,,32,24,24,Extremely harmful,1,1,Definitely not,Definitely not,Definitely not,28,27,25,Extremely harmful,1,1,Definitely not,Definitely not,Definitely not,31,23,35,Extremely harmful,1,1,Definitely not,Definitely not,Definitely not,1.342,12.596,13.442,3,26,27,29,Extremely harmful,1,1,Definitely not,Definitely not,Definitely not,1.23,14.05,15.811,2,50,38,38,Extremely harmful,1,1,Definitely not,Definitely not,Definitely not,50,40,30,Extremely harmful,1,1,Definitely not,Definitely not,Definitely not,,People vaping,17,Old Control,1,0,0,0,0,0,1,0,0,1,1,1,1,0,0
R_1HQFa3ULsvaRXJD,14,No,8,5,6,Extremely harmful,0,0,Definitely not,Definitely not,Definitely not,0,0,0,Extremely harmful,0,0,Definitely not,Definitely not,Definitely not,8,8,10,Extremely harmful,1,7,Definitely not,Definitely not,Definitely not,6,4,4,Not at all harmful,0,0,Definitely not,Definitely not,Definitely not,6,8,5,Extremely harmful,0,0,Definitely not,Definitely not,Definitely not,0,0,0,Extremely harmful,1,1,Definitely not,Definitely not,Definitely not,NA,NA,NA,,NA,NA,,,,NA,NA,NA,,NA,NA,,,,NA,NA,NA,,NA,NA,,,,NA,NA,NA,,NA,NA,,,,NA,NA,NA,,NA,NA,,,,NA,NA,NA,,NA,NA,,,,NA,NA,NA,,NA,NA,,,,NA,NA,NA,,NA,NA,,,,NA,NA,NA,,NA,NA,,,,NA,NA,NA,,NA,NA,,,,NA,NA,NA,,NA,NA,,,,NA,NA,NA,,NA,NA,,,,NA,NA,NA,,NA,NA,,,,NA,NA,NA,,NA,NA,,,,NA,NA,NA,,NA,NA,,,,NA,NA,NA,NA,NA,NA,NA,,NA,NA,,,,NA,NA,NA,NA,NA,NA,NA,,NA,NA,,,,NA,NA,NA,,NA,NA,,,,People vaping and exercising,,14,Young Treat,1,0,0,0,0,0,0,0,0,1,1,1,3,0,0