,ResponseId,Condition,influencer_video,susceptfriend_score,vapenext6months_score,vapecurios_score,suscept_total,Sex,Ethnicity,Age,white,asian,black,multi,other,infl_expos,suscept_pretest,video_id,influencer,credibility_median,video_number,credibility_median_rescale,sm_freq_use,sub_30dayuse,cigcan_30dayuse,credibility_median_binary
1,R_10TINikslJ87UpY,Old Control,vapefriend_aby,4,4,4,0,Female,No,17,0,1,0,0,0,0,0,video1_cred_aby,cred_aby,0,1,-0.978739575,1,0,0,0
2,R_10TINikslJ87UpY,Old Control,vapefriend_anna,4,4,4,0,Female,No,17,0,1,0,0,0,0,0,video2_cred_anna,cred_anna,0,2,-0.978739575,1,0,0,0
3,R_10TINikslJ87UpY,Old Control,vapefriend_cham,4,4,4,0,Female,No,17,0,1,0,0,0,0,0,video3_cred_cham,cred_cham,0,3,-0.978739575,1,0,0,0
4,R_10TINikslJ87UpY,Old Control,vapefriend_fab,4,4,4,0,Female,No,17,0,1,0,0,0,0,0,video4_cred_fab,cred_fab,0,4,-0.978739575,1,0,0,0
5,R_10TINikslJ87UpY,Old Control,vapefriend_mae,4,4,4,0,Female,No,17,0,1,0,0,0,0,0,video5_cred_mae,cred_mae,34,5,0.488853531,1,0,0,1
6,R_10TINikslJ87UpY,Old Control,vapefriend_zanx,4,4,4,0,Female,No,17,0,1,0,0,0,0,0,video6_cred_zanx,cred_zanx,0,6,-0.978739575,1,0,0,0
7,R_11FnZCqgVVecpOI,Old Treat,vapefriend_aby,4,4,4,0,Female,Yes,16,0,0,0,0,1,0,0,video1_cred_aby,cred_aby,45,1,0.963663066,2,0,0,1
8,R_11FnZCqgVVecpOI,Old Treat,vapefriend_anna,4,4,4,0,Female,Yes,16,0,0,0,0,1,0,0,video2_cred_anna,cred_anna,43,2,0.87733406,2,0,0,1
9,R_11FnZCqgVVecpOI,Old Treat,vapefriend_cham,4,4,4,0,Female,Yes,16,0,0,0,0,1,0,0,video3_cred_cham,cred_cham,41,3,0.791005053,2,0,0,1
10,R_11FnZCqgVVecpOI,Old Treat,vapefriend_fab,4,4,4,0,Female,Yes,16,0,0,0,0,1,0,0,video4_cred_fab,cred_fab,34,4,0.488853531,2,0,0,1
11,R_11FnZCqgVVecpOI,Old Treat,vapefriend_mae,4,4,4,0,Female,Yes,16,0,0,0,0,1,0,0,video5_cred_mae,cred_mae,0,5,-0.978739575,2,0,0,0
12,R_11FnZCqgVVecpOI,Old Treat,vapefriend_zanx,4,4,4,0,Female,Yes,16,0,0,0,0,1,0,0,video6_cred_zanx,cred_zanx,0,6,-0.978739575,2,0,0,0
13,R_11Ux85AlGXyq5vb,Young Control,vapefriend_aby,3,3,3,1,Male,Yes,17,1,0,0,0,0,0,1,video1_cred_aby,cred_aby,45,1,0.963663066,1,0,0,1
14,R_11Ux85AlGXyq5vb,Young Control,vapefriend_anna,3,3,2,1,Male,Yes,17,1,0,0,0,0,0,1,video2_cred_anna,cred_anna,82,2,2.560749682,1,0,0,1
15,R_11Ux85AlGXyq5vb,Young Control,vapefriend_cham,3,3,2,1,Male,Yes,17,1,0,0,0,0,0,1,video3_cred_cham,cred_cham,36,3,0.575182538,1,0,0,1
16,R_11Ux85AlGXyq5vb,Young Control,vapefriend_fab,3,3,3,1,Male,Yes,17,1,0,0,0,0,0,1,video4_cred_fab,cred_fab,22,4,-0.029120506,1,0,0,1
17,R_11Ux85AlGXyq5vb,Young Control,vapefriend_mae,3,3,3,1,Male,Yes,17,1,0,0,0,0,0,1,video5_cred_mae,cred_mae,50,5,1.179485582,1,0,0,1
18,R_11Ux85AlGXyq5vb,Young Control,vapefriend_zanx,3,3,3,1,Male,Yes,17,1,0,0,0,0,0,1,video6_cred_zanx,cred_zanx,29,6,0.273031016,1,0,0,1
19,R_11sfbtYCPh2ALG9,Young Control,vapefriend_aby,4,4,4,0,Male,No,16,1,0,0,0,0,0,0,video1_cred_aby,cred_aby,12,1,-0.460765538,3,0,0,0
20,R_11sfbtYCPh2ALG9,Young Control,vapefriend_anna,4,4,4,0,Male,No,16,1,0,0,0,0,0,0,video2_cred_anna,cred_anna,3,2,-0.849246066,3,0,0,0
21,R_11sfbtYCPh2ALG9,Young Control,vapefriend_cham,4,4,4,0,Male,No,16,1,0,0,0,0,0,0,video3_cred_cham,cred_cham,12,3,-0.460765538,3,0,0,0
22,R_11sfbtYCPh2ALG9,Young Control,vapefriend_fab,4,4,4,0,Male,No,16,1,0,0,0,0,0,0,video4_cred_fab,cred_fab,5,4,-0.76291706,3,0,0,0
23,R_11sfbtYCPh2ALG9,Young Control,vapefriend_mae,4,4,4,0,Male,No,16,1,0,0,0,0,0,0,video5_cred_mae,cred_mae,5,5,-0.76291706,3,0,0,0
24,R_11sfbtYCPh2ALG9,Young Control,vapefriend_zanx,4,4,4,0,Male,No,16,1,0,0,0,0,0,0,video6_cred_zanx,cred_zanx,2,6,-0.892410569,3,0,0,0
25,R_12JY551bWcJUOoZ,Young Control,vapefriend_aby,4,4,4,0,Female,No,16,0,1,0,0,0,0,1,video1_cred_aby,cred_aby,38,1,0.661511544,2,0,0,1
26,R_12JY551bWcJUOoZ,Young Control,vapefriend_anna,4,4,4,0,Female,No,16,0,1,0,0,0,0,1,video2_cred_anna,cred_anna,62,2,1.697459619,2,0,0,1
27,R_12JY551bWcJUOoZ,Young Control,vapefriend_cham,4,4,4,0,Female,No,16,0,1,0,0,0,0,1,video3_cred_cham,cred_cham,60,3,1.611130613,2,0,0,1
28,R_12JY551bWcJUOoZ,Young Control,vapefriend_fab,4,4,2,1,Female,No,16,0,1,0,0,0,0,1,video4_cred_fab,cred_fab,38,4,0.661511544,2,0,0,1
29,R_12JY551bWcJUOoZ,Young Control,vapefriend_mae,4,4,4,0,Female,No,16,0,1,0,0,0,0,1,video5_cred_mae,cred_mae,25,5,0.100373003,2,0,0,1
30,R_12JY551bWcJUOoZ,Young Control,vapefriend_zanx,4,4,4,0,Female,No,16,0,1,0,0,0,0,1,video6_cred_zanx,cred_zanx,0,6,-0.978739575,2,0,0,0
31,R_12obhNJnIhOVhFE,Old Treat,vapefriend_aby,3,4,1,1,Female,No,17,0,1,0,1,0,0,1,video1_cred_aby,cred_aby,52,1,1.265814588,1,0,0,1
32,R_12obhNJnIhOVhFE,Old Treat,vapefriend_anna,2,3,2,1,Female,No,17,0,1,0,1,0,0,1,video2_cred_anna,cred_anna,7,2,-0.676588053,1,0,0,0
33,R_12obhNJnIhOVhFE,Old Treat,vapefriend_cham,4,4,4,0,Female,No,17,0,1,0,1,0,0,1,video3_cred_cham,cred_cham,100,3,3.337710738,1,0,0,1
34,R_12obhNJnIhOVhFE,Old Treat,vapefriend_fab,2,4,1,1,Female,No,17,0,1,0,1,0,0,1,video4_cred_fab,cred_fab,30,4,0.316195519,1,0,0,1
35,R_12obhNJnIhOVhFE,Old Treat,vapefriend_mae,3,4,3,1,Female,No,17,0,1,0,1,0,0,1,video5_cred_mae,cred_mae,55,5,1.395308097,1,0,0,1
36,R_12obhNJnIhOVhFE,Old Treat,vapefriend_zanx,2,4,1,1,Female,No,17,0,1,0,1,0,0,1,video6_cred_zanx,cred_zanx,75,6,2.25859816,1,0,0,1
37,R_15Hm59U14eJ4REm,Old Control,vapefriend_aby,4,4,4,0,Female,Yes,15,1,0,0,0,0,1,1,video1_cred_aby,cred_aby,12,1,-0.460765538,1,0,0,0
38,R_15Hm59U14eJ4REm,Old Control,vapefriend_anna,4,4,4,0,Female,Yes,15,1,0,0,0,0,1,1,video2_cred_anna,cred_anna,42,2,0.834169557,1,0,0,1
39,R_15Hm59U14eJ4REm,Old Control,vapefriend_cham,4,4,4,0,Female,Yes,15,1,0,0,0,0,1,1,video3_cred_cham,cred_cham,28,3,0.229866513,1,0,0,1
40,R_15Hm59U14eJ4REm,Old Control,vapefriend_fab,3,4,4,1,Female,Yes,15,1,0,0,0,0,1,1,video4_cred_fab,cred_fab,46,4,1.006827569,1,0,0,1
41,R_15Hm59U14eJ4REm,Old Control,vapefriend_mae,4,4,4,0,Female,Yes,15,1,0,0,0,0,1,1,video5_cred_mae,cred_mae,14,5,-0.374436531,1,0,0,1
42,R_15Hm59U14eJ4REm,Old Control,vapefriend_zanx,4,4,4,0,Female,Yes,15,1,0,0,0,0,1,1,video6_cred_zanx,cred_zanx,41,6,0.791005053,1,0,0,1
43,R_15hSSpnglqS2tQR,Young Treat,vapefriend_aby,4,4,4,0,Male,NA,17,1,0,0,0,0,1,0,video1_cred_aby,cred_aby,0,1,-0.978739575,3,0,0,0
44,R_15hSSpnglqS2tQR,Young Treat,vapefriend_anna,4,4,4,0,Male,NA,17,1,0,0,0,0,1,0,video2_cred_anna,cred_anna,0,2,-0.978739575,3,0,0,0
45,R_15hSSpnglqS2tQR,Young Treat,vapefriend_cham,4,4,4,0,Male,NA,17,1,0,0,0,0,1,0,video3_cred_cham,cred_cham,0,3,-0.978739575,3,0,0,0
46,R_15hSSpnglqS2tQR,Young Treat,vapefriend_fab,4,4,4,0,Male,NA,17,1,0,0,0,0,1,0,video4_cred_fab,cred_fab,0,4,-0.978739575,3,0,0,0
47,R_15hSSpnglqS2tQR,Young Treat,vapefriend_mae,4,4,4,0,Male,NA,17,1,0,0,0,0,1,0,video5_cred_mae,cred_mae,0,5,-0.978739575,3,0,0,0
48,R_15hSSpnglqS2tQR,Young Treat,vapefriend_zanx,4,4,4,0,Male,NA,17,1,0,0,0,0,1,0,video6_cred_zanx,cred_zanx,0,6,-0.978739575,3,0,0,0
49,R_164Jvs7pYfpjW0D,Young Control,vapefriend_aby,3,4,3,1,Male,No,16,0,1,0,0,0,0,1,video1_cred_aby,cred_aby,8,1,-0.63342355,2,0,0,0
50,R_164Jvs7pYfpjW0D,Young Control,vapefriend_anna,3,4,3,1,Male,No,16,0,1,0,0,0,0,1,video2_cred_anna,cred_anna,3,2,-0.849246066,2,0,0,0
51,R_164Jvs7pYfpjW0D,Young Control,vapefriend_cham,3,4,3,1,Male,No,16,0,1,0,0,0,0,1,video3_cred_cham,cred_cham,0,3,-0.978739575,2,0,0,0
52,R_164Jvs7pYfpjW0D,Young Control,vapefriend_fab,3,4,3,1,Male,No,16,0,1,0,0,0,0,1,video4_cred_fab,cred_fab,12,4,-0.460765538,2,0,0,0
53,R_164Jvs7pYfpjW0D,Young Control,vapefriend_mae,3,4,4,1,Male,No,16,0,1,0,0,0,0,1,video5_cred_mae,cred_mae,0,5,-0.978739575,2,0,0,0
54,R_164Jvs7pYfpjW0D,Young Control,vapefriend_zanx,2,4,2,1,Male,No,16,0,1,0,0,0,0,1,video6_cred_zanx,cred_zanx,12,6,-0.460765538,2,0,0,0
55,R_168XlyYj0t89cYp,Young Treat,vapefriend_aby,4,4,4,0,Female,Yes,16,0,0,0,0,1,0,0,video1_cred_aby,cred_aby,50,1,1.179485582,1,0,0,1
56,R_168XlyYj0t89cYp,Young Treat,vapefriend_anna,4,4,4,0,Female,Yes,16,0,0,0,0,1,0,0,video2_cred_anna,cred_anna,39,2,0.704676047,1,0,0,1
57,R_168XlyYj0t89cYp,Young Treat,vapefriend_cham,4,4,4,0,Female,Yes,16,0,0,0,0,1,0,0,video3_cred_cham,cred_cham,46,3,1.006827569,1,0,0,1
58,R_168XlyYj0t89cYp,Young Treat,vapefriend_fab,4,4,4,0,Female,Yes,16,0,0,0,0,1,0,0,video4_cred_fab,cred_fab,42,4,0.834169557,1,0,0,1
59,R_168XlyYj0t89cYp,Young Treat,vapefriend_mae,4,4,4,0,Female,Yes,16,0,0,0,0,1,0,0,video5_cred_mae,cred_mae,50,5,1.179485582,1,0,0,1
60,R_168XlyYj0t89cYp,Young Treat,vapefriend_zanx,4,4,4,0,Female,Yes,16,0,0,0,0,1,0,0,video6_cred_zanx,cred_zanx,38,6,0.661511544,1,0,0,1
61,R_16hGQxhUhGdn4kz,Old Control,vapefriend_aby,4,4,4,0,Female,No,14,0,1,0,0,0,1,1,video1_cred_aby,cred_aby,31,1,0.359360022,1,0,0,1
62,R_16hGQxhUhGdn4kz,Old Control,vapefriend_anna,4,4,4,0,Female,No,14,0,1,0,0,0,1,1,video2_cred_anna,cred_anna,12,2,-0.460765538,1,0,0,0
63,R_16hGQxhUhGdn4kz,Old Control,vapefriend_cham,4,4,4,0,Female,No,14,0,1,0,0,0,1,1,video3_cred_cham,cred_cham,13,3,-0.417601034,1,0,0,0
64,R_16hGQxhUhGdn4kz,Old Control,vapefriend_fab,4,4,4,0,Female,No,14,0,1,0,0,0,1,1,video4_cred_fab,cred_fab,53,4,1.308979091,1,0,0,1
65,R_16hGQxhUhGdn4kz,Old Control,vapefriend_mae,4,4,4,0,Female,No,14,0,1,0,0,0,1,1,video5_cred_mae,cred_mae,0,5,-0.978739575,1,0,0,0
66,R_16hGQxhUhGdn4kz,Old Control,vapefriend_zanx,4,4,4,0,Female,No,14,0,1,0,0,0,1,1,video6_cred_zanx,cred_zanx,0,6,-0.978739575,1,0,0,0
67,R_17kuPL1ybSFRqnM,Young Control,vapefriend_aby,4,4,4,0,Female,No,16,1,0,0,0,0,1,0,video1_cred_aby,cred_aby,0,1,-0.978739575,1,0,0,0
68,R_17kuPL1ybSFRqnM,Young Control,vapefriend_anna,4,4,4,0,Female,No,16,1,0,0,0,0,1,0,video2_cred_anna,cred_anna,5,2,-0.76291706,1,0,0,0
69,R_17kuPL1ybSFRqnM,Young Control,vapefriend_cham,4,4,4,0,Female,No,16,1,0,0,0,0,1,0,video3_cred_cham,cred_cham,10,3,-0.547094544,1,0,0,0
70,R_17kuPL1ybSFRqnM,Young Control,vapefriend_fab,4,4,4,0,Female,No,16,1,0,0,0,0,1,0,video4_cred_fab,cred_fab,0,4,-0.978739575,1,0,0,0
71,R_17kuPL1ybSFRqnM,Young Control,vapefriend_mae,4,4,4,0,Female,No,16,1,0,0,0,0,1,0,video5_cred_mae,cred_mae,7,5,-0.676588053,1,0,0,0
72,R_17kuPL1ybSFRqnM,Young Control,vapefriend_zanx,4,4,4,0,Female,No,16,1,0,0,0,0,1,0,video6_cred_zanx,cred_zanx,0,6,-0.978739575,1,0,0,0
73,R_18toCMgQjhdk3bb,Young Control,vapefriend_aby,3,3,2,1,Male,Yes,17,0,0,0,0,1,0,1,video1_cred_aby,cred_aby,73,1,2.172269154,1,0,0,1
74,R_18toCMgQjhdk3bb,Young Control,vapefriend_anna,3,3,2,1,Male,Yes,17,0,0,0,0,1,0,1,video2_cred_anna,cred_anna,77,2,2.344927166,1,0,0,1
75,R_18toCMgQjhdk3bb,Young Control,vapefriend_cham,2,4,3,1,Male,Yes,17,0,0,0,0,1,0,1,video3_cred_cham,cred_cham,67,3,1.913282135,1,0,0,1
76,R_18toCMgQjhdk3bb,Young Control,vapefriend_fab,3,3,4,1,Male,Yes,17,0,0,0,0,1,0,1,video4_cred_fab,cred_fab,81,4,2.517585179,1,0,0,1
77,R_18toCMgQjhdk3bb,Young Control,vapefriend_mae,2,3,3,1,Male,Yes,17,0,0,0,0,1,0,1,video5_cred_mae,cred_mae,73,5,2.172269154,1,0,0,1
78,R_18toCMgQjhdk3bb,Young Control,vapefriend_zanx,2,3,3,1,Male,Yes,17,0,0,0,0,1,0,1,video6_cred_zanx,cred_zanx,71,6,2.085940147,1,0,0,1
79,R_1AG4IjdDDq9AHNx,Old Control,vapefriend_aby,4,4,4,0,Male,No,14,1,0,0,0,0,0,1,video1_cred_aby,cred_aby,NA,1,NA,3,0,0,NA
80,R_1AG4IjdDDq9AHNx,Old Control,vapefriend_anna,NA,NA,NA,NA,Male,No,14,1,0,0,0,0,0,1,video2_cred_anna,cred_anna,6,2,-0.719752556,3,0,0,0
81,R_1AG4IjdDDq9AHNx,Old Control,vapefriend_cham,4,4,4,0,Male,No,14,1,0,0,0,0,0,1,video3_cred_cham,cred_cham,NA,3,NA,3,0,0,NA
82,R_1AG4IjdDDq9AHNx,Old Control,vapefriend_fab,4,4,4,0,Male,No,14,1,0,0,0,0,0,1,video4_cred_fab,cred_fab,4,4,-0.806081563,3,0,0,0
83,R_1AG4IjdDDq9AHNx,Old Control,vapefriend_mae,4,4,4,0,Male,No,14,1,0,0,0,0,0,1,video5_cred_mae,cred_mae,NA,5,NA,3,0,0,NA
84,R_1AG4IjdDDq9AHNx,Old Control,vapefriend_zanx,4,4,4,0,Male,No,14,1,0,0,0,0,0,1,video6_cred_zanx,cred_zanx,NA,6,NA,3,0,0,NA
85,R_1Brsjsmziz8Zwpz,Young Control,vapefriend_aby,4,4,4,0,Female,No,16,1,1,0,0,0,1,0,video1_cred_aby,cred_aby,30,1,0.316195519,1,0,0,1
86,R_1Brsjsmziz8Zwpz,Young Control,vapefriend_anna,4,4,4,0,Female,No,16,1,1,0,0,0,1,0,video2_cred_anna,cred_anna,8,2,-0.63342355,1,0,0,0
87,R_1Brsjsmziz8Zwpz,Young Control,vapefriend_cham,4,4,4,0,Female,No,16,1,1,0,0,0,1,0,video3_cred_cham,cred_cham,17,3,-0.244943022,1,0,0,1
88,R_1Brsjsmziz8Zwpz,Young Control,vapefriend_fab,4,4,4,0,Female,No,16,1,1,0,0,0,1,0,video4_cred_fab,cred_fab,21,4,-0.072285009,1,0,0,1
89,R_1Brsjsmziz8Zwpz,Young Control,vapefriend_mae,4,4,4,0,Female,No,16,1,1,0,0,0,1,0,video5_cred_mae,cred_mae,39,5,0.704676047,1,0,0,1
90,R_1Brsjsmziz8Zwpz,Young Control,vapefriend_zanx,4,4,4,0,Female,No,16,1,1,0,0,0,1,0,video6_cred_zanx,cred_zanx,28,6,0.229866513,1,0,0,1
91,R_1CHPS1Lo9JO8Z2X,Young Control,vapefriend_aby,2,2,3,1,Male,No,17,1,0,0,0,0,1,1,video1_cred_aby,cred_aby,60,1,1.611130613,1,1,1,1
92,R_1CHPS1Lo9JO8Z2X,Young Control,vapefriend_anna,2,3,2,1,Male,No,17,1,0,0,0,0,1,1,video2_cred_anna,cred_anna,66,2,1.870117632,1,1,1,1
93,R_1CHPS1Lo9JO8Z2X,Young Control,vapefriend_cham,2,2,2,1,Male,No,17,1,0,0,0,0,1,1,video3_cred_cham,cred_cham,68,3,1.956446638,1,1,1,1
94,R_1CHPS1Lo9JO8Z2X,Young Control,vapefriend_fab,2,2,3,1,Male,No,17,1,0,0,0,0,1,1,video4_cred_fab,cred_fab,62,4,1.697459619,1,1,1,1
95,R_1CHPS1Lo9JO8Z2X,Young Control,vapefriend_mae,2,2,2,1,Male,No,17,1,0,0,0,0,1,1,video5_cred_mae,cred_mae,52,5,1.265814588,1,1,1,1
96,R_1CHPS1Lo9JO8Z2X,Young Control,vapefriend_zanx,2,3,2,1,Male,No,17,1,0,0,0,0,1,1,video6_cred_zanx,cred_zanx,57,6,1.481637104,1,1,1,1
97,R_1CpoNhghLxcThuN,Young Treat,vapefriend_aby,4,4,4,0,Male,No,15,0,0,1,0,0,0,0,video1_cred_aby,cred_aby,21,1,-0.072285009,1,0,0,1
98,R_1CpoNhghLxcThuN,Young Treat,vapefriend_anna,4,4,4,0,Male,No,15,0,0,1,0,0,0,0,video2_cred_anna,cred_anna,1,2,-0.935575072,1,0,0,0
99,R_1CpoNhghLxcThuN,Young Treat,vapefriend_cham,4,4,4,0,Male,No,15,0,0,1,0,0,0,0,video3_cred_cham,cred_cham,4,3,-0.806081563,1,0,0,0
100,R_1CpoNhghLxcThuN,Young Treat,vapefriend_fab,4,4,4,0,Male,No,15,0,0,1,0,0,0,0,video4_cred_fab,cred_fab,7,4,-0.676588053,1,0,0,0
101,R_1CpoNhghLxcThuN,Young Treat,vapefriend_mae,4,4,4,0,Male,No,15,0,0,1,0,0,0,0,video5_cred_mae,cred_mae,5,5,-0.76291706,1,0,0,0
102,R_1CpoNhghLxcThuN,Young Treat,vapefriend_zanx,4,4,4,0,Male,No,15,0,0,1,0,0,0,0,video6_cred_zanx,cred_zanx,28,6,0.229866513,1,0,0,1
103,R_1CwJGgpNre61qdf,Old Control,vapefriend_aby,3,3,3,1,Female,No,16,1,1,0,0,0,1,1,video1_cred_aby,cred_aby,39,1,0.704676047,1,0,0,1
104,R_1CwJGgpNre61qdf,Old Control,vapefriend_anna,3,3,3,1,Female,No,16,1,1,0,0,0,1,1,video2_cred_anna,cred_anna,54,2,1.352143594,1,0,0,1
105,R_1CwJGgpNre61qdf,Old Control,vapefriend_cham,3,3,3,1,Female,No,16,1,1,0,0,0,1,1,video3_cred_cham,cred_cham,44,3,0.920498563,1,0,0,1
106,R_1CwJGgpNre61qdf,Old Control,vapefriend_fab,3,3,3,1,Female,No,16,1,1,0,0,0,1,1,video4_cred_fab,cred_fab,44,4,0.920498563,1,0,0,1
107,R_1CwJGgpNre61qdf,Old Control,vapefriend_mae,3,3,3,1,Female,No,16,1,1,0,0,0,1,1,video5_cred_mae,cred_mae,56,5,1.4384726,1,0,0,1
108,R_1CwJGgpNre61qdf,Old Control,vapefriend_zanx,3,3,3,1,Female,No,16,1,1,0,0,0,1,1,video6_cred_zanx,cred_zanx,24,6,0.0572085,1,0,0,1
109,R_1DTWfLvIHSzCU6Z,Young Control,vapefriend_aby,4,4,4,0,Female,Yes,17,0,0,0,0,1,0,1,video1_cred_aby,cred_aby,21,1,-0.072285009,1,1,1,1
110,R_1DTWfLvIHSzCU6Z,Young Control,vapefriend_anna,4,4,4,0,Female,Yes,17,0,0,0,0,1,0,1,video2_cred_anna,cred_anna,27,2,0.186702009,1,1,1,1
111,R_1DTWfLvIHSzCU6Z,Young Control,vapefriend_cham,4,4,4,0,Female,Yes,17,0,0,0,0,1,0,1,video3_cred_cham,cred_cham,10,3,-0.547094544,1,1,1,0
112,R_1DTWfLvIHSzCU6Z,Young Control,vapefriend_fab,4,4,4,0,Female,Yes,17,0,0,0,0,1,0,1,video4_cred_fab,cred_fab,7,4,-0.676588053,1,1,1,0
113,R_1DTWfLvIHSzCU6Z,Young Control,vapefriend_mae,4,4,4,0,Female,Yes,17,0,0,0,0,1,0,1,video5_cred_mae,cred_mae,16,5,-0.288107525,1,1,1,1
114,R_1DTWfLvIHSzCU6Z,Young Control,vapefriend_zanx,4,4,4,0,Female,Yes,17,0,0,0,0,1,0,1,video6_cred_zanx,cred_zanx,8,6,-0.63342355,1,1,1,0
115,R_1ER66QJnIj9Lyrj,Young Control,vapefriend_aby,4,4,4,0,Female,No,17,0,0,1,0,0,1,0,video1_cred_aby,cred_aby,NA,1,NA,1,0,0,NA
116,R_1ER66QJnIj9Lyrj,Young Control,vapefriend_anna,4,4,4,0,Female,No,17,0,0,1,0,0,1,0,video2_cred_anna,cred_anna,NA,2,NA,1,0,0,NA
117,R_1ER66QJnIj9Lyrj,Young Control,vapefriend_cham,4,4,1,1,Female,No,17,0,0,1,0,0,1,0,video3_cred_cham,cred_cham,43,3,0.87733406,1,0,0,1
118,R_1ER66QJnIj9Lyrj,Young Control,vapefriend_fab,4,4,4,0,Female,No,17,0,0,1,0,0,1,0,video4_cred_fab,cred_fab,NA,4,NA,1,0,0,NA
119,R_1ER66QJnIj9Lyrj,Young Control,vapefriend_mae,4,4,4,0,Female,No,17,0,0,1,0,0,1,0,video5_cred_mae,cred_mae,34,5,0.488853531,1,0,0,1
120,R_1ER66QJnIj9Lyrj,Young Control,vapefriend_zanx,4,4,4,0,Female,No,17,0,0,1,0,0,1,0,video6_cred_zanx,cred_zanx,100,6,3.337710738,1,0,0,1
121,R_1FIiCpmp2oCnAT4,Old Control,vapefriend_aby,2,3,2,1,Male,No,17,1,0,0,0,0,0,1,video1_cred_aby,cred_aby,47,1,1.049992072,3,1,1,1
122,R_1FIiCpmp2oCnAT4,Old Control,vapefriend_anna,3,3,2,1,Male,No,17,1,0,0,0,0,0,1,video2_cred_anna,cred_anna,32,2,0.402524525,3,1,1,1
123,R_1FIiCpmp2oCnAT4,Old Control,vapefriend_cham,3,2,2,1,Male,No,17,1,0,0,0,0,0,1,video3_cred_cham,cred_cham,66,3,1.870117632,3,1,1,1
124,R_1FIiCpmp2oCnAT4,Old Control,vapefriend_fab,2,2,3,1,Male,No,17,1,0,0,0,0,0,1,video4_cred_fab,cred_fab,61,4,1.654295116,3,1,1,1
125,R_1FIiCpmp2oCnAT4,Old Control,vapefriend_mae,1,3,2,1,Male,No,17,1,0,0,0,0,0,1,video5_cred_mae,cred_mae,65,5,1.826953129,3,1,1,1
126,R_1FIiCpmp2oCnAT4,Old Control,vapefriend_zanx,2,2,3,1,Male,No,17,1,0,0,0,0,0,1,video6_cred_zanx,cred_zanx,50,6,1.179485582,3,1,1,1
127,R_1H6MUIr2UGjsgQq,Young Control,vapefriend_aby,4,4,4,0,Female,No,14,1,0,0,0,0,0,0,video1_cred_aby,cred_aby,30,1,0.316195519,1,0,0,1
128,R_1H6MUIr2UGjsgQq,Young Control,vapefriend_anna,4,4,4,0,Female,No,14,1,0,0,0,0,0,0,video2_cred_anna,cred_anna,40,2,0.74784055,1,0,0,1
129,R_1H6MUIr2UGjsgQq,Young Control,vapefriend_cham,4,4,4,0,Female,No,14,1,0,0,0,0,0,0,video3_cred_cham,cred_cham,40,3,0.74784055,1,0,0,1
130,R_1H6MUIr2UGjsgQq,Young Control,vapefriend_fab,4,4,4,0,Female,No,14,1,0,0,0,0,0,0,video4_cred_fab,cred_fab,45,4,0.963663066,1,0,0,1
131,R_1H6MUIr2UGjsgQq,Young Control,vapefriend_mae,4,4,4,0,Female,No,14,1,0,0,0,0,0,0,video5_cred_mae,cred_mae,45,5,0.963663066,1,0,0,1
132,R_1H6MUIr2UGjsgQq,Young Control,vapefriend_zanx,4,4,4,0,Female,No,14,1,0,0,0,0,0,0,video6_cred_zanx,cred_zanx,35,6,0.532018035,1,0,0,1
133,R_1HGKnEuK8zjJ3Hs,Old Control,vapefriend_aby,3,3,4,1,Female,Yes,14,0,0,0,0,1,0,1,video1_cred_aby,cred_aby,0,1,-0.978739575,1,0,0,0
134,R_1HGKnEuK8zjJ3Hs,Old Control,vapefriend_anna,4,4,4,0,Female,Yes,14,0,0,0,0,1,0,1,video2_cred_anna,cred_anna,0,2,-0.978739575,1,0,0,0
135,R_1HGKnEuK8zjJ3Hs,Old Control,vapefriend_cham,3,3,3,1,Female,Yes,14,0,0,0,0,1,0,1,video3_cred_cham,cred_cham,43,3,0.87733406,1,0,0,1
136,R_1HGKnEuK8zjJ3Hs,Old Control,vapefriend_fab,3,4,4,1,Female,Yes,14,0,0,0,0,1,0,1,video4_cred_fab,cred_fab,0,4,-0.978739575,1,0,0,0
137,R_1HGKnEuK8zjJ3Hs,Old Control,vapefriend_mae,4,4,4,0,Female,Yes,14,0,0,0,0,1,0,1,video5_cred_mae,cred_mae,0,5,-0.978739575,1,0,0,0
138,R_1HGKnEuK8zjJ3Hs,Old Control,vapefriend_zanx,3,3,4,1,Female,Yes,14,0,0,0,0,1,0,1,video6_cred_zanx,cred_zanx,13,6,-0.417601034,1,0,0,0
139,R_1HQFa3ULsvaRXJD,Young Treat,vapefriend_aby,4,4,4,0,Male,No,14,1,0,0,0,0,0,0,video1_cred_aby,cred_aby,6,1,-0.719752556,3,0,0,0
140,R_1HQFa3ULsvaRXJD,Young Treat,vapefriend_anna,4,4,4,0,Male,No,14,1,0,0,0,0,0,0,video2_cred_anna,cred_anna,0,2,-0.978739575,3,0,0,0
141,R_1HQFa3ULsvaRXJD,Young Treat,vapefriend_cham,4,4,4,0,Male,No,14,1,0,0,0,0,0,0,video3_cred_cham,cred_cham,8,3,-0.63342355,3,0,0,0
142,R_1HQFa3ULsvaRXJD,Young Treat,vapefriend_fab,4,4,4,0,Male,No,14,1,0,0,0,0,0,0,video4_cred_fab,cred_fab,4,4,-0.806081563,3,0,0,0
143,R_1HQFa3ULsvaRXJD,Young Treat,vapefriend_mae,4,4,4,0,Male,No,14,1,0,0,0,0,0,0,video5_cred_mae,cred_mae,6,5,-0.719752556,3,0,0,0
144,R_1HQFa3ULsvaRXJD,Young Treat,vapefriend_zanx,4,4,4,0,Male,No,14,1,0,0,0,0,0,0,video6_cred_zanx,cred_zanx,0,6,-0.978739575,3,0,0,0
145,R_1HvOtv4CYbkiAPH,Old Control,vapefriend_aby,3,3,3,1,Female,No,17,1,0,0,0,0,0,1,video1_cred_aby,cred_aby,1,1,-0.935575072,1,0,0,0
146,R_1HvOtv4CYbkiAPH,Old Control,vapefriend_anna,3,3,3,1,Female,No,17,1,0,0,0,0,0,1,video2_cred_anna,cred_anna,1,2,-0.935575072,1,0,0,0
147,R_1HvOtv4CYbkiAPH,Old Control,vapefriend_cham,3,3,3,1,Female,No,17,1,0,0,0,0,0,1,video3_cred_cham,cred_cham,0,3,-0.978739575,1,0,0,0
148,R_1HvOtv4CYbkiAPH,Old Control,vapefriend_fab,3,3,3,1,Female,No,17,1,0,0,0,0,0,1,video4_cred_fab,cred_fab,1,4,-0.935575072,1,0,0,0
149,R_1HvOtv4CYbkiAPH,Old Control,vapefriend_mae,3,3,3,1,Female,No,17,1,0,0,0,0,0,1,video5_cred_mae,cred_mae,1,5,-0.935575072,1,0,0,0
150,R_1HvOtv4CYbkiAPH,Old Control,vapefriend_zanx,3,3,3,1,Female,No,17,1,0,0,0,0,0,1,video6_cred_zanx,cred_zanx,1,6,-0.935575072,1,0,0,0
151,R_1JBl3JT29Mkiiul,Old Control,vapefriend_aby,4,4,4,0,Male,Yes,17,0,0,0,0,0,0,0,video1_cred_aby,cred_aby,4,1,-0.806081563,2,0,0,0
152,R_1JBl3JT29Mkiiul,Old Control,vapefriend_anna,4,4,4,0,Male,Yes,17,0,0,0,0,0,0,0,video2_cred_anna,cred_anna,10,2,-0.547094544,2,0,0,0
153,R_1JBl3JT29Mkiiul,Old Control,vapefriend_cham,4,4,4,0,Male,Yes,17,0,0,0,0,0,0,0,video3_cred_cham,cred_cham,3,3,-0.849246066,2,0,0,0
154,R_1JBl3JT29Mkiiul,Old Control,vapefriend_fab,4,4,4,0,Male,Yes,17,0,0,0,0,0,0,0,video4_cred_fab,cred_fab,1,4,-0.935575072,2,0,0,0
155,R_1JBl3JT29Mkiiul,Old Control,vapefriend_mae,4,4,4,0,Male,Yes,17,0,0,0,0,0,0,0,video5_cred_mae,cred_mae,8,5,-0.63342355,2,0,0,0
156,R_1JBl3JT29Mkiiul,Old Control,vapefriend_zanx,4,4,4,0,Male,Yes,17,0,0,0,0,0,0,0,video6_cred_zanx,cred_zanx,3,6,-0.849246066,2,0,0,0
157,R_1JsGkUNvRq6lRHr,Young Control,vapefriend_aby,4,4,4,0,Female,Yes,15,0,0,0,1,0,0,0,video1_cred_aby,cred_aby,0,1,-0.978739575,2,0,0,0
158,R_1JsGkUNvRq6lRHr,Young Control,vapefriend_anna,4,4,4,0,Female,Yes,15,0,0,0,1,0,0,0,video2_cred_anna,cred_anna,0,2,-0.978739575,2,0,0,0
159,R_1JsGkUNvRq6lRHr,Young Control,vapefriend_cham,4,4,4,0,Female,Yes,15,0,0,0,1,0,0,0,video3_cred_cham,cred_cham,0,3,-0.978739575,2,0,0,0
160,R_1JsGkUNvRq6lRHr,Young Control,vapefriend_fab,4,4,4,0,Female,Yes,15,0,0,0,1,0,0,0,video4_cred_fab,cred_fab,0,4,-0.978739575,2,0,0,0
161,R_1JsGkUNvRq6lRHr,Young Control,vapefriend_mae,4,4,4,0,Female,Yes,15,0,0,0,1,0,0,0,video5_cred_mae,cred_mae,0,5,-0.978739575,2,0,0,0
162,R_1JsGkUNvRq6lRHr,Young Control,vapefriend_zanx,4,4,4,0,Female,Yes,15,0,0,0,1,0,0,0,video6_cred_zanx,cred_zanx,0,6,-0.978739575,2,0,0,0
163,R_1KQXwlPtRSMNEHf,Old Control,vapefriend_aby,4,4,4,0,Male,Yes,17,1,0,0,0,0,1,0,video1_cred_aby,cred_aby,59,1,1.56796611,1,0,0,1
164,R_1KQXwlPtRSMNEHf,Old Control,vapefriend_anna,4,4,4,0,Male,Yes,17,1,0,0,0,0,1,0,video2_cred_anna,cred_anna,33,2,0.445689028,1,0,0,1
165,R_1KQXwlPtRSMNEHf,Old Control,vapefriend_cham,4,4,4,0,Male,Yes,17,1,0,0,0,0,1,0,video3_cred_cham,cred_cham,50,3,1.179485582,1,0,0,1
166,R_1KQXwlPtRSMNEHf,Old Control,vapefriend_fab,4,4,4,0,Male,Yes,17,1,0,0,0,0,1,0,video4_cred_fab,cred_fab,0,4,-0.978739575,1,0,0,0
167,R_1KQXwlPtRSMNEHf,Old Control,vapefriend_mae,4,4,4,0,Male,Yes,17,1,0,0,0,0,1,0,video5_cred_mae,cred_mae,0,5,-0.978739575,1,0,0,0
168,R_1KQXwlPtRSMNEHf,Old Control,vapefriend_zanx,4,4,4,0,Male,Yes,17,1,0,0,0,0,1,0,video6_cred_zanx,cred_zanx,0,6,-0.978739575,1,0,0,0
169,R_1L5HME4gOovSDtL,Old Treat,vapefriend_aby,2,2,2,1,Male,No,16,1,0,0,0,0,1,1,video1_cred_aby,cred_aby,49,1,1.136321078,2,1,1,1
170,R_1L5HME4gOovSDtL,Old Treat,vapefriend_anna,2,2,2,1,Male,No,16,1,0,0,0,0,1,1,video2_cred_anna,cred_anna,37,2,0.618347041,2,1,1,1
171,R_1L5HME4gOovSDtL,Old Treat,vapefriend_cham,2,2,2,1,Male,No,16,1,0,0,0,0,1,1,video3_cred_cham,cred_cham,40,3,0.74784055,2,1,1,1
172,R_1L5HME4gOovSDtL,Old Treat,vapefriend_fab,2,2,2,1,Male,No,16,1,0,0,0,0,1,1,video4_cred_fab,cred_fab,48,4,1.093156575,2,1,1,1
173,R_1L5HME4gOovSDtL,Old Treat,vapefriend_mae,2,2,3,1,Male,No,16,1,0,0,0,0,1,1,video5_cred_mae,cred_mae,32,5,0.402524525,2,1,1,1
174,R_1L5HME4gOovSDtL,Old Treat,vapefriend_zanx,2,2,1,1,Male,No,16,1,0,0,0,0,1,1,video6_cred_zanx,cred_zanx,44,6,0.920498563,2,1,1,1
175,R_1LXR20pu2vXwBcS,Young Control,vapefriend_aby,4,4,4,0,Male,No,15,1,0,0,0,0,1,1,video1_cred_aby,cred_aby,46.5,1,1.028409821,1,0,0,1
176,R_1LXR20pu2vXwBcS,Young Control,vapefriend_anna,4,4,4,0,Male,No,15,1,0,0,0,0,1,1,video2_cred_anna,cred_anna,63.5,2,1.762206374,1,0,0,1
177,R_1LXR20pu2vXwBcS,Young Control,vapefriend_cham,4,4,4,0,Male,No,15,1,0,0,0,0,1,1,video3_cred_cham,cred_cham,77,3,2.344927166,1,0,0,1
178,R_1LXR20pu2vXwBcS,Young Control,vapefriend_fab,4,4,4,0,Male,No,15,1,0,0,0,0,1,1,video4_cred_fab,cred_fab,39.5,4,0.726258299,1,0,0,1
179,R_1LXR20pu2vXwBcS,Young Control,vapefriend_mae,4,4,4,0,Male,No,15,1,0,0,0,0,1,1,video5_cred_mae,cred_mae,58,5,1.524801607,1,0,0,1
180,R_1LXR20pu2vXwBcS,Young Control,vapefriend_zanx,4,4,4,0,Male,No,15,1,0,0,0,0,1,1,video6_cred_zanx,cred_zanx,44,6,0.920498563,1,0,0,1
181,R_1NyvNmz30aeh4eM,Old Treat,vapefriend_aby,4,4,4,0,Female,Yes,16,0,1,0,0,1,0,0,video1_cred_aby,cred_aby,11,1,-0.503930041,2,0,0,0
182,R_1NyvNmz30aeh4eM,Old Treat,vapefriend_anna,4,4,4,0,Female,Yes,16,0,1,0,0,1,0,0,video2_cred_anna,cred_anna,10,2,-0.547094544,2,0,0,0
183,R_1NyvNmz30aeh4eM,Old Treat,vapefriend_cham,4,4,4,0,Female,Yes,16,0,1,0,0,1,0,0,video3_cred_cham,cred_cham,17,3,-0.244943022,2,0,0,1
184,R_1NyvNmz30aeh4eM,Old Treat,vapefriend_fab,4,4,4,0,Female,Yes,16,0,1,0,0,1,0,0,video4_cred_fab,cred_fab,17,4,-0.244943022,2,0,0,1
185,R_1NyvNmz30aeh4eM,Old Treat,vapefriend_mae,4,4,4,0,Female,Yes,16,0,1,0,0,1,0,0,video5_cred_mae,cred_mae,51,5,1.222650085,2,0,0,1
186,R_1NyvNmz30aeh4eM,Old Treat,vapefriend_zanx,4,4,4,0,Female,Yes,16,0,1,0,0,1,0,0,video6_cred_zanx,cred_zanx,22,6,-0.029120506,2,0,0,1
187,R_1OH1Nt3n6kd5vWN,Young Treat,vapefriend_aby,4,4,4,0,Male,Yes,16,0,0,0,1,0,1,0,video1_cred_aby,cred_aby,0,1,-0.978739575,1,0,0,0
188,R_1OH1Nt3n6kd5vWN,Young Treat,vapefriend_anna,4,4,4,0,Male,Yes,16,0,0,0,1,0,1,0,video2_cred_anna,cred_anna,0,2,-0.978739575,1,0,0,0
189,R_1OH1Nt3n6kd5vWN,Young Treat,vapefriend_cham,4,4,4,0,Male,Yes,16,0,0,0,1,0,1,0,video3_cred_cham,cred_cham,0,3,-0.978739575,1,0,0,0
190,R_1OH1Nt3n6kd5vWN,Young Treat,vapefriend_fab,4,4,4,0,Male,Yes,16,0,0,0,1,0,1,0,video4_cred_fab,cred_fab,0,4,-0.978739575,1,0,0,0
191,R_1OH1Nt3n6kd5vWN,Young Treat,vapefriend_mae,4,4,4,0,Male,Yes,16,0,0,0,1,0,1,0,video5_cred_mae,cred_mae,0,5,-0.978739575,1,0,0,0
192,R_1OH1Nt3n6kd5vWN,Young Treat,vapefriend_zanx,4,4,4,0,Male,Yes,16,0,0,0,1,0,1,0,video6_cred_zanx,cred_zanx,0,6,-0.978739575,1,0,0,0
193,R_1OZIO90QaKVzlu9,Old Treat,vapefriend_aby,4,4,4,0,Female,No,15,1,0,0,0,0,1,1,video1_cred_aby,cred_aby,25,1,0.100373003,3,0,0,1
194,R_1OZIO90QaKVzlu9,Old Treat,vapefriend_anna,4,4,4,0,Female,No,15,1,0,0,0,0,1,1,video2_cred_anna,cred_anna,30,2,0.316195519,3,0,0,1
195,R_1OZIO90QaKVzlu9,Old Treat,vapefriend_cham,4,4,4,0,Female,No,15,1,0,0,0,0,1,1,video3_cred_cham,cred_cham,15,3,-0.331272028,3,0,0,1
196,R_1OZIO90QaKVzlu9,Old Treat,vapefriend_fab,4,4,4,0,Female,No,15,1,0,0,0,0,1,1,video4_cred_fab,cred_fab,5,4,-0.76291706,3,0,0,0
197,R_1OZIO90QaKVzlu9,Old Treat,vapefriend_mae,4,4,4,0,Female,No,15,1,0,0,0,0,1,1,video5_cred_mae,cred_mae,29,5,0.273031016,3,0,0,1
198,R_1OZIO90QaKVzlu9,Old Treat,vapefriend_zanx,4,4,4,0,Female,No,15,1,0,0,0,0,1,1,video6_cred_zanx,cred_zanx,6,6,-0.719752556,3,0,0,0
199,R_1OjKtNQtPogX6uS,Young Treat,vapefriend_aby,4,4,4,0,Male,Yes,16,0,0,0,0,1,0,0,video1_cred_aby,cred_aby,69,1,1.999611141,1,0,0,1
200,R_1OjKtNQtPogX6uS,Young Treat,vapefriend_anna,4,4,4,0,Male,Yes,16,0,0,0,0,1,0,0,video2_cred_anna,cred_anna,47,2,1.049992072,1,0,0,1
201,R_1OjKtNQtPogX6uS,Young Treat,vapefriend_cham,4,4,4,0,Male,Yes,16,0,0,0,0,1,0,0,video3_cred_cham,cred_cham,66,3,1.870117632,1,0,0,1
202,R_1OjKtNQtPogX6uS,Young Treat,vapefriend_fab,4,4,4,0,Male,Yes,16,0,0,0,0,1,0,0,video4_cred_fab,cred_fab,34,4,0.488853531,1,0,0,1
203,R_1OjKtNQtPogX6uS,Young Treat,vapefriend_mae,4,4,4,0,Male,Yes,16,0,0,0,0,1,0,0,video5_cred_mae,cred_mae,69,5,1.999611141,1,0,0,1
204,R_1OjKtNQtPogX6uS,Young Treat,vapefriend_zanx,4,4,4,0,Male,Yes,16,0,0,0,0,1,0,0,video6_cred_zanx,cred_zanx,29,6,0.273031016,1,0,0,1
205,R_1Ojkn8XleL4SN6X,Old Control,vapefriend_aby,4,4,4,0,Female,Yes,17,1,0,0,0,0,1,0,video1_cred_aby,cred_aby,13,1,-0.417601034,2,0,0,0
206,R_1Ojkn8XleL4SN6X,Old Control,vapefriend_anna,4,4,4,0,Female,Yes,17,1,0,0,0,0,1,0,video2_cred_anna,cred_anna,12,2,-0.460765538,2,0,0,0
207,R_1Ojkn8XleL4SN6X,Old Control,vapefriend_cham,4,4,4,0,Female,Yes,17,1,0,0,0,0,1,0,video3_cred_cham,cred_cham,10,3,-0.547094544,2,0,0,0
208,R_1Ojkn8XleL4SN6X,Old Control,vapefriend_fab,4,4,4,0,Female,Yes,17,1,0,0,0,0,1,0,video4_cred_fab,cred_fab,8,4,-0.63342355,2,0,0,0
209,R_1Ojkn8XleL4SN6X,Old Control,vapefriend_mae,4,4,4,0,Female,Yes,17,1,0,0,0,0,1,0,video5_cred_mae,cred_mae,17,5,-0.244943022,2,0,0,1
210,R_1Ojkn8XleL4SN6X,Old Control,vapefriend_zanx,4,4,4,0,Female,Yes,17,1,0,0,0,0,1,0,video6_cred_zanx,cred_zanx,13,6,-0.417601034,2,0,0,0
211,R_1QAhHcrSpcI2Bzg,Old Control,vapefriend_aby,4,4,4,0,Male,No,16,0,1,0,0,0,0,0,video1_cred_aby,cred_aby,39,1,0.704676047,2,0,0,1
212,R_1QAhHcrSpcI2Bzg,Old Control,vapefriend_anna,4,4,4,0,Male,No,16,0,1,0,0,0,0,0,video2_cred_anna,cred_anna,11,2,-0.503930041,2,0,0,0
213,R_1QAhHcrSpcI2Bzg,Old Control,vapefriend_cham,4,4,4,0,Male,No,16,0,1,0,0,0,0,0,video3_cred_cham,cred_cham,25,3,0.100373003,2,0,0,1
214,R_1QAhHcrSpcI2Bzg,Old Control,vapefriend_fab,4,4,4,0,Male,No,16,0,1,0,0,0,0,0,video4_cred_fab,cred_fab,10,4,-0.547094544,2,0,0,0
215,R_1QAhHcrSpcI2Bzg,Old Control,vapefriend_mae,4,4,4,0,Male,No,16,0,1,0,0,0,0,0,video5_cred_mae,cred_mae,30,5,0.316195519,2,0,0,1
216,R_1QAhHcrSpcI2Bzg,Old Control,vapefriend_zanx,4,4,4,0,Male,No,16,0,1,0,0,0,0,0,video6_cred_zanx,cred_zanx,10,6,-0.547094544,2,0,0,0
217,R_1QEdYqvrPZVBb1s,Old Control,vapefriend_aby,4,4,4,0,Female,Yes,14,0,0,0,0,1,0,0,video1_cred_aby,cred_aby,59,1,1.56796611,1,0,0,1
218,R_1QEdYqvrPZVBb1s,Old Control,vapefriend_anna,4,4,4,0,Female,Yes,14,0,0,0,0,1,0,0,video2_cred_anna,cred_anna,8,2,-0.63342355,1,0,0,0
219,R_1QEdYqvrPZVBb1s,Old Control,vapefriend_cham,4,4,4,0,Female,Yes,14,0,0,0,0,1,0,0,video3_cred_cham,cred_cham,20,3,-0.115449513,1,0,0,1
220,R_1QEdYqvrPZVBb1s,Old Control,vapefriend_fab,4,4,4,0,Female,Yes,14,0,0,0,0,1,0,0,video4_cred_fab,cred_fab,11,4,-0.503930041,1,0,0,0
221,R_1QEdYqvrPZVBb1s,Old Control,vapefriend_mae,4,4,4,0,Female,Yes,14,0,0,0,0,1,0,0,video5_cred_mae,cred_mae,16,5,-0.288107525,1,0,0,1
222,R_1QEdYqvrPZVBb1s,Old Control,vapefriend_zanx,4,4,4,0,Female,Yes,14,0,0,0,0,1,0,0,video6_cred_zanx,cred_zanx,20,6,-0.115449513,1,0,0,1
223,R_1QRkpra3QH1q6vN,Old Control,vapefriend_aby,4,4,4,0,Male,Yes,16,0,0,0,0,0,0,0,video1_cred_aby,cred_aby,48,1,1.093156575,3,0,0,1
224,R_1QRkpra3QH1q6vN,Old Control,vapefriend_anna,4,4,4,0,Male,Yes,16,0,0,0,0,0,0,0,video2_cred_anna,cred_anna,52,2,1.265814588,3,0,0,1
225,R_1QRkpra3QH1q6vN,Old Control,vapefriend_cham,4,4,4,0,Male,Yes,16,0,0,0,0,0,0,0,video3_cred_cham,cred_cham,50,3,1.179485582,3,0,0,1
226,R_1QRkpra3QH1q6vN,Old Control,vapefriend_fab,4,4,4,0,Male,Yes,16,0,0,0,0,0,0,0,video4_cred_fab,cred_fab,53,4,1.308979091,3,0,0,1
227,R_1QRkpra3QH1q6vN,Old Control,vapefriend_mae,4,4,4,0,Male,Yes,16,0,0,0,0,0,0,0,video5_cred_mae,cred_mae,35,5,0.532018035,3,0,0,1
228,R_1QRkpra3QH1q6vN,Old Control,vapefriend_zanx,4,4,4,0,Male,Yes,16,0,0,0,0,0,0,0,video6_cred_zanx,cred_zanx,49,6,1.136321078,3,0,0,1
229,R_1Qm334LqcwTvsZP,Old Control,vapefriend_aby,4,4,4,0,Male,No,16,0,0,0,0,1,1,0,video1_cred_aby,cred_aby,0,1,-0.978739575,3,0,0,0
230,R_1Qm334LqcwTvsZP,Old Control,vapefriend_anna,4,4,4,0,Male,No,16,0,0,0,0,1,1,0,video2_cred_anna,cred_anna,12,2,-0.460765538,3,0,0,0
231,R_1Qm334LqcwTvsZP,Old Control,vapefriend_cham,4,4,4,0,Male,No,16,0,0,0,0,1,1,0,video3_cred_cham,cred_cham,0,3,-0.978739575,3,0,0,0
232,R_1Qm334LqcwTvsZP,Old Control,vapefriend_fab,4,4,4,0,Male,No,16,0,0,0,0,1,1,0,video4_cred_fab,cred_fab,0,4,-0.978739575,3,0,0,0
233,R_1Qm334LqcwTvsZP,Old Control,vapefriend_mae,NA,NA,NA,NA,Male,No,16,0,0,0,0,1,1,0,video5_cred_mae,cred_mae,NA,5,NA,3,0,0,NA
234,R_1Qm334LqcwTvsZP,Old Control,vapefriend_zanx,3,3,3,1,Male,No,16,0,0,0,0,1,1,0,video6_cred_zanx,cred_zanx,68,6,1.956446638,3,0,0,1
235,R_1Qs0hiTkjG6rRvP,Young Control,vapefriend_aby,4,4,4,0,Female,No,17,1,1,0,0,0,1,1,video1_cred_aby,cred_aby,33,1,0.445689028,1,0,0,1
236,R_1Qs0hiTkjG6rRvP,Young Control,vapefriend_anna,4,4,4,0,Female,No,17,1,1,0,0,0,1,1,video2_cred_anna,cred_anna,27,2,0.186702009,1,0,0,1
237,R_1Qs0hiTkjG6rRvP,Young Control,vapefriend_cham,4,4,4,0,Female,No,17,1,1,0,0,0,1,1,video3_cred_cham,cred_cham,0,3,-0.978739575,1,0,0,0
238,R_1Qs0hiTkjG6rRvP,Young Control,vapefriend_fab,4,4,4,0,Female,No,17,1,1,0,0,0,1,1,video4_cred_fab,cred_fab,29,4,0.273031016,1,0,0,1
239,R_1Qs0hiTkjG6rRvP,Young Control,vapefriend_mae,4,4,4,0,Female,No,17,1,1,0,0,0,1,1,video5_cred_mae,cred_mae,31,5,0.359360022,1,0,0,1
240,R_1Qs0hiTkjG6rRvP,Young Control,vapefriend_zanx,4,4,4,0,Female,No,17,1,1,0,0,0,1,1,video6_cred_zanx,cred_zanx,15,6,-0.331272028,1,0,0,1
241,R_1RkDorUcIEK2CND,Young Treat,vapefriend_aby,2,3,4,1,Male,Yes,17,1,0,0,0,0,0,1,video1_cred_aby,cred_aby,37,1,0.618347041,1,0,0,1
242,R_1RkDorUcIEK2CND,Young Treat,vapefriend_anna,3,3,2,1,Male,Yes,17,1,0,0,0,0,0,1,video2_cred_anna,cred_anna,55,2,1.395308097,1,0,0,1
243,R_1RkDorUcIEK2CND,Young Treat,vapefriend_cham,2,3,3,1,Male,Yes,17,1,0,0,0,0,0,1,video3_cred_cham,cred_cham,65,3,1.826953129,1,0,0,1
244,R_1RkDorUcIEK2CND,Young Treat,vapefriend_fab,3,3,2,1,Male,Yes,17,1,0,0,0,0,0,1,video4_cred_fab,cred_fab,55,4,1.395308097,1,0,0,1
245,R_1RkDorUcIEK2CND,Young Treat,vapefriend_mae,2,3,3,1,Male,Yes,17,1,0,0,0,0,0,1,video5_cred_mae,cred_mae,38,5,0.661511544,1,0,0,1
246,R_1RkDorUcIEK2CND,Young Treat,vapefriend_zanx,2,3,3,1,Male,Yes,17,1,0,0,0,0,0,1,video6_cred_zanx,cred_zanx,64,6,1.783788626,1,0,0,1
247,R_1SAKxbDBtYHtb3Z,Old Control,vapefriend_aby,4,4,4,0,Female,No,16,0,1,0,0,0,1,0,video1_cred_aby,cred_aby,8,1,-0.63342355,1,0,0,0
248,R_1SAKxbDBtYHtb3Z,Old Control,vapefriend_anna,4,4,4,0,Female,No,16,0,1,0,0,0,1,0,video2_cred_anna,cred_anna,29,2,0.273031016,1,0,0,1
249,R_1SAKxbDBtYHtb3Z,Old Control,vapefriend_cham,4,4,4,0,Female,No,16,0,1,0,0,0,1,0,video3_cred_cham,cred_cham,13,3,-0.417601034,1,0,0,0
250,R_1SAKxbDBtYHtb3Z,Old Control,vapefriend_fab,4,4,4,0,Female,No,16,0,1,0,0,0,1,0,video4_cred_fab,cred_fab,25,4,0.100373003,1,0,0,1
251,R_1SAKxbDBtYHtb3Z,Old Control,vapefriend_mae,4,4,4,0,Female,No,16,0,1,0,0,0,1,0,video5_cred_mae,cred_mae,13,5,-0.417601034,1,0,0,0
252,R_1SAKxbDBtYHtb3Z,Old Control,vapefriend_zanx,4,4,4,0,Female,No,16,0,1,0,0,0,1,0,video6_cred_zanx,cred_zanx,18,6,-0.201778519,1,0,0,1
253,R_1TSQNbZa8QjGYVl,Young Treat,vapefriend_aby,4,4,4,0,Female,No,17,0,1,0,0,0,1,0,video1_cred_aby,cred_aby,0,1,-0.978739575,1,0,0,0
254,R_1TSQNbZa8QjGYVl,Young Treat,vapefriend_anna,4,4,4,0,Female,No,17,0,1,0,0,0,1,0,video2_cred_anna,cred_anna,15,2,-0.331272028,1,0,0,1
255,R_1TSQNbZa8QjGYVl,Young Treat,vapefriend_cham,4,4,4,0,Female,No,17,0,1,0,0,0,1,0,video3_cred_cham,cred_cham,0,3,-0.978739575,1,0,0,0
256,R_1TSQNbZa8QjGYVl,Young Treat,vapefriend_fab,4,4,4,0,Female,No,17,0,1,0,0,0,1,0,video4_cred_fab,cred_fab,10,4,-0.547094544,1,0,0,0
257,R_1TSQNbZa8QjGYVl,Young Treat,vapefriend_mae,4,4,4,0,Female,No,17,0,1,0,0,0,1,0,video5_cred_mae,cred_mae,0,5,-0.978739575,1,0,0,0
258,R_1TSQNbZa8QjGYVl,Young Treat,vapefriend_zanx,4,4,4,0,Female,No,17,0,1,0,0,0,1,0,video6_cred_zanx,cred_zanx,20,6,-0.115449513,1,0,0,1
259,R_1VFFzXy5A45Dddv,Old Control,vapefriend_aby,3,4,3,1,Female,Yes,15,0,0,0,0,1,0,1,video1_cred_aby,cred_aby,20,1,-0.115449513,1,0,0,1
260,R_1VFFzXy5A45Dddv,Old Control,vapefriend_anna,4,4,4,0,Female,Yes,15,0,0,0,0,1,0,1,video2_cred_anna,cred_anna,50,2,1.179485582,1,0,0,1
261,R_1VFFzXy5A45Dddv,Old Control,vapefriend_cham,4,4,3,1,Female,Yes,15,0,0,0,0,1,0,1,video3_cred_cham,cred_cham,41,3,0.791005053,1,0,0,1
262,R_1VFFzXy5A45Dddv,Old Control,vapefriend_fab,3,3,4,1,Female,Yes,15,0,0,0,0,1,0,1,video4_cred_fab,cred_fab,40,4,0.74784055,1,0,0,1
263,R_1VFFzXy5A45Dddv,Old Control,vapefriend_mae,4,4,4,0,Female,Yes,15,0,0,0,0,1,0,1,video5_cred_mae,cred_mae,21,5,-0.072285009,1,0,0,1
264,R_1VFFzXy5A45Dddv,Old Control,vapefriend_zanx,3,4,3,1,Female,Yes,15,0,0,0,0,1,0,1,video6_cred_zanx,cred_zanx,19,6,-0.158614016,1,0,0,1
265,R_1WPx4Bu0nl83jAI,Young Control,vapefriend_aby,4,4,4,0,Male,No,16,0,1,0,0,0,0,0,video1_cred_aby,cred_aby,16,1,-0.288107525,1,0,0,1
266,R_1WPx4Bu0nl83jAI,Young Control,vapefriend_anna,4,4,4,0,Male,No,16,0,1,0,0,0,0,0,video2_cred_anna,cred_anna,39,2,0.704676047,1,0,0,1
267,R_1WPx4Bu0nl83jAI,Young Control,vapefriend_cham,4,4,4,0,Male,No,16,0,1,0,0,0,0,0,video3_cred_cham,cred_cham,34,3,0.488853531,1,0,0,1
268,R_1WPx4Bu0nl83jAI,Young Control,vapefriend_fab,4,4,4,0,Male,No,16,0,1,0,0,0,0,0,video4_cred_fab,cred_fab,19,4,-0.158614016,1,0,0,1
269,R_1WPx4Bu0nl83jAI,Young Control,vapefriend_mae,4,4,4,0,Male,No,16,0,1,0,0,0,0,0,video5_cred_mae,cred_mae,34,5,0.488853531,1,0,0,1
270,R_1WPx4Bu0nl83jAI,Young Control,vapefriend_zanx,4,4,4,0,Male,No,16,0,1,0,0,0,0,0,video6_cred_zanx,cred_zanx,12,6,-0.460765538,1,0,0,0
271,R_1WUoGQYtbfD4On0,Old Treat,vapefriend_aby,4,4,4,0,Female,No,16,0,0,1,0,0,1,0,video1_cred_aby,cred_aby,0,1,-0.978739575,1,0,0,0
272,R_1WUoGQYtbfD4On0,Old Treat,vapefriend_anna,4,4,4,0,Female,No,16,0,0,1,0,0,1,0,video2_cred_anna,cred_anna,0,2,-0.978739575,1,0,0,0
273,R_1WUoGQYtbfD4On0,Old Treat,vapefriend_cham,4,4,4,0,Female,No,16,0,0,1,0,0,1,0,video3_cred_cham,cred_cham,6,3,-0.719752556,1,0,0,0
274,R_1WUoGQYtbfD4On0,Old Treat,vapefriend_fab,4,4,4,0,Female,No,16,0,0,1,0,0,1,0,video4_cred_fab,cred_fab,0,4,-0.978739575,1,0,0,0
275,R_1WUoGQYtbfD4On0,Old Treat,vapefriend_mae,4,4,4,0,Female,No,16,0,0,1,0,0,1,0,video5_cred_mae,cred_mae,8,5,-0.63342355,1,0,0,0
276,R_1WUoGQYtbfD4On0,Old Treat,vapefriend_zanx,4,4,4,0,Female,No,16,0,0,1,0,0,1,0,video6_cred_zanx,cred_zanx,2,6,-0.892410569,1,0,0,0
277,R_1X0bFHqUDPOxYiJ,Old Treat,vapefriend_aby,4,4,4,0,Male,No,16,1,0,0,0,0,0,1,video1_cred_aby,cred_aby,0,1,-0.978739575,1,0,0,0
278,R_1X0bFHqUDPOxYiJ,Old Treat,vapefriend_anna,4,4,4,0,Male,No,16,1,0,0,0,0,0,1,video2_cred_anna,cred_anna,0,2,-0.978739575,1,0,0,0
279,R_1X0bFHqUDPOxYiJ,Old Treat,vapefriend_cham,4,4,4,0,Male,No,16,1,0,0,0,0,0,1,video3_cred_cham,cred_cham,0,3,-0.978739575,1,0,0,0
280,R_1X0bFHqUDPOxYiJ,Old Treat,vapefriend_fab,4,4,4,0,Male,No,16,1,0,0,0,0,0,1,video4_cred_fab,cred_fab,0,4,-0.978739575,1,0,0,0
281,R_1X0bFHqUDPOxYiJ,Old Treat,vapefriend_mae,4,4,4,0,Male,No,16,1,0,0,0,0,0,1,video5_cred_mae,cred_mae,0,5,-0.978739575,1,0,0,0
282,R_1X0bFHqUDPOxYiJ,Old Treat,vapefriend_zanx,4,4,4,0,Male,No,16,1,0,0,0,0,0,1,video6_cred_zanx,cred_zanx,0,6,-0.978739575,1,0,0,0
283,R_1Y5oOSgSKoVvrTI,Young Treat,vapefriend_aby,4,4,3,1,Female,Yes,15,0,0,0,0,1,0,0,video1_cred_aby,cred_aby,53,1,1.308979091,1,0,0,1
284,R_1Y5oOSgSKoVvrTI,Young Treat,vapefriend_anna,4,4,4,0,Female,Yes,15,0,0,0,0,1,0,0,video2_cred_anna,cred_anna,18,2,-0.201778519,1,0,0,1
285,R_1Y5oOSgSKoVvrTI,Young Treat,vapefriend_cham,4,4,4,0,Female,Yes,15,0,0,0,0,1,0,0,video3_cred_cham,cred_cham,25,3,0.100373003,1,0,0,1
286,R_1Y5oOSgSKoVvrTI,Young Treat,vapefriend_fab,4,4,4,0,Female,Yes,15,0,0,0,0,1,0,0,video4_cred_fab,cred_fab,51,4,1.222650085,1,0,0,1
287,R_1Y5oOSgSKoVvrTI,Young Treat,vapefriend_mae,4,4,4,0,Female,Yes,15,0,0,0,0,1,0,0,video5_cred_mae,cred_mae,55,5,1.395308097,1,0,0,1
288,R_1Y5oOSgSKoVvrTI,Young Treat,vapefriend_zanx,4,4,4,0,Female,Yes,15,0,0,0,0,1,0,0,video6_cred_zanx,cred_zanx,43,6,0.87733406,1,0,0,1
289,R_1YSc7VVioePJ43M,Old Control,vapefriend_aby,3,4,4,1,Female,Yes,17,1,0,0,0,0,0,1,video1_cred_aby,cred_aby,52,1,1.265814588,1,0,0,1
290,R_1YSc7VVioePJ43M,Old Control,vapefriend_anna,3,4,4,1,Female,Yes,17,1,0,0,0,0,0,1,video2_cred_anna,cred_anna,46,2,1.006827569,1,0,0,1
291,R_1YSc7VVioePJ43M,Old Control,vapefriend_cham,4,3,4,1,Female,Yes,17,1,0,0,0,0,0,1,video3_cred_cham,cred_cham,65,3,1.826953129,1,0,0,1
292,R_1YSc7VVioePJ43M,Old Control,vapefriend_fab,4,3,4,1,Female,Yes,17,1,0,0,0,0,0,1,video4_cred_fab,cred_fab,65,4,1.826953129,1,0,0,1
293,R_1YSc7VVioePJ43M,Old Control,vapefriend_mae,4,3,4,1,Female,Yes,17,1,0,0,0,0,0,1,video5_cred_mae,cred_mae,62,5,1.697459619,1,0,0,1
294,R_1YSc7VVioePJ43M,Old Control,vapefriend_zanx,3,4,3,1,Female,Yes,17,1,0,0,0,0,0,1,video6_cred_zanx,cred_zanx,60,6,1.611130613,1,0,0,1
295,R_1aWhvbJBbMR6zat,Young Control,vapefriend_aby,4,4,4,0,Female,No,14,1,0,0,0,0,0,0,video1_cred_aby,cred_aby,3,1,-0.849246066,1,0,0,0
296,R_1aWhvbJBbMR6zat,Young Control,vapefriend_anna,4,4,4,0,Female,No,14,1,0,0,0,0,0,0,video2_cred_anna,cred_anna,2,2,-0.892410569,1,0,0,0
297,R_1aWhvbJBbMR6zat,Young Control,vapefriend_cham,4,4,4,0,Female,No,14,1,0,0,0,0,0,0,video3_cred_cham,cred_cham,0,3,-0.978739575,1,0,0,0
298,R_1aWhvbJBbMR6zat,Young Control,vapefriend_fab,4,4,4,0,Female,No,14,1,0,0,0,0,0,0,video4_cred_fab,cred_fab,0,4,-0.978739575,1,0,0,0
299,R_1aWhvbJBbMR6zat,Young Control,vapefriend_mae,4,4,4,0,Female,No,14,1,0,0,0,0,0,0,video5_cred_mae,cred_mae,3,5,-0.849246066,1,0,0,0
300,R_1aWhvbJBbMR6zat,Young Control,vapefriend_zanx,4,4,4,0,Female,No,14,1,0,0,0,0,0,0,video6_cred_zanx,cred_zanx,0,6,-0.978739575,1,0,0,0
301,R_1bT1oORBOwQNwmz,Old Control,vapefriend_aby,2,1,3,1,Female,No,14,0,0,1,0,0,0,1,video1_cred_aby,cred_aby,58,1,1.524801607,3,1,1,1
302,R_1bT1oORBOwQNwmz,Old Control,vapefriend_anna,1,3,2,1,Female,No,14,0,0,1,0,0,0,1,video2_cred_anna,cred_anna,57,2,1.481637104,3,1,1,1
303,R_1bT1oORBOwQNwmz,Old Control,vapefriend_cham,2,2,3,1,Female,No,14,0,0,1,0,0,0,1,video3_cred_cham,cred_cham,52,3,1.265814588,3,1,1,1
304,R_1bT1oORBOwQNwmz,Old Control,vapefriend_fab,1,2,2,1,Female,No,14,0,0,1,0,0,0,1,video4_cred_fab,cred_fab,51,4,1.222650085,3,1,1,1
305,R_1bT1oORBOwQNwmz,Old Control,vapefriend_mae,3,2,2,1,Female,No,14,0,0,1,0,0,0,1,video5_cred_mae,cred_mae,37,5,0.618347041,3,1,1,1
306,R_1bT1oORBOwQNwmz,Old Control,vapefriend_zanx,2,2,2,1,Female,No,14,0,0,1,0,0,0,1,video6_cred_zanx,cred_zanx,56,6,1.4384726,3,1,1,1
307,R_1cuzEv9w0QQyKKI,Young Treat,vapefriend_aby,4,4,4,0,Female,Yes,17,1,0,0,0,0,1,0,video1_cred_aby,cred_aby,30,1,0.316195519,1,0,0,1
308,R_1cuzEv9w0QQyKKI,Young Treat,vapefriend_anna,4,4,4,0,Female,Yes,17,1,0,0,0,0,1,0,video2_cred_anna,cred_anna,40,2,0.74784055,1,0,0,1
309,R_1cuzEv9w0QQyKKI,Young Treat,vapefriend_cham,4,4,4,0,Female,Yes,17,1,0,0,0,0,1,0,video3_cred_cham,cred_cham,50,3,1.179485582,1,0,0,1
310,R_1cuzEv9w0QQyKKI,Young Treat,vapefriend_fab,4,4,4,0,Female,Yes,17,1,0,0,0,0,1,0,video4_cred_fab,cred_fab,45,4,0.963663066,1,0,0,1
311,R_1cuzEv9w0QQyKKI,Young Treat,vapefriend_mae,4,4,4,0,Female,Yes,17,1,0,0,0,0,1,0,video5_cred_mae,cred_mae,60,5,1.611130613,1,0,0,1
312,R_1cuzEv9w0QQyKKI,Young Treat,vapefriend_zanx,4,4,4,0,Female,Yes,17,1,0,0,0,0,1,0,video6_cred_zanx,cred_zanx,50,6,1.179485582,1,0,0,1
313,R_1du07fuzlXJmGuG,Young Control,vapefriend_aby,4,4,4,0,Female,Yes,16,0,0,0,0,1,1,1,video1_cred_aby,cred_aby,0.5,1,-0.957157324,1,0,0,0
314,R_1du07fuzlXJmGuG,Young Control,vapefriend_anna,4,4,4,0,Female,Yes,16,0,0,0,0,1,1,1,video2_cred_anna,cred_anna,5,2,-0.76291706,1,0,0,0
315,R_1du07fuzlXJmGuG,Young Control,vapefriend_cham,4,3,2,1,Female,Yes,16,0,0,0,0,1,1,1,video3_cred_cham,cred_cham,29,3,0.273031016,1,0,0,1
316,R_1du07fuzlXJmGuG,Young Control,vapefriend_fab,4,4,4,0,Female,Yes,16,0,0,0,0,1,1,1,video4_cred_fab,cred_fab,4,4,-0.806081563,1,0,0,0
317,R_1du07fuzlXJmGuG,Young Control,vapefriend_mae,4,4,4,0,Female,Yes,16,0,0,0,0,1,1,1,video5_cred_mae,cred_mae,21,5,-0.072285009,1,0,0,1
318,R_1du07fuzlXJmGuG,Young Control,vapefriend_zanx,4,4,3,1,Female,Yes,16,0,0,0,0,1,1,1,video6_cred_zanx,cred_zanx,7,6,-0.676588053,1,0,0,0
319,R_1eKpUpqlIs820xg,Young Treat,vapefriend_aby,4,4,4,0,Male,NA,15,1,0,0,0,0,0,0,video1_cred_aby,cred_aby,10,1,-0.547094544,2,0,0,0
320,R_1eKpUpqlIs820xg,Young Treat,vapefriend_anna,4,4,4,0,Male,NA,15,1,0,0,0,0,0,0,video2_cred_anna,cred_anna,8,2,-0.63342355,2,0,0,0
321,R_1eKpUpqlIs820xg,Young Treat,vapefriend_cham,4,4,4,0,Male,NA,15,1,0,0,0,0,0,0,video3_cred_cham,cred_cham,10,3,-0.547094544,2,0,0,0
322,R_1eKpUpqlIs820xg,Young Treat,vapefriend_fab,4,4,3,1,Male,NA,15,1,0,0,0,0,0,0,video4_cred_fab,cred_fab,9,4,-0.590259047,2,0,0,0
323,R_1eKpUpqlIs820xg,Young Treat,vapefriend_mae,4,4,4,0,Male,NA,15,1,0,0,0,0,0,0,video5_cred_mae,cred_mae,11,5,-0.503930041,2,0,0,0
324,R_1eKpUpqlIs820xg,Young Treat,vapefriend_zanx,4,4,4,0,Male,NA,15,1,0,0,0,0,0,0,video6_cred_zanx,cred_zanx,9,6,-0.590259047,2,0,0,0
325,R_1eXXAfHL622jU4b,Old Treat,vapefriend_aby,4,4,4,0,Male,No,14,1,1,0,0,0,0,1,video1_cred_aby,cred_aby,9,1,-0.590259047,3,0,0,0
326,R_1eXXAfHL622jU4b,Old Treat,vapefriend_anna,4,4,4,0,Male,No,14,1,1,0,0,0,0,1,video2_cred_anna,cred_anna,3,2,-0.849246066,3,0,0,0
327,R_1eXXAfHL622jU4b,Old Treat,vapefriend_cham,4,4,4,0,Male,No,14,1,1,0,0,0,0,1,video3_cred_cham,cred_cham,2,3,-0.892410569,3,0,0,0
328,R_1eXXAfHL622jU4b,Old Treat,vapefriend_fab,4,4,4,0,Male,No,14,1,1,0,0,0,0,1,video4_cred_fab,cred_fab,7,4,-0.676588053,3,0,0,0
329,R_1eXXAfHL622jU4b,Old Treat,vapefriend_mae,4,4,4,0,Male,No,14,1,1,0,0,0,0,1,video5_cred_mae,cred_mae,9,5,-0.590259047,3,0,0,0
330,R_1eXXAfHL622jU4b,Old Treat,vapefriend_zanx,4,4,4,0,Male,No,14,1,1,0,0,0,0,1,video6_cred_zanx,cred_zanx,2,6,-0.892410569,3,0,0,0
331,R_1exi3BMQZX4LVK8,Old Control,vapefriend_aby,4,4,3,1,Female,Yes,17,0,0,0,1,0,1,0,video1_cred_aby,cred_aby,3,1,-0.849246066,1,0,0,0
332,R_1exi3BMQZX4LVK8,Old Control,vapefriend_anna,4,4,4,0,Female,Yes,17,0,0,0,1,0,1,0,video2_cred_anna,cred_anna,0,2,-0.978739575,1,0,0,0
333,R_1exi3BMQZX4LVK8,Old Control,vapefriend_cham,4,4,4,0,Female,Yes,17,0,0,0,1,0,1,0,video3_cred_cham,cred_cham,0,3,-0.978739575,1,0,0,0
334,R_1exi3BMQZX4LVK8,Old Control,vapefriend_fab,4,4,4,0,Female,Yes,17,0,0,0,1,0,1,0,video4_cred_fab,cred_fab,0,4,-0.978739575,1,0,0,0
335,R_1exi3BMQZX4LVK8,Old Control,vapefriend_mae,4,4,4,0,Female,Yes,17,0,0,0,1,0,1,0,video5_cred_mae,cred_mae,1,5,-0.935575072,1,0,0,0
336,R_1exi3BMQZX4LVK8,Old Control,vapefriend_zanx,4,4,4,0,Female,Yes,17,0,0,0,1,0,1,0,video6_cred_zanx,cred_zanx,1,6,-0.935575072,1,0,0,0
337,R_1f7VpZ09sUBgvoZ,Young Treat,vapefriend_aby,2,3,2,1,Male,No,15,1,0,0,0,0,0,1,video1_cred_aby,cred_aby,76,1,2.301762663,1,0,0,1
338,R_1f7VpZ09sUBgvoZ,Young Treat,vapefriend_anna,2,2,2,1,Male,No,15,1,0,0,0,0,0,1,video2_cred_anna,cred_anna,75,2,2.25859816,1,0,0,1
339,R_1f7VpZ09sUBgvoZ,Young Treat,vapefriend_cham,2,2,2,1,Male,No,15,1,0,0,0,0,0,1,video3_cred_cham,cred_cham,75,3,2.25859816,1,0,0,1
340,R_1f7VpZ09sUBgvoZ,Young Treat,vapefriend_fab,2,1,2,1,Male,No,15,1,0,0,0,0,0,1,video4_cred_fab,cred_fab,71,4,2.085940147,1,0,0,1
341,R_1f7VpZ09sUBgvoZ,Young Treat,vapefriend_mae,1,2,2,1,Male,No,15,1,0,0,0,0,0,1,video5_cred_mae,cred_mae,70,5,2.042775644,1,0,0,1
342,R_1f7VpZ09sUBgvoZ,Young Treat,vapefriend_zanx,3,2,2,1,Male,No,15,1,0,0,0,0,0,1,video6_cred_zanx,cred_zanx,81,6,2.517585179,1,0,0,1
343,R_1fkOLcYu5uEKXDZ,Young Treat,vapefriend_aby,3,4,4,1,Female,Yes,16,0,0,0,1,0,0,1,video1_cred_aby,cred_aby,33,1,0.445689028,1,0,0,1
344,R_1fkOLcYu5uEKXDZ,Young Treat,vapefriend_anna,4,4,4,0,Female,Yes,16,0,0,0,1,0,0,1,video2_cred_anna,cred_anna,48,2,1.093156575,1,0,0,1
345,R_1fkOLcYu5uEKXDZ,Young Treat,vapefriend_cham,4,4,4,0,Female,Yes,16,0,0,0,1,0,0,1,video3_cred_cham,cred_cham,48,3,1.093156575,1,0,0,1
346,R_1fkOLcYu5uEKXDZ,Young Treat,vapefriend_fab,4,4,4,0,Female,Yes,16,0,0,0,1,0,0,1,video4_cred_fab,cred_fab,29,4,0.273031016,1,0,0,1
347,R_1fkOLcYu5uEKXDZ,Young Treat,vapefriend_mae,4,4,4,0,Female,Yes,16,0,0,0,1,0,0,1,video5_cred_mae,cred_mae,47,5,1.049992072,1,0,0,1
348,R_1fkOLcYu5uEKXDZ,Young Treat,vapefriend_zanx,4,4,4,0,Female,Yes,16,0,0,0,1,0,0,1,video6_cred_zanx,cred_zanx,50,6,1.179485582,1,0,0,1
349,R_1gGu5TyifenWRqF,Old Control,vapefriend_aby,4,4,4,0,Female,Yes,15,1,0,0,0,1,1,1,video1_cred_aby,cred_aby,7,1,-0.676588053,1,0,0,0
350,R_1gGu5TyifenWRqF,Old Control,vapefriend_anna,4,4,4,0,Female,Yes,15,1,0,0,0,1,1,1,video2_cred_anna,cred_anna,0,2,-0.978739575,1,0,0,0
351,R_1gGu5TyifenWRqF,Old Control,vapefriend_cham,4,4,4,0,Female,Yes,15,1,0,0,0,1,1,1,video3_cred_cham,cred_cham,9,3,-0.590259047,1,0,0,0
352,R_1gGu5TyifenWRqF,Old Control,vapefriend_fab,4,4,4,0,Female,Yes,15,1,0,0,0,1,1,1,video4_cred_fab,cred_fab,7,4,-0.676588053,1,0,0,0
353,R_1gGu5TyifenWRqF,Old Control,vapefriend_mae,4,4,4,0,Female,Yes,15,1,0,0,0,1,1,1,video5_cred_mae,cred_mae,5,5,-0.76291706,1,0,0,0
354,R_1gGu5TyifenWRqF,Old Control,vapefriend_zanx,4,4,3,1,Female,Yes,15,1,0,0,0,1,1,1,video6_cred_zanx,cred_zanx,3,6,-0.849246066,1,0,0,0
355,R_1hxDXUVL8yqa7kd,Old Control,vapefriend_aby,4,4,4,0,Female,Yes,15,0,0,0,0,1,0,1,video1_cred_aby,cred_aby,0,1,-0.978739575,1,0,0,0
356,R_1hxDXUVL8yqa7kd,Old Control,vapefriend_anna,4,4,4,0,Female,Yes,15,0,0,0,0,1,0,1,video2_cred_anna,cred_anna,1,2,-0.935575072,1,0,0,0
357,R_1hxDXUVL8yqa7kd,Old Control,vapefriend_cham,4,4,4,0,Female,Yes,15,0,0,0,0,1,0,1,video3_cred_cham,cred_cham,0,3,-0.978739575,1,0,0,0
358,R_1hxDXUVL8yqa7kd,Old Control,vapefriend_fab,4,4,4,0,Female,Yes,15,0,0,0,0,1,0,1,video4_cred_fab,cred_fab,0,4,-0.978739575,1,0,0,0
359,R_1hxDXUVL8yqa7kd,Old Control,vapefriend_mae,4,4,4,0,Female,Yes,15,0,0,0,0,1,0,1,video5_cred_mae,cred_mae,0,5,-0.978739575,1,0,0,0
360,R_1hxDXUVL8yqa7kd,Old Control,vapefriend_zanx,4,4,4,0,Female,Yes,15,0,0,0,0,1,0,1,video6_cred_zanx,cred_zanx,0,6,-0.978739575,1,0,0,0
361,R_1jrbq2tlFc6OhSF,Young Control,vapefriend_aby,4,4,4,0,Female,Yes,16,1,0,0,0,0,0,1,video1_cred_aby,cred_aby,20,1,-0.115449513,1,0,0,1
362,R_1jrbq2tlFc6OhSF,Young Control,vapefriend_anna,4,4,3,1,Female,Yes,16,1,0,0,0,0,0,1,video2_cred_anna,cred_anna,29,2,0.273031016,1,0,0,1
363,R_1jrbq2tlFc6OhSF,Young Control,vapefriend_cham,4,4,4,0,Female,Yes,16,1,0,0,0,0,0,1,video3_cred_cham,cred_cham,30,3,0.316195519,1,0,0,1
364,R_1jrbq2tlFc6OhSF,Young Control,vapefriend_fab,4,4,4,0,Female,Yes,16,1,0,0,0,0,0,1,video4_cred_fab,cred_fab,11,4,-0.503930041,1,0,0,0
365,R_1jrbq2tlFc6OhSF,Young Control,vapefriend_mae,4,4,3,1,Female,Yes,16,1,0,0,0,0,0,1,video5_cred_mae,cred_mae,17,5,-0.244943022,1,0,0,1
366,R_1jrbq2tlFc6OhSF,Young Control,vapefriend_zanx,4,4,4,0,Female,Yes,16,1,0,0,0,0,0,1,video6_cred_zanx,cred_zanx,7,6,-0.676588053,1,0,0,0
367,R_1n29u8dMSU6WgRC,Old Control,vapefriend_aby,4,4,4,0,Female,No,14,0,0,0,1,0,0,1,video1_cred_aby,cred_aby,20,1,-0.115449513,1,0,0,1
368,R_1n29u8dMSU6WgRC,Old Control,vapefriend_anna,4,4,4,0,Female,No,14,0,0,0,1,0,0,1,video2_cred_anna,cred_anna,10,2,-0.547094544,1,0,0,0
369,R_1n29u8dMSU6WgRC,Old Control,vapefriend_cham,4,4,4,0,Female,No,14,0,0,0,1,0,0,1,video3_cred_cham,cred_cham,21,3,-0.072285009,1,0,0,1
370,R_1n29u8dMSU6WgRC,Old Control,vapefriend_fab,3,4,4,1,Female,No,14,0,0,0,1,0,0,1,video4_cred_fab,cred_fab,22,4,-0.029120506,1,0,0,1
371,R_1n29u8dMSU6WgRC,Old Control,vapefriend_mae,4,4,4,0,Female,No,14,0,0,0,1,0,0,1,video5_cred_mae,cred_mae,17,5,-0.244943022,1,0,0,1
372,R_1n29u8dMSU6WgRC,Old Control,vapefriend_zanx,4,4,4,0,Female,No,14,0,0,0,1,0,0,1,video6_cred_zanx,cred_zanx,24,6,0.0572085,1,0,0,1
373,R_1nGX4LGLzXq4KnT,Old Control,vapefriend_aby,3,3,3,1,Female,Yes,17,0,0,0,0,1,0,1,video1_cred_aby,cred_aby,50,1,1.179485582,1,0,0,1
374,R_1nGX4LGLzXq4KnT,Old Control,vapefriend_anna,4,4,4,0,Female,Yes,17,0,0,0,0,1,0,1,video2_cred_anna,cred_anna,6,2,-0.719752556,1,0,0,0
375,R_1nGX4LGLzXq4KnT,Old Control,vapefriend_cham,3,3,3,1,Female,Yes,17,0,0,0,0,1,0,1,video3_cred_cham,cred_cham,46,3,1.006827569,1,0,0,1
376,R_1nGX4LGLzXq4KnT,Old Control,vapefriend_fab,4,4,4,0,Female,Yes,17,0,0,0,0,1,0,1,video4_cred_fab,cred_fab,0,4,-0.978739575,1,0,0,0
377,R_1nGX4LGLzXq4KnT,Old Control,vapefriend_mae,4,4,4,0,Female,Yes,17,0,0,0,0,1,0,1,video5_cred_mae,cred_mae,11,5,-0.503930041,1,0,0,0
378,R_1nGX4LGLzXq4KnT,Old Control,vapefriend_zanx,4,4,4,0,Female,Yes,17,0,0,0,0,1,0,1,video6_cred_zanx,cred_zanx,4,6,-0.806081563,1,0,0,0
379,R_1pVPP9U3mCEh4tv,Young Control,vapefriend_aby,4,3,2,1,Male,No,17,0,1,0,0,0,0,1,video1_cred_aby,cred_aby,50,1,1.179485582,1,0,0,1
380,R_1pVPP9U3mCEh4tv,Young Control,vapefriend_anna,4,4,2,1,Male,No,17,0,1,0,0,0,0,1,video2_cred_anna,cred_anna,52,2,1.265814588,1,0,0,1
381,R_1pVPP9U3mCEh4tv,Young Control,vapefriend_cham,3,4,2,1,Male,No,17,0,1,0,0,0,0,1,video3_cred_cham,cred_cham,56,3,1.4384726,1,0,0,1
382,R_1pVPP9U3mCEh4tv,Young Control,vapefriend_fab,3,3,3,1,Male,No,17,0,1,0,0,0,0,1,video4_cred_fab,cred_fab,53,4,1.308979091,1,0,0,1
383,R_1pVPP9U3mCEh4tv,Young Control,vapefriend_mae,4,4,2,1,Male,No,17,0,1,0,0,0,0,1,video5_cred_mae,cred_mae,46,5,1.006827569,1,0,0,1
384,R_1pVPP9U3mCEh4tv,Young Control,vapefriend_zanx,4,4,2,1,Male,No,17,0,1,0,0,0,0,1,video6_cred_zanx,cred_zanx,56,6,1.4384726,1,0,0,1
385,R_1qxt9YxQti9yeIl,Young Treat,vapefriend_aby,4,4,2,1,Male,Yes,17,0,0,0,0,1,1,1,video1_cred_aby,cred_aby,50,1,1.179485582,1,0,0,1
386,R_1qxt9YxQti9yeIl,Young Treat,vapefriend_anna,4,4,2,1,Male,Yes,17,0,0,0,0,1,1,1,video2_cred_anna,cred_anna,50,2,1.179485582,1,0,0,1
387,R_1qxt9YxQti9yeIl,Young Treat,vapefriend_cham,4,4,2,1,Male,Yes,17,0,0,0,0,1,1,1,video3_cred_cham,cred_cham,50,3,1.179485582,1,0,0,1
388,R_1qxt9YxQti9yeIl,Young Treat,vapefriend_fab,4,4,2,1,Male,Yes,17,0,0,0,0,1,1,1,video4_cred_fab,cred_fab,50,4,1.179485582,1,0,0,1
389,R_1qxt9YxQti9yeIl,Young Treat,vapefriend_mae,4,4,2,1,Male,Yes,17,0,0,0,0,1,1,1,video5_cred_mae,cred_mae,50,5,1.179485582,1,0,0,1
390,R_1qxt9YxQti9yeIl,Young Treat,vapefriend_zanx,4,4,2,1,Male,Yes,17,0,0,0,0,1,1,1,video6_cred_zanx,cred_zanx,0,6,-0.978739575,1,0,0,0
391,R_1rDvDg9h58m2Fk5,Young Treat,vapefriend_aby,4,4,3,1,Female,Yes,17,0,0,0,0,0,0,1,video1_cred_aby,cred_aby,18,1,-0.201778519,1,0,0,1
392,R_1rDvDg9h58m2Fk5,Young Treat,vapefriend_anna,4,4,3,1,Female,Yes,17,0,0,0,0,0,0,1,video2_cred_anna,cred_anna,62,2,1.697459619,1,0,0,1
393,R_1rDvDg9h58m2Fk5,Young Treat,vapefriend_cham,4,4,3,1,Female,Yes,17,0,0,0,0,0,0,1,video3_cred_cham,cred_cham,60,3,1.611130613,1,0,0,1
394,R_1rDvDg9h58m2Fk5,Young Treat,vapefriend_fab,4,4,3,1,Female,Yes,17,0,0,0,0,0,0,1,video4_cred_fab,cred_fab,30,4,0.316195519,1,0,0,1
395,R_1rDvDg9h58m2Fk5,Young Treat,vapefriend_mae,4,4,3,1,Female,Yes,17,0,0,0,0,0,0,1,video5_cred_mae,cred_mae,45,5,0.963663066,1,0,0,1
396,R_1rDvDg9h58m2Fk5,Young Treat,vapefriend_zanx,4,4,3,1,Female,Yes,17,0,0,0,0,0,0,1,video6_cred_zanx,cred_zanx,14,6,-0.374436531,1,0,0,1
397,R_1rIlX2BiEdN8kul,Old Control,vapefriend_aby,4,4,4,0,Male,No,17,1,0,0,0,0,1,1,video1_cred_aby,cred_aby,14,1,-0.374436531,1,0,0,1
398,R_1rIlX2BiEdN8kul,Old Control,vapefriend_anna,4,4,4,0,Male,No,17,1,0,0,0,0,1,1,video2_cred_anna,cred_anna,16,2,-0.288107525,1,0,0,1
399,R_1rIlX2BiEdN8kul,Old Control,vapefriend_cham,4,4,4,0,Male,No,17,1,0,0,0,0,1,1,video3_cred_cham,cred_cham,12,3,-0.460765538,1,0,0,0
400,R_1rIlX2BiEdN8kul,Old Control,vapefriend_fab,3,3,3,1,Male,No,17,1,0,0,0,0,1,1,video4_cred_fab,cred_fab,25,4,0.100373003,1,0,0,1
401,R_1rIlX2BiEdN8kul,Old Control,vapefriend_mae,4,4,3,1,Male,No,17,1,0,0,0,0,1,1,video5_cred_mae,cred_mae,40,5,0.74784055,1,0,0,1
402,R_1rIlX2BiEdN8kul,Old Control,vapefriend_zanx,4,4,4,0,Male,No,17,1,0,0,0,0,1,1,video6_cred_zanx,cred_zanx,17,6,-0.244943022,1,0,0,1
403,R_1szuBkReEx7sFRo,Young Control,vapefriend_aby,4,4,4,0,Female,No,16,0,0,1,0,0,0,0,video1_cred_aby,cred_aby,100,1,3.337710738,1,0,0,1
404,R_1szuBkReEx7sFRo,Young Control,vapefriend_anna,4,4,4,0,Female,No,16,0,0,1,0,0,0,0,video2_cred_anna,cred_anna,5,2,-0.76291706,1,0,0,0
405,R_1szuBkReEx7sFRo,Young Control,vapefriend_cham,4,4,4,0,Female,No,16,0,0,1,0,0,0,0,video3_cred_cham,cred_cham,0,3,-0.978739575,1,0,0,0
406,R_1szuBkReEx7sFRo,Young Control,vapefriend_fab,4,4,4,0,Female,No,16,0,0,1,0,0,0,0,video4_cred_fab,cred_fab,22,4,-0.029120506,1,0,0,1
407,R_1szuBkReEx7sFRo,Young Control,vapefriend_mae,4,4,4,0,Female,No,16,0,0,1,0,0,0,0,video5_cred_mae,cred_mae,0,5,-0.978739575,1,0,0,0
408,R_1szuBkReEx7sFRo,Young Control,vapefriend_zanx,4,4,4,0,Female,No,16,0,0,1,0,0,0,0,video6_cred_zanx,cred_zanx,0,6,-0.978739575,1,0,0,0
409,R_1tu0xmzRTDotSCD,Old Control,vapefriend_aby,2,2,3,1,Male,No,17,1,0,0,0,0,1,1,video1_cred_aby,cred_aby,52,1,1.265814588,1,0,0,1
410,R_1tu0xmzRTDotSCD,Old Control,vapefriend_anna,2,3,2,1,Male,No,17,1,0,0,0,0,1,1,video2_cred_anna,cred_anna,48,2,1.093156575,1,0,0,1
411,R_1tu0xmzRTDotSCD,Old Control,vapefriend_cham,2,2,2,1,Male,No,17,1,0,0,0,0,1,1,video3_cred_cham,cred_cham,63,3,1.740624122,1,0,0,1
412,R_1tu0xmzRTDotSCD,Old Control,vapefriend_fab,2,2,2,1,Male,No,17,1,0,0,0,0,1,1,video4_cred_fab,cred_fab,27,4,0.186702009,1,0,0,1
413,R_1tu0xmzRTDotSCD,Old Control,vapefriend_mae,2,2,3,1,Male,No,17,1,0,0,0,0,1,1,video5_cred_mae,cred_mae,31,5,0.359360022,1,0,0,1
414,R_1tu0xmzRTDotSCD,Old Control,vapefriend_zanx,2,3,2,1,Male,No,17,1,0,0,0,0,1,1,video6_cred_zanx,cred_zanx,64,6,1.783788626,1,0,0,1
415,R_1u4D0n9pFZBL2vf,Young Control,vapefriend_aby,4,4,4,0,Female,No,15,1,0,0,0,0,0,1,video1_cred_aby,cred_aby,3,1,-0.849246066,1,0,0,0
416,R_1u4D0n9pFZBL2vf,Young Control,vapefriend_anna,4,4,4,0,Female,No,15,1,0,0,0,0,0,1,video2_cred_anna,cred_anna,1,2,-0.935575072,1,0,0,0
417,R_1u4D0n9pFZBL2vf,Young Control,vapefriend_cham,4,4,4,0,Female,No,15,1,0,0,0,0,0,1,video3_cred_cham,cred_cham,2,3,-0.892410569,1,0,0,0
418,R_1u4D0n9pFZBL2vf,Young Control,vapefriend_fab,4,4,4,0,Female,No,15,1,0,0,0,0,0,1,video4_cred_fab,cred_fab,7,4,-0.676588053,1,0,0,0
419,R_1u4D0n9pFZBL2vf,Young Control,vapefriend_mae,4,4,4,0,Female,No,15,1,0,0,0,0,0,1,video5_cred_mae,cred_mae,4,5,-0.806081563,1,0,0,0
420,R_1u4D0n9pFZBL2vf,Young Control,vapefriend_zanx,4,4,4,0,Female,No,15,1,0,0,0,0,0,1,video6_cred_zanx,cred_zanx,10,6,-0.547094544,1,0,0,0
421,R_1uOpjEeRyglMzlv,Young Treat,vapefriend_aby,3,NA,4,1,NA,Yes,14,0,0,0,0,1,0,1,video1_cred_aby,cred_aby,34,1,0.488853531,NA,0,0,1
422,R_1uOpjEeRyglMzlv,Young Treat,vapefriend_anna,4,3,4,1,NA,Yes,14,0,0,0,0,1,0,1,video2_cred_anna,cred_anna,19,2,-0.158614016,NA,0,0,1
423,R_1uOpjEeRyglMzlv,Young Treat,vapefriend_cham,4,4,4,0,NA,Yes,14,0,0,0,0,1,0,1,video3_cred_cham,cred_cham,24,3,0.0572085,NA,0,0,1
424,R_1uOpjEeRyglMzlv,Young Treat,vapefriend_fab,2,2,2,1,NA,Yes,14,0,0,0,0,1,0,1,video4_cred_fab,cred_fab,17,4,-0.244943022,NA,0,0,1
425,R_1uOpjEeRyglMzlv,Young Treat,vapefriend_mae,3,4,1,1,NA,Yes,14,0,0,0,0,1,0,1,video5_cred_mae,cred_mae,0,5,-0.978739575,NA,0,0,0
426,R_1uOpjEeRyglMzlv,Young Treat,vapefriend_zanx,4,2,4,1,NA,Yes,14,0,0,0,0,1,0,1,video6_cred_zanx,cred_zanx,0,6,-0.978739575,NA,0,0,0
427,R_1v98IPTOSXs2VGy,Old Treat,vapefriend_aby,4,4,4,0,Female,No,16,0,0,1,0,0,1,0,video1_cred_aby,cred_aby,10,1,-0.547094544,1,0,0,0
428,R_1v98IPTOSXs2VGy,Old Treat,vapefriend_anna,4,4,4,0,Female,No,16,0,0,1,0,0,1,0,video2_cred_anna,cred_anna,38,2,0.661511544,1,0,0,1
429,R_1v98IPTOSXs2VGy,Old Treat,vapefriend_cham,4,4,4,0,Female,No,16,0,0,1,0,0,1,0,video3_cred_cham,cred_cham,30,3,0.316195519,1,0,0,1
430,R_1v98IPTOSXs2VGy,Old Treat,vapefriend_fab,4,4,4,0,Female,No,16,0,0,1,0,0,1,0,video4_cred_fab,cred_fab,42,4,0.834169557,1,0,0,1
431,R_1v98IPTOSXs2VGy,Old Treat,vapefriend_mae,4,4,4,0,Female,No,16,0,0,1,0,0,1,0,video5_cred_mae,cred_mae,31,5,0.359360022,1,0,0,1
432,R_1v98IPTOSXs2VGy,Old Treat,vapefriend_zanx,4,4,4,0,Female,No,16,0,0,1,0,0,1,0,video6_cred_zanx,cred_zanx,17,6,-0.244943022,1,0,0,1
433,R_1woRiNrqQ55ZfuJ,Old Treat,vapefriend_aby,2,2,2,1,Male,Yes,15,0,0,0,0,1,0,0,video1_cred_aby,cred_aby,59,1,1.56796611,1,0,0,1
434,R_1woRiNrqQ55ZfuJ,Old Treat,vapefriend_anna,1,1,1,1,Male,Yes,15,0,0,0,0,1,0,0,video2_cred_anna,cred_anna,92,2,2.992394713,1,0,0,1
435,R_1woRiNrqQ55ZfuJ,Old Treat,vapefriend_cham,2,2,2,1,Male,Yes,15,0,0,0,0,1,0,0,video3_cred_cham,cred_cham,75,3,2.25859816,1,0,0,1
436,R_1woRiNrqQ55ZfuJ,Old Treat,vapefriend_fab,1,1,1,1,Male,Yes,15,0,0,0,0,1,0,0,video4_cred_fab,cred_fab,62,4,1.697459619,1,0,0,1
437,R_1woRiNrqQ55ZfuJ,Old Treat,vapefriend_mae,1,1,1,1,Male,Yes,15,0,0,0,0,1,0,0,video5_cred_mae,cred_mae,99,5,3.294546235,1,0,0,1
438,R_1woRiNrqQ55ZfuJ,Old Treat,vapefriend_zanx,1,2,1,1,Male,Yes,15,0,0,0,0,1,0,0,video6_cred_zanx,cred_zanx,84,6,2.647078688,1,0,0,1
439,R_1xhahKT89kSuloZ,Old Treat,vapefriend_aby,4,4,4,0,Female,Yes,15,1,0,0,0,1,1,1,video1_cred_aby,cred_aby,1,1,-0.935575072,1,0,0,0
440,R_1xhahKT89kSuloZ,Old Treat,vapefriend_anna,4,4,4,0,Female,Yes,15,1,0,0,0,1,1,1,video2_cred_anna,cred_anna,2,2,-0.892410569,1,0,0,0
441,R_1xhahKT89kSuloZ,Old Treat,vapefriend_cham,4,4,4,0,Female,Yes,15,1,0,0,0,1,1,1,video3_cred_cham,cred_cham,1,3,-0.935575072,1,0,0,0
442,R_1xhahKT89kSuloZ,Old Treat,vapefriend_fab,4,4,4,0,Female,Yes,15,1,0,0,0,1,1,1,video4_cred_fab,cred_fab,2,4,-0.892410569,1,0,0,0
443,R_1xhahKT89kSuloZ,Old Treat,vapefriend_mae,4,4,4,0,Female,Yes,15,1,0,0,0,1,1,1,video5_cred_mae,cred_mae,1,5,-0.935575072,1,0,0,0
444,R_1xhahKT89kSuloZ,Old Treat,vapefriend_zanx,3,3,3,1,Female,Yes,15,1,0,0,0,1,1,1,video6_cred_zanx,cred_zanx,12,6,-0.460765538,1,0,0,0
445,R_306laEj05l5Vzd7,Old Control,vapefriend_aby,3,4,3,1,Female,No,15,0,1,0,0,0,0,1,video1_cred_aby,cred_aby,62,1,1.697459619,1,0,0,1
446,R_306laEj05l5Vzd7,Old Control,vapefriend_anna,4,4,4,0,Female,No,15,0,1,0,0,0,0,1,video2_cred_anna,cred_anna,38,2,0.661511544,1,0,0,1
447,R_306laEj05l5Vzd7,Old Control,vapefriend_cham,3,4,3,1,Female,No,15,0,1,0,0,0,0,1,video3_cred_cham,cred_cham,41,3,0.791005053,1,0,0,1
448,R_306laEj05l5Vzd7,Old Control,vapefriend_fab,4,4,4,0,Female,No,15,0,1,0,0,0,0,1,video4_cred_fab,cred_fab,36,4,0.575182538,1,0,0,1
449,R_306laEj05l5Vzd7,Old Control,vapefriend_mae,3,4,3,1,Female,No,15,0,1,0,0,0,0,1,video5_cred_mae,cred_mae,61,5,1.654295116,1,0,0,1
450,R_306laEj05l5Vzd7,Old Control,vapefriend_zanx,3,4,3,1,Female,No,15,0,1,0,0,0,0,1,video6_cred_zanx,cred_zanx,61,6,1.654295116,1,0,0,1
451,R_30dhkbcKh3wrLdE,Old Control,vapefriend_aby,4,4,4,0,Male,No,15,0,1,0,0,0,0,0,video1_cred_aby,cred_aby,1,1,-0.935575072,1,0,0,0
452,R_30dhkbcKh3wrLdE,Old Control,vapefriend_anna,4,4,4,0,Male,No,15,0,1,0,0,0,0,0,video2_cred_anna,cred_anna,2,2,-0.892410569,1,0,0,0
453,R_30dhkbcKh3wrLdE,Old Control,vapefriend_cham,4,4,4,0,Male,No,15,0,1,0,0,0,0,0,video3_cred_cham,cred_cham,1,3,-0.935575072,1,0,0,0
454,R_30dhkbcKh3wrLdE,Old Control,vapefriend_fab,4,4,4,0,Male,No,15,0,1,0,0,0,0,0,video4_cred_fab,cred_fab,1,4,-0.935575072,1,0,0,0
455,R_30dhkbcKh3wrLdE,Old Control,vapefriend_mae,4,4,4,0,Male,No,15,0,1,0,0,0,0,0,video5_cred_mae,cred_mae,1,5,-0.935575072,1,0,0,0
456,R_30dhkbcKh3wrLdE,Old Control,vapefriend_zanx,4,4,4,0,Male,No,15,0,1,0,0,0,0,0,video6_cred_zanx,cred_zanx,1,6,-0.935575072,1,0,0,0
457,R_31A4wwSbqPrci1r,Old Treat,vapefriend_aby,4,4,4,0,Female,Yes,17,0,0,0,0,1,0,0,video1_cred_aby,cred_aby,0,1,-0.978739575,1,0,0,0
458,R_31A4wwSbqPrci1r,Old Treat,vapefriend_anna,4,4,4,0,Female,Yes,17,0,0,0,0,1,0,0,video2_cred_anna,cred_anna,0,2,-0.978739575,1,0,0,0
459,R_31A4wwSbqPrci1r,Old Treat,vapefriend_cham,4,4,4,0,Female,Yes,17,0,0,0,0,1,0,0,video3_cred_cham,cred_cham,16,3,-0.288107525,1,0,0,1
460,R_31A4wwSbqPrci1r,Old Treat,vapefriend_fab,4,4,4,0,Female,Yes,17,0,0,0,0,1,0,0,video4_cred_fab,cred_fab,0,4,-0.978739575,1,0,0,0
461,R_31A4wwSbqPrci1r,Old Treat,vapefriend_mae,4,4,4,0,Female,Yes,17,0,0,0,0,1,0,0,video5_cred_mae,cred_mae,12,5,-0.460765538,1,0,0,0
462,R_31A4wwSbqPrci1r,Old Treat,vapefriend_zanx,4,4,4,0,Female,Yes,17,0,0,0,0,1,0,0,video6_cred_zanx,cred_zanx,9,6,-0.590259047,1,0,0,0
463,R_31hwFhUaU9fymJJ,Old Control,vapefriend_aby,4,4,4,0,Female,Yes,16,1,0,0,0,0,0,1,video1_cred_aby,cred_aby,29,1,0.273031016,1,0,0,1
464,R_31hwFhUaU9fymJJ,Old Control,vapefriend_anna,4,4,4,0,Female,Yes,16,1,0,0,0,0,0,1,video2_cred_anna,cred_anna,23,2,0.014043997,1,0,0,1
465,R_31hwFhUaU9fymJJ,Old Control,vapefriend_cham,4,4,4,0,Female,Yes,16,1,0,0,0,0,0,1,video3_cred_cham,cred_cham,14,3,-0.374436531,1,0,0,1
466,R_31hwFhUaU9fymJJ,Old Control,vapefriend_fab,4,4,4,0,Female,Yes,16,1,0,0,0,0,0,1,video4_cred_fab,cred_fab,16,4,-0.288107525,1,0,0,1
467,R_31hwFhUaU9fymJJ,Old Control,vapefriend_mae,4,4,4,0,Female,Yes,16,1,0,0,0,0,0,1,video5_cred_mae,cred_mae,9,5,-0.590259047,1,0,0,0
468,R_31hwFhUaU9fymJJ,Old Control,vapefriend_zanx,4,4,4,0,Female,Yes,16,1,0,0,0,0,0,1,video6_cred_zanx,cred_zanx,16.5,6,-0.266525274,1,0,0,1
469,R_32yzUN2j9R1ovZu,Old Treat,vapefriend_aby,4,2,2,1,Male,Yes,16,0,0,0,0,1,1,1,video1_cred_aby,cred_aby,50,1,1.179485582,3,0,0,1
470,R_32yzUN2j9R1ovZu,Old Treat,vapefriend_anna,4,2,2,1,Male,Yes,16,0,0,0,0,1,1,1,video2_cred_anna,cred_anna,50,2,1.179485582,3,0,0,1
471,R_32yzUN2j9R1ovZu,Old Treat,vapefriend_cham,4,2,2,1,Male,Yes,16,0,0,0,0,1,1,1,video3_cred_cham,cred_cham,50,3,1.179485582,3,0,0,1
472,R_32yzUN2j9R1ovZu,Old Treat,vapefriend_fab,4,2,2,1,Male,Yes,16,0,0,0,0,1,1,1,video4_cred_fab,cred_fab,40,4,0.74784055,3,0,0,1
473,R_32yzUN2j9R1ovZu,Old Treat,vapefriend_mae,3,3,2,1,Male,Yes,16,0,0,0,0,1,1,1,video5_cred_mae,cred_mae,45,5,0.963663066,3,0,0,1
474,R_32yzUN2j9R1ovZu,Old Treat,vapefriend_zanx,4,2,2,1,Male,Yes,16,0,0,0,0,1,1,1,video6_cred_zanx,cred_zanx,50,6,1.179485582,3,0,0,1
475,R_33fXDZxniH9ZYJ5,Young Treat,vapefriend_aby,3,3,3,1,Male,No,17,1,0,0,0,0,0,1,video1_cred_aby,cred_aby,21,1,-0.072285009,2,0,0,1
476,R_33fXDZxniH9ZYJ5,Young Treat,vapefriend_anna,3,4,4,1,Male,No,17,1,0,0,0,0,0,1,video2_cred_anna,cred_anna,94,2,3.07872372,2,0,0,1
477,R_33fXDZxniH9ZYJ5,Young Treat,vapefriend_cham,3,3,3,1,Male,No,17,1,0,0,0,0,0,1,video3_cred_cham,cred_cham,6,3,-0.719752556,2,0,0,0
478,R_33fXDZxniH9ZYJ5,Young Treat,vapefriend_fab,4,4,4,0,Male,No,17,1,0,0,0,0,0,1,video4_cred_fab,cred_fab,0,4,-0.978739575,2,0,0,0
479,R_33fXDZxniH9ZYJ5,Young Treat,vapefriend_mae,4,4,4,0,Male,No,17,1,0,0,0,0,0,1,video5_cred_mae,cred_mae,6,5,-0.719752556,2,0,0,0
480,R_33fXDZxniH9ZYJ5,Young Treat,vapefriend_zanx,3,4,3,1,Male,No,17,1,0,0,0,0,0,1,video6_cred_zanx,cred_zanx,12,6,-0.460765538,2,0,0,0
481,R_33yew3qZZooYmAx,Old Control,vapefriend_aby,4,4,4,0,Male,Yes,15,0,0,0,0,1,0,0,video1_cred_aby,cred_aby,0,1,-0.978739575,1,0,0,0
482,R_33yew3qZZooYmAx,Old Control,vapefriend_anna,4,4,4,0,Male,Yes,15,0,0,0,0,1,0,0,video2_cred_anna,cred_anna,0,2,-0.978739575,1,0,0,0
483,R_33yew3qZZooYmAx,Old Control,vapefriend_cham,4,4,4,0,Male,Yes,15,0,0,0,0,1,0,0,video3_cred_cham,cred_cham,0,3,-0.978739575,1,0,0,0
484,R_33yew3qZZooYmAx,Old Control,vapefriend_fab,4,4,4,0,Male,Yes,15,0,0,0,0,1,0,0,video4_cred_fab,cred_fab,0,4,-0.978739575,1,0,0,0
485,R_33yew3qZZooYmAx,Old Control,vapefriend_mae,4,4,4,0,Male,Yes,15,0,0,0,0,1,0,0,video5_cred_mae,cred_mae,0,5,-0.978739575,1,0,0,0
486,R_33yew3qZZooYmAx,Old Control,vapefriend_zanx,4,4,4,0,Male,Yes,15,0,0,0,0,1,0,0,video6_cred_zanx,cred_zanx,0,6,-0.978739575,1,0,0,0
487,R_364EnyYas6GSTKs,Young Control,vapefriend_aby,NA,NA,NA,NA,Female,No,17,0,0,1,0,0,1,0,video1_cred_aby,cred_aby,NA,1,NA,1,0,0,NA
488,R_364EnyYas6GSTKs,Young Control,vapefriend_anna,NA,NA,4,NA,Female,No,17,0,0,1,0,0,1,0,video2_cred_anna,cred_anna,3,2,-0.849246066,1,0,0,0
489,R_364EnyYas6GSTKs,Young Control,vapefriend_cham,NA,NA,NA,NA,Female,No,17,0,0,1,0,0,1,0,video3_cred_cham,cred_cham,NA,3,NA,1,0,0,NA
490,R_364EnyYas6GSTKs,Young Control,vapefriend_fab,NA,NA,NA,NA,Female,No,17,0,0,1,0,0,1,0,video4_cred_fab,cred_fab,0,4,-0.978739575,1,0,0,0
491,R_364EnyYas6GSTKs,Young Control,vapefriend_mae,NA,NA,NA,NA,Female,No,17,0,0,1,0,0,1,0,video5_cred_mae,cred_mae,1,5,-0.935575072,1,0,0,0
492,R_364EnyYas6GSTKs,Young Control,vapefriend_zanx,NA,NA,NA,NA,Female,No,17,0,0,1,0,0,1,0,video6_cred_zanx,cred_zanx,NA,6,NA,1,0,0,NA
493,R_370AL2PzV4xgSRj,Old Control,vapefriend_aby,1,2,1,1,Male,No,17,1,0,0,0,0,1,1,video1_cred_aby,cred_aby,76,1,2.301762663,1,0,0,1
494,R_370AL2PzV4xgSRj,Old Control,vapefriend_anna,2,3,4,1,Male,No,17,1,0,0,0,0,1,1,video2_cred_anna,cred_anna,77,2,2.344927166,1,0,0,1
495,R_370AL2PzV4xgSRj,Old Control,vapefriend_cham,3,2,1,1,Male,No,17,1,0,0,0,0,1,1,video3_cred_cham,cred_cham,82,3,2.560749682,1,0,0,1
496,R_370AL2PzV4xgSRj,Old Control,vapefriend_fab,1,1,3,1,Male,No,17,1,0,0,0,0,1,1,video4_cred_fab,cred_fab,74,4,2.215433657,1,0,0,1
497,R_370AL2PzV4xgSRj,Old Control,vapefriend_mae,2,1,3,1,Male,No,17,1,0,0,0,0,1,1,video5_cred_mae,cred_mae,72,5,2.129104651,1,0,0,1
498,R_370AL2PzV4xgSRj,Old Control,vapefriend_zanx,1,2,2,1,Male,No,17,1,0,0,0,0,1,1,video6_cred_zanx,cred_zanx,74,6,2.215433657,1,0,0,1
499,R_37NGiENZ9vT3BWy,Old Treat,vapefriend_aby,4,4,4,0,Female,Yes,14,0,0,0,0,1,0,0,video1_cred_aby,cred_aby,1,1,-0.935575072,1,0,0,0
500,R_37NGiENZ9vT3BWy,Old Treat,vapefriend_anna,4,4,4,0,Female,Yes,14,0,0,0,0,1,0,0,video2_cred_anna,cred_anna,0,2,-0.978739575,1,0,0,0
501,R_37NGiENZ9vT3BWy,Old Treat,vapefriend_cham,4,4,4,0,Female,Yes,14,0,0,0,0,1,0,0,video3_cred_cham,cred_cham,95,3,3.121888223,1,0,0,1
502,R_37NGiENZ9vT3BWy,Old Treat,vapefriend_fab,4,4,4,0,Female,Yes,14,0,0,0,0,1,0,0,video4_cred_fab,cred_fab,0,4,-0.978739575,1,0,0,0
503,R_37NGiENZ9vT3BWy,Old Treat,vapefriend_mae,4,4,4,0,Female,Yes,14,0,0,0,0,1,0,0,video5_cred_mae,cred_mae,2,5,-0.892410569,1,0,0,0
504,R_37NGiENZ9vT3BWy,Old Treat,vapefriend_zanx,4,4,4,0,Female,Yes,14,0,0,0,0,1,0,0,video6_cred_zanx,cred_zanx,3,6,-0.849246066,1,0,0,0
505,R_37paGNSEIJSL9rs,Old Treat,vapefriend_aby,4,4,4,0,Female,Yes,16,0,0,0,0,1,0,0,video1_cred_aby,cred_aby,0,1,-0.978739575,1,0,0,0
506,R_37paGNSEIJSL9rs,Old Treat,vapefriend_anna,4,4,4,0,Female,Yes,16,0,0,0,0,1,0,0,video2_cred_anna,cred_anna,29,2,0.273031016,1,0,0,1
507,R_37paGNSEIJSL9rs,Old Treat,vapefriend_cham,4,4,4,0,Female,Yes,16,0,0,0,0,1,0,0,video3_cred_cham,cred_cham,19,3,-0.158614016,1,0,0,1
508,R_37paGNSEIJSL9rs,Old Treat,vapefriend_fab,4,4,4,0,Female,Yes,16,0,0,0,0,1,0,0,video4_cred_fab,cred_fab,0,4,-0.978739575,1,0,0,0
509,R_37paGNSEIJSL9rs,Old Treat,vapefriend_mae,4,4,4,0,Female,Yes,16,0,0,0,0,1,0,0,video5_cred_mae,cred_mae,0,5,-0.978739575,1,0,0,0
510,R_37paGNSEIJSL9rs,Old Treat,vapefriend_zanx,4,4,4,0,Female,Yes,16,0,0,0,0,1,0,0,video6_cred_zanx,cred_zanx,0,6,-0.978739575,1,0,0,0
511,R_39rYxfrCK3yLZ7z,Old Treat,vapefriend_aby,4,4,4,0,Female,Yes,17,0,0,0,0,1,1,0,video1_cred_aby,cred_aby,19,1,-0.158614016,1,0,0,1
512,R_39rYxfrCK3yLZ7z,Old Treat,vapefriend_anna,4,4,4,0,Female,Yes,17,0,0,0,0,1,1,0,video2_cred_anna,cred_anna,6,2,-0.719752556,1,0,0,0
513,R_39rYxfrCK3yLZ7z,Old Treat,vapefriend_cham,4,4,4,0,Female,Yes,17,0,0,0,0,1,1,0,video3_cred_cham,cred_cham,30,3,0.316195519,1,0,0,1
514,R_39rYxfrCK3yLZ7z,Old Treat,vapefriend_fab,4,4,4,0,Female,Yes,17,0,0,0,0,1,1,0,video4_cred_fab,cred_fab,3,4,-0.849246066,1,0,0,0
515,R_39rYxfrCK3yLZ7z,Old Treat,vapefriend_mae,4,4,4,0,Female,Yes,17,0,0,0,0,1,1,0,video5_cred_mae,cred_mae,50,5,1.179485582,1,0,0,1
516,R_39rYxfrCK3yLZ7z,Old Treat,vapefriend_zanx,4,4,4,0,Female,Yes,17,0,0,0,0,1,1,0,video6_cred_zanx,cred_zanx,13,6,-0.417601034,1,0,0,0
517,R_39wjfWJKxUfJ4rL,Young Control,vapefriend_aby,4,4,4,0,Female,No,17,1,0,0,0,0,0,0,video1_cred_aby,cred_aby,6,1,-0.719752556,1,0,0,0
518,R_39wjfWJKxUfJ4rL,Young Control,vapefriend_anna,4,4,4,0,Female,No,17,1,0,0,0,0,0,0,video2_cred_anna,cred_anna,8,2,-0.63342355,1,0,0,0
519,R_39wjfWJKxUfJ4rL,Young Control,vapefriend_cham,4,4,4,0,Female,No,17,1,0,0,0,0,0,0,video3_cred_cham,cred_cham,20,3,-0.115449513,1,0,0,1
520,R_39wjfWJKxUfJ4rL,Young Control,vapefriend_fab,4,4,4,0,Female,No,17,1,0,0,0,0,0,0,video4_cred_fab,cred_fab,8,4,-0.63342355,1,0,0,0
521,R_39wjfWJKxUfJ4rL,Young Control,vapefriend_mae,4,4,4,0,Female,No,17,1,0,0,0,0,0,0,video5_cred_mae,cred_mae,4,5,-0.806081563,1,0,0,0
522,R_39wjfWJKxUfJ4rL,Young Control,vapefriend_zanx,4,4,4,0,Female,No,17,1,0,0,0,0,0,0,video6_cred_zanx,cred_zanx,7,6,-0.676588053,1,0,0,0
523,R_3BLwvvBYNsdt67v,Old Treat,vapefriend_aby,4,4,4,0,Female,Yes,17,1,0,0,0,0,0,0,video1_cred_aby,cred_aby,40,1,0.74784055,1,0,0,1
524,R_3BLwvvBYNsdt67v,Old Treat,vapefriend_anna,4,4,4,0,Female,Yes,17,1,0,0,0,0,0,0,video2_cred_anna,cred_anna,37,2,0.618347041,1,0,0,1
525,R_3BLwvvBYNsdt67v,Old Treat,vapefriend_cham,4,4,4,0,Female,Yes,17,1,0,0,0,0,0,0,video3_cred_cham,cred_cham,11,3,-0.503930041,1,0,0,0
526,R_3BLwvvBYNsdt67v,Old Treat,vapefriend_fab,4,4,4,0,Female,Yes,17,1,0,0,0,0,0,0,video4_cred_fab,cred_fab,35,4,0.532018035,1,0,0,1
527,R_3BLwvvBYNsdt67v,Old Treat,vapefriend_mae,4,4,4,0,Female,Yes,17,1,0,0,0,0,0,0,video5_cred_mae,cred_mae,20,5,-0.115449513,1,0,0,1
528,R_3BLwvvBYNsdt67v,Old Treat,vapefriend_zanx,4,4,4,0,Female,Yes,17,1,0,0,0,0,0,0,video6_cred_zanx,cred_zanx,7,6,-0.676588053,1,0,0,0
529,R_3BsTuRG6HphREme,Old Control,vapefriend_aby,4,4,4,0,Female,Yes,15,0,0,0,0,1,0,0,video1_cred_aby,cred_aby,1,1,-0.935575072,1,0,0,0
530,R_3BsTuRG6HphREme,Old Control,vapefriend_anna,4,4,4,0,Female,Yes,15,0,0,0,0,1,0,0,video2_cred_anna,cred_anna,7,2,-0.676588053,1,0,0,0
531,R_3BsTuRG6HphREme,Old Control,vapefriend_cham,4,4,4,0,Female,Yes,15,0,0,0,0,1,0,0,video3_cred_cham,cred_cham,7,3,-0.676588053,1,0,0,0
532,R_3BsTuRG6HphREme,Old Control,vapefriend_fab,4,4,4,0,Female,Yes,15,0,0,0,0,1,0,0,video4_cred_fab,cred_fab,8,4,-0.63342355,1,0,0,0
533,R_3BsTuRG6HphREme,Old Control,vapefriend_mae,4,4,4,0,Female,Yes,15,0,0,0,0,1,0,0,video5_cred_mae,cred_mae,5,5,-0.76291706,1,0,0,0
534,R_3BsTuRG6HphREme,Old Control,vapefriend_zanx,4,4,4,0,Female,Yes,15,0,0,0,0,1,0,0,video6_cred_zanx,cred_zanx,4,6,-0.806081563,1,0,0,0
535,R_3CEx2EqIjxHVOsr,Old Control,vapefriend_aby,4,4,4,0,Female,No,17,0,0,1,0,0,1,1,video1_cred_aby,cred_aby,15,1,-0.331272028,2,0,0,1
536,R_3CEx2EqIjxHVOsr,Old Control,vapefriend_anna,4,4,3,1,Female,No,17,0,0,1,0,0,1,1,video2_cred_anna,cred_anna,23,2,0.014043997,2,0,0,1
537,R_3CEx2EqIjxHVOsr,Old Control,vapefriend_cham,4,4,3,1,Female,No,17,0,0,1,0,0,1,1,video3_cred_cham,cred_cham,35,3,0.532018035,2,0,0,1
538,R_3CEx2EqIjxHVOsr,Old Control,vapefriend_fab,4,4,3,1,Female,No,17,0,0,1,0,0,1,1,video4_cred_fab,cred_fab,11,4,-0.503930041,2,0,0,0
539,R_3CEx2EqIjxHVOsr,Old Control,vapefriend_mae,4,4,3,1,Female,No,17,0,0,1,0,0,1,1,video5_cred_mae,cred_mae,7,5,-0.676588053,2,0,0,0
540,R_3CEx2EqIjxHVOsr,Old Control,vapefriend_zanx,4,4,4,0,Female,No,17,0,0,1,0,0,1,1,video6_cred_zanx,cred_zanx,23,6,0.014043997,2,0,0,1
541,R_3CeNuHoiHmIJH6p,Young Treat,vapefriend_aby,4,4,4,0,Male,No,16,0,1,0,0,0,0,0,video1_cred_aby,cred_aby,41,1,0.791005053,1,0,0,1
542,R_3CeNuHoiHmIJH6p,Young Treat,vapefriend_anna,4,4,4,0,Male,No,16,0,1,0,0,0,0,0,video2_cred_anna,cred_anna,43,2,0.87733406,1,0,0,1
543,R_3CeNuHoiHmIJH6p,Young Treat,vapefriend_cham,4,4,4,0,Male,No,16,0,1,0,0,0,0,0,video3_cred_cham,cred_cham,21,3,-0.072285009,1,0,0,1
544,R_3CeNuHoiHmIJH6p,Young Treat,vapefriend_fab,4,4,4,0,Male,No,16,0,1,0,0,0,0,0,video4_cred_fab,cred_fab,64,4,1.783788626,1,0,0,1
545,R_3CeNuHoiHmIJH6p,Young Treat,vapefriend_mae,4,4,4,0,Male,No,16,0,1,0,0,0,0,0,video5_cred_mae,cred_mae,33,5,0.445689028,1,0,0,1
546,R_3CeNuHoiHmIJH6p,Young Treat,vapefriend_zanx,4,4,4,0,Male,No,16,0,1,0,0,0,0,0,video6_cred_zanx,cred_zanx,21,6,-0.072285009,1,0,0,1
547,R_3CpII6EvZG8X87F,Old Control,vapefriend_aby,4,4,4,0,Female,No,15,1,0,1,1,0,0,0,video1_cred_aby,cred_aby,31,1,0.359360022,1,0,0,1
548,R_3CpII6EvZG8X87F,Old Control,vapefriend_anna,4,4,4,0,Female,No,15,1,0,1,1,0,0,0,video2_cred_anna,cred_anna,15,2,-0.331272028,1,0,0,1
549,R_3CpII6EvZG8X87F,Old Control,vapefriend_cham,4,4,4,0,Female,No,15,1,0,1,1,0,0,0,video3_cred_cham,cred_cham,11,3,-0.503930041,1,0,0,0
550,R_3CpII6EvZG8X87F,Old Control,vapefriend_fab,4,4,4,0,Female,No,15,1,0,1,1,0,0,0,video4_cred_fab,cred_fab,16,4,-0.288107525,1,0,0,1
551,R_3CpII6EvZG8X87F,Old Control,vapefriend_mae,4,4,4,0,Female,No,15,1,0,1,1,0,0,0,video5_cred_mae,cred_mae,13,5,-0.417601034,1,0,0,0
552,R_3CpII6EvZG8X87F,Old Control,vapefriend_zanx,4,4,4,0,Female,No,15,1,0,1,1,0,0,0,video6_cred_zanx,cred_zanx,8,6,-0.63342355,1,0,0,0
553,R_3FQyBo8ZfEKXSu1,Old Control,vapefriend_aby,4,4,4,0,Female,No,14,1,0,0,0,0,0,1,video1_cred_aby,cred_aby,17,1,-0.244943022,3,0,0,1
554,R_3FQyBo8ZfEKXSu1,Old Control,vapefriend_anna,4,4,4,0,Female,No,14,1,0,0,0,0,0,1,video2_cred_anna,cred_anna,21,2,-0.072285009,3,0,0,1
555,R_3FQyBo8ZfEKXSu1,Old Control,vapefriend_cham,4,4,4,0,Female,No,14,1,0,0,0,0,0,1,video3_cred_cham,cred_cham,23,3,0.014043997,3,0,0,1
556,R_3FQyBo8ZfEKXSu1,Old Control,vapefriend_fab,4,4,4,0,Female,No,14,1,0,0,0,0,0,1,video4_cred_fab,cred_fab,11,4,-0.503930041,3,0,0,0
557,R_3FQyBo8ZfEKXSu1,Old Control,vapefriend_mae,4,4,4,0,Female,No,14,1,0,0,0,0,0,1,video5_cred_mae,cred_mae,14,5,-0.374436531,3,0,0,1
558,R_3FQyBo8ZfEKXSu1,Old Control,vapefriend_zanx,4,4,4,0,Female,No,14,1,0,0,0,0,0,1,video6_cred_zanx,cred_zanx,26,6,0.143537506,3,0,0,1
559,R_3FUtkkkL2UehsJX,Old Control,vapefriend_aby,4,4,4,0,Female,Yes,16,1,0,0,0,0,1,0,video1_cred_aby,cred_aby,8,1,-0.63342355,1,0,0,0
560,R_3FUtkkkL2UehsJX,Old Control,vapefriend_anna,4,4,4,0,Female,Yes,16,1,0,0,0,0,1,0,video2_cred_anna,cred_anna,16,2,-0.288107525,1,0,0,1
561,R_3FUtkkkL2UehsJX,Old Control,vapefriend_cham,4,4,4,0,Female,Yes,16,1,0,0,0,0,1,0,video3_cred_cham,cred_cham,0,3,-0.978739575,1,0,0,0
562,R_3FUtkkkL2UehsJX,Old Control,vapefriend_fab,4,4,4,0,Female,Yes,16,1,0,0,0,0,1,0,video4_cred_fab,cred_fab,5,4,-0.76291706,1,0,0,0
563,R_3FUtkkkL2UehsJX,Old Control,vapefriend_mae,3,3,3,1,Female,Yes,16,1,0,0,0,0,1,0,video5_cred_mae,cred_mae,9,5,-0.590259047,1,0,0,0
564,R_3FUtkkkL2UehsJX,Old Control,vapefriend_zanx,4,4,4,0,Female,Yes,16,1,0,0,0,0,1,0,video6_cred_zanx,cred_zanx,0,6,-0.978739575,1,0,0,0
565,R_3FhZvpPtUTkXuNP,Old Control,vapefriend_aby,4,4,4,0,Female,No,17,0,0,1,0,0,0,0,video1_cred_aby,cred_aby,7,1,-0.676588053,1,0,0,0
566,R_3FhZvpPtUTkXuNP,Old Control,vapefriend_anna,4,4,4,0,Female,No,17,0,0,1,0,0,0,0,video2_cred_anna,cred_anna,28,2,0.229866513,1,0,0,1
567,R_3FhZvpPtUTkXuNP,Old Control,vapefriend_cham,4,4,4,0,Female,No,17,0,0,1,0,0,0,0,video3_cred_cham,cred_cham,50,3,1.179485582,1,0,0,1
568,R_3FhZvpPtUTkXuNP,Old Control,vapefriend_fab,4,4,4,0,Female,No,17,0,0,1,0,0,0,0,video4_cred_fab,cred_fab,7,4,-0.676588053,1,0,0,0
569,R_3FhZvpPtUTkXuNP,Old Control,vapefriend_mae,4,4,4,0,Female,No,17,0,0,1,0,0,0,0,video5_cred_mae,cred_mae,15,5,-0.331272028,1,0,0,1
570,R_3FhZvpPtUTkXuNP,Old Control,vapefriend_zanx,4,4,4,0,Female,No,17,0,0,1,0,0,0,0,video6_cred_zanx,cred_zanx,9,6,-0.590259047,1,0,0,0
571,R_3HTzbQb8wxEtYi4,Old Treat,vapefriend_aby,3,4,4,1,Female,Yes,15,0,0,0,0,1,0,1,video1_cred_aby,cred_aby,10,1,-0.547094544,1,0,0,0
572,R_3HTzbQb8wxEtYi4,Old Treat,vapefriend_anna,4,4,4,0,Female,Yes,15,0,0,0,0,1,0,1,video2_cred_anna,cred_anna,5,2,-0.76291706,1,0,0,0
573,R_3HTzbQb8wxEtYi4,Old Treat,vapefriend_cham,4,4,4,0,Female,Yes,15,0,0,0,0,1,0,1,video3_cred_cham,cred_cham,20,3,-0.115449513,1,0,0,1
574,R_3HTzbQb8wxEtYi4,Old Treat,vapefriend_fab,4,4,4,0,Female,Yes,15,0,0,0,0,1,0,1,video4_cred_fab,cred_fab,10,4,-0.547094544,1,0,0,0
575,R_3HTzbQb8wxEtYi4,Old Treat,vapefriend_mae,4,4,4,0,Female,Yes,15,0,0,0,0,1,0,1,video5_cred_mae,cred_mae,35,5,0.532018035,1,0,0,1
576,R_3HTzbQb8wxEtYi4,Old Treat,vapefriend_zanx,4,4,4,0,Female,Yes,15,0,0,0,0,1,0,1,video6_cred_zanx,cred_zanx,15,6,-0.331272028,1,0,0,1
577,R_3I5CNmx7T50QCcm,Young Treat,vapefriend_aby,4,4,4,0,Female,No,16,1,0,0,0,0,0,1,video1_cred_aby,cred_aby,0,1,-0.978739575,1,0,0,0
578,R_3I5CNmx7T50QCcm,Young Treat,vapefriend_anna,4,4,4,0,Female,No,16,1,0,0,0,0,0,1,video2_cred_anna,cred_anna,0,2,-0.978739575,1,0,0,0
579,R_3I5CNmx7T50QCcm,Young Treat,vapefriend_cham,4,4,4,0,Female,No,16,1,0,0,0,0,0,1,video3_cred_cham,cred_cham,0,3,-0.978739575,1,0,0,0
580,R_3I5CNmx7T50QCcm,Young Treat,vapefriend_fab,4,4,4,0,Female,No,16,1,0,0,0,0,0,1,video4_cred_fab,cred_fab,0,4,-0.978739575,1,0,0,0
581,R_3I5CNmx7T50QCcm,Young Treat,vapefriend_mae,4,4,4,0,Female,No,16,1,0,0,0,0,0,1,video5_cred_mae,cred_mae,14,5,-0.374436531,1,0,0,1
582,R_3I5CNmx7T50QCcm,Young Treat,vapefriend_zanx,4,4,4,0,Female,No,16,1,0,0,0,0,0,1,video6_cred_zanx,cred_zanx,0,6,-0.978739575,1,0,0,0
583,R_3IDXMy5c0E025yt,Young Control,vapefriend_aby,4,4,4,0,Male,Yes,14,0,0,0,0,0,0,0,video1_cred_aby,cred_aby,14,1,-0.374436531,1,0,0,1
584,R_3IDXMy5c0E025yt,Young Control,vapefriend_anna,4,4,4,0,Male,Yes,14,0,0,0,0,0,0,0,video2_cred_anna,cred_anna,11,2,-0.503930041,1,0,0,0
585,R_3IDXMy5c0E025yt,Young Control,vapefriend_cham,4,4,4,0,Male,Yes,14,0,0,0,0,0,0,0,video3_cred_cham,cred_cham,8,3,-0.63342355,1,0,0,0
586,R_3IDXMy5c0E025yt,Young Control,vapefriend_fab,4,4,4,0,Male,Yes,14,0,0,0,0,0,0,0,video4_cred_fab,cred_fab,12,4,-0.460765538,1,0,0,0
587,R_3IDXMy5c0E025yt,Young Control,vapefriend_mae,4,4,4,0,Male,Yes,14,0,0,0,0,0,0,0,video5_cred_mae,cred_mae,9,5,-0.590259047,1,0,0,0
588,R_3IDXMy5c0E025yt,Young Control,vapefriend_zanx,4,4,4,0,Male,Yes,14,0,0,0,0,0,0,0,video6_cred_zanx,cred_zanx,8,6,-0.63342355,1,0,0,0
589,R_3IGD34Et91VZPXP,Old Control,vapefriend_aby,4,4,4,0,Female,Yes,17,0,0,1,1,0,0,1,video1_cred_aby,cred_aby,50,1,1.179485582,1,0,0,1
590,R_3IGD34Et91VZPXP,Old Control,vapefriend_anna,4,4,4,0,Female,Yes,17,0,0,1,1,0,0,1,video2_cred_anna,cred_anna,25,2,0.100373003,1,0,0,1
591,R_3IGD34Et91VZPXP,Old Control,vapefriend_cham,4,4,3,1,Female,Yes,17,0,0,1,1,0,0,1,video3_cred_cham,cred_cham,40,3,0.74784055,1,0,0,1
592,R_3IGD34Et91VZPXP,Old Control,vapefriend_fab,4,4,4,0,Female,Yes,17,0,0,1,1,0,0,1,video4_cred_fab,cred_fab,40,4,0.74784055,1,0,0,1
593,R_3IGD34Et91VZPXP,Old Control,vapefriend_mae,4,4,4,0,Female,Yes,17,0,0,1,1,0,0,1,video5_cred_mae,cred_mae,20,5,-0.115449513,1,0,0,1
594,R_3IGD34Et91VZPXP,Old Control,vapefriend_zanx,4,4,4,0,Female,Yes,17,0,0,1,1,0,0,1,video6_cred_zanx,cred_zanx,30,6,0.316195519,1,0,0,1
595,R_3JgDwhkdm18GBMF,Young Treat,vapefriend_aby,4,4,4,0,Female,Yes,17,1,0,0,0,0,0,0,video1_cred_aby,cred_aby,80,1,2.474420676,1,0,0,1
596,R_3JgDwhkdm18GBMF,Young Treat,vapefriend_anna,4,4,4,0,Female,Yes,17,1,0,0,0,0,0,0,video2_cred_anna,cred_anna,70,2,2.042775644,1,0,0,1
597,R_3JgDwhkdm18GBMF,Young Treat,vapefriend_cham,4,4,4,0,Female,Yes,17,1,0,0,0,0,0,0,video3_cred_cham,cred_cham,82,3,2.560749682,1,0,0,1
598,R_3JgDwhkdm18GBMF,Young Treat,vapefriend_fab,4,4,4,0,Female,Yes,17,1,0,0,0,0,0,0,video4_cred_fab,cred_fab,30,4,0.316195519,1,0,0,1
599,R_3JgDwhkdm18GBMF,Young Treat,vapefriend_mae,4,4,4,0,Female,Yes,17,1,0,0,0,0,0,0,video5_cred_mae,cred_mae,50,5,1.179485582,1,0,0,1
600,R_3JgDwhkdm18GBMF,Young Treat,vapefriend_zanx,4,4,4,0,Female,Yes,17,1,0,0,0,0,0,0,video6_cred_zanx,cred_zanx,65,6,1.826953129,1,0,0,1
601,R_3JkLj7SMz2OhrX2,Young Control,vapefriend_aby,4,4,4,0,Female,Yes,17,0,0,0,0,1,1,1,video1_cred_aby,cred_aby,0,1,-0.978739575,1,1,1,0
602,R_3JkLj7SMz2OhrX2,Young Control,vapefriend_anna,4,4,4,0,Female,Yes,17,0,0,0,0,1,1,1,video2_cred_anna,cred_anna,0,2,-0.978739575,1,1,1,0
603,R_3JkLj7SMz2OhrX2,Young Control,vapefriend_cham,3,4,4,1,Female,Yes,17,0,0,0,0,1,1,1,video3_cred_cham,cred_cham,15,3,-0.331272028,1,1,1,1
604,R_3JkLj7SMz2OhrX2,Young Control,vapefriend_fab,4,4,4,0,Female,Yes,17,0,0,0,0,1,1,1,video4_cred_fab,cred_fab,0,4,-0.978739575,1,1,1,0
605,R_3JkLj7SMz2OhrX2,Young Control,vapefriend_mae,4,4,4,0,Female,Yes,17,0,0,0,0,1,1,1,video5_cred_mae,cred_mae,20,5,-0.115449513,1,1,1,1
606,R_3JkLj7SMz2OhrX2,Young Control,vapefriend_zanx,4,4,4,0,Female,Yes,17,0,0,0,0,1,1,1,video6_cred_zanx,cred_zanx,10,6,-0.547094544,1,1,1,0
607,R_3KBF9VTy4jhXVdM,Young Treat,vapefriend_aby,4,4,4,0,Female,No,14,0,1,0,0,0,1,1,video1_cred_aby,cred_aby,14,1,-0.374436531,2,0,0,1
608,R_3KBF9VTy4jhXVdM,Young Treat,vapefriend_anna,4,4,3,1,Female,No,14,0,1,0,0,0,1,1,video2_cred_anna,cred_anna,18,2,-0.201778519,2,0,0,1
609,R_3KBF9VTy4jhXVdM,Young Treat,vapefriend_cham,2,4,2,1,Female,No,14,0,1,0,0,0,1,1,video3_cred_cham,cred_cham,14,3,-0.374436531,2,0,0,1
610,R_3KBF9VTy4jhXVdM,Young Treat,vapefriend_fab,2,4,2,1,Female,No,14,0,1,0,0,0,1,1,video4_cred_fab,cred_fab,11,4,-0.503930041,2,0,0,0
611,R_3KBF9VTy4jhXVdM,Young Treat,vapefriend_mae,2,4,2,1,Female,No,14,0,1,0,0,0,1,1,video5_cred_mae,cred_mae,20,5,-0.115449513,2,0,0,1
612,R_3KBF9VTy4jhXVdM,Young Treat,vapefriend_zanx,2,3,4,1,Female,No,14,0,1,0,0,0,1,1,video6_cred_zanx,cred_zanx,21,6,-0.072285009,2,0,0,1
613,R_3KIMElcIumYBDd1,Old Control,vapefriend_aby,4,4,4,0,Female,Yes,17,0,0,0,1,0,0,0,video1_cred_aby,cred_aby,1,1,-0.935575072,1,0,0,0
614,R_3KIMElcIumYBDd1,Old Control,vapefriend_anna,4,4,4,0,Female,Yes,17,0,0,0,1,0,0,0,video2_cred_anna,cred_anna,0,2,-0.978739575,1,0,0,0
615,R_3KIMElcIumYBDd1,Old Control,vapefriend_cham,4,4,4,0,Female,Yes,17,0,0,0,1,0,0,0,video3_cred_cham,cred_cham,0,3,-0.978739575,1,0,0,0
616,R_3KIMElcIumYBDd1,Old Control,vapefriend_fab,4,4,4,0,Female,Yes,17,0,0,0,1,0,0,0,video4_cred_fab,cred_fab,0,4,-0.978739575,1,0,0,0
617,R_3KIMElcIumYBDd1,Old Control,vapefriend_mae,4,4,4,0,Female,Yes,17,0,0,0,1,0,0,0,video5_cred_mae,cred_mae,2,5,-0.892410569,1,0,0,0
618,R_3KIMElcIumYBDd1,Old Control,vapefriend_zanx,4,4,4,0,Female,Yes,17,0,0,0,1,0,0,0,video6_cred_zanx,cred_zanx,0,6,-0.978739575,1,0,0,0
619,R_3KgjtxbjtNtfoC5,Old Control,vapefriend_aby,4,3,3,1,Female,No,16,0,0,0,0,1,0,1,video1_cred_aby,cred_aby,49,1,1.136321078,1,0,0,1
620,R_3KgjtxbjtNtfoC5,Old Control,vapefriend_anna,3,3,3,1,Female,No,16,0,0,0,0,1,0,1,video2_cred_anna,cred_anna,48,2,1.093156575,1,0,0,1
621,R_3KgjtxbjtNtfoC5,Old Control,vapefriend_cham,3,3,3,1,Female,No,16,0,0,0,0,1,0,1,video3_cred_cham,cred_cham,48,3,1.093156575,1,0,0,1
622,R_3KgjtxbjtNtfoC5,Old Control,vapefriend_fab,3,2,3,1,Female,No,16,0,0,0,0,1,0,1,video4_cred_fab,cred_fab,52,4,1.265814588,1,0,0,1
623,R_3KgjtxbjtNtfoC5,Old Control,vapefriend_mae,3,3,3,1,Female,No,16,0,0,0,0,1,0,1,video5_cred_mae,cred_mae,48,5,1.093156575,1,0,0,1
624,R_3KgjtxbjtNtfoC5,Old Control,vapefriend_zanx,3,4,4,1,Female,No,16,0,0,0,0,1,0,1,video6_cred_zanx,cred_zanx,51,6,1.222650085,1,0,0,1
625,R_3LzzKYJffjJ4F6g,Young Control,vapefriend_aby,4,4,2,1,Female,No,16,1,0,0,0,0,0,1,video1_cred_aby,cred_aby,39,1,0.704676047,3,0,0,1
626,R_3LzzKYJffjJ4F6g,Young Control,vapefriend_anna,4,4,2,1,Female,No,16,1,0,0,0,0,0,1,video2_cred_anna,cred_anna,13,2,-0.417601034,3,0,0,0
627,R_3LzzKYJffjJ4F6g,Young Control,vapefriend_cham,4,4,2,1,Female,No,16,1,0,0,0,0,0,1,video3_cred_cham,cred_cham,8,3,-0.63342355,3,0,0,0
628,R_3LzzKYJffjJ4F6g,Young Control,vapefriend_fab,4,4,2,1,Female,No,16,1,0,0,0,0,0,1,video4_cred_fab,cred_fab,42,4,0.834169557,3,0,0,1
629,R_3LzzKYJffjJ4F6g,Young Control,vapefriend_mae,4,4,2,1,Female,No,16,1,0,0,0,0,0,1,video5_cred_mae,cred_mae,45,5,0.963663066,3,0,0,1
630,R_3LzzKYJffjJ4F6g,Young Control,vapefriend_zanx,4,4,2,1,Female,No,16,1,0,0,0,0,0,1,video6_cred_zanx,cred_zanx,14,6,-0.374436531,3,0,0,1
631,R_3Ni1D5oa7JGXIkx,Old Control,vapefriend_aby,4,4,4,0,Female,No,16,1,0,0,0,0,1,1,video1_cred_aby,cred_aby,17,1,-0.244943022,1,0,0,1
632,R_3Ni1D5oa7JGXIkx,Old Control,vapefriend_anna,4,4,4,0,Female,No,16,1,0,0,0,0,1,1,video2_cred_anna,cred_anna,15,2,-0.331272028,1,0,0,1
633,R_3Ni1D5oa7JGXIkx,Old Control,vapefriend_cham,4,4,4,0,Female,No,16,1,0,0,0,0,1,1,video3_cred_cham,cred_cham,20,3,-0.115449513,1,0,0,1
634,R_3Ni1D5oa7JGXIkx,Old Control,vapefriend_fab,4,4,4,0,Female,No,16,1,0,0,0,0,1,1,video4_cred_fab,cred_fab,17,4,-0.244943022,1,0,0,1
635,R_3Ni1D5oa7JGXIkx,Old Control,vapefriend_mae,4,4,4,0,Female,No,16,1,0,0,0,0,1,1,video5_cred_mae,cred_mae,21,5,-0.072285009,1,0,0,1
636,R_3Ni1D5oa7JGXIkx,Old Control,vapefriend_zanx,4,4,4,0,Female,No,16,1,0,0,0,0,1,1,video6_cred_zanx,cred_zanx,12,6,-0.460765538,1,0,0,0
637,R_3OWifxM8aK0I0Gj,Young Control,vapefriend_aby,4,4,4,0,Female,Yes,16,0,0,0,1,0,0,1,video1_cred_aby,cred_aby,32,1,0.402524525,1,0,0,1
638,R_3OWifxM8aK0I0Gj,Young Control,vapefriend_anna,2,2,2,1,Female,Yes,16,0,0,0,1,0,0,1,video2_cred_anna,cred_anna,86,2,2.733407695,1,0,0,1
639,R_3OWifxM8aK0I0Gj,Young Control,vapefriend_cham,3,3,3,1,Female,Yes,16,0,0,0,1,0,0,1,video3_cred_cham,cred_cham,46,3,1.006827569,1,0,0,1
640,R_3OWifxM8aK0I0Gj,Young Control,vapefriend_fab,3,3,3,1,Female,Yes,16,0,0,0,1,0,0,1,video4_cred_fab,cred_fab,60,4,1.611130613,1,0,0,1
641,R_3OWifxM8aK0I0Gj,Young Control,vapefriend_mae,3,3,4,1,Female,Yes,16,0,0,0,1,0,0,1,video5_cred_mae,cred_mae,31,5,0.359360022,1,0,0,1
642,R_3OWifxM8aK0I0Gj,Young Control,vapefriend_zanx,3,3,3,1,Female,Yes,16,0,0,0,1,0,0,1,video6_cred_zanx,cred_zanx,36,6,0.575182538,1,0,0,1
643,R_3OfrHXD0LMIuLpY,Young Control,vapefriend_aby,3,4,4,1,Female,No,16,0,0,0,0,1,0,0,video1_cred_aby,cred_aby,11,1,-0.503930041,3,0,0,0
644,R_3OfrHXD0LMIuLpY,Young Control,vapefriend_anna,4,4,4,0,Female,No,16,0,0,0,0,1,0,0,video2_cred_anna,cred_anna,5,2,-0.76291706,3,0,0,0
645,R_3OfrHXD0LMIuLpY,Young Control,vapefriend_cham,4,4,4,0,Female,No,16,0,0,0,0,1,0,0,video3_cred_cham,cred_cham,2,3,-0.892410569,3,0,0,0
646,R_3OfrHXD0LMIuLpY,Young Control,vapefriend_fab,4,4,4,0,Female,No,16,0,0,0,0,1,0,0,video4_cred_fab,cred_fab,10,4,-0.547094544,3,0,0,0
647,R_3OfrHXD0LMIuLpY,Young Control,vapefriend_mae,4,4,4,0,Female,No,16,0,0,0,0,1,0,0,video5_cred_mae,cred_mae,3,5,-0.849246066,3,0,0,0
648,R_3OfrHXD0LMIuLpY,Young Control,vapefriend_zanx,4,4,4,0,Female,No,16,0,0,0,0,1,0,0,video6_cred_zanx,cred_zanx,0,6,-0.978739575,3,0,0,0
649,R_3Osh5ZnGjlMHqmd,Young Treat,vapefriend_aby,4,4,4,0,Female,No,14,1,0,0,0,0,0,0,video1_cred_aby,cred_aby,14,1,-0.374436531,3,0,0,1
650,R_3Osh5ZnGjlMHqmd,Young Treat,vapefriend_anna,4,4,4,0,Female,No,14,1,0,0,0,0,0,0,video2_cred_anna,cred_anna,12,2,-0.460765538,3,0,0,0
651,R_3Osh5ZnGjlMHqmd,Young Treat,vapefriend_cham,4,4,4,0,Female,No,14,1,0,0,0,0,0,0,video3_cred_cham,cred_cham,19,3,-0.158614016,3,0,0,1
652,R_3Osh5ZnGjlMHqmd,Young Treat,vapefriend_fab,4,4,4,0,Female,No,14,1,0,0,0,0,0,0,video4_cred_fab,cred_fab,31,4,0.359360022,3,0,0,1
653,R_3Osh5ZnGjlMHqmd,Young Treat,vapefriend_mae,4,4,4,0,Female,No,14,1,0,0,0,0,0,0,video5_cred_mae,cred_mae,16,5,-0.288107525,3,0,0,1
654,R_3Osh5ZnGjlMHqmd,Young Treat,vapefriend_zanx,4,4,4,0,Female,No,14,1,0,0,0,0,0,0,video6_cred_zanx,cred_zanx,13,6,-0.417601034,3,0,0,0
655,R_3OvI5N2L59Coml1,Old Treat,vapefriend_aby,4,4,4,0,Female,No,17,1,0,0,0,0,1,0,video1_cred_aby,cred_aby,28,1,0.229866513,3,0,0,1
656,R_3OvI5N2L59Coml1,Old Treat,vapefriend_anna,4,4,4,0,Female,No,17,1,0,0,0,0,1,0,video2_cred_anna,cred_anna,33,2,0.445689028,3,0,0,1
657,R_3OvI5N2L59Coml1,Old Treat,vapefriend_cham,4,4,4,0,Female,No,17,1,0,0,0,0,1,0,video3_cred_cham,cred_cham,39,3,0.704676047,3,0,0,1
658,R_3OvI5N2L59Coml1,Old Treat,vapefriend_fab,4,4,4,0,Female,No,17,1,0,0,0,0,1,0,video4_cred_fab,cred_fab,46,4,1.006827569,3,0,0,1
659,R_3OvI5N2L59Coml1,Old Treat,vapefriend_mae,4,3,3,1,Female,No,17,1,0,0,0,0,1,0,video5_cred_mae,cred_mae,38,5,0.661511544,3,0,0,1
660,R_3OvI5N2L59Coml1,Old Treat,vapefriend_zanx,4,4,4,0,Female,No,17,1,0,0,0,0,1,0,video6_cred_zanx,cred_zanx,39,6,0.704676047,3,0,0,1
661,R_3PIog9QxI0aebQt,Young Treat,vapefriend_aby,4,4,4,0,Female,Yes,17,0,0,0,0,1,0,0,video1_cred_aby,cred_aby,16,1,-0.288107525,1,0,0,1
662,R_3PIog9QxI0aebQt,Young Treat,vapefriend_anna,4,4,4,0,Female,Yes,17,0,0,0,0,1,0,0,video2_cred_anna,cred_anna,18,2,-0.201778519,1,0,0,1
663,R_3PIog9QxI0aebQt,Young Treat,vapefriend_cham,4,4,4,0,Female,Yes,17,0,0,0,0,1,0,0,video3_cred_cham,cred_cham,19,3,-0.158614016,1,0,0,1
664,R_3PIog9QxI0aebQt,Young Treat,vapefriend_fab,4,4,4,0,Female,Yes,17,0,0,0,0,1,0,0,video4_cred_fab,cred_fab,23,4,0.014043997,1,0,0,1
665,R_3PIog9QxI0aebQt,Young Treat,vapefriend_mae,4,4,4,0,Female,Yes,17,0,0,0,0,1,0,0,video5_cred_mae,cred_mae,12,5,-0.460765538,1,0,0,0
666,R_3PIog9QxI0aebQt,Young Treat,vapefriend_zanx,4,4,4,0,Female,Yes,17,0,0,0,0,1,0,0,video6_cred_zanx,cred_zanx,18,6,-0.201778519,1,0,0,1
667,R_3QA1JVlyCml4ypg,Young Treat,vapefriend_aby,4,4,4,0,Female,Yes,16,0,0,0,0,1,1,0,video1_cred_aby,cred_aby,3,1,-0.849246066,1,0,0,0
668,R_3QA1JVlyCml4ypg,Young Treat,vapefriend_anna,4,4,4,0,Female,Yes,16,0,0,0,0,1,1,0,video2_cred_anna,cred_anna,30,2,0.316195519,1,0,0,1
669,R_3QA1JVlyCml4ypg,Young Treat,vapefriend_cham,4,4,4,0,Female,Yes,16,0,0,0,0,1,1,0,video3_cred_cham,cred_cham,22,3,-0.029120506,1,0,0,1
670,R_3QA1JVlyCml4ypg,Young Treat,vapefriend_fab,4,4,4,0,Female,Yes,16,0,0,0,0,1,1,0,video4_cred_fab,cred_fab,6,4,-0.719752556,1,0,0,0
671,R_3QA1JVlyCml4ypg,Young Treat,vapefriend_mae,4,4,4,0,Female,Yes,16,0,0,0,0,1,1,0,video5_cred_mae,cred_mae,6,5,-0.719752556,1,0,0,0
672,R_3QA1JVlyCml4ypg,Young Treat,vapefriend_zanx,4,4,4,0,Female,Yes,16,0,0,0,0,1,1,0,video6_cred_zanx,cred_zanx,12,6,-0.460765538,1,0,0,0
673,R_3R9Azy25aijgCcy,Young Control,vapefriend_aby,4,4,NA,NA,Female,Yes,17,0,0,0,0,0,0,0,video1_cred_aby,cred_aby,2,1,-0.892410569,1,0,0,0
674,R_3R9Azy25aijgCcy,Young Control,vapefriend_anna,4,4,4,0,Female,Yes,17,0,0,0,0,0,0,0,video2_cred_anna,cred_anna,1,2,-0.935575072,1,0,0,0
675,R_3R9Azy25aijgCcy,Young Control,vapefriend_cham,4,4,4,0,Female,Yes,17,0,0,0,0,0,0,0,video3_cred_cham,cred_cham,1,3,-0.935575072,1,0,0,0
676,R_3R9Azy25aijgCcy,Young Control,vapefriend_fab,4,4,4,0,Female,Yes,17,0,0,0,0,0,0,0,video4_cred_fab,cred_fab,1,4,-0.935575072,1,0,0,0
677,R_3R9Azy25aijgCcy,Young Control,vapefriend_mae,4,4,4,0,Female,Yes,17,0,0,0,0,0,0,0,video5_cred_mae,cred_mae,1,5,-0.935575072,1,0,0,0
678,R_3R9Azy25aijgCcy,Young Control,vapefriend_zanx,4,4,4,0,Female,Yes,17,0,0,0,0,0,0,0,video6_cred_zanx,cred_zanx,1,6,-0.935575072,1,0,0,0
679,R_3Se6K6jaaFDqWg8,Old Control,vapefriend_aby,4,4,4,0,Male,No,17,0,1,0,0,0,0,0,video1_cred_aby,cred_aby,50,1,1.179485582,1,0,0,1
680,R_3Se6K6jaaFDqWg8,Old Control,vapefriend_anna,4,4,4,0,Male,No,17,0,1,0,0,0,0,0,video2_cred_anna,cred_anna,0,2,-0.978739575,1,0,0,0
681,R_3Se6K6jaaFDqWg8,Old Control,vapefriend_cham,4,4,4,0,Male,No,17,0,1,0,0,0,0,0,video3_cred_cham,cred_cham,49,3,1.136321078,1,0,0,1
682,R_3Se6K6jaaFDqWg8,Old Control,vapefriend_fab,4,4,4,0,Male,No,17,0,1,0,0,0,0,0,video4_cred_fab,cred_fab,0,4,-0.978739575,1,0,0,0
683,R_3Se6K6jaaFDqWg8,Old Control,vapefriend_mae,4,4,4,0,Male,No,17,0,1,0,0,0,0,0,video5_cred_mae,cred_mae,55,5,1.395308097,1,0,0,1
684,R_3Se6K6jaaFDqWg8,Old Control,vapefriend_zanx,4,4,4,0,Male,No,17,0,1,0,0,0,0,0,video6_cred_zanx,cred_zanx,49,6,1.136321078,1,0,0,1
685,R_3T7FxMumUUJGEa5,Young Control,vapefriend_aby,4,4,4,0,Female,Yes,17,0,1,0,1,0,0,0,video1_cred_aby,cred_aby,0,1,-0.978739575,1,0,0,0
686,R_3T7FxMumUUJGEa5,Young Control,vapefriend_anna,4,4,4,0,Female,Yes,17,0,1,0,1,0,0,0,video2_cred_anna,cred_anna,0,2,-0.978739575,1,0,0,0
687,R_3T7FxMumUUJGEa5,Young Control,vapefriend_cham,4,4,4,0,Female,Yes,17,0,1,0,1,0,0,0,video3_cred_cham,cred_cham,0,3,-0.978739575,1,0,0,0
688,R_3T7FxMumUUJGEa5,Young Control,vapefriend_fab,4,4,4,0,Female,Yes,17,0,1,0,1,0,0,0,video4_cred_fab,cred_fab,0,4,-0.978739575,1,0,0,0
689,R_3T7FxMumUUJGEa5,Young Control,vapefriend_mae,4,4,4,0,Female,Yes,17,0,1,0,1,0,0,0,video5_cred_mae,cred_mae,0,5,-0.978739575,1,0,0,0
690,R_3T7FxMumUUJGEa5,Young Control,vapefriend_zanx,4,4,4,0,Female,Yes,17,0,1,0,1,0,0,0,video6_cred_zanx,cred_zanx,0,6,-0.978739575,1,0,0,0
691,R_3VsVbvS2FtLdi2C,Old Treat,vapefriend_aby,3,3,3,1,Female,Yes,16,0,0,0,0,1,0,1,video1_cred_aby,cred_aby,12,1,-0.460765538,1,0,0,0
692,R_3VsVbvS2FtLdi2C,Old Treat,vapefriend_anna,3,3,3,1,Female,Yes,16,0,0,0,0,1,0,1,video2_cred_anna,cred_anna,40,2,0.74784055,1,0,0,1
693,R_3VsVbvS2FtLdi2C,Old Treat,vapefriend_cham,3,3,3,1,Female,Yes,16,0,0,0,0,1,0,1,video3_cred_cham,cred_cham,50,3,1.179485582,1,0,0,1
694,R_3VsVbvS2FtLdi2C,Old Treat,vapefriend_fab,4,4,4,0,Female,Yes,16,0,0,0,0,1,0,1,video4_cred_fab,cred_fab,20,4,-0.115449513,1,0,0,1
695,R_3VsVbvS2FtLdi2C,Old Treat,vapefriend_mae,3,3,3,1,Female,Yes,16,0,0,0,0,1,0,1,video5_cred_mae,cred_mae,31,5,0.359360022,1,0,0,1
696,R_3VsVbvS2FtLdi2C,Old Treat,vapefriend_zanx,3,3,3,1,Female,Yes,16,0,0,0,0,1,0,1,video6_cred_zanx,cred_zanx,25,6,0.100373003,1,0,0,1
697,R_3YFergoOp6GkcSt,Young Treat,vapefriend_aby,4,4,4,0,Female,No,17,0,0,1,0,0,0,0,video1_cred_aby,cred_aby,41,1,0.791005053,2,0,0,1
698,R_3YFergoOp6GkcSt,Young Treat,vapefriend_anna,4,4,4,0,Female,No,17,0,0,1,0,0,0,0,video2_cred_anna,cred_anna,30,2,0.316195519,2,0,0,1
699,R_3YFergoOp6GkcSt,Young Treat,vapefriend_cham,4,4,4,0,Female,No,17,0,0,1,0,0,0,0,video3_cred_cham,cred_cham,40,3,0.74784055,2,0,0,1
700,R_3YFergoOp6GkcSt,Young Treat,vapefriend_fab,4,4,4,0,Female,No,17,0,0,1,0,0,0,0,video4_cred_fab,cred_fab,27,4,0.186702009,2,0,0,1
701,R_3YFergoOp6GkcSt,Young Treat,vapefriend_mae,4,4,4,0,Female,No,17,0,0,1,0,0,0,0,video5_cred_mae,cred_mae,50,5,1.179485582,2,0,0,1
702,R_3YFergoOp6GkcSt,Young Treat,vapefriend_zanx,4,4,4,0,Female,No,17,0,0,1,0,0,0,0,video6_cred_zanx,cred_zanx,30,6,0.316195519,2,0,0,1
703,R_3aXmUFLEWkOpNQB,Young Treat,vapefriend_aby,4,4,4,0,Female,No,14,0,0,1,0,0,0,0,video1_cred_aby,cred_aby,40,1,0.74784055,1,0,0,1
704,R_3aXmUFLEWkOpNQB,Young Treat,vapefriend_anna,4,4,4,0,Female,No,14,0,0,1,0,0,0,0,video2_cred_anna,cred_anna,30,2,0.316195519,1,0,0,1
705,R_3aXmUFLEWkOpNQB,Young Treat,vapefriend_cham,4,4,4,0,Female,No,14,0,0,1,0,0,0,0,video3_cred_cham,cred_cham,100,3,3.337710738,1,0,0,1
706,R_3aXmUFLEWkOpNQB,Young Treat,vapefriend_fab,4,4,4,0,Female,No,14,0,0,1,0,0,0,0,video4_cred_fab,cred_fab,100,4,3.337710738,1,0,0,1
707,R_3aXmUFLEWkOpNQB,Young Treat,vapefriend_mae,4,4,4,0,Female,No,14,0,0,1,0,0,0,0,video5_cred_mae,cred_mae,50,5,1.179485582,1,0,0,1
708,R_3aXmUFLEWkOpNQB,Young Treat,vapefriend_zanx,4,4,4,0,Female,No,14,0,0,1,0,0,0,0,video6_cred_zanx,cred_zanx,71,6,2.085940147,1,0,0,1
709,R_3azBmdbOluZnoYh,Old Treat,vapefriend_aby,4,4,4,0,Female,No,16,1,0,0,0,0,1,0,video1_cred_aby,cred_aby,0,1,-0.978739575,1,0,0,0
710,R_3azBmdbOluZnoYh,Old Treat,vapefriend_anna,4,4,4,0,Female,No,16,1,0,0,0,0,1,0,video2_cred_anna,cred_anna,45,2,0.963663066,1,0,0,1
711,R_3azBmdbOluZnoYh,Old Treat,vapefriend_cham,4,4,4,0,Female,No,16,1,0,0,0,0,1,0,video3_cred_cham,cred_cham,51,3,1.222650085,1,0,0,1
712,R_3azBmdbOluZnoYh,Old Treat,vapefriend_fab,4,4,3,1,Female,No,16,1,0,0,0,0,1,0,video4_cred_fab,cred_fab,0,4,-0.978739575,1,0,0,0
713,R_3azBmdbOluZnoYh,Old Treat,vapefriend_mae,4,4,4,0,Female,No,16,1,0,0,0,0,1,0,video5_cred_mae,cred_mae,21,5,-0.072285009,1,0,0,1
714,R_3azBmdbOluZnoYh,Old Treat,vapefriend_zanx,4,4,4,0,Female,No,16,1,0,0,0,0,1,0,video6_cred_zanx,cred_zanx,9,6,-0.590259047,1,0,0,0
715,R_3coMuFFEkSRlj1v,Young Treat,vapefriend_aby,4,4,4,0,Female,Yes,17,1,0,0,0,0,1,1,video1_cred_aby,cred_aby,16,1,-0.288107525,1,0,0,1
716,R_3coMuFFEkSRlj1v,Young Treat,vapefriend_anna,4,4,3,1,Female,Yes,17,1,0,0,0,0,1,1,video2_cred_anna,cred_anna,6,2,-0.719752556,1,0,0,0
717,R_3coMuFFEkSRlj1v,Young Treat,vapefriend_cham,3,3,2,1,Female,Yes,17,1,0,0,0,0,1,1,video3_cred_cham,cred_cham,12,3,-0.460765538,1,0,0,0
718,R_3coMuFFEkSRlj1v,Young Treat,vapefriend_fab,3,4,3,1,Female,Yes,17,1,0,0,0,0,1,1,video4_cred_fab,cred_fab,3,4,-0.849246066,1,0,0,0
719,R_3coMuFFEkSRlj1v,Young Treat,vapefriend_mae,3,3,3,1,Female,Yes,17,1,0,0,0,0,1,1,video5_cred_mae,cred_mae,0,5,-0.978739575,1,0,0,0
720,R_3coMuFFEkSRlj1v,Young Treat,vapefriend_zanx,4,4,3,1,Female,Yes,17,1,0,0,0,0,1,1,video6_cred_zanx,cred_zanx,8,6,-0.63342355,1,0,0,0
721,R_3dGWVDV98LUhyTk,Young Treat,vapefriend_aby,4,4,4,0,Female,Yes,14,0,0,0,0,1,0,0,video1_cred_aby,cred_aby,8,1,-0.63342355,2,0,0,0
722,R_3dGWVDV98LUhyTk,Young Treat,vapefriend_anna,4,4,4,0,Female,Yes,14,0,0,0,0,1,0,0,video2_cred_anna,cred_anna,27,2,0.186702009,2,0,0,1
723,R_3dGWVDV98LUhyTk,Young Treat,vapefriend_cham,4,4,4,0,Female,Yes,14,0,0,0,0,1,0,0,video3_cred_cham,cred_cham,15,3,-0.331272028,2,0,0,1
724,R_3dGWVDV98LUhyTk,Young Treat,vapefriend_fab,4,4,4,0,Female,Yes,14,0,0,0,0,1,0,0,video4_cred_fab,cred_fab,41,4,0.791005053,2,0,0,1
725,R_3dGWVDV98LUhyTk,Young Treat,vapefriend_mae,4,4,4,0,Female,Yes,14,0,0,0,0,1,0,0,video5_cred_mae,cred_mae,8,5,-0.63342355,2,0,0,0
726,R_3dGWVDV98LUhyTk,Young Treat,vapefriend_zanx,4,4,4,0,Female,Yes,14,0,0,0,0,1,0,0,video6_cred_zanx,cred_zanx,15,6,-0.331272028,2,0,0,1
727,R_3dH8JAqJDE1P6qE,Old Treat,vapefriend_aby,4,4,4,0,Female,Yes,17,0,0,0,0,1,0,0,video1_cred_aby,cred_aby,3,1,-0.849246066,1,0,0,0
728,R_3dH8JAqJDE1P6qE,Old Treat,vapefriend_anna,4,4,4,0,Female,Yes,17,0,0,0,0,1,0,0,video2_cred_anna,cred_anna,0,2,-0.978739575,1,0,0,0
729,R_3dH8JAqJDE1P6qE,Old Treat,vapefriend_cham,4,4,4,0,Female,Yes,17,0,0,0,0,1,0,0,video3_cred_cham,cred_cham,0,3,-0.978739575,1,0,0,0
730,R_3dH8JAqJDE1P6qE,Old Treat,vapefriend_fab,4,4,4,0,Female,Yes,17,0,0,0,0,1,0,0,video4_cred_fab,cred_fab,0,4,-0.978739575,1,0,0,0
731,R_3dH8JAqJDE1P6qE,Old Treat,vapefriend_mae,4,4,4,0,Female,Yes,17,0,0,0,0,1,0,0,video5_cred_mae,cred_mae,0,5,-0.978739575,1,0,0,0
732,R_3dH8JAqJDE1P6qE,Old Treat,vapefriend_zanx,4,4,4,0,Female,Yes,17,0,0,0,0,1,0,0,video6_cred_zanx,cred_zanx,0,6,-0.978739575,1,0,0,0
733,R_3dMXTH5VSzUiibc,Old Treat,vapefriend_aby,4,4,4,0,Female,Yes,17,1,0,0,0,0,0,0,video1_cred_aby,cred_aby,50,1,1.179485582,1,0,0,1
734,R_3dMXTH5VSzUiibc,Old Treat,vapefriend_anna,4,4,4,0,Female,Yes,17,1,0,0,0,0,0,0,video2_cred_anna,cred_anna,5,2,-0.76291706,1,0,0,0
735,R_3dMXTH5VSzUiibc,Old Treat,vapefriend_cham,4,4,4,0,Female,Yes,17,1,0,0,0,0,0,0,video3_cred_cham,cred_cham,27,3,0.186702009,1,0,0,1
736,R_3dMXTH5VSzUiibc,Old Treat,vapefriend_fab,4,4,4,0,Female,Yes,17,1,0,0,0,0,0,0,video4_cred_fab,cred_fab,6,4,-0.719752556,1,0,0,0
737,R_3dMXTH5VSzUiibc,Old Treat,vapefriend_mae,4,4,4,0,Female,Yes,17,1,0,0,0,0,0,0,video5_cred_mae,cred_mae,10,5,-0.547094544,1,0,0,0
738,R_3dMXTH5VSzUiibc,Old Treat,vapefriend_zanx,4,4,4,0,Female,Yes,17,1,0,0,0,0,0,0,video6_cred_zanx,cred_zanx,15,6,-0.331272028,1,0,0,1
739,R_3e2MuWCpekv9x2k,Old Control,vapefriend_aby,4,4,4,0,Male,No,16,0,1,0,0,0,0,0,video1_cred_aby,cred_aby,89,1,2.862901204,3,0,0,1
740,R_3e2MuWCpekv9x2k,Old Control,vapefriend_anna,4,4,4,0,Male,No,16,0,1,0,0,0,0,0,video2_cred_anna,cred_anna,12,2,-0.460765538,3,0,0,0
741,R_3e2MuWCpekv9x2k,Old Control,vapefriend_cham,4,4,4,0,Male,No,16,0,1,0,0,0,0,0,video3_cred_cham,cred_cham,73,3,2.172269154,3,0,0,1
742,R_3e2MuWCpekv9x2k,Old Control,vapefriend_fab,4,4,4,0,Male,No,16,0,1,0,0,0,0,0,video4_cred_fab,cred_fab,17,4,-0.244943022,3,0,0,1
743,R_3e2MuWCpekv9x2k,Old Control,vapefriend_mae,4,4,4,0,Male,No,16,0,1,0,0,0,0,0,video5_cred_mae,cred_mae,56,5,1.4384726,3,0,0,1
744,R_3e2MuWCpekv9x2k,Old Control,vapefriend_zanx,4,4,4,0,Male,No,16,0,1,0,0,0,0,0,video6_cred_zanx,cred_zanx,13,6,-0.417601034,3,0,0,0
745,R_3exFqjVFnET0B0g,Young Control,vapefriend_aby,4,4,2,1,Female,Yes,17,1,0,0,0,0,0,1,video1_cred_aby,cred_aby,4,1,-0.806081563,1,0,0,0
746,R_3exFqjVFnET0B0g,Young Control,vapefriend_anna,4,4,2,1,Female,Yes,17,1,0,0,0,0,0,1,video2_cred_anna,cred_anna,1,2,-0.935575072,1,0,0,0
747,R_3exFqjVFnET0B0g,Young Control,vapefriend_cham,4,4,2,1,Female,Yes,17,1,0,0,0,0,0,1,video3_cred_cham,cred_cham,3,3,-0.849246066,1,0,0,0
748,R_3exFqjVFnET0B0g,Young Control,vapefriend_fab,4,4,1,1,Female,Yes,17,1,0,0,0,0,0,1,video4_cred_fab,cred_fab,5,4,-0.76291706,1,0,0,0
749,R_3exFqjVFnET0B0g,Young Control,vapefriend_mae,4,4,2,1,Female,Yes,17,1,0,0,0,0,0,1,video5_cred_mae,cred_mae,9,5,-0.590259047,1,0,0,0
750,R_3exFqjVFnET0B0g,Young Control,vapefriend_zanx,4,4,4,0,Female,Yes,17,1,0,0,0,0,0,1,video6_cred_zanx,cred_zanx,6,6,-0.719752556,1,0,0,0
751,R_3f0DwBag0rlDisO,Young Treat,vapefriend_aby,2,2,3,1,Male,No,17,1,0,0,0,0,0,1,video1_cred_aby,cred_aby,60,1,1.611130613,1,0,0,1
752,R_3f0DwBag0rlDisO,Young Treat,vapefriend_anna,3,4,3,1,Male,No,17,1,0,0,0,0,0,1,video2_cred_anna,cred_anna,54,2,1.352143594,1,0,0,1
753,R_3f0DwBag0rlDisO,Young Treat,vapefriend_cham,2,3,2,1,Male,No,17,1,0,0,0,0,0,1,video3_cred_cham,cred_cham,72,3,2.129104651,1,0,0,1
754,R_3f0DwBag0rlDisO,Young Treat,vapefriend_fab,1,1,2,1,Male,No,17,1,0,0,0,0,0,1,video4_cred_fab,cred_fab,70,4,2.042775644,1,0,0,1
755,R_3f0DwBag0rlDisO,Young Treat,vapefriend_mae,1,3,2,1,Male,No,17,1,0,0,0,0,0,1,video5_cred_mae,cred_mae,73,5,2.172269154,1,0,0,1
756,R_3f0DwBag0rlDisO,Young Treat,vapefriend_zanx,1,1,2,1,Male,No,17,1,0,0,0,0,0,1,video6_cred_zanx,cred_zanx,78,6,2.388091669,1,0,0,1
757,R_3f2NrTdEaGe306z,Young Treat,vapefriend_aby,1,3,2,1,Male,Yes,17,0,0,1,0,0,0,1,video1_cred_aby,cred_aby,53,1,1.308979091,1,0,0,1
758,R_3f2NrTdEaGe306z,Young Treat,vapefriend_anna,2,2,3,1,Male,Yes,17,0,0,1,0,0,0,1,video2_cred_anna,cred_anna,43,2,0.87733406,1,0,0,1
759,R_3f2NrTdEaGe306z,Young Treat,vapefriend_cham,2,1,3,1,Male,Yes,17,0,0,1,0,0,0,1,video3_cred_cham,cred_cham,40,3,0.74784055,1,0,0,1
760,R_3f2NrTdEaGe306z,Young Treat,vapefriend_fab,2,3,3,1,Male,Yes,17,0,0,1,0,0,0,1,video4_cred_fab,cred_fab,50,4,1.179485582,1,0,0,1
761,R_3f2NrTdEaGe306z,Young Treat,vapefriend_mae,2,1,3,1,Male,Yes,17,0,0,1,0,0,0,1,video5_cred_mae,cred_mae,57,5,1.481637104,1,0,0,1
762,R_3f2NrTdEaGe306z,Young Treat,vapefriend_zanx,3,2,2,1,Male,Yes,17,0,0,1,0,0,0,1,video6_cred_zanx,cred_zanx,66,6,1.870117632,1,0,0,1
763,R_3gLn6H8LrFGT1tO,Young Treat,vapefriend_aby,3,4,4,1,Female,No,17,1,1,0,0,0,1,1,video1_cred_aby,cred_aby,24,1,0.0572085,1,0,0,1
764,R_3gLn6H8LrFGT1tO,Young Treat,vapefriend_anna,4,4,4,0,Female,No,17,1,1,0,0,0,1,1,video2_cred_anna,cred_anna,16,2,-0.288107525,1,0,0,1
765,R_3gLn6H8LrFGT1tO,Young Treat,vapefriend_cham,4,4,4,0,Female,No,17,1,1,0,0,0,1,1,video3_cred_cham,cred_cham,27,3,0.186702009,1,0,0,1
766,R_3gLn6H8LrFGT1tO,Young Treat,vapefriend_fab,4,4,4,0,Female,No,17,1,1,0,0,0,1,1,video4_cred_fab,cred_fab,19,4,-0.158614016,1,0,0,1
767,R_3gLn6H8LrFGT1tO,Young Treat,vapefriend_mae,3,4,4,1,Female,No,17,1,1,0,0,0,1,1,video5_cred_mae,cred_mae,24,5,0.0572085,1,0,0,1
768,R_3gLn6H8LrFGT1tO,Young Treat,vapefriend_zanx,3,4,4,1,Female,No,17,1,1,0,0,0,1,1,video6_cred_zanx,cred_zanx,37,6,0.618347041,1,0,0,1
769,R_3gdNZO8bNqdHSWK,Young Control,vapefriend_aby,3,2,2,1,Male,Yes,17,1,0,0,0,0,0,1,video1_cred_aby,cred_aby,45,1,0.963663066,1,0,0,1
770,R_3gdNZO8bNqdHSWK,Young Control,vapefriend_anna,3,3,2,1,Male,Yes,17,1,0,0,0,0,0,1,video2_cred_anna,cred_anna,53,2,1.308979091,1,0,0,1
771,R_3gdNZO8bNqdHSWK,Young Control,vapefriend_cham,1,3,2,1,Male,Yes,17,1,0,0,0,0,0,1,video3_cred_cham,cred_cham,71,3,2.085940147,1,0,0,1
772,R_3gdNZO8bNqdHSWK,Young Control,vapefriend_fab,2,3,2,1,Male,Yes,17,1,0,0,0,0,0,1,video4_cred_fab,cred_fab,48,4,1.093156575,1,0,0,1
773,R_3gdNZO8bNqdHSWK,Young Control,vapefriend_mae,2,1,3,1,Male,Yes,17,1,0,0,0,0,0,1,video5_cred_mae,cred_mae,60,5,1.611130613,1,0,0,1
774,R_3gdNZO8bNqdHSWK,Young Control,vapefriend_zanx,1,3,1,1,Male,Yes,17,1,0,0,0,0,0,1,video6_cred_zanx,cred_zanx,46,6,1.006827569,1,0,0,1
775,R_3iO9vwC5M9aN8jq,Young Treat,vapefriend_aby,4,4,4,0,Male,Yes,17,0,0,0,0,1,0,0,video1_cred_aby,cred_aby,30,1,0.316195519,3,0,0,1
776,R_3iO9vwC5M9aN8jq,Young Treat,vapefriend_anna,4,4,4,0,Male,Yes,17,0,0,0,0,1,0,0,video2_cred_anna,cred_anna,50,2,1.179485582,3,0,0,1
777,R_3iO9vwC5M9aN8jq,Young Treat,vapefriend_cham,4,4,4,0,Male,Yes,17,0,0,0,0,1,0,0,video3_cred_cham,cred_cham,20,3,-0.115449513,3,0,0,1
778,R_3iO9vwC5M9aN8jq,Young Treat,vapefriend_fab,4,4,4,0,Male,Yes,17,0,0,0,0,1,0,0,video4_cred_fab,cred_fab,50,4,1.179485582,3,0,0,1
779,R_3iO9vwC5M9aN8jq,Young Treat,vapefriend_mae,4,4,4,0,Male,Yes,17,0,0,0,0,1,0,0,video5_cred_mae,cred_mae,40,5,0.74784055,3,0,0,1
780,R_3iO9vwC5M9aN8jq,Young Treat,vapefriend_zanx,4,4,4,0,Male,Yes,17,0,0,0,0,1,0,0,video6_cred_zanx,cred_zanx,20,6,-0.115449513,3,0,0,1
781,R_3ih8DgUYfxNf2I9,Old Control,vapefriend_aby,4,4,4,0,Female,Yes,16,1,0,0,0,0,0,0,video1_cred_aby,cred_aby,30,1,0.316195519,1,0,0,1
782,R_3ih8DgUYfxNf2I9,Old Control,vapefriend_anna,4,4,4,0,Female,Yes,16,1,0,0,0,0,0,0,video2_cred_anna,cred_anna,18,2,-0.201778519,1,0,0,1
783,R_3ih8DgUYfxNf2I9,Old Control,vapefriend_cham,4,4,4,0,Female,Yes,16,1,0,0,0,0,0,0,video3_cred_cham,cred_cham,19,3,-0.158614016,1,0,0,1
784,R_3ih8DgUYfxNf2I9,Old Control,vapefriend_fab,4,4,4,0,Female,Yes,16,1,0,0,0,0,0,0,video4_cred_fab,cred_fab,13,4,-0.417601034,1,0,0,0
785,R_3ih8DgUYfxNf2I9,Old Control,vapefriend_mae,4,4,4,0,Female,Yes,16,1,0,0,0,0,0,0,video5_cred_mae,cred_mae,29,5,0.273031016,1,0,0,1
786,R_3ih8DgUYfxNf2I9,Old Control,vapefriend_zanx,4,4,4,0,Female,Yes,16,1,0,0,0,0,0,0,video6_cred_zanx,cred_zanx,16,6,-0.288107525,1,0,0,1
787,R_3itfUGUeGjgprbo,Old Control,vapefriend_aby,4,4,4,0,Female,Yes,15,0,0,0,0,1,0,0,video1_cred_aby,cred_aby,49,1,1.136321078,1,0,0,1
788,R_3itfUGUeGjgprbo,Old Control,vapefriend_anna,4,4,4,0,Female,Yes,15,0,0,0,0,1,0,0,video2_cred_anna,cred_anna,42,2,0.834169557,1,0,0,1
789,R_3itfUGUeGjgprbo,Old Control,vapefriend_cham,4,4,4,0,Female,Yes,15,0,0,0,0,1,0,0,video3_cred_cham,cred_cham,50,3,1.179485582,1,0,0,1
790,R_3itfUGUeGjgprbo,Old Control,vapefriend_fab,4,4,4,0,Female,Yes,15,0,0,0,0,1,0,0,video4_cred_fab,cred_fab,50,4,1.179485582,1,0,0,1
791,R_3itfUGUeGjgprbo,Old Control,vapefriend_mae,4,4,4,0,Female,Yes,15,0,0,0,0,1,0,0,video5_cred_mae,cred_mae,47,5,1.049992072,1,0,0,1
792,R_3itfUGUeGjgprbo,Old Control,vapefriend_zanx,4,4,4,0,Female,Yes,15,0,0,0,0,1,0,0,video6_cred_zanx,cred_zanx,43,6,0.87733406,1,0,0,1
793,R_3jMWpD7I99FtsLK,Young Treat,vapefriend_aby,4,4,2,1,Male,Yes,17,0,0,0,0,1,0,1,video1_cred_aby,cred_aby,19,1,-0.158614016,1,0,0,1
794,R_3jMWpD7I99FtsLK,Young Treat,vapefriend_anna,4,4,2,1,Male,Yes,17,0,0,0,0,1,0,1,video2_cred_anna,cred_anna,13,2,-0.417601034,1,0,0,0
795,R_3jMWpD7I99FtsLK,Young Treat,vapefriend_cham,4,4,2,1,Male,Yes,17,0,0,0,0,1,0,1,video3_cred_cham,cred_cham,22,3,-0.029120506,1,0,0,1
796,R_3jMWpD7I99FtsLK,Young Treat,vapefriend_fab,4,4,2,1,Male,Yes,17,0,0,0,0,1,0,1,video4_cred_fab,cred_fab,19,4,-0.158614016,1,0,0,1
797,R_3jMWpD7I99FtsLK,Young Treat,vapefriend_mae,4,4,2,1,Male,Yes,17,0,0,0,0,1,0,1,video5_cred_mae,cred_mae,15,5,-0.331272028,1,0,0,1
798,R_3jMWpD7I99FtsLK,Young Treat,vapefriend_zanx,4,4,2,1,Male,Yes,17,0,0,0,0,1,0,1,video6_cred_zanx,cred_zanx,17,6,-0.244943022,1,0,0,1
799,R_3js7BfXcOIeFMng,Young Treat,vapefriend_aby,3,2,4,1,Male,No,16,1,0,0,0,0,1,1,video1_cred_aby,cred_aby,0,1,-0.978739575,3,0,0,0
800,R_3js7BfXcOIeFMng,Young Treat,vapefriend_anna,3,4,4,1,Male,No,16,1,0,0,0,0,1,1,video2_cred_anna,cred_anna,9,2,-0.590259047,3,0,0,0
801,R_3js7BfXcOIeFMng,Young Treat,vapefriend_cham,4,4,4,0,Male,No,16,1,0,0,0,0,1,1,video3_cred_cham,cred_cham,0,3,-0.978739575,3,0,0,0
802,R_3js7BfXcOIeFMng,Young Treat,vapefriend_fab,3,4,4,1,Male,No,16,1,0,0,0,0,1,1,video4_cred_fab,cred_fab,0,4,-0.978739575,3,0,0,0
803,R_3js7BfXcOIeFMng,Young Treat,vapefriend_mae,3,2,3,1,Male,No,16,1,0,0,0,0,1,1,video5_cred_mae,cred_mae,0,5,-0.978739575,3,0,0,0
804,R_3js7BfXcOIeFMng,Young Treat,vapefriend_zanx,3,4,4,1,Male,No,16,1,0,0,0,0,1,1,video6_cred_zanx,cred_zanx,0,6,-0.978739575,3,0,0,0
805,R_3lRoYLtcIkKZTlD,Old Control,vapefriend_aby,4,4,4,0,Female,Yes,17,1,0,0,1,0,0,0,video1_cred_aby,cred_aby,2,1,-0.892410569,1,0,0,0
806,R_3lRoYLtcIkKZTlD,Old Control,vapefriend_anna,4,4,4,0,Female,Yes,17,1,0,0,1,0,0,0,video2_cred_anna,cred_anna,3,2,-0.849246066,1,0,0,0
807,R_3lRoYLtcIkKZTlD,Old Control,vapefriend_cham,4,4,4,0,Female,Yes,17,1,0,0,1,0,0,0,video3_cred_cham,cred_cham,4,3,-0.806081563,1,0,0,0
808,R_3lRoYLtcIkKZTlD,Old Control,vapefriend_fab,4,4,4,0,Female,Yes,17,1,0,0,1,0,0,0,video4_cred_fab,cred_fab,3,4,-0.849246066,1,0,0,0
809,R_3lRoYLtcIkKZTlD,Old Control,vapefriend_mae,4,4,4,0,Female,Yes,17,1,0,0,1,0,0,0,video5_cred_mae,cred_mae,13,5,-0.417601034,1,0,0,0
810,R_3lRoYLtcIkKZTlD,Old Control,vapefriend_zanx,4,4,4,0,Female,Yes,17,1,0,0,1,0,0,0,video6_cred_zanx,cred_zanx,4,6,-0.806081563,1,0,0,0
811,R_3ltYvG3Gw9UZjWW,Young Control,vapefriend_aby,4,4,4,0,Male,No,16,0,1,0,0,0,0,0,video1_cred_aby,cred_aby,5,1,-0.76291706,3,0,0,0
812,R_3ltYvG3Gw9UZjWW,Young Control,vapefriend_anna,4,4,4,0,Male,No,16,0,1,0,0,0,0,0,video2_cred_anna,cred_anna,0,2,-0.978739575,3,0,0,0
813,R_3ltYvG3Gw9UZjWW,Young Control,vapefriend_cham,4,4,4,0,Male,No,16,0,1,0,0,0,0,0,video3_cred_cham,cred_cham,1,3,-0.935575072,3,0,0,0
814,R_3ltYvG3Gw9UZjWW,Young Control,vapefriend_fab,4,4,4,0,Male,No,16,0,1,0,0,0,0,0,video4_cred_fab,cred_fab,6,4,-0.719752556,3,0,0,0
815,R_3ltYvG3Gw9UZjWW,Young Control,vapefriend_mae,4,4,4,0,Male,No,16,0,1,0,0,0,0,0,video5_cred_mae,cred_mae,1,5,-0.935575072,3,0,0,0
816,R_3ltYvG3Gw9UZjWW,Young Control,vapefriend_zanx,4,4,4,0,Male,No,16,0,1,0,0,0,0,0,video6_cred_zanx,cred_zanx,0,6,-0.978739575,3,0,0,0
817,R_3luZntG3xwp4k0h,Old Control,vapefriend_aby,4,4,4,0,Female,No,17,0,0,1,0,0,0,0,video1_cred_aby,cred_aby,57,1,1.481637104,1,0,0,1
818,R_3luZntG3xwp4k0h,Old Control,vapefriend_anna,4,4,4,0,Female,No,17,0,0,1,0,0,0,0,video2_cred_anna,cred_anna,44,2,0.920498563,1,0,0,1
819,R_3luZntG3xwp4k0h,Old Control,vapefriend_cham,4,4,4,0,Female,No,17,0,0,1,0,0,0,0,video3_cred_cham,cred_cham,45,3,0.963663066,1,0,0,1
820,R_3luZntG3xwp4k0h,Old Control,vapefriend_fab,4,4,4,0,Female,No,17,0,0,1,0,0,0,0,video4_cred_fab,cred_fab,48,4,1.093156575,1,0,0,1
821,R_3luZntG3xwp4k0h,Old Control,vapefriend_mae,4,4,4,0,Female,No,17,0,0,1,0,0,0,0,video5_cred_mae,cred_mae,50,5,1.179485582,1,0,0,1
822,R_3luZntG3xwp4k0h,Old Control,vapefriend_zanx,4,4,4,0,Female,No,17,0,0,1,0,0,0,0,video6_cred_zanx,cred_zanx,12,6,-0.460765538,1,0,0,0
823,R_3mf2RfK0RtxhvHB,Old Treat,vapefriend_aby,3,3,3,1,Female,Yes,17,0,0,0,0,1,1,1,video1_cred_aby,cred_aby,50,1,1.179485582,1,0,0,1
824,R_3mf2RfK0RtxhvHB,Old Treat,vapefriend_anna,3,3,3,1,Female,Yes,17,0,0,0,0,1,1,1,video2_cred_anna,cred_anna,50,2,1.179485582,1,0,0,1
825,R_3mf2RfK0RtxhvHB,Old Treat,vapefriend_cham,3,3,3,1,Female,Yes,17,0,0,0,0,1,1,1,video3_cred_cham,cred_cham,50,3,1.179485582,1,0,0,1
826,R_3mf2RfK0RtxhvHB,Old Treat,vapefriend_fab,3,3,3,1,Female,Yes,17,0,0,0,0,1,1,1,video4_cred_fab,cred_fab,45,4,0.963663066,1,0,0,1
827,R_3mf2RfK0RtxhvHB,Old Treat,vapefriend_mae,3,3,3,1,Female,Yes,17,0,0,0,0,1,1,1,video5_cred_mae,cred_mae,50,5,1.179485582,1,0,0,1
828,R_3mf2RfK0RtxhvHB,Old Treat,vapefriend_zanx,3,3,3,1,Female,Yes,17,0,0,0,0,1,1,1,video6_cred_zanx,cred_zanx,50,6,1.179485582,1,0,0,1
829,R_3n2wSZSdzR0mmCH,Young Control,vapefriend_aby,4,4,4,0,Female,Yes,15,0,0,0,0,0,0,0,video1_cred_aby,cred_aby,26,1,0.143537506,1,0,0,1
830,R_3n2wSZSdzR0mmCH,Young Control,vapefriend_anna,4,4,4,0,Female,Yes,15,0,0,0,0,0,0,0,video2_cred_anna,cred_anna,22,2,-0.029120506,1,0,0,1
831,R_3n2wSZSdzR0mmCH,Young Control,vapefriend_cham,4,4,4,0,Female,Yes,15,0,0,0,0,0,0,0,video3_cred_cham,cred_cham,15,3,-0.331272028,1,0,0,1
832,R_3n2wSZSdzR0mmCH,Young Control,vapefriend_fab,4,4,4,0,Female,Yes,15,0,0,0,0,0,0,0,video4_cred_fab,cred_fab,38,4,0.661511544,1,0,0,1
833,R_3n2wSZSdzR0mmCH,Young Control,vapefriend_mae,4,4,4,0,Female,Yes,15,0,0,0,0,0,0,0,video5_cred_mae,cred_mae,29,5,0.273031016,1,0,0,1
834,R_3n2wSZSdzR0mmCH,Young Control,vapefriend_zanx,4,4,4,0,Female,Yes,15,0,0,0,0,0,0,0,video6_cred_zanx,cred_zanx,36,6,0.575182538,1,0,0,1
835,R_3nA9cUE0JL86ZsG,Old Control,vapefriend_aby,4,4,4,0,Male,Yes,16,0,0,0,0,1,0,0,video1_cred_aby,cred_aby,19,1,-0.158614016,2,0,0,1
836,R_3nA9cUE0JL86ZsG,Old Control,vapefriend_anna,4,4,4,0,Male,Yes,16,0,0,0,0,1,0,0,video2_cred_anna,cred_anna,10,2,-0.547094544,2,0,0,0
837,R_3nA9cUE0JL86ZsG,Old Control,vapefriend_cham,4,4,4,0,Male,Yes,16,0,0,0,0,1,0,0,video3_cred_cham,cred_cham,10,3,-0.547094544,2,0,0,0
838,R_3nA9cUE0JL86ZsG,Old Control,vapefriend_fab,4,4,4,0,Male,Yes,16,0,0,0,0,1,0,0,video4_cred_fab,cred_fab,11,4,-0.503930041,2,0,0,0
839,R_3nA9cUE0JL86ZsG,Old Control,vapefriend_mae,4,4,4,0,Male,Yes,16,0,0,0,0,1,0,0,video5_cred_mae,cred_mae,8,5,-0.63342355,2,0,0,0
840,R_3nA9cUE0JL86ZsG,Old Control,vapefriend_zanx,4,4,4,0,Male,Yes,16,0,0,0,0,1,0,0,video6_cred_zanx,cred_zanx,13,6,-0.417601034,2,0,0,0
841,R_3ncnUoA2XBnYb3y,Old Treat,vapefriend_aby,3,4,3,1,Male,No,15,1,0,0,0,1,1,0,video1_cred_aby,cred_aby,30,1,0.316195519,1,0,0,1
842,R_3ncnUoA2XBnYb3y,Old Treat,vapefriend_anna,4,4,4,0,Male,No,15,1,0,0,0,1,1,0,video2_cred_anna,cred_anna,5,2,-0.76291706,1,0,0,0
843,R_3ncnUoA2XBnYb3y,Old Treat,vapefriend_cham,3,4,3,1,Male,No,15,1,0,0,0,1,1,0,video3_cred_cham,cred_cham,20,3,-0.115449513,1,0,0,1
844,R_3ncnUoA2XBnYb3y,Old Treat,vapefriend_fab,4,4,4,0,Male,No,15,1,0,0,0,1,1,0,video4_cred_fab,cred_fab,20,4,-0.115449513,1,0,0,1
845,R_3ncnUoA2XBnYb3y,Old Treat,vapefriend_mae,3,4,3,1,Male,No,15,1,0,0,0,1,1,0,video5_cred_mae,cred_mae,55,5,1.395308097,1,0,0,1
846,R_3ncnUoA2XBnYb3y,Old Treat,vapefriend_zanx,3,3,2,1,Male,No,15,1,0,0,0,1,1,0,video6_cred_zanx,cred_zanx,10,6,-0.547094544,1,0,0,0
847,R_3oAsl4Bwt0VvzRX,Old Control,vapefriend_aby,4,4,4,0,Male,Yes,16,0,0,0,0,0,1,0,video1_cred_aby,cred_aby,30,1,0.316195519,1,0,0,1
848,R_3oAsl4Bwt0VvzRX,Old Control,vapefriend_anna,4,4,4,0,Male,Yes,16,0,0,0,0,0,1,0,video2_cred_anna,cred_anna,23,2,0.014043997,1,0,0,1
849,R_3oAsl4Bwt0VvzRX,Old Control,vapefriend_cham,4,4,4,0,Male,Yes,16,0,0,0,0,0,1,0,video3_cred_cham,cred_cham,30,3,0.316195519,1,0,0,1
850,R_3oAsl4Bwt0VvzRX,Old Control,vapefriend_fab,4,4,4,0,Male,Yes,16,0,0,0,0,0,1,0,video4_cred_fab,cred_fab,10,4,-0.547094544,1,0,0,0
851,R_3oAsl4Bwt0VvzRX,Old Control,vapefriend_mae,4,4,4,0,Male,Yes,16,0,0,0,0,0,1,0,video5_cred_mae,cred_mae,21,5,-0.072285009,1,0,0,1
852,R_3oAsl4Bwt0VvzRX,Old Control,vapefriend_zanx,4,4,4,0,Male,Yes,16,0,0,0,0,0,1,0,video6_cred_zanx,cred_zanx,3,6,-0.849246066,1,0,0,0
853,R_3oZa0fkWayTyhDX,Old Treat,vapefriend_aby,4,4,4,0,Female,Yes,15,0,0,0,1,1,0,1,video1_cred_aby,cred_aby,2,1,-0.892410569,3,0,0,0
854,R_3oZa0fkWayTyhDX,Old Treat,vapefriend_anna,4,4,4,0,Female,Yes,15,0,0,0,1,1,0,1,video2_cred_anna,cred_anna,0,2,-0.978739575,3,0,0,0
855,R_3oZa0fkWayTyhDX,Old Treat,vapefriend_cham,4,4,4,0,Female,Yes,15,0,0,0,1,1,0,1,video3_cred_cham,cred_cham,1,3,-0.935575072,3,0,0,0
856,R_3oZa0fkWayTyhDX,Old Treat,vapefriend_fab,4,4,4,0,Female,Yes,15,0,0,0,1,1,0,1,video4_cred_fab,cred_fab,0,4,-0.978739575,3,0,0,0
857,R_3oZa0fkWayTyhDX,Old Treat,vapefriend_mae,4,4,4,0,Female,Yes,15,0,0,0,1,1,0,1,video5_cred_mae,cred_mae,0,5,-0.978739575,3,0,0,0
858,R_3oZa0fkWayTyhDX,Old Treat,vapefriend_zanx,4,4,4,0,Female,Yes,15,0,0,0,1,1,0,1,video6_cred_zanx,cred_zanx,1,6,-0.935575072,3,0,0,0
859,R_3omPg0NHrDOPpsv,Young Treat,vapefriend_aby,4,4,4,0,Female,No,17,1,0,1,0,0,1,0,video1_cred_aby,cred_aby,11,1,-0.503930041,1,0,0,0
860,R_3omPg0NHrDOPpsv,Young Treat,vapefriend_anna,4,4,4,0,Female,No,17,1,0,1,0,0,1,0,video2_cred_anna,cred_anna,0,2,-0.978739575,1,0,0,0
861,R_3omPg0NHrDOPpsv,Young Treat,vapefriend_cham,4,4,4,0,Female,No,17,1,0,1,0,0,1,0,video3_cred_cham,cred_cham,0,3,-0.978739575,1,0,0,0
862,R_3omPg0NHrDOPpsv,Young Treat,vapefriend_fab,4,4,4,0,Female,No,17,1,0,1,0,0,1,0,video4_cred_fab,cred_fab,0,4,-0.978739575,1,0,0,0
863,R_3omPg0NHrDOPpsv,Young Treat,vapefriend_mae,4,4,4,0,Female,No,17,1,0,1,0,0,1,0,video5_cred_mae,cred_mae,0,5,-0.978739575,1,0,0,0
864,R_3omPg0NHrDOPpsv,Young Treat,vapefriend_zanx,4,4,4,0,Female,No,17,1,0,1,0,0,1,0,video6_cred_zanx,cred_zanx,0,6,-0.978739575,1,0,0,0
865,R_3pKb20sQ2zPdOGK,Old Control,vapefriend_aby,3,3,3,1,Female,No,15,1,0,0,0,0,0,1,video1_cred_aby,cred_aby,20,1,-0.115449513,1,1,1,1
866,R_3pKb20sQ2zPdOGK,Old Control,vapefriend_anna,3,3,3,1,Female,No,15,1,0,0,0,0,0,1,video2_cred_anna,cred_anna,18,2,-0.201778519,1,1,1,1
867,R_3pKb20sQ2zPdOGK,Old Control,vapefriend_cham,2,3,2,1,Female,No,15,1,0,0,0,0,0,1,video3_cred_cham,cred_cham,20,3,-0.115449513,1,1,1,1
868,R_3pKb20sQ2zPdOGK,Old Control,vapefriend_fab,3,3,3,1,Female,No,15,1,0,0,0,0,0,1,video4_cred_fab,cred_fab,37,4,0.618347041,1,1,1,1
869,R_3pKb20sQ2zPdOGK,Old Control,vapefriend_mae,3,3,3,1,Female,No,15,1,0,0,0,0,0,1,video5_cred_mae,cred_mae,13,5,-0.417601034,1,1,1,0
870,R_3pKb20sQ2zPdOGK,Old Control,vapefriend_zanx,3,3,3,1,Female,No,15,1,0,0,0,0,0,1,video6_cred_zanx,cred_zanx,6,6,-0.719752556,1,1,1,0
871,R_3pRbxTxy7bZWirH,Young Control,vapefriend_aby,4,4,4,0,Female,Yes,16,0,0,0,0,0,0,0,video1_cred_aby,cred_aby,69,1,1.999611141,1,0,0,1
872,R_3pRbxTxy7bZWirH,Young Control,vapefriend_anna,4,4,4,0,Female,Yes,16,0,0,0,0,0,0,0,video2_cred_anna,cred_anna,54.5,2,1.373725846,1,0,0,1
873,R_3pRbxTxy7bZWirH,Young Control,vapefriend_cham,4,4,4,0,Female,Yes,16,0,0,0,0,0,0,0,video3_cred_cham,cred_cham,58,3,1.524801607,1,0,0,1
874,R_3pRbxTxy7bZWirH,Young Control,vapefriend_fab,4,4,4,0,Female,Yes,16,0,0,0,0,0,0,0,video4_cred_fab,cred_fab,52.5,4,1.287396839,1,0,0,1
875,R_3pRbxTxy7bZWirH,Young Control,vapefriend_mae,4,4,4,0,Female,Yes,16,0,0,0,0,0,0,0,video5_cred_mae,cred_mae,57.5,5,1.503219355,1,0,0,1
876,R_3pRbxTxy7bZWirH,Young Control,vapefriend_zanx,4,4,4,0,Female,Yes,16,0,0,0,0,0,0,0,video6_cred_zanx,cred_zanx,65,6,1.826953129,1,0,0,1
877,R_3pnctO7wz3yv7I0,Young Treat,vapefriend_aby,4,4,4,0,Female,Yes,17,0,0,0,0,0,0,0,video1_cred_aby,cred_aby,0,1,-0.978739575,1,0,0,0
878,R_3pnctO7wz3yv7I0,Young Treat,vapefriend_anna,3,4,4,1,Female,Yes,17,0,0,0,0,0,0,0,video2_cred_anna,cred_anna,0,2,-0.978739575,1,0,0,0
879,R_3pnctO7wz3yv7I0,Young Treat,vapefriend_cham,4,4,4,0,Female,Yes,17,0,0,0,0,0,0,0,video3_cred_cham,cred_cham,0,3,-0.978739575,1,0,0,0
880,R_3pnctO7wz3yv7I0,Young Treat,vapefriend_fab,4,4,4,0,Female,Yes,17,0,0,0,0,0,0,0,video4_cred_fab,cred_fab,0,4,-0.978739575,1,0,0,0
881,R_3pnctO7wz3yv7I0,Young Treat,vapefriend_mae,4,4,4,0,Female,Yes,17,0,0,0,0,0,0,0,video5_cred_mae,cred_mae,0,5,-0.978739575,1,0,0,0
882,R_3pnctO7wz3yv7I0,Young Treat,vapefriend_zanx,4,4,4,0,Female,Yes,17,0,0,0,0,0,0,0,video6_cred_zanx,cred_zanx,0,6,-0.978739575,1,0,0,0
883,R_3q91YdWPIAt9stc,Young Control,vapefriend_aby,4,4,4,0,Male,No,14,1,0,0,0,0,0,0,video1_cred_aby,cred_aby,61,1,1.654295116,1,0,0,1
884,R_3q91YdWPIAt9stc,Young Control,vapefriend_anna,4,4,4,0,Male,No,14,1,0,0,0,0,0,0,video2_cred_anna,cred_anna,51,2,1.222650085,1,0,0,1
885,R_3q91YdWPIAt9stc,Young Control,vapefriend_cham,4,4,4,0,Male,No,14,1,0,0,0,0,0,0,video3_cred_cham,cred_cham,43,3,0.87733406,1,0,0,1
886,R_3q91YdWPIAt9stc,Young Control,vapefriend_fab,4,4,4,0,Male,No,14,1,0,0,0,0,0,0,video4_cred_fab,cred_fab,44,4,0.920498563,1,0,0,1
887,R_3q91YdWPIAt9stc,Young Control,vapefriend_mae,4,4,4,0,Male,No,14,1,0,0,0,0,0,0,video5_cred_mae,cred_mae,50,5,1.179485582,1,0,0,1
888,R_3q91YdWPIAt9stc,Young Control,vapefriend_zanx,4,4,4,0,Male,No,14,1,0,0,0,0,0,0,video6_cred_zanx,cred_zanx,62,6,1.697459619,1,0,0,1
889,R_3qmmV5BMRpgfbHT,Young Treat,vapefriend_aby,2,3,2,1,Female,Yes,17,0,0,0,1,0,1,1,video1_cred_aby,cred_aby,50,1,1.179485582,1,0,0,1
890,R_3qmmV5BMRpgfbHT,Young Treat,vapefriend_anna,2,3,2,1,Female,Yes,17,0,0,0,1,0,1,1,video2_cred_anna,cred_anna,54,2,1.352143594,1,0,0,1
891,R_3qmmV5BMRpgfbHT,Young Treat,vapefriend_cham,2,3,2,1,Female,Yes,17,0,0,0,1,0,1,1,video3_cred_cham,cred_cham,35,3,0.532018035,1,0,0,1
892,R_3qmmV5BMRpgfbHT,Young Treat,vapefriend_fab,2,3,2,1,Female,Yes,17,0,0,0,1,0,1,1,video4_cred_fab,cred_fab,52,4,1.265814588,1,0,0,1
893,R_3qmmV5BMRpgfbHT,Young Treat,vapefriend_mae,2,3,2,1,Female,Yes,17,0,0,0,1,0,1,1,video5_cred_mae,cred_mae,29,5,0.273031016,1,0,0,1
894,R_3qmmV5BMRpgfbHT,Young Treat,vapefriend_zanx,2,3,2,1,Female,Yes,17,0,0,0,1,0,1,1,video6_cred_zanx,cred_zanx,23,6,0.014043997,1,0,0,1
895,R_3qxG2aFxKGUfqut,Old Treat,vapefriend_aby,4,4,4,0,Female,No,14,1,0,0,0,0,0,1,video1_cred_aby,cred_aby,0,1,-0.978739575,3,0,0,0
896,R_3qxG2aFxKGUfqut,Old Treat,vapefriend_anna,3,4,4,1,Female,No,14,1,0,0,0,0,0,1,video2_cred_anna,cred_anna,50,2,1.179485582,3,0,0,1
897,R_3qxG2aFxKGUfqut,Old Treat,vapefriend_cham,4,4,4,0,Female,No,14,1,0,0,0,0,0,1,video3_cred_cham,cred_cham,0,3,-0.978739575,3,0,0,0
898,R_3qxG2aFxKGUfqut,Old Treat,vapefriend_fab,4,4,4,0,Female,No,14,1,0,0,0,0,0,1,video4_cred_fab,cred_fab,0,4,-0.978739575,3,0,0,0
899,R_3qxG2aFxKGUfqut,Old Treat,vapefriend_mae,4,4,4,0,Female,No,14,1,0,0,0,0,0,1,video5_cred_mae,cred_mae,4,5,-0.806081563,3,0,0,0
900,R_3qxG2aFxKGUfqut,Old Treat,vapefriend_zanx,4,4,4,0,Female,No,14,1,0,0,0,0,0,1,video6_cred_zanx,cred_zanx,0,6,-0.978739575,3,0,0,0
901,R_3rIG4lH6fK2gE2c,Young Treat,vapefriend_aby,4,4,4,0,Male,No,16,0,1,0,0,0,1,0,video1_cred_aby,cred_aby,0,1,-0.978739575,1,0,0,0
902,R_3rIG4lH6fK2gE2c,Young Treat,vapefriend_anna,4,4,4,0,Male,No,16,0,1,0,0,0,1,0,video2_cred_anna,cred_anna,0,2,-0.978739575,1,0,0,0
903,R_3rIG4lH6fK2gE2c,Young Treat,vapefriend_cham,4,4,4,0,Male,No,16,0,1,0,0,0,1,0,video3_cred_cham,cred_cham,0,3,-0.978739575,1,0,0,0
904,R_3rIG4lH6fK2gE2c,Young Treat,vapefriend_fab,4,4,4,0,Male,No,16,0,1,0,0,0,1,0,video4_cred_fab,cred_fab,0,4,-0.978739575,1,0,0,0
905,R_3rIG4lH6fK2gE2c,Young Treat,vapefriend_mae,4,4,4,0,Male,No,16,0,1,0,0,0,1,0,video5_cred_mae,cred_mae,0,5,-0.978739575,1,0,0,0
906,R_3rIG4lH6fK2gE2c,Young Treat,vapefriend_zanx,4,4,4,0,Male,No,16,0,1,0,0,0,1,0,video6_cred_zanx,cred_zanx,5,6,-0.76291706,1,0,0,0
907,R_3rcSf23n1DnMsXB,Young Treat,vapefriend_aby,4,4,3,1,Male,No,17,1,0,0,0,0,1,1,video1_cred_aby,cred_aby,15,1,-0.331272028,1,0,0,1
908,R_3rcSf23n1DnMsXB,Young Treat,vapefriend_anna,4,4,4,0,Male,No,17,1,0,0,0,0,1,1,video2_cred_anna,cred_anna,2,2,-0.892410569,1,0,0,0
909,R_3rcSf23n1DnMsXB,Young Treat,vapefriend_cham,4,4,3,1,Male,No,17,1,0,0,0,0,1,1,video3_cred_cham,cred_cham,20,3,-0.115449513,1,0,0,1
910,R_3rcSf23n1DnMsXB,Young Treat,vapefriend_fab,4,4,3,1,Male,No,17,1,0,0,0,0,1,1,video4_cred_fab,cred_fab,30,4,0.316195519,1,0,0,1
911,R_3rcSf23n1DnMsXB,Young Treat,vapefriend_mae,4,4,3,1,Male,No,17,1,0,0,0,0,1,1,video5_cred_mae,cred_mae,35,5,0.532018035,1,0,0,1
912,R_3rcSf23n1DnMsXB,Young Treat,vapefriend_zanx,4,4,4,0,Male,No,17,1,0,0,0,0,1,1,video6_cred_zanx,cred_zanx,1,6,-0.935575072,1,0,0,0
913,R_3s7uFfKvREJgPxM,Old Treat,vapefriend_aby,4,4,4,0,Female,No,17,0,1,0,0,0,0,0,video1_cred_aby,cred_aby,0,1,-0.978739575,3,0,0,0
914,R_3s7uFfKvREJgPxM,Old Treat,vapefriend_anna,4,4,4,0,Female,No,17,0,1,0,0,0,0,0,video2_cred_anna,cred_anna,0,2,-0.978739575,3,0,0,0
915,R_3s7uFfKvREJgPxM,Old Treat,vapefriend_cham,4,4,4,0,Female,No,17,0,1,0,0,0,0,0,video3_cred_cham,cred_cham,0,3,-0.978739575,3,0,0,0
916,R_3s7uFfKvREJgPxM,Old Treat,vapefriend_fab,4,4,4,0,Female,No,17,0,1,0,0,0,0,0,video4_cred_fab,cred_fab,0,4,-0.978739575,3,0,0,0
917,R_3s7uFfKvREJgPxM,Old Treat,vapefriend_mae,4,4,4,0,Female,No,17,0,1,0,0,0,0,0,video5_cred_mae,cred_mae,0,5,-0.978739575,3,0,0,0
918,R_3s7uFfKvREJgPxM,Old Treat,vapefriend_zanx,4,4,4,0,Female,No,17,0,1,0,0,0,0,0,video6_cred_zanx,cred_zanx,0,6,-0.978739575,3,0,0,0
919,R_3sjIsXsvUCJVHYD,Old Control,vapefriend_aby,4,3,3,1,Female,No,16,0,1,0,0,0,0,1,video1_cred_aby,cred_aby,45,1,0.963663066,1,0,0,1
920,R_3sjIsXsvUCJVHYD,Old Control,vapefriend_anna,2,4,2,1,Female,No,16,0,1,0,0,0,0,1,video2_cred_anna,cred_anna,60,2,1.611130613,1,0,0,1
921,R_3sjIsXsvUCJVHYD,Old Control,vapefriend_cham,2,4,2,1,Female,No,16,0,1,0,0,0,0,1,video3_cred_cham,cred_cham,42,3,0.834169557,1,0,0,1
922,R_3sjIsXsvUCJVHYD,Old Control,vapefriend_fab,2,4,2,1,Female,No,16,0,1,0,0,0,0,1,video4_cred_fab,cred_fab,35,4,0.532018035,1,0,0,1
923,R_3sjIsXsvUCJVHYD,Old Control,vapefriend_mae,3,4,2,1,Female,No,16,0,1,0,0,0,0,1,video5_cred_mae,cred_mae,47,5,1.049992072,1,0,0,1
924,R_3sjIsXsvUCJVHYD,Old Control,vapefriend_zanx,4,4,3,1,Female,No,16,0,1,0,0,0,0,1,video6_cred_zanx,cred_zanx,41,6,0.791005053,1,0,0,1
925,R_3wGEX9THZyEMI7M,Young Control,vapefriend_aby,4,4,4,0,Female,Yes,17,1,0,0,0,0,1,0,video1_cred_aby,cred_aby,0,1,-0.978739575,1,0,0,0
926,R_3wGEX9THZyEMI7M,Young Control,vapefriend_anna,4,4,4,0,Female,Yes,17,1,0,0,0,0,1,0,video2_cred_anna,cred_anna,0,2,-0.978739575,1,0,0,0
927,R_3wGEX9THZyEMI7M,Young Control,vapefriend_cham,4,4,4,0,Female,Yes,17,1,0,0,0,0,1,0,video3_cred_cham,cred_cham,0,3,-0.978739575,1,0,0,0
928,R_3wGEX9THZyEMI7M,Young Control,vapefriend_fab,4,4,4,0,Female,Yes,17,1,0,0,0,0,1,0,video4_cred_fab,cred_fab,0,4,-0.978739575,1,0,0,0
929,R_3wGEX9THZyEMI7M,Young Control,vapefriend_mae,4,4,4,0,Female,Yes,17,1,0,0,0,0,1,0,video5_cred_mae,cred_mae,0,5,-0.978739575,1,0,0,0
930,R_3wGEX9THZyEMI7M,Young Control,vapefriend_zanx,4,4,4,0,Female,Yes,17,1,0,0,0,0,1,0,video6_cred_zanx,cred_zanx,0,6,-0.978739575,1,0,0,0
931,R_3yl5n8LNtCc18vT,Old Control,vapefriend_aby,4,4,4,0,Female,No,17,1,0,0,0,0,1,0,video1_cred_aby,cred_aby,24,1,0.0572085,1,0,0,1
932,R_3yl5n8LNtCc18vT,Old Control,vapefriend_anna,4,4,4,0,Female,No,17,1,0,0,0,0,1,0,video2_cred_anna,cred_anna,27,2,0.186702009,1,0,0,1
933,R_3yl5n8LNtCc18vT,Old Control,vapefriend_cham,4,4,4,0,Female,No,17,1,0,0,0,0,1,0,video3_cred_cham,cred_cham,31,3,0.359360022,1,0,0,1
934,R_3yl5n8LNtCc18vT,Old Control,vapefriend_fab,4,4,4,0,Female,No,17,1,0,0,0,0,1,0,video4_cred_fab,cred_fab,27,4,0.186702009,1,0,0,1
935,R_3yl5n8LNtCc18vT,Old Control,vapefriend_mae,4,4,4,0,Female,No,17,1,0,0,0,0,1,0,video5_cred_mae,cred_mae,38,5,0.661511544,1,0,0,1
936,R_3yl5n8LNtCc18vT,Old Control,vapefriend_zanx,4,4,4,0,Female,No,17,1,0,0,0,0,1,0,video6_cred_zanx,cred_zanx,40,6,0.74784055,1,0,0,1
937,R_3zjYxNuWgM2W23O,Old Control,vapefriend_aby,4,4,4,0,Female,Yes,17,1,0,0,0,0,0,0,video1_cred_aby,cred_aby,30,1,0.316195519,1,0,0,1
938,R_3zjYxNuWgM2W23O,Old Control,vapefriend_anna,4,4,4,0,Female,Yes,17,1,0,0,0,0,0,0,video2_cred_anna,cred_anna,20,2,-0.115449513,1,0,0,1
939,R_3zjYxNuWgM2W23O,Old Control,vapefriend_cham,4,4,4,0,Female,Yes,17,1,0,0,0,0,0,0,video3_cred_cham,cred_cham,30,3,0.316195519,1,0,0,1
940,R_3zjYxNuWgM2W23O,Old Control,vapefriend_fab,4,4,4,0,Female,Yes,17,1,0,0,0,0,0,0,video4_cred_fab,cred_fab,2,4,-0.892410569,1,0,0,0
941,R_3zjYxNuWgM2W23O,Old Control,vapefriend_mae,4,4,4,0,Female,Yes,17,1,0,0,0,0,0,0,video5_cred_mae,cred_mae,21,5,-0.072285009,1,0,0,1
942,R_3zjYxNuWgM2W23O,Old Control,vapefriend_zanx,4,4,4,0,Female,Yes,17,1,0,0,0,0,0,0,video6_cred_zanx,cred_zanx,2,6,-0.892410569,1,0,0,0
943,R_50juKUu1TO6SZZD,Young Control,vapefriend_aby,4,4,4,0,Female,Yes,17,0,0,0,0,0,1,0,video1_cred_aby,cred_aby,0,1,-0.978739575,1,0,0,0
944,R_50juKUu1TO6SZZD,Young Control,vapefriend_anna,4,4,4,0,Female,Yes,17,0,0,0,0,0,1,0,video2_cred_anna,cred_anna,0,2,-0.978739575,1,0,0,0
945,R_50juKUu1TO6SZZD,Young Control,vapefriend_cham,4,4,4,0,Female,Yes,17,0,0,0,0,0,1,0,video3_cred_cham,cred_cham,7,3,-0.676588053,1,0,0,0
946,R_50juKUu1TO6SZZD,Young Control,vapefriend_fab,4,4,4,0,Female,Yes,17,0,0,0,0,0,1,0,video4_cred_fab,cred_fab,0,4,-0.978739575,1,0,0,0
947,R_50juKUu1TO6SZZD,Young Control,vapefriend_mae,4,4,4,0,Female,Yes,17,0,0,0,0,0,1,0,video5_cred_mae,cred_mae,0,5,-0.978739575,1,0,0,0
948,R_50juKUu1TO6SZZD,Young Control,vapefriend_zanx,4,4,4,0,Female,Yes,17,0,0,0,0,0,1,0,video6_cred_zanx,cred_zanx,12,6,-0.460765538,1,0,0,0
949,R_517MbUGNtH4eD5x,Old Control,vapefriend_aby,3,4,4,1,Male,Yes,14,1,0,0,0,0,1,1,video1_cred_aby,cred_aby,15,1,-0.331272028,1,0,0,1
950,R_517MbUGNtH4eD5x,Old Control,vapefriend_anna,3,4,4,1,Male,Yes,14,1,0,0,0,0,1,1,video2_cred_anna,cred_anna,20,2,-0.115449513,1,0,0,1
951,R_517MbUGNtH4eD5x,Old Control,vapefriend_cham,3,4,4,1,Male,Yes,14,1,0,0,0,0,1,1,video3_cred_cham,cred_cham,38,3,0.661511544,1,0,0,1
952,R_517MbUGNtH4eD5x,Old Control,vapefriend_fab,3,4,4,1,Male,Yes,14,1,0,0,0,0,1,1,video4_cred_fab,cred_fab,6,4,-0.719752556,1,0,0,0
953,R_517MbUGNtH4eD5x,Old Control,vapefriend_mae,3,4,4,1,Male,Yes,14,1,0,0,0,0,1,1,video5_cred_mae,cred_mae,7,5,-0.676588053,1,0,0,0
954,R_517MbUGNtH4eD5x,Old Control,vapefriend_zanx,3,4,4,1,Male,Yes,14,1,0,0,0,0,1,1,video6_cred_zanx,cred_zanx,14,6,-0.374436531,1,0,0,1
955,R_51gCGfZWh3aRSYR,Young Control,vapefriend_aby,4,4,4,0,Female,Yes,16,0,0,0,0,1,0,1,video1_cred_aby,cred_aby,0,1,-0.978739575,3,0,0,0
956,R_51gCGfZWh3aRSYR,Young Control,vapefriend_anna,4,4,4,0,Female,Yes,16,0,0,0,0,1,0,1,video2_cred_anna,cred_anna,1,2,-0.935575072,3,0,0,0
957,R_51gCGfZWh3aRSYR,Young Control,vapefriend_cham,4,4,4,0,Female,Yes,16,0,0,0,0,1,0,1,video3_cred_cham,cred_cham,0,3,-0.978739575,3,0,0,0
958,R_51gCGfZWh3aRSYR,Young Control,vapefriend_fab,4,4,4,0,Female,Yes,16,0,0,0,0,1,0,1,video4_cred_fab,cred_fab,0,4,-0.978739575,3,0,0,0
959,R_51gCGfZWh3aRSYR,Young Control,vapefriend_mae,3,4,4,1,Female,Yes,16,0,0,0,0,1,0,1,video5_cred_mae,cred_mae,1,5,-0.935575072,3,0,0,0
960,R_51gCGfZWh3aRSYR,Young Control,vapefriend_zanx,4,4,4,0,Female,Yes,16,0,0,0,0,1,0,1,video6_cred_zanx,cred_zanx,0,6,-0.978739575,3,0,0,0
961,R_563aFlaOQrSP6EJ,Old Control,vapefriend_aby,4,4,4,0,Female,Yes,17,0,0,0,1,0,0,0,video1_cred_aby,cred_aby,41,1,0.791005053,1,0,0,1
962,R_563aFlaOQrSP6EJ,Old Control,vapefriend_anna,4,4,4,0,Female,Yes,17,0,0,0,1,0,0,0,video2_cred_anna,cred_anna,35,2,0.532018035,1,0,0,1
963,R_563aFlaOQrSP6EJ,Old Control,vapefriend_cham,4,4,4,0,Female,Yes,17,0,0,0,1,0,0,0,video3_cred_cham,cred_cham,42,3,0.834169557,1,0,0,1
964,R_563aFlaOQrSP6EJ,Old Control,vapefriend_fab,4,4,4,0,Female,Yes,17,0,0,0,1,0,0,0,video4_cred_fab,cred_fab,39,4,0.704676047,1,0,0,1
965,R_563aFlaOQrSP6EJ,Old Control,vapefriend_mae,4,4,4,0,Female,Yes,17,0,0,0,1,0,0,0,video5_cred_mae,cred_mae,41,5,0.791005053,1,0,0,1
966,R_563aFlaOQrSP6EJ,Old Control,vapefriend_zanx,4,4,4,0,Female,Yes,17,0,0,0,1,0,0,0,video6_cred_zanx,cred_zanx,40,6,0.74784055,1,0,0,1
967,R_57vVczC5TqLxb2E,Young Control,vapefriend_aby,4,4,4,0,Female,No,14,1,0,0,0,0,1,0,video1_cred_aby,cred_aby,0,1,-0.978739575,1,0,0,0
968,R_57vVczC5TqLxb2E,Young Control,vapefriend_anna,4,4,4,0,Female,No,14,1,0,0,0,0,1,0,video2_cred_anna,cred_anna,0,2,-0.978739575,1,0,0,0
969,R_57vVczC5TqLxb2E,Young Control,vapefriend_cham,4,4,4,0,Female,No,14,1,0,0,0,0,1,0,video3_cred_cham,cred_cham,0,3,-0.978739575,1,0,0,0
970,R_57vVczC5TqLxb2E,Young Control,vapefriend_fab,4,4,4,0,Female,No,14,1,0,0,0,0,1,0,video4_cred_fab,cred_fab,0,4,-0.978739575,1,0,0,0
971,R_57vVczC5TqLxb2E,Young Control,vapefriend_mae,4,4,4,0,Female,No,14,1,0,0,0,0,1,0,video5_cred_mae,cred_mae,6,5,-0.719752556,1,0,0,0
972,R_57vVczC5TqLxb2E,Young Control,vapefriend_zanx,4,4,4,0,Female,No,14,1,0,0,0,0,1,0,video6_cred_zanx,cred_zanx,0,6,-0.978739575,1,0,0,0
973,R_58M8ShSdDD2W0zi,Young Control,vapefriend_aby,NA,NA,NA,NA,Male,Yes,16,0,0,0,0,1,0,1,video1_cred_aby,cred_aby,NA,1,NA,1,0,0,NA
974,R_58M8ShSdDD2W0zi,Young Control,vapefriend_anna,NA,NA,NA,NA,Male,Yes,16,0,0,0,0,1,0,1,video2_cred_anna,cred_anna,NA,2,NA,1,0,0,NA
975,R_58M8ShSdDD2W0zi,Young Control,vapefriend_cham,NA,NA,NA,NA,Male,Yes,16,0,0,0,0,1,0,1,video3_cred_cham,cred_cham,NA,3,NA,1,0,0,NA
976,R_58M8ShSdDD2W0zi,Young Control,vapefriend_fab,4,4,4,0,Male,Yes,16,0,0,0,0,1,0,1,video4_cred_fab,cred_fab,NA,4,NA,1,0,0,NA
977,R_58M8ShSdDD2W0zi,Young Control,vapefriend_mae,4,4,2,1,Male,Yes,16,0,0,0,0,1,0,1,video5_cred_mae,cred_mae,0,5,-0.978739575,1,0,0,0
978,R_58M8ShSdDD2W0zi,Young Control,vapefriend_zanx,NA,NA,NA,NA,Male,Yes,16,0,0,0,0,1,0,1,video6_cred_zanx,cred_zanx,NA,6,NA,1,0,0,NA
979,R_59nBf4THZmBJpjI,Old Treat,vapefriend_aby,4,4,4,0,Male,No,17,1,0,0,0,0,0,1,video1_cred_aby,cred_aby,50,1,1.179485582,1,0,0,1
980,R_59nBf4THZmBJpjI,Old Treat,vapefriend_anna,4,3,4,1,Male,No,17,1,0,0,0,0,0,1,video2_cred_anna,cred_anna,10,2,-0.547094544,1,0,0,0
981,R_59nBf4THZmBJpjI,Old Treat,vapefriend_cham,4,4,4,0,Male,No,17,1,0,0,0,0,0,1,video3_cred_cham,cred_cham,0,3,-0.978739575,1,0,0,0
982,R_59nBf4THZmBJpjI,Old Treat,vapefriend_fab,4,4,4,0,Male,No,17,1,0,0,0,0,0,1,video4_cred_fab,cred_fab,0,4,-0.978739575,1,0,0,0
983,R_59nBf4THZmBJpjI,Old Treat,vapefriend_mae,4,4,4,0,Male,No,17,1,0,0,0,0,0,1,video5_cred_mae,cred_mae,50,5,1.179485582,1,0,0,1
984,R_59nBf4THZmBJpjI,Old Treat,vapefriend_zanx,4,4,4,0,Male,No,17,1,0,0,0,0,0,1,video6_cred_zanx,cred_zanx,0,6,-0.978739575,1,0,0,0
985,R_5BA4yEYbfIl5vDb,Young Treat,vapefriend_aby,4,4,4,0,Female,No,16,0,1,0,0,0,0,0,video1_cred_aby,cred_aby,0,1,-0.978739575,3,0,0,0
986,R_5BA4yEYbfIl5vDb,Young Treat,vapefriend_anna,4,4,4,0,Female,No,16,0,1,0,0,0,0,0,video2_cred_anna,cred_anna,10,2,-0.547094544,3,0,0,0
987,R_5BA4yEYbfIl5vDb,Young Treat,vapefriend_cham,4,4,4,0,Female,No,16,0,1,0,0,0,0,0,video3_cred_cham,cred_cham,51,3,1.222650085,3,0,0,1
988,R_5BA4yEYbfIl5vDb,Young Treat,vapefriend_fab,4,4,4,0,Female,No,16,0,1,0,0,0,0,0,video4_cred_fab,cred_fab,0,4,-0.978739575,3,0,0,0
989,R_5BA4yEYbfIl5vDb,Young Treat,vapefriend_mae,4,4,4,0,Female,No,16,0,1,0,0,0,0,0,video5_cred_mae,cred_mae,19,5,-0.158614016,3,0,0,1
990,R_5BA4yEYbfIl5vDb,Young Treat,vapefriend_zanx,4,4,4,0,Female,No,16,0,1,0,0,0,0,0,video6_cred_zanx,cred_zanx,0,6,-0.978739575,3,0,0,0
991,R_5CZNTwo4I76Qm8R,Young Control,vapefriend_aby,4,4,4,0,Female,No,15,1,0,0,0,0,0,0,video1_cred_aby,cred_aby,0,1,-0.978739575,1,0,0,0
992,R_5CZNTwo4I76Qm8R,Young Control,vapefriend_anna,4,4,4,0,Female,No,15,1,0,0,0,0,0,0,video2_cred_anna,cred_anna,0,2,-0.978739575,1,0,0,0
993,R_5CZNTwo4I76Qm8R,Young Control,vapefriend_cham,4,4,4,0,Female,No,15,1,0,0,0,0,0,0,video3_cred_cham,cred_cham,0,3,-0.978739575,1,0,0,0
994,R_5CZNTwo4I76Qm8R,Young Control,vapefriend_fab,4,4,4,0,Female,No,15,1,0,0,0,0,0,0,video4_cred_fab,cred_fab,4,4,-0.806081563,1,0,0,0
995,R_5CZNTwo4I76Qm8R,Young Control,vapefriend_mae,4,4,4,0,Female,No,15,1,0,0,0,0,0,0,video5_cred_mae,cred_mae,0,5,-0.978739575,1,0,0,0
996,R_5CZNTwo4I76Qm8R,Young Control,vapefriend_zanx,4,4,4,0,Female,No,15,1,0,0,0,0,0,0,video6_cred_zanx,cred_zanx,0,6,-0.978739575,1,0,0,0
997,R_5CqpsvHiKgIbmCi,Old Treat,vapefriend_aby,4,4,4,0,Female,Yes,14,1,1,0,0,1,0,1,video1_cred_aby,cred_aby,0,1,-0.978739575,1,0,0,0
998,R_5CqpsvHiKgIbmCi,Old Treat,vapefriend_anna,4,4,4,0,Female,Yes,14,1,1,0,0,1,0,1,video2_cred_anna,cred_anna,0,2,-0.978739575,1,0,0,0
999,R_5CqpsvHiKgIbmCi,Old Treat,vapefriend_cham,4,4,4,0,Female,Yes,14,1,1,0,0,1,0,1,video3_cred_cham,cred_cham,0,3,-0.978739575,1,0,0,0
1000,R_5CqpsvHiKgIbmCi,Old Treat,vapefriend_fab,4,4,4,0,Female,Yes,14,1,1,0,0,1,0,1,video4_cred_fab,cred_fab,0,4,-0.978739575,1,0,0,0
1001,R_5CqpsvHiKgIbmCi,Old Treat,vapefriend_mae,4,4,4,0,Female,Yes,14,1,1,0,0,1,0,1,video5_cred_mae,cred_mae,0,5,-0.978739575,1,0,0,0
1002,R_5CqpsvHiKgIbmCi,Old Treat,vapefriend_zanx,4,4,4,0,Female,Yes,14,1,1,0,0,1,0,1,video6_cred_zanx,cred_zanx,0,6,-0.978739575,1,0,0,0
1003,R_5Cv3SaGbheEnOmK,Old Control,vapefriend_aby,3,3,3,1,Male,Yes,17,0,0,0,0,1,0,1,video1_cred_aby,cred_aby,7,1,-0.676588053,1,0,0,0
1004,R_5Cv3SaGbheEnOmK,Old Control,vapefriend_anna,3,3,3,1,Male,Yes,17,0,0,0,0,1,0,1,video2_cred_anna,cred_anna,8,2,-0.63342355,1,0,0,0
1005,R_5Cv3SaGbheEnOmK,Old Control,vapefriend_cham,3,3,4,1,Male,Yes,17,0,0,0,0,1,0,1,video3_cred_cham,cred_cham,17,3,-0.244943022,1,0,0,1
1006,R_5Cv3SaGbheEnOmK,Old Control,vapefriend_fab,3,3,3,1,Male,Yes,17,0,0,0,0,1,0,1,video4_cred_fab,cred_fab,0,4,-0.978739575,1,0,0,0
1007,R_5Cv3SaGbheEnOmK,Old Control,vapefriend_mae,3,3,3,1,Male,Yes,17,0,0,0,0,1,0,1,video5_cred_mae,cred_mae,12,5,-0.460765538,1,0,0,0
1008,R_5Cv3SaGbheEnOmK,Old Control,vapefriend_zanx,3,3,3,1,Male,Yes,17,0,0,0,0,1,0,1,video6_cred_zanx,cred_zanx,28,6,0.229866513,1,0,0,1
1009,R_5DM4OTe3tWClldu,Old Control,vapefriend_aby,3,1,2,1,Male,No,17,1,0,0,0,0,1,1,video1_cred_aby,cred_aby,77,1,2.344927166,3,0,0,1
1010,R_5DM4OTe3tWClldu,Old Control,vapefriend_anna,2,3,1,1,Male,No,17,1,0,0,0,0,1,1,video2_cred_anna,cred_anna,85,2,2.690243191,3,0,0,1
1011,R_5DM4OTe3tWClldu,Old Control,vapefriend_cham,1,2,2,1,Male,No,17,1,0,0,0,0,1,1,video3_cred_cham,cred_cham,71,3,2.085940147,3,0,0,1
1012,R_5DM4OTe3tWClldu,Old Control,vapefriend_fab,2,2,2,1,Male,No,17,1,0,0,0,0,1,1,video4_cred_fab,cred_fab,75,4,2.25859816,3,0,0,1
1013,R_5DM4OTe3tWClldu,Old Control,vapefriend_mae,3,2,1,1,Male,No,17,1,0,0,0,0,1,1,video5_cred_mae,cred_mae,83,5,2.603914185,3,0,0,1
1014,R_5DM4OTe3tWClldu,Old Control,vapefriend_zanx,2,2,3,1,Male,No,17,1,0,0,0,0,1,1,video6_cred_zanx,cred_zanx,74,6,2.215433657,3,0,0,1
1015,R_5EVokIc3i4PH7Wh,Young Control,vapefriend_aby,NA,NA,NA,NA,Male,Yes,17,0,0,0,0,0,0,NA,video1_cred_aby,cred_aby,0,1,-0.978739575,NA,0,0,0
1016,R_5EVokIc3i4PH7Wh,Young Control,vapefriend_anna,4,4,4,0,Male,Yes,17,0,0,0,0,0,0,NA,video2_cred_anna,cred_anna,0,2,-0.978739575,NA,0,0,0
1017,R_5EVokIc3i4PH7Wh,Young Control,vapefriend_cham,NA,NA,NA,NA,Male,Yes,17,0,0,0,0,0,0,NA,video3_cred_cham,cred_cham,0,3,-0.978739575,NA,0,0,0
1018,R_5EVokIc3i4PH7Wh,Young Control,vapefriend_fab,NA,NA,NA,NA,Male,Yes,17,0,0,0,0,0,0,NA,video4_cred_fab,cred_fab,0,4,-0.978739575,NA,0,0,0
1019,R_5EVokIc3i4PH7Wh,Young Control,vapefriend_mae,4,4,4,0,Male,Yes,17,0,0,0,0,0,0,NA,video5_cred_mae,cred_mae,0,5,-0.978739575,NA,0,0,0
1020,R_5EVokIc3i4PH7Wh,Young Control,vapefriend_zanx,4,4,4,0,Male,Yes,17,0,0,0,0,0,0,NA,video6_cred_zanx,cred_zanx,0,6,-0.978739575,NA,0,0,0
1021,R_5EqUibn54fE2Wvn,Old Treat,vapefriend_aby,4,4,3,1,Female,No,17,1,0,0,0,0,0,0,video1_cred_aby,cred_aby,55,1,1.395308097,2,0,0,1
1022,R_5EqUibn54fE2Wvn,Old Treat,vapefriend_anna,4,4,4,0,Female,No,17,1,0,0,0,0,0,0,video2_cred_anna,cred_anna,31,2,0.359360022,2,0,0,1
1023,R_5EqUibn54fE2Wvn,Old Treat,vapefriend_cham,4,4,4,0,Female,No,17,1,0,0,0,0,0,0,video3_cred_cham,cred_cham,43,3,0.87733406,2,0,0,1
1024,R_5EqUibn54fE2Wvn,Old Treat,vapefriend_fab,4,4,4,0,Female,No,17,1,0,0,0,0,0,0,video4_cred_fab,cred_fab,48,4,1.093156575,2,0,0,1
1025,R_5EqUibn54fE2Wvn,Old Treat,vapefriend_mae,4,4,4,0,Female,No,17,1,0,0,0,0,0,0,video5_cred_mae,cred_mae,41,5,0.791005053,2,0,0,1
1026,R_5EqUibn54fE2Wvn,Old Treat,vapefriend_zanx,4,3,4,1,Female,No,17,1,0,0,0,0,0,0,video6_cred_zanx,cred_zanx,38,6,0.661511544,2,0,0,1
1027,R_5FLC8aH327PhnGB,Young Control,vapefriend_aby,4,4,4,0,Female,No,16,1,0,0,0,0,0,1,video1_cred_aby,cred_aby,30,1,0.316195519,1,0,0,1
1028,R_5FLC8aH327PhnGB,Young Control,vapefriend_anna,4,4,4,0,Female,No,16,1,0,0,0,0,0,1,video2_cred_anna,cred_anna,0,2,-0.978739575,1,0,0,0
1029,R_5FLC8aH327PhnGB,Young Control,vapefriend_cham,4,4,4,0,Female,No,16,1,0,0,0,0,0,1,video3_cred_cham,cred_cham,9,3,-0.590259047,1,0,0,0
1030,R_5FLC8aH327PhnGB,Young Control,vapefriend_fab,4,4,4,0,Female,No,16,1,0,0,0,0,0,1,video4_cred_fab,cred_fab,0,4,-0.978739575,1,0,0,0
1031,R_5FLC8aH327PhnGB,Young Control,vapefriend_mae,4,4,4,0,Female,No,16,1,0,0,0,0,0,1,video5_cred_mae,cred_mae,9,5,-0.590259047,1,0,0,0
1032,R_5FLC8aH327PhnGB,Young Control,vapefriend_zanx,4,4,4,0,Female,No,16,1,0,0,0,0,0,1,video6_cred_zanx,cred_zanx,0,6,-0.978739575,1,0,0,0
1033,R_5GD1bfKHu3I5hp7,Old Control,vapefriend_aby,NA,NA,NA,NA,Female,NA,16,0,0,1,0,0,0,NA,video1_cred_aby,cred_aby,NA,1,NA,3,0,0,NA
1034,R_5GD1bfKHu3I5hp7,Old Control,vapefriend_anna,NA,NA,NA,NA,Female,NA,16,0,0,1,0,0,0,NA,video2_cred_anna,cred_anna,11,2,-0.503930041,3,0,0,0
1035,R_5GD1bfKHu3I5hp7,Old Control,vapefriend_cham,NA,NA,NA,NA,Female,NA,16,0,0,1,0,0,0,NA,video3_cred_cham,cred_cham,NA,3,NA,3,0,0,NA
1036,R_5GD1bfKHu3I5hp7,Old Control,vapefriend_fab,NA,NA,NA,NA,Female,NA,16,0,0,1,0,0,0,NA,video4_cred_fab,cred_fab,53,4,1.308979091,3,0,0,1
1037,R_5GD1bfKHu3I5hp7,Old Control,vapefriend_mae,NA,NA,NA,NA,Female,NA,16,0,0,1,0,0,0,NA,video5_cred_mae,cred_mae,NA,5,NA,3,0,0,NA
1038,R_5GD1bfKHu3I5hp7,Old Control,vapefriend_zanx,4,3,4,1,Female,NA,16,0,0,1,0,0,0,NA,video6_cred_zanx,cred_zanx,51,6,1.222650085,3,0,0,1
1039,R_5GxiVwIq04W0Rrj,Old Control,vapefriend_aby,3,3,3,1,Female,Yes,15,1,1,0,1,0,0,1,video1_cred_aby,cred_aby,0,1,-0.978739575,1,0,0,0
1040,R_5GxiVwIq04W0Rrj,Old Control,vapefriend_anna,3,3,3,1,Female,Yes,15,1,1,0,1,0,0,1,video2_cred_anna,cred_anna,0,2,-0.978739575,1,0,0,0
1041,R_5GxiVwIq04W0Rrj,Old Control,vapefriend_cham,3,3,3,1,Female,Yes,15,1,1,0,1,0,0,1,video3_cred_cham,cred_cham,22,3,-0.029120506,1,0,0,1
1042,R_5GxiVwIq04W0Rrj,Old Control,vapefriend_fab,3,3,3,1,Female,Yes,15,1,1,0,1,0,0,1,video4_cred_fab,cred_fab,23,4,0.014043997,1,0,0,1
1043,R_5GxiVwIq04W0Rrj,Old Control,vapefriend_mae,3,3,3,1,Female,Yes,15,1,1,0,1,0,0,1,video5_cred_mae,cred_mae,12,5,-0.460765538,1,0,0,0
1044,R_5GxiVwIq04W0Rrj,Old Control,vapefriend_zanx,3,3,3,1,Female,Yes,15,1,1,0,1,0,0,1,video6_cred_zanx,cred_zanx,20,6,-0.115449513,1,0,0,1
1045,R_5H05vaBl8kn6KwF,Young Treat,vapefriend_aby,4,4,4,0,Female,No,14,0,1,0,0,0,0,1,video1_cred_aby,cred_aby,10,1,-0.547094544,1,0,0,0
1046,R_5H05vaBl8kn6KwF,Young Treat,vapefriend_anna,4,4,4,0,Female,No,14,0,1,0,0,0,0,1,video2_cred_anna,cred_anna,12,2,-0.460765538,1,0,0,0
1047,R_5H05vaBl8kn6KwF,Young Treat,vapefriend_cham,4,4,3,1,Female,No,14,0,1,0,0,0,0,1,video3_cred_cham,cred_cham,10,3,-0.547094544,1,0,0,0
1048,R_5H05vaBl8kn6KwF,Young Treat,vapefriend_fab,3,4,2,1,Female,No,14,0,1,0,0,0,0,1,video4_cred_fab,cred_fab,29,4,0.273031016,1,0,0,1
1049,R_5H05vaBl8kn6KwF,Young Treat,vapefriend_mae,4,4,4,0,Female,No,14,0,1,0,0,0,0,1,video5_cred_mae,cred_mae,3,5,-0.849246066,1,0,0,0
1050,R_5H05vaBl8kn6KwF,Young Treat,vapefriend_zanx,4,3,3,1,Female,No,14,0,1,0,0,0,0,1,video6_cred_zanx,cred_zanx,14,6,-0.374436531,1,0,0,1
1051,R_5HvvFG2IM4fAPSA,Young Control,vapefriend_aby,4,4,4,0,Male,Yes,17,1,0,0,1,0,0,0,video1_cred_aby,cred_aby,48,1,1.093156575,1,0,0,1
1052,R_5HvvFG2IM4fAPSA,Young Control,vapefriend_anna,4,4,4,0,Male,Yes,17,1,0,0,1,0,0,0,video2_cred_anna,cred_anna,52,2,1.265814588,1,0,0,1
1053,R_5HvvFG2IM4fAPSA,Young Control,vapefriend_cham,4,4,4,0,Male,Yes,17,1,0,0,1,0,0,0,video3_cred_cham,cred_cham,55,3,1.395308097,1,0,0,1
1054,R_5HvvFG2IM4fAPSA,Young Control,vapefriend_fab,4,4,4,0,Male,Yes,17,1,0,0,1,0,0,0,video4_cred_fab,cred_fab,45,4,0.963663066,1,0,0,1
1055,R_5HvvFG2IM4fAPSA,Young Control,vapefriend_mae,4,4,4,0,Male,Yes,17,1,0,0,1,0,0,0,video5_cred_mae,cred_mae,53,5,1.308979091,1,0,0,1
1056,R_5HvvFG2IM4fAPSA,Young Control,vapefriend_zanx,4,4,4,0,Male,Yes,17,1,0,0,1,0,0,0,video6_cred_zanx,cred_zanx,47,6,1.049992072,1,0,0,1
1057,R_5HzSbNK3YayoOZe,Old Treat,vapefriend_aby,4,4,4,0,Female,No,16,0,1,0,0,0,0,0,video1_cred_aby,cred_aby,0,1,-0.978739575,3,0,0,0
1058,R_5HzSbNK3YayoOZe,Old Treat,vapefriend_anna,4,4,4,0,Female,No,16,0,1,0,0,0,0,0,video2_cred_anna,cred_anna,0,2,-0.978739575,3,0,0,0
1059,R_5HzSbNK3YayoOZe,Old Treat,vapefriend_cham,4,4,4,0,Female,No,16,0,1,0,0,0,0,0,video3_cred_cham,cred_cham,0,3,-0.978739575,3,0,0,0
1060,R_5HzSbNK3YayoOZe,Old Treat,vapefriend_fab,4,4,4,0,Female,No,16,0,1,0,0,0,0,0,video4_cred_fab,cred_fab,0,4,-0.978739575,3,0,0,0
1061,R_5HzSbNK3YayoOZe,Old Treat,vapefriend_mae,4,4,4,0,Female,No,16,0,1,0,0,0,0,0,video5_cred_mae,cred_mae,0,5,-0.978739575,3,0,0,0
1062,R_5HzSbNK3YayoOZe,Old Treat,vapefriend_zanx,4,4,4,0,Female,No,16,0,1,0,0,0,0,0,video6_cred_zanx,cred_zanx,0,6,-0.978739575,3,0,0,0
1063,R_5Iz7nS2ovLcqSg9,Young Treat,vapefriend_aby,4,4,4,0,Female,No,16,0,0,1,0,0,0,0,video1_cred_aby,cred_aby,28,1,0.229866513,1,0,0,1
1064,R_5Iz7nS2ovLcqSg9,Young Treat,vapefriend_anna,4,4,4,0,Female,No,16,0,0,1,0,0,0,0,video2_cred_anna,cred_anna,25,2,0.100373003,1,0,0,1
1065,R_5Iz7nS2ovLcqSg9,Young Treat,vapefriend_cham,4,4,4,0,Female,No,16,0,0,1,0,0,0,0,video3_cred_cham,cred_cham,13,3,-0.417601034,1,0,0,0
1066,R_5Iz7nS2ovLcqSg9,Young Treat,vapefriend_fab,4,4,4,0,Female,No,16,0,0,1,0,0,0,0,video4_cred_fab,cred_fab,19,4,-0.158614016,1,0,0,1
1067,R_5Iz7nS2ovLcqSg9,Young Treat,vapefriend_mae,4,4,4,0,Female,No,16,0,0,1,0,0,0,0,video5_cred_mae,cred_mae,62,5,1.697459619,1,0,0,1
1068,R_5Iz7nS2ovLcqSg9,Young Treat,vapefriend_zanx,4,4,4,0,Female,No,16,0,0,1,0,0,0,0,video6_cred_zanx,cred_zanx,36,6,0.575182538,1,0,0,1
1069,R_5JEHHD4B1ps09ey,Old Control,vapefriend_aby,4,4,4,0,Male,Yes,15,0,0,0,0,0,1,1,video1_cred_aby,cred_aby,49,1,1.136321078,1,0,0,1
1070,R_5JEHHD4B1ps09ey,Old Control,vapefriend_anna,4,4,4,0,Male,Yes,15,0,0,0,0,0,1,1,video2_cred_anna,cred_anna,46,2,1.006827569,1,0,0,1
1071,R_5JEHHD4B1ps09ey,Old Control,vapefriend_cham,4,4,4,0,Male,Yes,15,0,0,0,0,0,1,1,video3_cred_cham,cred_cham,47,3,1.049992072,1,0,0,1
1072,R_5JEHHD4B1ps09ey,Old Control,vapefriend_fab,4,4,4,0,Male,Yes,15,0,0,0,0,0,1,1,video4_cred_fab,cred_fab,45,4,0.963663066,1,0,0,1
1073,R_5JEHHD4B1ps09ey,Old Control,vapefriend_mae,4,4,4,0,Male,Yes,15,0,0,0,0,0,1,1,video5_cred_mae,cred_mae,56,5,1.4384726,1,0,0,1
1074,R_5JEHHD4B1ps09ey,Old Control,vapefriend_zanx,4,4,4,0,Male,Yes,15,0,0,0,0,0,1,1,video6_cred_zanx,cred_zanx,37,6,0.618347041,1,0,0,1
1075,R_5JmcCAfMJE2mJTH,Old Treat,vapefriend_aby,4,4,4,0,Female,No,15,0,1,0,0,0,1,0,video1_cred_aby,cred_aby,0,1,-0.978739575,1,0,0,0
1076,R_5JmcCAfMJE2mJTH,Old Treat,vapefriend_anna,4,4,4,0,Female,No,15,0,1,0,0,0,1,0,video2_cred_anna,cred_anna,0,2,-0.978739575,1,0,0,0
1077,R_5JmcCAfMJE2mJTH,Old Treat,vapefriend_cham,4,4,4,0,Female,No,15,0,1,0,0,0,1,0,video3_cred_cham,cred_cham,15,3,-0.331272028,1,0,0,1
1078,R_5JmcCAfMJE2mJTH,Old Treat,vapefriend_fab,4,4,4,0,Female,No,15,0,1,0,0,0,1,0,video4_cred_fab,cred_fab,0,4,-0.978739575,1,0,0,0
1079,R_5JmcCAfMJE2mJTH,Old Treat,vapefriend_mae,4,4,4,0,Female,No,15,0,1,0,0,0,1,0,video5_cred_mae,cred_mae,0,5,-0.978739575,1,0,0,0
1080,R_5JmcCAfMJE2mJTH,Old Treat,vapefriend_zanx,4,4,4,0,Female,No,15,0,1,0,0,0,1,0,video6_cred_zanx,cred_zanx,10,6,-0.547094544,1,0,0,0
1081,R_5L2b3sWZXyzE1Wz,Old Treat,vapefriend_aby,4,4,4,0,Male,Yes,17,0,0,1,0,0,1,0,video1_cred_aby,cred_aby,32,1,0.402524525,1,0,0,1
1082,R_5L2b3sWZXyzE1Wz,Old Treat,vapefriend_anna,4,4,4,0,Male,Yes,17,0,0,1,0,0,1,0,video2_cred_anna,cred_anna,50,2,1.179485582,1,0,0,1
1083,R_5L2b3sWZXyzE1Wz,Old Treat,vapefriend_cham,4,4,4,0,Male,Yes,17,0,0,1,0,0,1,0,video3_cred_cham,cred_cham,40,3,0.74784055,1,0,0,1
1084,R_5L2b3sWZXyzE1Wz,Old Treat,vapefriend_fab,4,4,4,0,Male,Yes,17,0,0,1,0,0,1,0,video4_cred_fab,cred_fab,54,4,1.352143594,1,0,0,1
1085,R_5L2b3sWZXyzE1Wz,Old Treat,vapefriend_mae,4,4,4,0,Male,Yes,17,0,0,1,0,0,1,0,video5_cred_mae,cred_mae,21,5,-0.072285009,1,0,0,1
1086,R_5L2b3sWZXyzE1Wz,Old Treat,vapefriend_zanx,4,4,4,0,Male,Yes,17,0,0,1,0,0,1,0,video6_cred_zanx,cred_zanx,53,6,1.308979091,1,0,0,1
1087,R_5LMNL88BUVCKHrW,Old Control,vapefriend_aby,4,4,4,0,Male,No,16,1,0,0,0,1,1,1,video1_cred_aby,cred_aby,0,1,-0.978739575,1,0,0,0
1088,R_5LMNL88BUVCKHrW,Old Control,vapefriend_anna,4,4,4,0,Male,No,16,1,0,0,0,1,1,1,video2_cred_anna,cred_anna,0,2,-0.978739575,1,0,0,0
1089,R_5LMNL88BUVCKHrW,Old Control,vapefriend_cham,4,4,4,0,Male,No,16,1,0,0,0,1,1,1,video3_cred_cham,cred_cham,0,3,-0.978739575,1,0,0,0
1090,R_5LMNL88BUVCKHrW,Old Control,vapefriend_fab,4,4,4,0,Male,No,16,1,0,0,0,1,1,1,video4_cred_fab,cred_fab,0,4,-0.978739575,1,0,0,0
1091,R_5LMNL88BUVCKHrW,Old Control,vapefriend_mae,4,4,4,0,Male,No,16,1,0,0,0,1,1,1,video5_cred_mae,cred_mae,0,5,-0.978739575,1,0,0,0
1092,R_5LMNL88BUVCKHrW,Old Control,vapefriend_zanx,4,4,4,0,Male,No,16,1,0,0,0,1,1,1,video6_cred_zanx,cred_zanx,0,6,-0.978739575,1,0,0,0
1093,R_5Mq4klA1bh22XXH,Young Treat,vapefriend_aby,4,4,4,0,Female,No,17,0,0,0,0,1,0,1,video1_cred_aby,cred_aby,13,1,-0.417601034,1,0,0,0
1094,R_5Mq4klA1bh22XXH,Young Treat,vapefriend_anna,4,4,4,0,Female,No,17,0,0,0,0,1,0,1,video2_cred_anna,cred_anna,13,2,-0.417601034,1,0,0,0
1095,R_5Mq4klA1bh22XXH,Young Treat,vapefriend_cham,4,4,4,0,Female,No,17,0,0,0,0,1,0,1,video3_cred_cham,cred_cham,41,3,0.791005053,1,0,0,1
1096,R_5Mq4klA1bh22XXH,Young Treat,vapefriend_fab,4,4,4,0,Female,No,17,0,0,0,0,1,0,1,video4_cred_fab,cred_fab,4,4,-0.806081563,1,0,0,0
1097,R_5Mq4klA1bh22XXH,Young Treat,vapefriend_mae,4,4,4,0,Female,No,17,0,0,0,0,1,0,1,video5_cred_mae,cred_mae,10,5,-0.547094544,1,0,0,0
1098,R_5Mq4klA1bh22XXH,Young Treat,vapefriend_zanx,NA,4,4,NA,Female,No,17,0,0,0,0,1,0,1,video6_cred_zanx,cred_zanx,5,6,-0.76291706,1,0,0,0
1099,R_5Oc4tTn71C2AFFt,Young Control,vapefriend_aby,4,4,4,0,Male,NA,16,0,0,0,1,0,0,1,video1_cred_aby,cred_aby,45,1,0.963663066,3,0,0,1
1100,R_5Oc4tTn71C2AFFt,Young Control,vapefriend_anna,4,4,4,0,Male,NA,16,0,0,0,1,0,0,1,video2_cred_anna,cred_anna,9,2,-0.590259047,3,0,0,0
1101,R_5Oc4tTn71C2AFFt,Young Control,vapefriend_cham,4,4,4,0,Male,NA,16,0,0,0,1,0,0,1,video3_cred_cham,cred_cham,10,3,-0.547094544,3,0,0,0
1102,R_5Oc4tTn71C2AFFt,Young Control,vapefriend_fab,4,4,4,0,Male,NA,16,0,0,0,1,0,0,1,video4_cred_fab,cred_fab,9,4,-0.590259047,3,0,0,0
1103,R_5Oc4tTn71C2AFFt,Young Control,vapefriend_mae,4,4,4,0,Male,NA,16,0,0,0,1,0,0,1,video5_cred_mae,cred_mae,11,5,-0.503930041,3,0,0,0
1104,R_5Oc4tTn71C2AFFt,Young Control,vapefriend_zanx,4,4,4,0,Male,NA,16,0,0,0,1,0,0,1,video6_cred_zanx,cred_zanx,13,6,-0.417601034,3,0,0,0
1105,R_5P04BaJQS650mqR,Young Treat,vapefriend_aby,4,4,4,0,Female,Yes,16,1,1,0,0,1,0,1,video1_cred_aby,cred_aby,0,1,-0.978739575,1,0,0,0
1106,R_5P04BaJQS650mqR,Young Treat,vapefriend_anna,4,4,4,0,Female,Yes,16,1,1,0,0,1,0,1,video2_cred_anna,cred_anna,0,2,-0.978739575,1,0,0,0
1107,R_5P04BaJQS650mqR,Young Treat,vapefriend_cham,4,4,4,0,Female,Yes,16,1,1,0,0,1,0,1,video3_cred_cham,cred_cham,20,3,-0.115449513,1,0,0,1
1108,R_5P04BaJQS650mqR,Young Treat,vapefriend_fab,4,4,4,0,Female,Yes,16,1,1,0,0,1,0,1,video4_cred_fab,cred_fab,2,4,-0.892410569,1,0,0,0
1109,R_5P04BaJQS650mqR,Young Treat,vapefriend_mae,4,4,4,0,Female,Yes,16,1,1,0,0,1,0,1,video5_cred_mae,cred_mae,35,5,0.532018035,1,0,0,1
1110,R_5P04BaJQS650mqR,Young Treat,vapefriend_zanx,4,4,4,0,Female,Yes,16,1,1,0,0,1,0,1,video6_cred_zanx,cred_zanx,4,6,-0.806081563,1,0,0,0
1111,R_5P7V9n0zZpzel8I,Old Control,vapefriend_aby,NA,4,NA,NA,Female,Yes,15,0,0,0,0,0,0,NA,video1_cred_aby,cred_aby,1,1,-0.935575072,1,0,0,0
1112,R_5P7V9n0zZpzel8I,Old Control,vapefriend_anna,NA,4,NA,NA,Female,Yes,15,0,0,0,0,0,0,NA,video2_cred_anna,cred_anna,30,2,0.316195519,1,0,0,1
1113,R_5P7V9n0zZpzel8I,Old Control,vapefriend_cham,NA,4,NA,NA,Female,Yes,15,0,0,0,0,0,0,NA,video3_cred_cham,cred_cham,17,3,-0.244943022,1,0,0,1
1114,R_5P7V9n0zZpzel8I,Old Control,vapefriend_fab,4,4,4,0,Female,Yes,15,0,0,0,0,0,0,NA,video4_cred_fab,cred_fab,7,4,-0.676588053,1,0,0,0
1115,R_5P7V9n0zZpzel8I,Old Control,vapefriend_mae,NA,4,NA,NA,Female,Yes,15,0,0,0,0,0,0,NA,video5_cred_mae,cred_mae,22,5,-0.029120506,1,0,0,1
1116,R_5P7V9n0zZpzel8I,Old Control,vapefriend_zanx,NA,4,NA,NA,Female,Yes,15,0,0,0,0,0,0,NA,video6_cred_zanx,cred_zanx,1,6,-0.935575072,1,0,0,0
1117,R_5PMDBGGyVgwO0hj,Old Control,vapefriend_aby,4,4,4,0,Female,No,16,1,0,1,0,0,0,0,video1_cred_aby,cred_aby,50,1,1.179485582,1,0,0,1
1118,R_5PMDBGGyVgwO0hj,Old Control,vapefriend_anna,4,4,4,0,Female,No,16,1,0,1,0,0,0,0,video2_cred_anna,cred_anna,50,2,1.179485582,1,0,0,1
1119,R_5PMDBGGyVgwO0hj,Old Control,vapefriend_cham,4,4,4,0,Female,No,16,1,0,1,0,0,0,0,video3_cred_cham,cred_cham,50,3,1.179485582,1,0,0,1
1120,R_5PMDBGGyVgwO0hj,Old Control,vapefriend_fab,4,4,4,0,Female,No,16,1,0,1,0,0,0,0,video4_cred_fab,cred_fab,50,4,1.179485582,1,0,0,1
1121,R_5PMDBGGyVgwO0hj,Old Control,vapefriend_mae,4,4,4,0,Female,No,16,1,0,1,0,0,0,0,video5_cred_mae,cred_mae,50,5,1.179485582,1,0,0,1
1122,R_5PMDBGGyVgwO0hj,Old Control,vapefriend_zanx,4,4,4,0,Female,No,16,1,0,1,0,0,0,0,video6_cred_zanx,cred_zanx,50,6,1.179485582,1,0,0,1
1123,R_5PifGTCW93iIuN4,Old Control,vapefriend_aby,3,3,2,1,Female,Yes,15,0,0,0,0,1,0,1,video1_cred_aby,cred_aby,4,1,-0.806081563,2,0,0,0
1124,R_5PifGTCW93iIuN4,Old Control,vapefriend_anna,3,3,3,1,Female,Yes,15,0,0,0,0,1,0,1,video2_cred_anna,cred_anna,7,2,-0.676588053,2,0,0,0
1125,R_5PifGTCW93iIuN4,Old Control,vapefriend_cham,3,3,3,1,Female,Yes,15,0,0,0,0,1,0,1,video3_cred_cham,cred_cham,11,3,-0.503930041,2,0,0,0
1126,R_5PifGTCW93iIuN4,Old Control,vapefriend_fab,3,3,3,1,Female,Yes,15,0,0,0,0,1,0,1,video4_cred_fab,cred_fab,12,4,-0.460765538,2,0,0,0
1127,R_5PifGTCW93iIuN4,Old Control,vapefriend_mae,3,3,3,1,Female,Yes,15,0,0,0,0,1,0,1,video5_cred_mae,cred_mae,50,5,1.179485582,2,0,0,1
1128,R_5PifGTCW93iIuN4,Old Control,vapefriend_zanx,3,3,3,1,Female,Yes,15,0,0,0,0,1,0,1,video6_cred_zanx,cred_zanx,14,6,-0.374436531,2,0,0,1
1129,R_5PvmbUBnQoWVN72,Old Treat,vapefriend_aby,3,2,2,1,Female,Yes,16,0,0,0,1,0,1,1,video1_cred_aby,cred_aby,9,1,-0.590259047,3,0,0,0
1130,R_5PvmbUBnQoWVN72,Old Treat,vapefriend_anna,3,4,4,1,Female,Yes,16,0,0,0,1,0,1,1,video2_cred_anna,cred_anna,0,2,-0.978739575,3,0,0,0
1131,R_5PvmbUBnQoWVN72,Old Treat,vapefriend_cham,2,2,1,1,Female,Yes,16,0,0,0,1,0,1,1,video3_cred_cham,cred_cham,68.5,3,1.97802889,3,0,0,1
1132,R_5PvmbUBnQoWVN72,Old Treat,vapefriend_fab,2,3,1,1,Female,Yes,16,0,0,0,1,0,1,1,video4_cred_fab,cred_fab,80,4,2.474420676,3,0,0,1
1133,R_5PvmbUBnQoWVN72,Old Treat,vapefriend_mae,4,3,4,1,Female,Yes,16,0,0,0,1,0,1,1,video5_cred_mae,cred_mae,0,5,-0.978739575,3,0,0,0
1134,R_5PvmbUBnQoWVN72,Old Treat,vapefriend_zanx,1,3,1,1,Female,Yes,16,0,0,0,1,0,1,1,video6_cred_zanx,cred_zanx,66,6,1.870117632,3,0,0,1
1135,R_5QGvjg3C1zOR2zw,Young Treat,vapefriend_aby,4,4,3,1,Male,Yes,16,1,0,0,0,0,1,0,video1_cred_aby,cred_aby,20,1,-0.115449513,1,0,0,1
1136,R_5QGvjg3C1zOR2zw,Young Treat,vapefriend_anna,4,4,3,1,Male,Yes,16,1,0,0,0,0,1,0,video2_cred_anna,cred_anna,9,2,-0.590259047,1,0,0,0
1137,R_5QGvjg3C1zOR2zw,Young Treat,vapefriend_cham,4,4,4,0,Male,Yes,16,1,0,0,0,0,1,0,video3_cred_cham,cred_cham,51,3,1.222650085,1,0,0,1
1138,R_5QGvjg3C1zOR2zw,Young Treat,vapefriend_fab,4,4,3,1,Male,Yes,16,1,0,0,0,0,1,0,video4_cred_fab,cred_fab,34,4,0.488853531,1,0,0,1
1139,R_5QGvjg3C1zOR2zw,Young Treat,vapefriend_mae,4,4,3,1,Male,Yes,16,1,0,0,0,0,1,0,video5_cred_mae,cred_mae,9,5,-0.590259047,1,0,0,0
1140,R_5QGvjg3C1zOR2zw,Young Treat,vapefriend_zanx,4,4,3,1,Male,Yes,16,1,0,0,0,0,1,0,video6_cred_zanx,cred_zanx,5,6,-0.76291706,1,0,0,0
1141,R_5SR4LP1zTBVBdCx,Old Control,vapefriend_aby,4,4,4,0,Female,Yes,14,1,0,0,0,1,0,1,video1_cred_aby,cred_aby,10,1,-0.547094544,1,0,0,0
1142,R_5SR4LP1zTBVBdCx,Old Control,vapefriend_anna,4,4,4,0,Female,Yes,14,1,0,0,0,1,0,1,video2_cred_anna,cred_anna,0,2,-0.978739575,1,0,0,0
1143,R_5SR4LP1zTBVBdCx,Old Control,vapefriend_cham,4,4,4,0,Female,Yes,14,1,0,0,0,1,0,1,video3_cred_cham,cred_cham,0,3,-0.978739575,1,0,0,0
1144,R_5SR4LP1zTBVBdCx,Old Control,vapefriend_fab,4,4,4,0,Female,Yes,14,1,0,0,0,1,0,1,video4_cred_fab,cred_fab,6,4,-0.719752556,1,0,0,0
1145,R_5SR4LP1zTBVBdCx,Old Control,vapefriend_mae,4,4,4,0,Female,Yes,14,1,0,0,0,1,0,1,video5_cred_mae,cred_mae,23,5,0.014043997,1,0,0,1
1146,R_5SR4LP1zTBVBdCx,Old Control,vapefriend_zanx,4,4,4,0,Female,Yes,14,1,0,0,0,1,0,1,video6_cred_zanx,cred_zanx,1,6,-0.935575072,1,0,0,0
1147,R_5SeEp1j0YlMcYIE,Old Treat,vapefriend_aby,4,4,4,0,Female,No,14,1,0,0,0,0,0,0,video1_cred_aby,cred_aby,12,1,-0.460765538,3,0,0,0
1148,R_5SeEp1j0YlMcYIE,Old Treat,vapefriend_anna,4,4,4,0,Female,No,14,1,0,0,0,0,0,0,video2_cred_anna,cred_anna,17,2,-0.244943022,3,0,0,1
1149,R_5SeEp1j0YlMcYIE,Old Treat,vapefriend_cham,4,4,4,0,Female,No,14,1,0,0,0,0,0,0,video3_cred_cham,cred_cham,11,3,-0.503930041,3,0,0,0
1150,R_5SeEp1j0YlMcYIE,Old Treat,vapefriend_fab,4,4,4,0,Female,No,14,1,0,0,0,0,0,0,video4_cred_fab,cred_fab,11,4,-0.503930041,3,0,0,0
1151,R_5SeEp1j0YlMcYIE,Old Treat,vapefriend_mae,4,4,4,0,Female,No,14,1,0,0,0,0,0,0,video5_cred_mae,cred_mae,13,5,-0.417601034,3,0,0,0
1152,R_5SeEp1j0YlMcYIE,Old Treat,vapefriend_zanx,4,4,4,0,Female,No,14,1,0,0,0,0,0,0,video6_cred_zanx,cred_zanx,20,6,-0.115449513,3,0,0,1
1153,R_5SlbKiMBfxY3i2r,Old Control,vapefriend_aby,2,2,2,1,Male,No,17,1,0,0,0,0,1,1,video1_cred_aby,cred_aby,66,1,1.870117632,1,1,1,1
1154,R_5SlbKiMBfxY3i2r,Old Control,vapefriend_anna,2,2,3,1,Male,No,17,1,0,0,0,0,1,1,video2_cred_anna,cred_anna,64,2,1.783788626,1,1,1,1
1155,R_5SlbKiMBfxY3i2r,Old Control,vapefriend_cham,2,2,3,1,Male,No,17,1,0,0,0,0,1,1,video3_cred_cham,cred_cham,64,3,1.783788626,1,1,1,1
1156,R_5SlbKiMBfxY3i2r,Old Control,vapefriend_fab,2,3,2,1,Male,No,17,1,0,0,0,0,1,1,video4_cred_fab,cred_fab,66,4,1.870117632,1,1,1,1
1157,R_5SlbKiMBfxY3i2r,Old Control,vapefriend_mae,2,2,3,1,Male,No,17,1,0,0,0,0,1,1,video5_cred_mae,cred_mae,59,5,1.56796611,1,1,1,1
1158,R_5SlbKiMBfxY3i2r,Old Control,vapefriend_zanx,2,2,3,1,Male,No,17,1,0,0,0,0,1,1,video6_cred_zanx,cred_zanx,66,6,1.870117632,1,1,1,1
1159,R_5TYTWKo05Gren3U,Old Treat,vapefriend_aby,2,2,2,1,Male,No,16,1,0,0,0,0,1,1,video1_cred_aby,cred_aby,51,1,1.222650085,2,1,1,1
1160,R_5TYTWKo05Gren3U,Old Treat,vapefriend_anna,2,2,2,1,Male,No,16,1,0,0,0,0,1,1,video2_cred_anna,cred_anna,31,2,0.359360022,2,1,1,1
1161,R_5TYTWKo05Gren3U,Old Treat,vapefriend_cham,2,2,2,1,Male,No,16,1,0,0,0,0,1,1,video3_cred_cham,cred_cham,49,3,1.136321078,2,1,1,1
1162,R_5TYTWKo05Gren3U,Old Treat,vapefriend_fab,2,2,2,1,Male,No,16,1,0,0,0,0,1,1,video4_cred_fab,cred_fab,60,4,1.611130613,2,1,1,1
1163,R_5TYTWKo05Gren3U,Old Treat,vapefriend_mae,2,2,3,1,Male,No,16,1,0,0,0,0,1,1,video5_cred_mae,cred_mae,47,5,1.049992072,2,1,1,1
1164,R_5TYTWKo05Gren3U,Old Treat,vapefriend_zanx,2,2,2,1,Male,No,16,1,0,0,0,0,1,1,video6_cred_zanx,cred_zanx,52,6,1.265814588,2,1,1,1
1165,R_5U6qZ0o0TJAG53s,Old Treat,vapefriend_aby,4,4,4,0,Female,Yes,17,1,0,0,0,0,0,NA,video1_cred_aby,cred_aby,26,1,0.143537506,1,0,0,1
1166,R_5U6qZ0o0TJAG53s,Old Treat,vapefriend_anna,4,4,4,0,Female,Yes,17,1,0,0,0,0,0,NA,video2_cred_anna,cred_anna,15,2,-0.331272028,1,0,0,1
1167,R_5U6qZ0o0TJAG53s,Old Treat,vapefriend_cham,4,4,4,0,Female,Yes,17,1,0,0,0,0,0,NA,video3_cred_cham,cred_cham,13,3,-0.417601034,1,0,0,0
1168,R_5U6qZ0o0TJAG53s,Old Treat,vapefriend_fab,4,4,4,0,Female,Yes,17,1,0,0,0,0,0,NA,video4_cred_fab,cred_fab,0,4,-0.978739575,1,0,0,0
1169,R_5U6qZ0o0TJAG53s,Old Treat,vapefriend_mae,4,4,4,0,Female,Yes,17,1,0,0,0,0,0,NA,video5_cred_mae,cred_mae,4,5,-0.806081563,1,0,0,0
1170,R_5U6qZ0o0TJAG53s,Old Treat,vapefriend_zanx,4,4,4,0,Female,Yes,17,1,0,0,0,0,0,NA,video6_cred_zanx,cred_zanx,0,6,-0.978739575,1,0,0,0
1171,R_5Ueqx49qz9Y5xbH,Young Control,vapefriend_aby,4,4,4,0,Female,Yes,17,1,0,0,0,0,0,1,video1_cred_aby,cred_aby,0,1,-0.978739575,1,0,0,0
1172,R_5Ueqx49qz9Y5xbH,Young Control,vapefriend_anna,4,4,4,0,Female,Yes,17,1,0,0,0,0,0,1,video2_cred_anna,cred_anna,0,2,-0.978739575,1,0,0,0
1173,R_5Ueqx49qz9Y5xbH,Young Control,vapefriend_cham,4,4,4,0,Female,Yes,17,1,0,0,0,0,0,1,video3_cred_cham,cred_cham,8,3,-0.63342355,1,0,0,0
1174,R_5Ueqx49qz9Y5xbH,Young Control,vapefriend_fab,4,4,4,0,Female,Yes,17,1,0,0,0,0,0,1,video4_cred_fab,cred_fab,44,4,0.920498563,1,0,0,1
1175,R_5Ueqx49qz9Y5xbH,Young Control,vapefriend_mae,4,4,4,0,Female,Yes,17,1,0,0,0,0,0,1,video5_cred_mae,cred_mae,39,5,0.704676047,1,0,0,1
1176,R_5Ueqx49qz9Y5xbH,Young Control,vapefriend_zanx,4,4,3,1,Female,Yes,17,1,0,0,0,0,0,1,video6_cred_zanx,cred_zanx,0,6,-0.978739575,1,0,0,0
1177,R_5VIgQm6GlAbwgIV,Young Treat,vapefriend_aby,4,4,4,0,Female,Yes,15,0,0,0,1,0,0,1,video1_cred_aby,cred_aby,10,1,-0.547094544,1,0,0,0
1178,R_5VIgQm6GlAbwgIV,Young Treat,vapefriend_anna,4,4,4,0,Female,Yes,15,0,0,0,1,0,0,1,video2_cred_anna,cred_anna,11,2,-0.503930041,1,0,0,0
1179,R_5VIgQm6GlAbwgIV,Young Treat,vapefriend_cham,4,4,4,0,Female,Yes,15,0,0,0,1,0,0,1,video3_cred_cham,cred_cham,10,3,-0.547094544,1,0,0,0
1180,R_5VIgQm6GlAbwgIV,Young Treat,vapefriend_fab,4,4,4,0,Female,Yes,15,0,0,0,1,0,0,1,video4_cred_fab,cred_fab,10,4,-0.547094544,1,0,0,0
1181,R_5VIgQm6GlAbwgIV,Young Treat,vapefriend_mae,4,4,2,1,Female,Yes,15,0,0,0,1,0,0,1,video5_cred_mae,cred_mae,10,5,-0.547094544,1,0,0,0
1182,R_5VIgQm6GlAbwgIV,Young Treat,vapefriend_zanx,4,4,4,0,Female,Yes,15,0,0,0,1,0,0,1,video6_cred_zanx,cred_zanx,10,6,-0.547094544,1,0,0,0
1183,R_5VZy2JXTXqSKZvH,Young Treat,vapefriend_aby,4,4,4,0,Male,No,14,0,1,0,0,1,0,0,video1_cred_aby,cred_aby,0,1,-0.978739575,3,0,0,0
1184,R_5VZy2JXTXqSKZvH,Young Treat,vapefriend_anna,4,4,4,0,Male,No,14,0,1,0,0,1,0,0,video2_cred_anna,cred_anna,0,2,-0.978739575,3,0,0,0
1185,R_5VZy2JXTXqSKZvH,Young Treat,vapefriend_cham,4,4,4,0,Male,No,14,0,1,0,0,1,0,0,video3_cred_cham,cred_cham,2,3,-0.892410569,3,0,0,0
1186,R_5VZy2JXTXqSKZvH,Young Treat,vapefriend_fab,4,4,4,0,Male,No,14,0,1,0,0,1,0,0,video4_cred_fab,cred_fab,0,4,-0.978739575,3,0,0,0
1187,R_5VZy2JXTXqSKZvH,Young Treat,vapefriend_mae,4,4,4,0,Male,No,14,0,1,0,0,1,0,0,video5_cred_mae,cred_mae,0,5,-0.978739575,3,0,0,0
1188,R_5VZy2JXTXqSKZvH,Young Treat,vapefriend_zanx,4,4,4,0,Male,No,14,0,1,0,0,1,0,0,video6_cred_zanx,cred_zanx,0,6,-0.978739575,3,0,0,0
1189,R_5Vw04HG4XnX5ELD,Young Control,vapefriend_aby,4,4,4,0,Male,No,16,1,0,0,0,0,0,0,video1_cred_aby,cred_aby,6,1,-0.719752556,3,0,0,0
1190,R_5Vw04HG4XnX5ELD,Young Control,vapefriend_anna,4,4,4,0,Male,No,16,1,0,0,0,0,0,0,video2_cred_anna,cred_anna,17,2,-0.244943022,3,0,0,1
1191,R_5Vw04HG4XnX5ELD,Young Control,vapefriend_cham,4,4,4,0,Male,No,16,1,0,0,0,0,0,0,video3_cred_cham,cred_cham,0,3,-0.978739575,3,0,0,0
1192,R_5Vw04HG4XnX5ELD,Young Control,vapefriend_fab,4,4,4,0,Male,No,16,1,0,0,0,0,0,0,video4_cred_fab,cred_fab,4,4,-0.806081563,3,0,0,0
1193,R_5Vw04HG4XnX5ELD,Young Control,vapefriend_mae,4,4,4,0,Male,No,16,1,0,0,0,0,0,0,video5_cred_mae,cred_mae,25,5,0.100373003,3,0,0,1
1194,R_5Vw04HG4XnX5ELD,Young Control,vapefriend_zanx,4,4,4,0,Male,No,16,1,0,0,0,0,0,0,video6_cred_zanx,cred_zanx,0,6,-0.978739575,3,0,0,0
1195,R_5Xiw76Mg1ra7M6l,Old Treat,vapefriend_aby,4,4,4,0,Female,No,16,0,1,0,0,0,0,0,video1_cred_aby,cred_aby,9,1,-0.590259047,1,0,0,0
1196,R_5Xiw76Mg1ra7M6l,Old Treat,vapefriend_anna,4,4,4,0,Female,No,16,0,1,0,0,0,0,0,video2_cred_anna,cred_anna,0,2,-0.978739575,1,0,0,0
1197,R_5Xiw76Mg1ra7M6l,Old Treat,vapefriend_cham,4,4,4,0,Female,No,16,0,1,0,0,0,0,0,video3_cred_cham,cred_cham,10,3,-0.547094544,1,0,0,0
1198,R_5Xiw76Mg1ra7M6l,Old Treat,vapefriend_fab,4,4,4,0,Female,No,16,0,1,0,0,0,0,0,video4_cred_fab,cred_fab,13,4,-0.417601034,1,0,0,0
1199,R_5Xiw76Mg1ra7M6l,Old Treat,vapefriend_mae,4,4,4,0,Female,No,16,0,1,0,0,0,0,0,video5_cred_mae,cred_mae,20,5,-0.115449513,1,0,0,1
1200,R_5Xiw76Mg1ra7M6l,Old Treat,vapefriend_zanx,4,4,4,0,Female,No,16,0,1,0,0,0,0,0,video6_cred_zanx,cred_zanx,19,6,-0.158614016,1,0,0,1
1201,R_5Xn8wFWI98Yig6M,Young Control,vapefriend_aby,3,3,4,1,Female,No,17,1,0,0,0,0,1,1,video1_cred_aby,cred_aby,28,1,0.229866513,1,0,0,1
1202,R_5Xn8wFWI98Yig6M,Young Control,vapefriend_anna,4,4,4,0,Female,No,17,1,0,0,0,0,1,1,video2_cred_anna,cred_anna,40,2,0.74784055,1,0,0,1
1203,R_5Xn8wFWI98Yig6M,Young Control,vapefriend_cham,4,4,4,0,Female,No,17,1,0,0,0,0,1,1,video3_cred_cham,cred_cham,9,3,-0.590259047,1,0,0,0
1204,R_5Xn8wFWI98Yig6M,Young Control,vapefriend_fab,4,4,4,0,Female,No,17,1,0,0,0,0,1,1,video4_cred_fab,cred_fab,3,4,-0.849246066,1,0,0,0
1205,R_5Xn8wFWI98Yig6M,Young Control,vapefriend_mae,4,4,4,0,Female,No,17,1,0,0,0,0,1,1,video5_cred_mae,cred_mae,6,5,-0.719752556,1,0,0,0
1206,R_5Xn8wFWI98Yig6M,Young Control,vapefriend_zanx,4,4,4,0,Female,No,17,1,0,0,0,0,1,1,video6_cred_zanx,cred_zanx,7,6,-0.676588053,1,0,0,0
1207,R_5YGYIVYN8aJgJ1f,Old Treat,vapefriend_aby,4,4,4,0,Male,Yes,16,0,0,0,1,0,1,1,video1_cred_aby,cred_aby,39,1,0.704676047,1,0,0,1
1208,R_5YGYIVYN8aJgJ1f,Old Treat,vapefriend_anna,4,4,4,0,Male,Yes,16,0,0,0,1,0,1,1,video2_cred_anna,cred_anna,40,2,0.74784055,1,0,0,1
1209,R_5YGYIVYN8aJgJ1f,Old Treat,vapefriend_cham,4,4,4,0,Male,Yes,16,0,0,0,1,0,1,1,video3_cred_cham,cred_cham,40,3,0.74784055,1,0,0,1
1210,R_5YGYIVYN8aJgJ1f,Old Treat,vapefriend_fab,4,4,4,0,Male,Yes,16,0,0,0,1,0,1,1,video4_cred_fab,cred_fab,10,4,-0.547094544,1,0,0,0
1211,R_5YGYIVYN8aJgJ1f,Old Treat,vapefriend_mae,4,4,4,0,Male,Yes,16,0,0,0,1,0,1,1,video5_cred_mae,cred_mae,17,5,-0.244943022,1,0,0,1
1212,R_5YGYIVYN8aJgJ1f,Old Treat,vapefriend_zanx,3,3,4,1,Male,Yes,16,0,0,0,1,0,1,1,video6_cred_zanx,cred_zanx,10,6,-0.547094544,1,0,0,0
1213,R_5ZTAvZ8k0Nti1X7,Old Treat,vapefriend_aby,4,4,4,0,Female,No,17,1,0,1,1,0,0,1,video1_cred_aby,cred_aby,9,1,-0.590259047,2,0,0,0
1214,R_5ZTAvZ8k0Nti1X7,Old Treat,vapefriend_anna,4,4,4,0,Female,No,17,1,0,1,1,0,0,1,video2_cred_anna,cred_anna,11,2,-0.503930041,2,0,0,0
1215,R_5ZTAvZ8k0Nti1X7,Old Treat,vapefriend_cham,4,4,4,0,Female,No,17,1,0,1,1,0,0,1,video3_cred_cham,cred_cham,3,3,-0.849246066,2,0,0,0
1216,R_5ZTAvZ8k0Nti1X7,Old Treat,vapefriend_fab,4,4,4,0,Female,No,17,1,0,1,1,0,0,1,video4_cred_fab,cred_fab,9,4,-0.590259047,2,0,0,0
1217,R_5ZTAvZ8k0Nti1X7,Old Treat,vapefriend_mae,4,4,4,0,Female,No,17,1,0,1,1,0,0,1,video5_cred_mae,cred_mae,8,5,-0.63342355,2,0,0,0
1218,R_5ZTAvZ8k0Nti1X7,Old Treat,vapefriend_zanx,4,4,4,0,Female,No,17,1,0,1,1,0,0,1,video6_cred_zanx,cred_zanx,4,6,-0.806081563,2,0,0,0
1219,R_5Zjr821pbFY7s65,Old Treat,vapefriend_aby,4,4,4,0,Female,Yes,15,0,0,0,1,0,1,0,video1_cred_aby,cred_aby,9,1,-0.590259047,1,0,0,0
1220,R_5Zjr821pbFY7s65,Old Treat,vapefriend_anna,4,4,4,0,Female,Yes,15,0,0,0,1,0,1,0,video2_cred_anna,cred_anna,5,2,-0.76291706,1,0,0,0
1221,R_5Zjr821pbFY7s65,Old Treat,vapefriend_cham,4,4,4,0,Female,Yes,15,0,0,0,1,0,1,0,video3_cred_cham,cred_cham,8,3,-0.63342355,1,0,0,0
1222,R_5Zjr821pbFY7s65,Old Treat,vapefriend_fab,4,4,4,0,Female,Yes,15,0,0,0,1,0,1,0,video4_cred_fab,cred_fab,7,4,-0.676588053,1,0,0,0
1223,R_5Zjr821pbFY7s65,Old Treat,vapefriend_mae,4,4,4,0,Female,Yes,15,0,0,0,1,0,1,0,video5_cred_mae,cred_mae,5,5,-0.76291706,1,0,0,0
1224,R_5Zjr821pbFY7s65,Old Treat,vapefriend_zanx,4,4,4,0,Female,Yes,15,0,0,0,1,0,1,0,video6_cred_zanx,cred_zanx,11,6,-0.503930041,1,0,0,0
1225,R_5an0NIReTweSICC,Young Treat,vapefriend_aby,4,4,4,0,Female,No,14,0,1,0,0,0,0,0,video1_cred_aby,cred_aby,20,1,-0.115449513,2,0,0,1
1226,R_5an0NIReTweSICC,Young Treat,vapefriend_anna,4,4,4,0,Female,No,14,0,1,0,0,0,0,0,video2_cred_anna,cred_anna,15,2,-0.331272028,2,0,0,1
1227,R_5an0NIReTweSICC,Young Treat,vapefriend_cham,4,4,4,0,Female,No,14,0,1,0,0,0,0,0,video3_cred_cham,cred_cham,14,3,-0.374436531,2,0,0,1
1228,R_5an0NIReTweSICC,Young Treat,vapefriend_fab,4,4,4,0,Female,No,14,0,1,0,0,0,0,0,video4_cred_fab,cred_fab,19,4,-0.158614016,2,0,0,1
1229,R_5an0NIReTweSICC,Young Treat,vapefriend_mae,4,4,4,0,Female,No,14,0,1,0,0,0,0,0,video5_cred_mae,cred_mae,18,5,-0.201778519,2,0,0,1
1230,R_5an0NIReTweSICC,Young Treat,vapefriend_zanx,4,4,4,0,Female,No,14,0,1,0,0,0,0,0,video6_cred_zanx,cred_zanx,23,6,0.014043997,2,0,0,1
1231,R_5awU0XnEFslgOOH,Young Treat,vapefriend_aby,4,4,4,0,Female,Yes,17,0,0,0,0,1,0,0,video1_cred_aby,cred_aby,38,1,0.661511544,1,0,0,1
1232,R_5awU0XnEFslgOOH,Young Treat,vapefriend_anna,4,4,4,0,Female,Yes,17,0,0,0,0,1,0,0,video2_cred_anna,cred_anna,0,2,-0.978739575,1,0,0,0
1233,R_5awU0XnEFslgOOH,Young Treat,vapefriend_cham,4,4,4,0,Female,Yes,17,0,0,0,0,1,0,0,video3_cred_cham,cred_cham,0,3,-0.978739575,1,0,0,0
1234,R_5awU0XnEFslgOOH,Young Treat,vapefriend_fab,4,4,4,0,Female,Yes,17,0,0,0,0,1,0,0,video4_cred_fab,cred_fab,13,4,-0.417601034,1,0,0,0
1235,R_5awU0XnEFslgOOH,Young Treat,vapefriend_mae,4,4,4,0,Female,Yes,17,0,0,0,0,1,0,0,video5_cred_mae,cred_mae,19,5,-0.158614016,1,0,0,1
1236,R_5awU0XnEFslgOOH,Young Treat,vapefriend_zanx,4,4,4,0,Female,Yes,17,0,0,0,0,1,0,0,video6_cred_zanx,cred_zanx,0,6,-0.978739575,1,0,0,0
1237,R_5bPyKX9wpJO6ByN,Old Treat,vapefriend_aby,4,4,4,0,Female,Yes,17,0,0,0,0,0,1,1,video1_cred_aby,cred_aby,50,1,1.179485582,2,0,0,1
1238,R_5bPyKX9wpJO6ByN,Old Treat,vapefriend_anna,4,4,4,0,Female,Yes,17,0,0,0,0,0,1,1,video2_cred_anna,cred_anna,50,2,1.179485582,2,0,0,1
1239,R_5bPyKX9wpJO6ByN,Old Treat,vapefriend_cham,4,4,4,0,Female,Yes,17,0,0,0,0,0,1,1,video3_cred_cham,cred_cham,NA,3,NA,2,0,0,NA
1240,R_5bPyKX9wpJO6ByN,Old Treat,vapefriend_fab,4,4,4,0,Female,Yes,17,0,0,0,0,0,1,1,video4_cred_fab,cred_fab,50,4,1.179485582,2,0,0,1
1241,R_5bPyKX9wpJO6ByN,Old Treat,vapefriend_mae,4,4,4,0,Female,Yes,17,0,0,0,0,0,1,1,video5_cred_mae,cred_mae,50,5,1.179485582,2,0,0,1
1242,R_5bPyKX9wpJO6ByN,Old Treat,vapefriend_zanx,4,4,4,0,Female,Yes,17,0,0,0,0,0,1,1,video6_cred_zanx,cred_zanx,50,6,1.179485582,2,0,0,1
1243,R_5cA9gvqYCe2tUFj,Young Treat,vapefriend_aby,4,4,4,0,Female,No,17,1,0,0,0,0,1,0,video1_cred_aby,cred_aby,73,1,2.172269154,3,0,0,1
1244,R_5cA9gvqYCe2tUFj,Young Treat,vapefriend_anna,4,4,4,0,Female,No,17,1,0,0,0,0,1,0,video2_cred_anna,cred_anna,71,2,2.085940147,3,0,0,1
1245,R_5cA9gvqYCe2tUFj,Young Treat,vapefriend_cham,4,4,4,0,Female,No,17,1,0,0,0,0,1,0,video3_cred_cham,cred_cham,18,3,-0.201778519,3,0,0,1
1246,R_5cA9gvqYCe2tUFj,Young Treat,vapefriend_fab,4,4,4,0,Female,No,17,1,0,0,0,0,1,0,video4_cred_fab,cred_fab,39,4,0.704676047,3,0,0,1
1247,R_5cA9gvqYCe2tUFj,Young Treat,vapefriend_mae,4,4,4,0,Female,No,17,1,0,0,0,0,1,0,video5_cred_mae,cred_mae,9,5,-0.590259047,3,0,0,0
1248,R_5cA9gvqYCe2tUFj,Young Treat,vapefriend_zanx,4,4,4,0,Female,No,17,1,0,0,0,0,1,0,video6_cred_zanx,cred_zanx,23,6,0.014043997,3,0,0,1
1249,R_5dGuTBCibV6TMNR,Young Treat,vapefriend_aby,4,4,4,0,Female,No,16,0,1,0,0,0,0,0,video1_cred_aby,cred_aby,12,1,-0.460765538,3,0,0,0
1250,R_5dGuTBCibV6TMNR,Young Treat,vapefriend_anna,4,4,4,0,Female,No,16,0,1,0,0,0,0,0,video2_cred_anna,cred_anna,11,2,-0.503930041,3,0,0,0
1251,R_5dGuTBCibV6TMNR,Young Treat,vapefriend_cham,1,1,1,1,Female,No,16,0,1,0,0,0,0,0,video3_cred_cham,cred_cham,7,3,-0.676588053,3,0,0,0
1252,R_5dGuTBCibV6TMNR,Young Treat,vapefriend_fab,4,4,4,0,Female,No,16,0,1,0,0,0,0,0,video4_cred_fab,cred_fab,4,4,-0.806081563,3,0,0,0
1253,R_5dGuTBCibV6TMNR,Young Treat,vapefriend_mae,4,4,4,0,Female,No,16,0,1,0,0,0,0,0,video5_cred_mae,cred_mae,55,5,1.395308097,3,0,0,1
1254,R_5dGuTBCibV6TMNR,Young Treat,vapefriend_zanx,4,4,4,0,Female,No,16,0,1,0,0,0,0,0,video6_cred_zanx,cred_zanx,7,6,-0.676588053,3,0,0,0
1255,R_5dt6uCHyNt9M0pz,Young Treat,vapefriend_aby,4,4,4,0,Female,Yes,14,0,0,0,0,1,0,0,video1_cred_aby,cred_aby,0,1,-0.978739575,1,0,0,0
1256,R_5dt6uCHyNt9M0pz,Young Treat,vapefriend_anna,4,4,4,0,Female,Yes,14,0,0,0,0,1,0,0,video2_cred_anna,cred_anna,2,2,-0.892410569,1,0,0,0
1257,R_5dt6uCHyNt9M0pz,Young Treat,vapefriend_cham,4,4,4,0,Female,Yes,14,0,0,0,0,1,0,0,video3_cred_cham,cred_cham,18,3,-0.201778519,1,0,0,1
1258,R_5dt6uCHyNt9M0pz,Young Treat,vapefriend_fab,4,4,4,0,Female,Yes,14,0,0,0,0,1,0,0,video4_cred_fab,cred_fab,100,4,3.337710738,1,0,0,1
1259,R_5dt6uCHyNt9M0pz,Young Treat,vapefriend_mae,4,4,4,0,Female,Yes,14,0,0,0,0,1,0,0,video5_cred_mae,cred_mae,28,5,0.229866513,1,0,0,1
1260,R_5dt6uCHyNt9M0pz,Young Treat,vapefriend_zanx,4,4,4,0,Female,Yes,14,0,0,0,0,1,0,0,video6_cred_zanx,cred_zanx,10,6,-0.547094544,1,0,0,0
1261,R_5eYodEub4ZKi7SN,Young Treat,vapefriend_aby,4,4,4,0,Female,Yes,17,1,0,0,0,0,1,1,video1_cred_aby,cred_aby,33,1,0.445689028,1,0,0,1
1262,R_5eYodEub4ZKi7SN,Young Treat,vapefriend_anna,4,4,4,0,Female,Yes,17,1,0,0,0,0,1,1,video2_cred_anna,cred_anna,43,2,0.87733406,1,0,0,1
1263,R_5eYodEub4ZKi7SN,Young Treat,vapefriend_cham,4,4,4,0,Female,Yes,17,1,0,0,0,0,1,1,video3_cred_cham,cred_cham,32,3,0.402524525,1,0,0,1
1264,R_5eYodEub4ZKi7SN,Young Treat,vapefriend_fab,4,4,4,0,Female,Yes,17,1,0,0,0,0,1,1,video4_cred_fab,cred_fab,51,4,1.222650085,1,0,0,1
1265,R_5eYodEub4ZKi7SN,Young Treat,vapefriend_mae,4,4,4,0,Female,Yes,17,1,0,0,0,0,1,1,video5_cred_mae,cred_mae,65,5,1.826953129,1,0,0,1
1266,R_5eYodEub4ZKi7SN,Young Treat,vapefriend_zanx,4,4,4,0,Female,Yes,17,1,0,0,0,0,1,1,video6_cred_zanx,cred_zanx,18,6,-0.201778519,1,0,0,1
1267,R_5efa2gtX8pazgir,Old Treat,vapefriend_aby,4,4,4,0,Female,Yes,15,0,0,0,1,0,0,0,video1_cred_aby,cred_aby,50,1,1.179485582,1,0,0,1
1268,R_5efa2gtX8pazgir,Old Treat,vapefriend_anna,4,4,4,0,Female,Yes,15,0,0,0,1,0,0,0,video2_cred_anna,cred_anna,50,2,1.179485582,1,0,0,1
1269,R_5efa2gtX8pazgir,Old Treat,vapefriend_cham,4,4,4,0,Female,Yes,15,0,0,0,1,0,0,0,video3_cred_cham,cred_cham,50,3,1.179485582,1,0,0,1
1270,R_5efa2gtX8pazgir,Old Treat,vapefriend_fab,4,4,4,0,Female,Yes,15,0,0,0,1,0,0,0,video4_cred_fab,cred_fab,50,4,1.179485582,1,0,0,1
1271,R_5efa2gtX8pazgir,Old Treat,vapefriend_mae,4,4,4,0,Female,Yes,15,0,0,0,1,0,0,0,video5_cred_mae,cred_mae,50,5,1.179485582,1,0,0,1
1272,R_5efa2gtX8pazgir,Old Treat,vapefriend_zanx,4,4,4,0,Female,Yes,15,0,0,0,1,0,0,0,video6_cred_zanx,cred_zanx,50,6,1.179485582,1,0,0,1
1273,R_5ek9COJ0JpTMUqo,Old Control,vapefriend_aby,4,4,4,0,Female,No,17,1,0,0,0,0,1,1,video1_cred_aby,cred_aby,0,1,-0.978739575,1,0,0,0
1274,R_5ek9COJ0JpTMUqo,Old Control,vapefriend_anna,4,4,4,0,Female,No,17,1,0,0,0,0,1,1,video2_cred_anna,cred_anna,0,2,-0.978739575,1,0,0,0
1275,R_5ek9COJ0JpTMUqo,Old Control,vapefriend_cham,4,4,4,0,Female,No,17,1,0,0,0,0,1,1,video3_cred_cham,cred_cham,0,3,-0.978739575,1,0,0,0
1276,R_5ek9COJ0JpTMUqo,Old Control,vapefriend_fab,4,4,4,0,Female,No,17,1,0,0,0,0,1,1,video4_cred_fab,cred_fab,0,4,-0.978739575,1,0,0,0
1277,R_5ek9COJ0JpTMUqo,Old Control,vapefriend_mae,4,4,4,0,Female,No,17,1,0,0,0,0,1,1,video5_cred_mae,cred_mae,0,5,-0.978739575,1,0,0,0
1278,R_5ek9COJ0JpTMUqo,Old Control,vapefriend_zanx,4,4,4,0,Female,No,17,1,0,0,0,0,1,1,video6_cred_zanx,cred_zanx,3,6,-0.849246066,1,0,0,0
1279,R_5ep2jU8XxExoppf,Old Treat,vapefriend_aby,2,3,2,1,Male,No,17,1,0,0,0,0,1,1,video1_cred_aby,cred_aby,57,1,1.481637104,1,0,0,1
1280,R_5ep2jU8XxExoppf,Old Treat,vapefriend_anna,3,2,2,1,Male,No,17,1,0,0,0,0,1,1,video2_cred_anna,cred_anna,55,2,1.395308097,1,0,0,1
1281,R_5ep2jU8XxExoppf,Old Treat,vapefriend_cham,2,3,2,1,Male,No,17,1,0,0,0,0,1,1,video3_cred_cham,cred_cham,61,3,1.654295116,1,0,0,1
1282,R_5ep2jU8XxExoppf,Old Treat,vapefriend_fab,2,3,2,1,Male,No,17,1,0,0,0,0,1,1,video4_cred_fab,cred_fab,53,4,1.308979091,1,0,0,1
1283,R_5ep2jU8XxExoppf,Old Treat,vapefriend_mae,2,3,3,1,Male,No,17,1,0,0,0,0,1,1,video5_cred_mae,cred_mae,55,5,1.395308097,1,0,0,1
1284,R_5ep2jU8XxExoppf,Old Treat,vapefriend_zanx,2,3,2,1,Male,No,17,1,0,0,0,0,1,1,video6_cred_zanx,cred_zanx,49,6,1.136321078,1,0,0,1
1285,R_5fbDHQl6bRPUo2B,Young Treat,vapefriend_aby,4,4,4,0,Male,No,17,0,0,0,0,1,0,0,video1_cred_aby,cred_aby,3,1,-0.849246066,1,0,0,0
1286,R_5fbDHQl6bRPUo2B,Young Treat,vapefriend_anna,4,4,4,0,Male,No,17,0,0,0,0,1,0,0,video2_cred_anna,cred_anna,0,2,-0.978739575,1,0,0,0
1287,R_5fbDHQl6bRPUo2B,Young Treat,vapefriend_cham,4,4,4,0,Male,No,17,0,0,0,0,1,0,0,video3_cred_cham,cred_cham,9,3,-0.590259047,1,0,0,0
1288,R_5fbDHQl6bRPUo2B,Young Treat,vapefriend_fab,4,4,4,0,Male,No,17,0,0,0,0,1,0,0,video4_cred_fab,cred_fab,0,4,-0.978739575,1,0,0,0
1289,R_5fbDHQl6bRPUo2B,Young Treat,vapefriend_mae,4,4,4,0,Male,No,17,0,0,0,0,1,0,0,video5_cred_mae,cred_mae,12,5,-0.460765538,1,0,0,0
1290,R_5fbDHQl6bRPUo2B,Young Treat,vapefriend_zanx,4,4,4,0,Male,No,17,0,0,0,0,1,0,0,video6_cred_zanx,cred_zanx,0,6,-0.978739575,1,0,0,0
1291,R_5ffl7x9DkTR1BCo,Young Control,vapefriend_aby,4,4,4,0,Female,No,14,0,0,0,0,0,0,0,video1_cred_aby,cred_aby,5,1,-0.76291706,1,0,0,0
1292,R_5ffl7x9DkTR1BCo,Young Control,vapefriend_anna,4,4,4,0,Female,No,14,0,0,0,0,0,0,0,video2_cred_anna,cred_anna,4,2,-0.806081563,1,0,0,0
1293,R_5ffl7x9DkTR1BCo,Young Control,vapefriend_cham,4,4,4,0,Female,No,14,0,0,0,0,0,0,0,video3_cred_cham,cred_cham,2,3,-0.892410569,1,0,0,0
1294,R_5ffl7x9DkTR1BCo,Young Control,vapefriend_fab,4,4,4,0,Female,No,14,0,0,0,0,0,0,0,video4_cred_fab,cred_fab,2,4,-0.892410569,1,0,0,0
1295,R_5ffl7x9DkTR1BCo,Young Control,vapefriend_mae,4,4,4,0,Female,No,14,0,0,0,0,0,0,0,video5_cred_mae,cred_mae,1,5,-0.935575072,1,0,0,0
1296,R_5ffl7x9DkTR1BCo,Young Control,vapefriend_zanx,4,4,4,0,Female,No,14,0,0,0,0,0,0,0,video6_cred_zanx,cred_zanx,3,6,-0.849246066,1,0,0,0
1297,R_5gijlfE0UnnNo6l,Old Treat,vapefriend_aby,4,4,4,0,Male,No,14,0,1,0,0,0,1,0,video1_cred_aby,cred_aby,0,1,-0.978739575,1,0,0,0
1298,R_5gijlfE0UnnNo6l,Old Treat,vapefriend_anna,4,4,4,0,Male,No,14,0,1,0,0,0,1,0,video2_cred_anna,cred_anna,0,2,-0.978739575,1,0,0,0
1299,R_5gijlfE0UnnNo6l,Old Treat,vapefriend_cham,4,4,4,0,Male,No,14,0,1,0,0,0,1,0,video3_cred_cham,cred_cham,9,3,-0.590259047,1,0,0,0
1300,R_5gijlfE0UnnNo6l,Old Treat,vapefriend_fab,4,4,4,0,Male,No,14,0,1,0,0,0,1,0,video4_cred_fab,cred_fab,8,4,-0.63342355,1,0,0,0
1301,R_5gijlfE0UnnNo6l,Old Treat,vapefriend_mae,4,4,4,0,Male,No,14,0,1,0,0,0,1,0,video5_cred_mae,cred_mae,0,5,-0.978739575,1,0,0,0
1302,R_5gijlfE0UnnNo6l,Old Treat,vapefriend_zanx,4,4,4,0,Male,No,14,0,1,0,0,0,1,0,video6_cred_zanx,cred_zanx,0,6,-0.978739575,1,0,0,0
1303,R_5h3MLmXYmHyvN6h,Young Treat,vapefriend_aby,2,2,2,1,Male,No,16,1,0,0,0,0,1,1,video1_cred_aby,cred_aby,30,1,0.316195519,2,1,1,1
1304,R_5h3MLmXYmHyvN6h,Young Treat,vapefriend_anna,2,3,2,1,Male,No,16,1,0,0,0,0,1,1,video2_cred_anna,cred_anna,42,2,0.834169557,2,1,1,1
1305,R_5h3MLmXYmHyvN6h,Young Treat,vapefriend_cham,2,3,2,1,Male,No,16,1,0,0,0,0,1,1,video3_cred_cham,cred_cham,46,3,1.006827569,2,1,1,1
1306,R_5h3MLmXYmHyvN6h,Young Treat,vapefriend_fab,2,2,2,1,Male,No,16,1,0,0,0,0,1,1,video4_cred_fab,cred_fab,30,4,0.316195519,2,1,1,1
1307,R_5h3MLmXYmHyvN6h,Young Treat,vapefriend_mae,2,2,3,1,Male,No,16,1,0,0,0,0,1,1,video5_cred_mae,cred_mae,36,5,0.575182538,2,1,1,1
1308,R_5h3MLmXYmHyvN6h,Young Treat,vapefriend_zanx,2,2,2,1,Male,No,16,1,0,0,0,0,1,1,video6_cred_zanx,cred_zanx,45,6,0.963663066,2,1,1,1
1309,R_5idyd6Yb33aD5WF,Young Control,vapefriend_aby,4,4,4,0,Female,No,17,1,0,0,0,0,1,1,video1_cred_aby,cred_aby,7,1,-0.676588053,1,0,0,0
1310,R_5idyd6Yb33aD5WF,Young Control,vapefriend_anna,4,4,4,0,Female,No,17,1,0,0,0,0,1,1,video2_cred_anna,cred_anna,27,2,0.186702009,1,0,0,1
1311,R_5idyd6Yb33aD5WF,Young Control,vapefriend_cham,3,4,4,1,Female,No,17,1,0,0,0,0,1,1,video3_cred_cham,cred_cham,29,3,0.273031016,1,0,0,1
1312,R_5idyd6Yb33aD5WF,Young Control,vapefriend_fab,3,4,4,1,Female,No,17,1,0,0,0,0,1,1,video4_cred_fab,cred_fab,45,4,0.963663066,1,0,0,1
1313,R_5idyd6Yb33aD5WF,Young Control,vapefriend_mae,4,4,4,0,Female,No,17,1,0,0,0,0,1,1,video5_cred_mae,cred_mae,50,5,1.179485582,1,0,0,1
1314,R_5idyd6Yb33aD5WF,Young Control,vapefriend_zanx,4,4,4,0,Female,No,17,1,0,0,0,0,1,1,video6_cred_zanx,cred_zanx,9,6,-0.590259047,1,0,0,0
1315,R_5j3bslNbmyMNqdz,Old Treat,vapefriend_aby,2,3,2,1,NA,No,17,0,1,0,0,0,1,1,video1_cred_aby,cred_aby,0,1,-0.978739575,1,0,0,0
1316,R_5j3bslNbmyMNqdz,Old Treat,vapefriend_anna,2,3,1,1,NA,No,17,0,1,0,0,0,1,1,video2_cred_anna,cred_anna,11,2,-0.503930041,1,0,0,0
1317,R_5j3bslNbmyMNqdz,Old Treat,vapefriend_cham,2,3,2,1,NA,No,17,0,1,0,0,0,1,1,video3_cred_cham,cred_cham,0,3,-0.978739575,1,0,0,0
1318,R_5j3bslNbmyMNqdz,Old Treat,vapefriend_fab,2,3,1,1,NA,No,17,0,1,0,0,0,1,1,video4_cred_fab,cred_fab,0,4,-0.978739575,1,0,0,0
1319,R_5j3bslNbmyMNqdz,Old Treat,vapefriend_mae,2,3,2,1,NA,No,17,0,1,0,0,0,1,1,video5_cred_mae,cred_mae,0,5,-0.978739575,1,0,0,0
1320,R_5j3bslNbmyMNqdz,Old Treat,vapefriend_zanx,2,3,1,1,NA,No,17,0,1,0,0,0,1,1,video6_cred_zanx,cred_zanx,0,6,-0.978739575,1,0,0,0
1321,R_5j6jcmYQQi6oKW7,Young Treat,vapefriend_aby,4,4,4,0,Female,Yes,14,0,0,0,1,0,0,1,video1_cred_aby,cred_aby,6,1,-0.719752556,1,0,0,0
1322,R_5j6jcmYQQi6oKW7,Young Treat,vapefriend_anna,4,4,4,0,Female,Yes,14,0,0,0,1,0,0,1,video2_cred_anna,cred_anna,0,2,-0.978739575,1,0,0,0
1323,R_5j6jcmYQQi6oKW7,Young Treat,vapefriend_cham,4,4,4,0,Female,Yes,14,0,0,0,1,0,0,1,video3_cred_cham,cred_cham,4,3,-0.806081563,1,0,0,0
1324,R_5j6jcmYQQi6oKW7,Young Treat,vapefriend_fab,4,4,4,0,Female,Yes,14,0,0,0,1,0,0,1,video4_cred_fab,cred_fab,0,4,-0.978739575,1,0,0,0
1325,R_5j6jcmYQQi6oKW7,Young Treat,vapefriend_mae,4,4,3,1,Female,Yes,14,0,0,0,1,0,0,1,video5_cred_mae,cred_mae,10,5,-0.547094544,1,0,0,0
1326,R_5j6jcmYQQi6oKW7,Young Treat,vapefriend_zanx,4,4,4,0,Female,Yes,14,0,0,0,1,0,0,1,video6_cred_zanx,cred_zanx,8,6,-0.63342355,1,0,0,0
1327,R_5jRPmjzP0q43vnr,Young Control,vapefriend_aby,4,4,4,0,Male,NA,16,0,0,0,0,0,0,0,video1_cred_aby,cred_aby,56,1,1.4384726,2,0,0,1
1328,R_5jRPmjzP0q43vnr,Young Control,vapefriend_anna,4,4,4,0,Male,NA,16,0,0,0,0,0,0,0,video2_cred_anna,cred_anna,59,2,1.56796611,2,0,0,1
1329,R_5jRPmjzP0q43vnr,Young Control,vapefriend_cham,4,4,4,0,Male,NA,16,0,0,0,0,0,0,0,video3_cred_cham,cred_cham,59,3,1.56796611,2,0,0,1
1330,R_5jRPmjzP0q43vnr,Young Control,vapefriend_fab,4,4,4,0,Male,NA,16,0,0,0,0,0,0,0,video4_cred_fab,cred_fab,52,4,1.265814588,2,0,0,1
1331,R_5jRPmjzP0q43vnr,Young Control,vapefriend_mae,4,4,4,0,Male,NA,16,0,0,0,0,0,0,0,video5_cred_mae,cred_mae,56,5,1.4384726,2,0,0,1
1332,R_5jRPmjzP0q43vnr,Young Control,vapefriend_zanx,4,4,4,0,Male,NA,16,0,0,0,0,0,0,0,video6_cred_zanx,cred_zanx,42,6,0.834169557,2,0,0,1
1333,R_5jTdGq7knmflixx,Young Treat,vapefriend_aby,4,4,4,0,Male,Yes,14,0,0,0,1,0,0,0,video1_cred_aby,cred_aby,26,1,0.143537506,1,0,0,1
1334,R_5jTdGq7knmflixx,Young Treat,vapefriend_anna,4,4,4,0,Male,Yes,14,0,0,0,1,0,0,0,video2_cred_anna,cred_anna,24,2,0.0572085,1,0,0,1
1335,R_5jTdGq7knmflixx,Young Treat,vapefriend_cham,4,4,4,0,Male,Yes,14,0,0,0,1,0,0,0,video3_cred_cham,cred_cham,21,3,-0.072285009,1,0,0,1
1336,R_5jTdGq7knmflixx,Young Treat,vapefriend_fab,4,4,4,0,Male,Yes,14,0,0,0,1,0,0,0,video4_cred_fab,cred_fab,7,4,-0.676588053,1,0,0,0
1337,R_5jTdGq7knmflixx,Young Treat,vapefriend_mae,4,4,4,0,Male,Yes,14,0,0,0,1,0,0,0,video5_cred_mae,cred_mae,5,5,-0.76291706,1,0,0,0
1338,R_5jTdGq7knmflixx,Young Treat,vapefriend_zanx,4,4,4,0,Male,Yes,14,0,0,0,1,0,0,0,video6_cred_zanx,cred_zanx,8,6,-0.63342355,1,0,0,0
1339,R_5jTkSCxKsEpjpio,Young Control,vapefriend_aby,3,4,2,1,Female,Yes,15,0,0,0,0,1,1,1,video1_cred_aby,cred_aby,68,1,1.956446638,1,0,0,1
1340,R_5jTkSCxKsEpjpio,Young Control,vapefriend_anna,3,4,2,1,Female,Yes,15,0,0,0,0,1,1,1,video2_cred_anna,cred_anna,43,2,0.87733406,1,0,0,1
1341,R_5jTkSCxKsEpjpio,Young Control,vapefriend_cham,4,4,3,1,Female,Yes,15,0,0,0,0,1,1,1,video3_cred_cham,cred_cham,44,3,0.920498563,1,0,0,1
1342,R_5jTkSCxKsEpjpio,Young Control,vapefriend_fab,3,4,3,1,Female,Yes,15,0,0,0,0,1,1,1,video4_cred_fab,cred_fab,41,4,0.791005053,1,0,0,1
1343,R_5jTkSCxKsEpjpio,Young Control,vapefriend_mae,3,4,2,1,Female,Yes,15,0,0,0,0,1,1,1,video5_cred_mae,cred_mae,34,5,0.488853531,1,0,0,1
1344,R_5jTkSCxKsEpjpio,Young Control,vapefriend_zanx,4,4,3,1,Female,Yes,15,0,0,0,0,1,1,1,video6_cred_zanx,cred_zanx,32,6,0.402524525,1,0,0,1
1345,R_5jdIgxnFl4WK1R2,Old Control,vapefriend_aby,4,4,4,0,Female,Yes,15,1,0,0,1,1,0,1,video1_cred_aby,cred_aby,10,1,-0.547094544,3,0,0,0
1346,R_5jdIgxnFl4WK1R2,Old Control,vapefriend_anna,4,4,4,0,Female,Yes,15,1,0,0,1,1,0,1,video2_cred_anna,cred_anna,50,2,1.179485582,3,0,0,1
1347,R_5jdIgxnFl4WK1R2,Old Control,vapefriend_cham,4,4,4,0,Female,Yes,15,1,0,0,1,1,0,1,video3_cred_cham,cred_cham,50,3,1.179485582,3,0,0,1
1348,R_5jdIgxnFl4WK1R2,Old Control,vapefriend_fab,4,4,4,0,Female,Yes,15,1,0,0,1,1,0,1,video4_cred_fab,cred_fab,50,4,1.179485582,3,0,0,1
1349,R_5jdIgxnFl4WK1R2,Old Control,vapefriend_mae,4,4,4,0,Female,Yes,15,1,0,0,1,1,0,1,video5_cred_mae,cred_mae,0,5,-0.978739575,3,0,0,0
1350,R_5jdIgxnFl4WK1R2,Old Control,vapefriend_zanx,4,4,4,0,Female,Yes,15,1,0,0,1,1,0,1,video6_cred_zanx,cred_zanx,8,6,-0.63342355,3,0,0,0
1351,R_5kM8yFH3bwxRVN3,Old Treat,vapefriend_aby,4,4,3,1,Female,No,16,0,1,0,0,0,0,1,video1_cred_aby,cred_aby,28,1,0.229866513,1,0,0,1
1352,R_5kM8yFH3bwxRVN3,Old Treat,vapefriend_anna,4,4,3,1,Female,No,16,0,1,0,0,0,0,1,video2_cred_anna,cred_anna,36,2,0.575182538,1,0,0,1
1353,R_5kM8yFH3bwxRVN3,Old Treat,vapefriend_cham,4,4,3,1,Female,No,16,0,1,0,0,0,0,1,video3_cred_cham,cred_cham,47,3,1.049992072,1,0,0,1
1354,R_5kM8yFH3bwxRVN3,Old Treat,vapefriend_fab,4,4,3,1,Female,No,16,0,1,0,0,0,0,1,video4_cred_fab,cred_fab,29,4,0.273031016,1,0,0,1
1355,R_5kM8yFH3bwxRVN3,Old Treat,vapefriend_mae,4,4,3,1,Female,No,16,0,1,0,0,0,0,1,video5_cred_mae,cred_mae,20,5,-0.115449513,1,0,0,1
1356,R_5kM8yFH3bwxRVN3,Old Treat,vapefriend_zanx,4,4,3,1,Female,No,16,0,1,0,0,0,0,1,video6_cred_zanx,cred_zanx,41,6,0.791005053,1,0,0,1
1357,R_5ko3nW0IyZQuk4p,Old Treat,vapefriend_aby,4,4,4,0,Female,Yes,14,0,0,0,0,0,1,1,video1_cred_aby,cred_aby,50,1,1.179485582,1,0,0,1
1358,R_5ko3nW0IyZQuk4p,Old Treat,vapefriend_anna,3,3,3,1,Female,Yes,14,0,0,0,0,0,1,1,video2_cred_anna,cred_anna,51,2,1.222650085,1,0,0,1
1359,R_5ko3nW0IyZQuk4p,Old Treat,vapefriend_cham,3,3,3,1,Female,Yes,14,0,0,0,0,0,1,1,video3_cred_cham,cred_cham,39,3,0.704676047,1,0,0,1
1360,R_5ko3nW0IyZQuk4p,Old Treat,vapefriend_fab,3,4,4,1,Female,Yes,14,0,0,0,0,0,1,1,video4_cred_fab,cred_fab,40,4,0.74784055,1,0,0,1
1361,R_5ko3nW0IyZQuk4p,Old Treat,vapefriend_mae,3,3,3,1,Female,Yes,14,0,0,0,0,0,1,1,video5_cred_mae,cred_mae,73,5,2.172269154,1,0,0,1
1362,R_5ko3nW0IyZQuk4p,Old Treat,vapefriend_zanx,4,4,4,0,Female,Yes,14,0,0,0,0,0,1,1,video6_cred_zanx,cred_zanx,39,6,0.704676047,1,0,0,1
1363,R_5l5m1GptmiER9Rt,Old Control,vapefriend_aby,4,4,4,0,Female,Yes,16,1,0,0,0,0,0,1,video1_cred_aby,cred_aby,10,1,-0.547094544,1,0,0,0
1364,R_5l5m1GptmiER9Rt,Old Control,vapefriend_anna,4,4,4,0,Female,Yes,16,1,0,0,0,0,0,1,video2_cred_anna,cred_anna,35,2,0.532018035,1,0,0,1
1365,R_5l5m1GptmiER9Rt,Old Control,vapefriend_cham,4,4,4,0,Female,Yes,16,1,0,0,0,0,0,1,video3_cred_cham,cred_cham,16,3,-0.288107525,1,0,0,1
1366,R_5l5m1GptmiER9Rt,Old Control,vapefriend_fab,4,4,4,0,Female,Yes,16,1,0,0,0,0,0,1,video4_cred_fab,cred_fab,7,4,-0.676588053,1,0,0,0
1367,R_5l5m1GptmiER9Rt,Old Control,vapefriend_mae,4,4,3,1,Female,Yes,16,1,0,0,0,0,0,1,video5_cred_mae,cred_mae,32,5,0.402524525,1,0,0,1
1368,R_5l5m1GptmiER9Rt,Old Control,vapefriend_zanx,4,4,4,0,Female,Yes,16,1,0,0,0,0,0,1,video6_cred_zanx,cred_zanx,8,6,-0.63342355,1,0,0,0
1369,R_5li653RibNBPh96,Young Treat,vapefriend_aby,4,4,4,0,Female,Yes,16,1,0,0,0,0,0,0,video1_cred_aby,cred_aby,40,1,0.74784055,1,0,0,1
1370,R_5li653RibNBPh96,Young Treat,vapefriend_anna,4,4,4,0,Female,Yes,16,1,0,0,0,0,0,0,video2_cred_anna,cred_anna,10,2,-0.547094544,1,0,0,0
1371,R_5li653RibNBPh96,Young Treat,vapefriend_cham,4,4,4,0,Female,Yes,16,1,0,0,0,0,0,0,video3_cred_cham,cred_cham,10,3,-0.547094544,1,0,0,0
1372,R_5li653RibNBPh96,Young Treat,vapefriend_fab,4,4,4,0,Female,Yes,16,1,0,0,0,0,0,0,video4_cred_fab,cred_fab,50,4,1.179485582,1,0,0,1
1373,R_5li653RibNBPh96,Young Treat,vapefriend_mae,4,4,4,0,Female,Yes,16,1,0,0,0,0,0,0,video5_cred_mae,cred_mae,50,5,1.179485582,1,0,0,1
1374,R_5li653RibNBPh96,Young Treat,vapefriend_zanx,4,4,4,0,Female,Yes,16,1,0,0,0,0,0,0,video6_cred_zanx,cred_zanx,30,6,0.316195519,1,0,0,1
1375,R_5n6j3dJhyEIt64G,Young Treat,vapefriend_aby,4,4,4,0,Female,No,16,0,1,1,0,0,1,0,video1_cred_aby,cred_aby,NA,1,NA,1,0,0,NA
1376,R_5n6j3dJhyEIt64G,Young Treat,vapefriend_anna,4,4,4,0,Female,No,16,0,1,1,0,0,1,0,video2_cred_anna,cred_anna,20,2,-0.115449513,1,0,0,1
1377,R_5n6j3dJhyEIt64G,Young Treat,vapefriend_cham,4,4,4,0,Female,No,16,0,1,1,0,0,1,0,video3_cred_cham,cred_cham,13,3,-0.417601034,1,0,0,0
1378,R_5n6j3dJhyEIt64G,Young Treat,vapefriend_fab,4,4,4,0,Female,No,16,0,1,1,0,0,1,0,video4_cred_fab,cred_fab,12,4,-0.460765538,1,0,0,0
1379,R_5n6j3dJhyEIt64G,Young Treat,vapefriend_mae,4,4,4,0,Female,No,16,0,1,1,0,0,1,0,video5_cred_mae,cred_mae,15,5,-0.331272028,1,0,0,1
1380,R_5n6j3dJhyEIt64G,Young Treat,vapefriend_zanx,4,4,4,0,Female,No,16,0,1,1,0,0,1,0,video6_cred_zanx,cred_zanx,8,6,-0.63342355,1,0,0,0
1381,R_5n8XhrCtOpeNkSZ,Young Control,vapefriend_aby,2,2,2,1,Male,Yes,16,1,0,0,0,0,1,1,video1_cred_aby,cred_aby,48,1,1.093156575,1,1,1,1
1382,R_5n8XhrCtOpeNkSZ,Young Control,vapefriend_anna,2,2,2,1,Male,Yes,16,1,0,0,0,0,1,1,video2_cred_anna,cred_anna,41,2,0.791005053,1,1,1,1
1383,R_5n8XhrCtOpeNkSZ,Young Control,vapefriend_cham,2,2,2,1,Male,Yes,16,1,0,0,0,0,1,1,video3_cred_cham,cred_cham,44,3,0.920498563,1,1,1,1
1384,R_5n8XhrCtOpeNkSZ,Young Control,vapefriend_fab,2,2,2,1,Male,Yes,16,1,0,0,0,0,1,1,video4_cred_fab,cred_fab,37,4,0.618347041,1,1,1,1
1385,R_5n8XhrCtOpeNkSZ,Young Control,vapefriend_mae,3,3,3,1,Male,Yes,16,1,0,0,0,0,1,1,video5_cred_mae,cred_mae,17,5,-0.244943022,1,1,1,1
1386,R_5n8XhrCtOpeNkSZ,Young Control,vapefriend_zanx,2,3,2,1,Male,Yes,16,1,0,0,0,0,1,1,video6_cred_zanx,cred_zanx,47,6,1.049992072,1,1,1,1
1387,R_5nr2GXLcm7Vvt8b,Young Control,vapefriend_aby,4,4,4,0,Male,NA,15,0,0,0,0,1,1,0,video1_cred_aby,cred_aby,12,1,-0.460765538,3,0,0,0
1388,R_5nr2GXLcm7Vvt8b,Young Control,vapefriend_anna,4,4,4,0,Male,NA,15,0,0,0,0,1,1,0,video2_cred_anna,cred_anna,14,2,-0.374436531,3,0,0,1
1389,R_5nr2GXLcm7Vvt8b,Young Control,vapefriend_cham,4,4,4,0,Male,NA,15,0,0,0,0,1,1,0,video3_cred_cham,cred_cham,11,3,-0.503930041,3,0,0,0
1390,R_5nr2GXLcm7Vvt8b,Young Control,vapefriend_fab,4,4,4,0,Male,NA,15,0,0,0,0,1,1,0,video4_cred_fab,cred_fab,9,4,-0.590259047,3,0,0,0
1391,R_5nr2GXLcm7Vvt8b,Young Control,vapefriend_mae,4,4,4,0,Male,NA,15,0,0,0,0,1,1,0,video5_cred_mae,cred_mae,12,5,-0.460765538,3,0,0,0
1392,R_5nr2GXLcm7Vvt8b,Young Control,vapefriend_zanx,4,4,4,0,Male,NA,15,0,0,0,0,1,1,0,video6_cred_zanx,cred_zanx,13,6,-0.417601034,3,0,0,0
1393,R_5o7rf9Jnn2f9xoT,Old Control,vapefriend_aby,4,4,4,0,Female,Yes,14,0,0,0,1,0,0,0,video1_cred_aby,cred_aby,1,1,-0.935575072,1,0,0,0
1394,R_5o7rf9Jnn2f9xoT,Old Control,vapefriend_anna,4,4,4,0,Female,Yes,14,0,0,0,1,0,0,0,video2_cred_anna,cred_anna,1.5,2,-0.913992821,1,0,0,0
1395,R_5o7rf9Jnn2f9xoT,Old Control,vapefriend_cham,4,4,4,0,Female,Yes,14,0,0,0,1,0,0,0,video3_cred_cham,cred_cham,1,3,-0.935575072,1,0,0,0
1396,R_5o7rf9Jnn2f9xoT,Old Control,vapefriend_fab,4,4,4,0,Female,Yes,14,0,0,0,1,0,0,0,video4_cred_fab,cred_fab,1,4,-0.935575072,1,0,0,0
1397,R_5o7rf9Jnn2f9xoT,Old Control,vapefriend_mae,4,4,4,0,Female,Yes,14,0,0,0,1,0,0,0,video5_cred_mae,cred_mae,1,5,-0.935575072,1,0,0,0
1398,R_5o7rf9Jnn2f9xoT,Old Control,vapefriend_zanx,4,4,4,0,Female,Yes,14,0,0,0,1,0,0,0,video6_cred_zanx,cred_zanx,0,6,-0.978739575,1,0,0,0
1399,R_5pPrrqfNkOJOabY,Young Control,vapefriend_aby,4,4,4,0,Male,Yes,17,1,0,0,0,0,0,0,video1_cred_aby,cred_aby,7,1,-0.676588053,1,0,0,0
1400,R_5pPrrqfNkOJOabY,Young Control,vapefriend_anna,4,4,4,0,Male,Yes,17,1,0,0,0,0,0,0,video2_cred_anna,cred_anna,1,2,-0.935575072,1,0,0,0
1401,R_5pPrrqfNkOJOabY,Young Control,vapefriend_cham,4,4,4,0,Male,Yes,17,1,0,0,0,0,0,0,video3_cred_cham,cred_cham,3,3,-0.849246066,1,0,0,0
1402,R_5pPrrqfNkOJOabY,Young Control,vapefriend_fab,4,4,4,0,Male,Yes,17,1,0,0,0,0,0,0,video4_cred_fab,cred_fab,6,4,-0.719752556,1,0,0,0
1403,R_5pPrrqfNkOJOabY,Young Control,vapefriend_mae,4,4,4,0,Male,Yes,17,1,0,0,0,0,0,0,video5_cred_mae,cred_mae,25,5,0.100373003,1,0,0,1
1404,R_5pPrrqfNkOJOabY,Young Control,vapefriend_zanx,4,4,4,0,Male,Yes,17,1,0,0,0,0,0,0,video6_cred_zanx,cred_zanx,1,6,-0.935575072,1,0,0,0
1405,R_5pnZxjsvI52mh1v,Young Treat,vapefriend_aby,3,3,2,1,Female,Yes,15,0,0,0,0,1,1,1,video1_cred_aby,cred_aby,30,1,0.316195519,1,0,0,1
1406,R_5pnZxjsvI52mh1v,Young Treat,vapefriend_anna,2,3,2,1,Female,Yes,15,0,0,0,0,1,1,1,video2_cred_anna,cred_anna,24,2,0.0572085,1,0,0,1
1407,R_5pnZxjsvI52mh1v,Young Treat,vapefriend_cham,3,3,2,1,Female,Yes,15,0,0,0,0,1,1,1,video3_cred_cham,cred_cham,15,3,-0.331272028,1,0,0,1
1408,R_5pnZxjsvI52mh1v,Young Treat,vapefriend_fab,2,3,2,1,Female,Yes,15,0,0,0,0,1,1,1,video4_cred_fab,cred_fab,20,4,-0.115449513,1,0,0,1
1409,R_5pnZxjsvI52mh1v,Young Treat,vapefriend_mae,3,3,2,1,Female,Yes,15,0,0,0,0,1,1,1,video5_cred_mae,cred_mae,25,5,0.100373003,1,0,0,1
1410,R_5pnZxjsvI52mh1v,Young Treat,vapefriend_zanx,3,3,2,1,Female,Yes,15,0,0,0,0,1,1,1,video6_cred_zanx,cred_zanx,20,6,-0.115449513,1,0,0,1
1411,R_5q1zObvm5cmXah3,Young Treat,vapefriend_aby,4,4,4,0,Female,Yes,16,1,0,0,0,0,0,0,video1_cred_aby,cred_aby,0,1,-0.978739575,3,0,0,0
1412,R_5q1zObvm5cmXah3,Young Treat,vapefriend_anna,4,4,4,0,Female,Yes,16,1,0,0,0,0,0,0,video2_cred_anna,cred_anna,0,2,-0.978739575,3,0,0,0
1413,R_5q1zObvm5cmXah3,Young Treat,vapefriend_cham,4,4,4,0,Female,Yes,16,1,0,0,0,0,0,0,video3_cred_cham,cred_cham,10,3,-0.547094544,3,0,0,0
1414,R_5q1zObvm5cmXah3,Young Treat,vapefriend_fab,4,4,4,0,Female,Yes,16,1,0,0,0,0,0,0,video4_cred_fab,cred_fab,0,4,-0.978739575,3,0,0,0
1415,R_5q1zObvm5cmXah3,Young Treat,vapefriend_mae,4,4,4,0,Female,Yes,16,1,0,0,0,0,0,0,video5_cred_mae,cred_mae,40,5,0.74784055,3,0,0,1
1416,R_5q1zObvm5cmXah3,Young Treat,vapefriend_zanx,4,4,4,0,Female,Yes,16,1,0,0,0,0,0,0,video6_cred_zanx,cred_zanx,0,6,-0.978739575,3,0,0,0
1417,R_5qNWwPkKyzCJY7m,Young Treat,vapefriend_aby,4,4,4,0,Female,Yes,14,0,0,0,0,0,0,0,video1_cred_aby,cred_aby,NA,1,NA,NA,0,0,NA
1418,R_5qNWwPkKyzCJY7m,Young Treat,vapefriend_anna,4,4,4,0,Female,Yes,14,0,0,0,0,0,0,0,video2_cred_anna,cred_anna,NA,2,NA,NA,0,0,NA
1419,R_5qNWwPkKyzCJY7m,Young Treat,vapefriend_cham,NA,4,4,NA,Female,Yes,14,0,0,0,0,0,0,0,video3_cred_cham,cred_cham,NA,3,NA,NA,0,0,NA
1420,R_5qNWwPkKyzCJY7m,Young Treat,vapefriend_fab,4,4,4,0,Female,Yes,14,0,0,0,0,0,0,0,video4_cred_fab,cred_fab,NA,4,NA,NA,0,0,NA
1421,R_5qNWwPkKyzCJY7m,Young Treat,vapefriend_mae,4,4,4,0,Female,Yes,14,0,0,0,0,0,0,0,video5_cred_mae,cred_mae,NA,5,NA,NA,0,0,NA
1422,R_5qNWwPkKyzCJY7m,Young Treat,vapefriend_zanx,4,4,4,0,Female,Yes,14,0,0,0,0,0,0,0,video6_cred_zanx,cred_zanx,NA,6,NA,NA,0,0,NA
1423,R_5qfl0b8ekiBFfLM,Old Control,vapefriend_aby,4,4,4,0,Male,No,14,0,1,0,0,0,0,0,video1_cred_aby,cred_aby,1,1,-0.935575072,1,0,0,0
1424,R_5qfl0b8ekiBFfLM,Old Control,vapefriend_anna,4,4,4,0,Male,No,14,0,1,0,0,0,0,0,video2_cred_anna,cred_anna,1,2,-0.935575072,1,0,0,0
1425,R_5qfl0b8ekiBFfLM,Old Control,vapefriend_cham,4,4,4,0,Male,No,14,0,1,0,0,0,0,0,video3_cred_cham,cred_cham,1,3,-0.935575072,1,0,0,0
1426,R_5qfl0b8ekiBFfLM,Old Control,vapefriend_fab,4,4,4,0,Male,No,14,0,1,0,0,0,0,0,video4_cred_fab,cred_fab,1,4,-0.935575072,1,0,0,0
1427,R_5qfl0b8ekiBFfLM,Old Control,vapefriend_mae,4,4,4,0,Male,No,14,0,1,0,0,0,0,0,video5_cred_mae,cred_mae,4,5,-0.806081563,1,0,0,0
1428,R_5qfl0b8ekiBFfLM,Old Control,vapefriend_zanx,4,4,4,0,Male,No,14,0,1,0,0,0,0,0,video6_cred_zanx,cred_zanx,2,6,-0.892410569,1,0,0,0
1429,R_5qkEOQiiQiSWZ1t,Young Treat,vapefriend_aby,4,4,4,0,Female,No,16,1,0,0,0,0,1,0,video1_cred_aby,cred_aby,0,1,-0.978739575,1,0,0,0
1430,R_5qkEOQiiQiSWZ1t,Young Treat,vapefriend_anna,4,4,4,0,Female,No,16,1,0,0,0,0,1,0,video2_cred_anna,cred_anna,0,2,-0.978739575,1,0,0,0
1431,R_5qkEOQiiQiSWZ1t,Young Treat,vapefriend_cham,4,4,4,0,Female,No,16,1,0,0,0,0,1,0,video3_cred_cham,cred_cham,0,3,-0.978739575,1,0,0,0
1432,R_5qkEOQiiQiSWZ1t,Young Treat,vapefriend_fab,4,4,4,0,Female,No,16,1,0,0,0,0,1,0,video4_cred_fab,cred_fab,0,4,-0.978739575,1,0,0,0
1433,R_5qkEOQiiQiSWZ1t,Young Treat,vapefriend_mae,4,4,4,0,Female,No,16,1,0,0,0,0,1,0,video5_cred_mae,cred_mae,0,5,-0.978739575,1,0,0,0
1434,R_5qkEOQiiQiSWZ1t,Young Treat,vapefriend_zanx,4,4,4,0,Female,No,16,1,0,0,0,0,1,0,video6_cred_zanx,cred_zanx,0,6,-0.978739575,1,0,0,0
1435,R_5qlg72uEVFc3EbO,Old Control,vapefriend_aby,3,4,3,1,Female,Yes,15,0,0,0,0,1,0,1,video1_cred_aby,cred_aby,1,1,-0.935575072,1,0,0,0
1436,R_5qlg72uEVFc3EbO,Old Control,vapefriend_anna,3,4,4,1,Female,Yes,15,0,0,0,0,1,0,1,video2_cred_anna,cred_anna,5,2,-0.76291706,1,0,0,0
1437,R_5qlg72uEVFc3EbO,Old Control,vapefriend_cham,3,4,2,1,Female,Yes,15,0,0,0,0,1,0,1,video3_cred_cham,cred_cham,20,3,-0.115449513,1,0,0,1
1438,R_5qlg72uEVFc3EbO,Old Control,vapefriend_fab,3,4,4,1,Female,Yes,15,0,0,0,0,1,0,1,video4_cred_fab,cred_fab,50,4,1.179485582,1,0,0,1
1439,R_5qlg72uEVFc3EbO,Old Control,vapefriend_mae,3,4,4,1,Female,Yes,15,0,0,0,0,1,0,1,video5_cred_mae,cred_mae,5,5,-0.76291706,1,0,0,0
1440,R_5qlg72uEVFc3EbO,Old Control,vapefriend_zanx,4,4,4,0,Female,Yes,15,0,0,0,0,1,0,1,video6_cred_zanx,cred_zanx,10,6,-0.547094544,1,0,0,0
1441,R_5rJ3tm4jDxlTGh0,Old Treat,vapefriend_aby,4,4,4,0,Female,No,15,0,1,0,0,0,0,0,video1_cred_aby,cred_aby,4,1,-0.806081563,1,0,0,0
1442,R_5rJ3tm4jDxlTGh0,Old Treat,vapefriend_anna,4,4,4,0,Female,No,15,0,1,0,0,0,0,0,video2_cred_anna,cred_anna,4,2,-0.806081563,1,0,0,0
1443,R_5rJ3tm4jDxlTGh0,Old Treat,vapefriend_cham,4,4,4,0,Female,No,15,0,1,0,0,0,0,0,video3_cred_cham,cred_cham,5,3,-0.76291706,1,0,0,0
1444,R_5rJ3tm4jDxlTGh0,Old Treat,vapefriend_fab,4,4,4,0,Female,No,15,0,1,0,0,0,0,0,video4_cred_fab,cred_fab,2,4,-0.892410569,1,0,0,0
1445,R_5rJ3tm4jDxlTGh0,Old Treat,vapefriend_mae,4,4,4,0,Female,No,15,0,1,0,0,0,0,0,video5_cred_mae,cred_mae,4,5,-0.806081563,1,0,0,0
1446,R_5rJ3tm4jDxlTGh0,Old Treat,vapefriend_zanx,4,4,4,0,Female,No,15,0,1,0,0,0,0,0,video6_cred_zanx,cred_zanx,1,6,-0.935575072,1,0,0,0
1447,R_5rNIcZXLrt0YPx7,Young Treat,vapefriend_aby,4,4,4,0,Female,No,17,1,0,0,0,0,0,0,video1_cred_aby,cred_aby,0,1,-0.978739575,1,1,1,0
1448,R_5rNIcZXLrt0YPx7,Young Treat,vapefriend_anna,4,4,4,0,Female,No,17,1,0,0,0,0,0,0,video2_cred_anna,cred_anna,6,2,-0.719752556,1,1,1,0
1449,R_5rNIcZXLrt0YPx7,Young Treat,vapefriend_cham,4,4,4,0,Female,No,17,1,0,0,0,0,0,0,video3_cred_cham,cred_cham,4,3,-0.806081563,1,1,1,0
1450,R_5rNIcZXLrt0YPx7,Young Treat,vapefriend_fab,4,4,4,0,Female,No,17,1,0,0,0,0,0,0,video4_cred_fab,cred_fab,13,4,-0.417601034,1,1,1,0
1451,R_5rNIcZXLrt0YPx7,Young Treat,vapefriend_mae,4,4,4,0,Female,No,17,1,0,0,0,0,0,0,video5_cred_mae,cred_mae,20,5,-0.115449513,1,1,1,1
1452,R_5rNIcZXLrt0YPx7,Young Treat,vapefriend_zanx,4,4,4,0,Female,No,17,1,0,0,0,0,0,0,video6_cred_zanx,cred_zanx,14,6,-0.374436531,1,1,1,1
1453,R_5rkbVgb0cEHSOAv,Old Treat,vapefriend_aby,4,4,4,0,Male,Yes,15,0,0,0,1,1,0,1,video1_cred_aby,cred_aby,NA,1,NA,2,0,0,NA
1454,R_5rkbVgb0cEHSOAv,Old Treat,vapefriend_anna,4,4,4,0,Male,Yes,15,0,0,0,1,1,0,1,video2_cred_anna,cred_anna,11.5,2,-0.482347789,2,0,0,0
1455,R_5rkbVgb0cEHSOAv,Old Treat,vapefriend_cham,4,4,4,0,Male,Yes,15,0,0,0,1,1,0,1,video3_cred_cham,cred_cham,17,3,-0.244943022,2,0,0,1
1456,R_5rkbVgb0cEHSOAv,Old Treat,vapefriend_fab,4,4,4,0,Male,Yes,15,0,0,0,1,1,0,1,video4_cred_fab,cred_fab,9,4,-0.590259047,2,0,0,0
1457,R_5rkbVgb0cEHSOAv,Old Treat,vapefriend_mae,3,4,4,1,Male,Yes,15,0,0,0,1,1,0,1,video5_cred_mae,cred_mae,17,5,-0.244943022,2,0,0,1
1458,R_5rkbVgb0cEHSOAv,Old Treat,vapefriend_zanx,4,4,4,0,Male,Yes,15,0,0,0,1,1,0,1,video6_cred_zanx,cred_zanx,NA,6,NA,2,0,0,NA
1459,R_5sLYH6kSMMAMPJv,Young Control,vapefriend_aby,4,4,4,0,Male,No,16,1,0,0,0,0,1,1,video1_cred_aby,cred_aby,30,1,0.316195519,2,0,0,1
1460,R_5sLYH6kSMMAMPJv,Young Control,vapefriend_anna,3,3,4,1,Male,No,16,1,0,0,0,0,1,1,video2_cred_anna,cred_anna,20,2,-0.115449513,2,0,0,1
1461,R_5sLYH6kSMMAMPJv,Young Control,vapefriend_cham,3,3,4,1,Male,No,16,1,0,0,0,0,1,1,video3_cred_cham,cred_cham,40,3,0.74784055,2,0,0,1
1462,R_5sLYH6kSMMAMPJv,Young Control,vapefriend_fab,3,3,4,1,Male,No,16,1,0,0,0,0,1,1,video4_cred_fab,cred_fab,13,4,-0.417601034,2,0,0,0
1463,R_5sLYH6kSMMAMPJv,Young Control,vapefriend_mae,3,3,4,1,Male,No,16,1,0,0,0,0,1,1,video5_cred_mae,cred_mae,10,5,-0.547094544,2,0,0,0
1464,R_5sLYH6kSMMAMPJv,Young Control,vapefriend_zanx,3,3,4,1,Male,No,16,1,0,0,0,0,1,1,video6_cred_zanx,cred_zanx,20,6,-0.115449513,2,0,0,1
1465,R_5t2PN1qJ4dCR7Zn,Old Treat,vapefriend_aby,4,4,4,0,Female,Yes,16,0,0,0,0,0,0,1,video1_cred_aby,cred_aby,0,1,-0.978739575,1,0,0,0
1466,R_5t2PN1qJ4dCR7Zn,Old Treat,vapefriend_anna,4,4,4,0,Female,Yes,16,0,0,0,0,0,0,1,video2_cred_anna,cred_anna,0,2,-0.978739575,1,0,0,0
1467,R_5t2PN1qJ4dCR7Zn,Old Treat,vapefriend_cham,4,4,4,0,Female,Yes,16,0,0,0,0,0,0,1,video3_cred_cham,cred_cham,0,3,-0.978739575,1,0,0,0
1468,R_5t2PN1qJ4dCR7Zn,Old Treat,vapefriend_fab,4,4,4,0,Female,Yes,16,0,0,0,0,0,0,1,video4_cred_fab,cred_fab,0,4,-0.978739575,1,0,0,0
1469,R_5t2PN1qJ4dCR7Zn,Old Treat,vapefriend_mae,4,4,4,0,Female,Yes,16,0,0,0,0,0,0,1,video5_cred_mae,cred_mae,0,5,-0.978739575,1,0,0,0
1470,R_5t2PN1qJ4dCR7Zn,Old Treat,vapefriend_zanx,4,4,4,0,Female,Yes,16,0,0,0,0,0,0,1,video6_cred_zanx,cred_zanx,0,6,-0.978739575,1,0,0,0
1471,R_5uvNg9D2CEkiGIh,Old Control,vapefriend_aby,2,3,2,1,Female,No,17,0,0,1,0,0,0,1,video1_cred_aby,cred_aby,0,1,-0.978739575,1,0,0,0
1472,R_5uvNg9D2CEkiGIh,Old Control,vapefriend_anna,2,3,2,1,Female,No,17,0,0,1,0,0,0,1,video2_cred_anna,cred_anna,24,2,0.0572085,1,0,0,1
1473,R_5uvNg9D2CEkiGIh,Old Control,vapefriend_cham,2,3,2,1,Female,No,17,0,0,1,0,0,0,1,video3_cred_cham,cred_cham,14,3,-0.374436531,1,0,0,1
1474,R_5uvNg9D2CEkiGIh,Old Control,vapefriend_fab,2,3,2,1,Female,No,17,0,0,1,0,0,0,1,video4_cred_fab,cred_fab,47,4,1.049992072,1,0,0,1
1475,R_5uvNg9D2CEkiGIh,Old Control,vapefriend_mae,2,3,2,1,Female,No,17,0,0,1,0,0,0,1,video5_cred_mae,cred_mae,3,5,-0.849246066,1,0,0,0
1476,R_5uvNg9D2CEkiGIh,Old Control,vapefriend_zanx,2,3,2,1,Female,No,17,0,0,1,0,0,0,1,video6_cred_zanx,cred_zanx,0,6,-0.978739575,1,0,0,0
1477,R_5xRelK21FGuU4zi,Old Treat,vapefriend_aby,2,2,2,1,Male,Yes,16,1,0,0,0,0,1,1,video1_cred_aby,cred_aby,42,1,0.834169557,1,1,1,1
1478,R_5xRelK21FGuU4zi,Old Treat,vapefriend_anna,2,2,3,1,Male,Yes,16,1,0,0,0,0,1,1,video2_cred_anna,cred_anna,45,2,0.963663066,1,1,1,1
1479,R_5xRelK21FGuU4zi,Old Treat,vapefriend_cham,2,2,2,1,Male,Yes,16,1,0,0,0,0,1,1,video3_cred_cham,cred_cham,45,3,0.963663066,1,1,1,1
1480,R_5xRelK21FGuU4zi,Old Treat,vapefriend_fab,2,2,2,1,Male,Yes,16,1,0,0,0,0,1,1,video4_cred_fab,cred_fab,38,4,0.661511544,1,1,1,1
1481,R_5xRelK21FGuU4zi,Old Treat,vapefriend_mae,2,2,2,1,Male,Yes,16,1,0,0,0,0,1,1,video5_cred_mae,cred_mae,42,5,0.834169557,1,1,1,1
1482,R_5xRelK21FGuU4zi,Old Treat,vapefriend_zanx,2,3,2,1,Male,Yes,16,1,0,0,0,0,1,1,video6_cred_zanx,cred_zanx,53,6,1.308979091,1,1,1,1
1483,R_5xYpiVqKi091GWk,Young Control,vapefriend_aby,3,3,2,1,Female,No,16,0,1,0,0,0,1,1,video1_cred_aby,cred_aby,50,1,1.179485582,1,0,0,1
1484,R_5xYpiVqKi091GWk,Young Control,vapefriend_anna,3,3,3,1,Female,No,16,0,1,0,0,0,1,1,video2_cred_anna,cred_anna,50,2,1.179485582,1,0,0,1
1485,R_5xYpiVqKi091GWk,Young Control,vapefriend_cham,3,3,4,1,Female,No,16,0,1,0,0,0,1,1,video3_cred_cham,cred_cham,30,3,0.316195519,1,0,0,1
1486,R_5xYpiVqKi091GWk,Young Control,vapefriend_fab,3,3,3,1,Female,No,16,0,1,0,0,0,1,1,video4_cred_fab,cred_fab,10,4,-0.547094544,1,0,0,0
1487,R_5xYpiVqKi091GWk,Young Control,vapefriend_mae,3,3,3,1,Female,No,16,0,1,0,0,0,1,1,video5_cred_mae,cred_mae,60,5,1.611130613,1,0,0,1
1488,R_5xYpiVqKi091GWk,Young Control,vapefriend_zanx,4,4,4,0,Female,No,16,0,1,0,0,0,1,1,video6_cred_zanx,cred_zanx,11,6,-0.503930041,1,0,0,0
1489,R_61n5Q78iBGLzXmA,Old Control,vapefriend_aby,4,4,4,0,Female,Yes,17,0,1,0,0,0,1,1,video1_cred_aby,cred_aby,35,1,0.532018035,1,0,0,1
1490,R_61n5Q78iBGLzXmA,Old Control,vapefriend_anna,4,4,4,0,Female,Yes,17,0,1,0,0,0,1,1,video2_cred_anna,cred_anna,26,2,0.143537506,1,0,0,1
1491,R_61n5Q78iBGLzXmA,Old Control,vapefriend_cham,4,4,4,0,Female,Yes,17,0,1,0,0,0,1,1,video3_cred_cham,cred_cham,44,3,0.920498563,1,0,0,1
1492,R_61n5Q78iBGLzXmA,Old Control,vapefriend_fab,4,4,4,0,Female,Yes,17,0,1,0,0,0,1,1,video4_cred_fab,cred_fab,33,4,0.445689028,1,0,0,1
1493,R_61n5Q78iBGLzXmA,Old Control,vapefriend_mae,4,4,4,0,Female,Yes,17,0,1,0,0,0,1,1,video5_cred_mae,cred_mae,22,5,-0.029120506,1,0,0,1
1494,R_61n5Q78iBGLzXmA,Old Control,vapefriend_zanx,4,4,4,0,Female,Yes,17,0,1,0,0,0,1,1,video6_cred_zanx,cred_zanx,16,6,-0.288107525,1,0,0,1
1495,R_62798iphSgF6eFb,Old Treat,vapefriend_aby,2,2,1,1,Male,No,17,1,0,0,0,0,0,1,video1_cred_aby,cred_aby,81,1,2.517585179,1,0,0,1
1496,R_62798iphSgF6eFb,Old Treat,vapefriend_anna,2,2,2,1,Male,No,17,1,0,0,0,0,0,1,video2_cred_anna,cred_anna,67,2,1.913282135,1,0,0,1
1497,R_62798iphSgF6eFb,Old Treat,vapefriend_cham,2,2,2,1,Male,No,17,1,0,0,0,0,0,1,video3_cred_cham,cred_cham,80,3,2.474420676,1,0,0,1
1498,R_62798iphSgF6eFb,Old Treat,vapefriend_fab,2,1,2,1,Male,No,17,1,0,0,0,0,0,1,video4_cred_fab,cred_fab,75,4,2.25859816,1,0,0,1
1499,R_62798iphSgF6eFb,Old Treat,vapefriend_mae,3,2,3,1,Male,No,17,1,0,0,0,0,0,1,video5_cred_mae,cred_mae,79,5,2.431256173,1,0,0,1
1500,R_62798iphSgF6eFb,Old Treat,vapefriend_zanx,1,1,3,1,Male,No,17,1,0,0,0,0,0,1,video6_cred_zanx,cred_zanx,73,6,2.172269154,1,0,0,1
1501,R_62LuMrKeuofdQUT,Young Treat,vapefriend_aby,4,4,4,0,Female,Yes,16,0,0,1,1,0,1,1,video1_cred_aby,cred_aby,20,1,-0.115449513,1,0,0,1
1502,R_62LuMrKeuofdQUT,Young Treat,vapefriend_anna,4,4,4,0,Female,Yes,16,0,0,1,1,0,1,1,video2_cred_anna,cred_anna,7,2,-0.676588053,1,0,0,0
1503,R_62LuMrKeuofdQUT,Young Treat,vapefriend_cham,3,4,3,1,Female,Yes,16,0,0,1,1,0,1,1,video3_cred_cham,cred_cham,33,3,0.445689028,1,0,0,1
1504,R_62LuMrKeuofdQUT,Young Treat,vapefriend_fab,4,4,4,0,Female,Yes,16,0,0,1,1,0,1,1,video4_cred_fab,cred_fab,7,4,-0.676588053,1,0,0,0
1505,R_62LuMrKeuofdQUT,Young Treat,vapefriend_mae,4,4,4,0,Female,Yes,16,0,0,1,1,0,1,1,video5_cred_mae,cred_mae,11,5,-0.503930041,1,0,0,0
1506,R_62LuMrKeuofdQUT,Young Treat,vapefriend_zanx,4,4,3,1,Female,Yes,16,0,0,1,1,0,1,1,video6_cred_zanx,cred_zanx,17,6,-0.244943022,1,0,0,1
1507,R_62MfLXxTN0P8K71,Young Treat,vapefriend_aby,4,4,4,0,Female,No,16,1,0,0,0,0,0,1,video1_cred_aby,cred_aby,53,1,1.308979091,3,0,0,1
1508,R_62MfLXxTN0P8K71,Young Treat,vapefriend_anna,4,4,4,0,Female,No,16,1,0,0,0,0,0,1,video2_cred_anna,cred_anna,41,2,0.791005053,3,0,0,1
1509,R_62MfLXxTN0P8K71,Young Treat,vapefriend_cham,4,4,4,0,Female,No,16,1,0,0,0,0,0,1,video3_cred_cham,cred_cham,61,3,1.654295116,3,0,0,1
1510,R_62MfLXxTN0P8K71,Young Treat,vapefriend_fab,4,4,3,1,Female,No,16,1,0,0,0,0,0,1,video4_cred_fab,cred_fab,33,4,0.445689028,3,0,0,1
1511,R_62MfLXxTN0P8K71,Young Treat,vapefriend_mae,4,4,4,0,Female,No,16,1,0,0,0,0,0,1,video5_cred_mae,cred_mae,40,5,0.74784055,3,0,0,1
1512,R_62MfLXxTN0P8K71,Young Treat,vapefriend_zanx,4,4,4,0,Female,No,16,1,0,0,0,0,0,1,video6_cred_zanx,cred_zanx,41,6,0.791005053,3,0,0,1
1513,R_62Rw1MkOmG9mu5Y,Young Treat,vapefriend_aby,4,4,4,0,Female,Yes,15,1,0,0,0,1,1,1,video1_cred_aby,cred_aby,19,1,-0.158614016,2,0,0,1
1514,R_62Rw1MkOmG9mu5Y,Young Treat,vapefriend_anna,4,4,4,0,Female,Yes,15,1,0,0,0,1,1,1,video2_cred_anna,cred_anna,13,2,-0.417601034,2,0,0,0
1515,R_62Rw1MkOmG9mu5Y,Young Treat,vapefriend_cham,4,4,4,0,Female,Yes,15,1,0,0,0,1,1,1,video3_cred_cham,cred_cham,15,3,-0.331272028,2,0,0,1
1516,R_62Rw1MkOmG9mu5Y,Young Treat,vapefriend_fab,4,4,4,0,Female,Yes,15,1,0,0,0,1,1,1,video4_cred_fab,cred_fab,25,4,0.100373003,2,0,0,1
1517,R_62Rw1MkOmG9mu5Y,Young Treat,vapefriend_mae,4,4,4,0,Female,Yes,15,1,0,0,0,1,1,1,video5_cred_mae,cred_mae,22,5,-0.029120506,2,0,0,1
1518,R_62Rw1MkOmG9mu5Y,Young Treat,vapefriend_zanx,3,3,3,1,Female,Yes,15,1,0,0,0,1,1,1,video6_cred_zanx,cred_zanx,40,6,0.74784055,2,0,0,1
1519,R_62aL7c0H0mR0xFB,Old Treat,vapefriend_aby,3,4,4,1,Female,Yes,15,0,0,0,0,0,0,1,video1_cred_aby,cred_aby,55,1,1.395308097,1,0,0,1
1520,R_62aL7c0H0mR0xFB,Old Treat,vapefriend_anna,3,4,4,1,Female,Yes,15,0,0,0,0,0,0,1,video2_cred_anna,cred_anna,NA,2,NA,1,0,0,NA
1521,R_62aL7c0H0mR0xFB,Old Treat,vapefriend_cham,3,4,4,1,Female,Yes,15,0,0,0,0,0,0,1,video3_cred_cham,cred_cham,NA,3,NA,1,0,0,NA
1522,R_62aL7c0H0mR0xFB,Old Treat,vapefriend_fab,3,4,4,1,Female,Yes,15,0,0,0,0,0,0,1,video4_cred_fab,cred_fab,NA,4,NA,1,0,0,NA
1523,R_62aL7c0H0mR0xFB,Old Treat,vapefriend_mae,3,4,4,1,Female,Yes,15,0,0,0,0,0,0,1,video5_cred_mae,cred_mae,NA,5,NA,1,0,0,NA
1524,R_62aL7c0H0mR0xFB,Old Treat,vapefriend_zanx,3,4,4,1,Female,Yes,15,0,0,0,0,0,0,1,video6_cred_zanx,cred_zanx,NA,6,NA,1,0,0,NA
1525,R_647QxrUJw8hkzVa,Old Treat,vapefriend_aby,3,3,4,1,Female,Yes,15,1,0,0,0,0,0,1,video1_cred_aby,cred_aby,50,1,1.179485582,1,0,0,1
1526,R_647QxrUJw8hkzVa,Old Treat,vapefriend_anna,4,3,3,1,Female,Yes,15,1,0,0,0,0,0,1,video2_cred_anna,cred_anna,25,2,0.100373003,1,0,0,1
1527,R_647QxrUJw8hkzVa,Old Treat,vapefriend_cham,3,3,3,1,Female,Yes,15,1,0,0,0,0,0,1,video3_cred_cham,cred_cham,46,3,1.006827569,1,0,0,1
1528,R_647QxrUJw8hkzVa,Old Treat,vapefriend_fab,3,3,3,1,Female,Yes,15,1,0,0,0,0,0,1,video4_cred_fab,cred_fab,29,4,0.273031016,1,0,0,1
1529,R_647QxrUJw8hkzVa,Old Treat,vapefriend_mae,3,3,3,1,Female,Yes,15,1,0,0,0,0,0,1,video5_cred_mae,cred_mae,37,5,0.618347041,1,0,0,1
1530,R_647QxrUJw8hkzVa,Old Treat,vapefriend_zanx,3,3,3,1,Female,Yes,15,1,0,0,0,0,0,1,video6_cred_zanx,cred_zanx,40,6,0.74784055,1,0,0,1
1531,R_65zP8sz0rhlHqrB,Young Control,vapefriend_aby,2,3,4,1,Male,No,17,0,1,0,0,0,1,1,video1_cred_aby,cred_aby,12,1,-0.460765538,1,0,0,0
1532,R_65zP8sz0rhlHqrB,Young Control,vapefriend_anna,3,3,3,1,Male,No,17,0,1,0,0,0,1,1,video2_cred_anna,cred_anna,6,2,-0.719752556,1,0,0,0
1533,R_65zP8sz0rhlHqrB,Young Control,vapefriend_cham,3,3,3,1,Male,No,17,0,1,0,0,0,1,1,video3_cred_cham,cred_cham,7,3,-0.676588053,1,0,0,0
1534,R_65zP8sz0rhlHqrB,Young Control,vapefriend_fab,3,3,3,1,Male,No,17,0,1,0,0,0,1,1,video4_cred_fab,cred_fab,6,4,-0.719752556,1,0,0,0
1535,R_65zP8sz0rhlHqrB,Young Control,vapefriend_mae,2,3,3,1,Male,No,17,0,1,0,0,0,1,1,video5_cred_mae,cred_mae,10,5,-0.547094544,1,0,0,0
1536,R_65zP8sz0rhlHqrB,Young Control,vapefriend_zanx,3,3,3,1,Male,No,17,0,1,0,0,0,1,1,video6_cred_zanx,cred_zanx,9,6,-0.590259047,1,0,0,0
1537,R_68NIH9tinfozGJj,Young Control,vapefriend_aby,3,3,3,1,Female,No,14,1,0,0,0,0,0,1,video1_cred_aby,cred_aby,15,1,-0.331272028,1,0,0,1
1538,R_68NIH9tinfozGJj,Young Control,vapefriend_anna,3,3,3,1,Female,No,14,1,0,0,0,0,0,1,video2_cred_anna,cred_anna,15,2,-0.331272028,1,0,0,1
1539,R_68NIH9tinfozGJj,Young Control,vapefriend_cham,2,3,3,1,Female,No,14,1,0,0,0,0,0,1,video3_cred_cham,cred_cham,8,3,-0.63342355,1,0,0,0
1540,R_68NIH9tinfozGJj,Young Control,vapefriend_fab,3,4,3,1,Female,No,14,1,0,0,0,0,0,1,video4_cred_fab,cred_fab,11,4,-0.503930041,1,0,0,0
1541,R_68NIH9tinfozGJj,Young Control,vapefriend_mae,2,3,2,1,Female,No,14,1,0,0,0,0,0,1,video5_cred_mae,cred_mae,19,5,-0.158614016,1,0,0,1
1542,R_68NIH9tinfozGJj,Young Control,vapefriend_zanx,3,4,2,1,Female,No,14,1,0,0,0,0,0,1,video6_cred_zanx,cred_zanx,16,6,-0.288107525,1,0,0,1
1543,R_69z1ajCIuTdy4xz,Old Control,vapefriend_aby,4,4,4,0,Female,No,15,0,0,1,0,0,0,0,video1_cred_aby,cred_aby,NA,1,NA,1,0,0,NA
1544,R_69z1ajCIuTdy4xz,Old Control,vapefriend_anna,4,4,4,0,Female,No,15,0,0,1,0,0,0,0,video2_cred_anna,cred_anna,38,2,0.661511544,1,0,0,1
1545,R_69z1ajCIuTdy4xz,Old Control,vapefriend_cham,4,4,4,0,Female,No,15,0,0,1,0,0,0,0,video3_cred_cham,cred_cham,0,3,-0.978739575,1,0,0,0
1546,R_69z1ajCIuTdy4xz,Old Control,vapefriend_fab,4,4,4,0,Female,No,15,0,0,1,0,0,0,0,video4_cred_fab,cred_fab,18,4,-0.201778519,1,0,0,1
1547,R_69z1ajCIuTdy4xz,Old Control,vapefriend_mae,4,4,4,0,Female,No,15,0,0,1,0,0,0,0,video5_cred_mae,cred_mae,20,5,-0.115449513,1,0,0,1
1548,R_69z1ajCIuTdy4xz,Old Control,vapefriend_zanx,4,4,4,0,Female,No,15,0,0,1,0,0,0,0,video6_cred_zanx,cred_zanx,24,6,0.0572085,1,0,0,1
1549,R_6CCTLqHbRjUoEAL,Young Treat,vapefriend_aby,4,4,4,0,Female,Yes,15,1,0,0,0,1,1,0,video1_cred_aby,cred_aby,68,1,1.956446638,1,0,0,1
1550,R_6CCTLqHbRjUoEAL,Young Treat,vapefriend_anna,4,4,4,0,Female,Yes,15,1,0,0,0,1,1,0,video2_cred_anna,cred_anna,26,2,0.143537506,1,0,0,1
1551,R_6CCTLqHbRjUoEAL,Young Treat,vapefriend_cham,4,4,4,0,Female,Yes,15,1,0,0,0,1,1,0,video3_cred_cham,cred_cham,38,3,0.661511544,1,0,0,1
1552,R_6CCTLqHbRjUoEAL,Young Treat,vapefriend_fab,4,4,4,0,Female,Yes,15,1,0,0,0,1,1,0,video4_cred_fab,cred_fab,34,4,0.488853531,1,0,0,1
1553,R_6CCTLqHbRjUoEAL,Young Treat,vapefriend_mae,4,4,4,0,Female,Yes,15,1,0,0,0,1,1,0,video5_cred_mae,cred_mae,37,5,0.618347041,1,0,0,1
1554,R_6CCTLqHbRjUoEAL,Young Treat,vapefriend_zanx,4,4,4,0,Female,Yes,15,1,0,0,0,1,1,0,video6_cred_zanx,cred_zanx,38,6,0.661511544,1,0,0,1
1555,R_6CIZPSNyU3WNRtt,Young Treat,vapefriend_aby,4,4,4,0,Female,Yes,17,0,0,0,1,0,0,1,video1_cred_aby,cred_aby,0,1,-0.978739575,2,0,0,0
1556,R_6CIZPSNyU3WNRtt,Young Treat,vapefriend_anna,4,4,4,0,Female,Yes,17,0,0,0,1,0,0,1,video2_cred_anna,cred_anna,20,2,-0.115449513,2,0,0,1
1557,R_6CIZPSNyU3WNRtt,Young Treat,vapefriend_cham,4,4,4,0,Female,Yes,17,0,0,0,1,0,0,1,video3_cred_cham,cred_cham,0,3,-0.978739575,2,0,0,0
1558,R_6CIZPSNyU3WNRtt,Young Treat,vapefriend_fab,4,4,4,0,Female,Yes,17,0,0,0,1,0,0,1,video4_cred_fab,cred_fab,0,4,-0.978739575,2,0,0,0
1559,R_6CIZPSNyU3WNRtt,Young Treat,vapefriend_mae,4,4,4,0,Female,Yes,17,0,0,0,1,0,0,1,video5_cred_mae,cred_mae,0,5,-0.978739575,2,0,0,0
1560,R_6CIZPSNyU3WNRtt,Young Treat,vapefriend_zanx,4,4,4,0,Female,Yes,17,0,0,0,1,0,0,1,video6_cred_zanx,cred_zanx,0,6,-0.978739575,2,0,0,0
1561,R_6CUVD5weuQxwVMj,Young Treat,vapefriend_aby,4,4,4,0,Female,No,14,1,0,0,0,1,0,0,video1_cred_aby,cred_aby,0,1,-0.978739575,3,0,0,0
1562,R_6CUVD5weuQxwVMj,Young Treat,vapefriend_anna,4,4,4,0,Female,No,14,1,0,0,0,1,0,0,video2_cred_anna,cred_anna,0,2,-0.978739575,3,0,0,0
1563,R_6CUVD5weuQxwVMj,Young Treat,vapefriend_cham,4,4,4,0,Female,No,14,1,0,0,0,1,0,0,video3_cred_cham,cred_cham,0,3,-0.978739575,3,0,0,0
1564,R_6CUVD5weuQxwVMj,Young Treat,vapefriend_fab,4,4,4,0,Female,No,14,1,0,0,0,1,0,0,video4_cred_fab,cred_fab,0,4,-0.978739575,3,0,0,0
1565,R_6CUVD5weuQxwVMj,Young Treat,vapefriend_mae,4,4,4,0,Female,No,14,1,0,0,0,1,0,0,video5_cred_mae,cred_mae,0,5,-0.978739575,3,0,0,0
1566,R_6CUVD5weuQxwVMj,Young Treat,vapefriend_zanx,4,4,4,0,Female,No,14,1,0,0,0,1,0,0,video6_cred_zanx,cred_zanx,0,6,-0.978739575,3,0,0,0
1567,R_6Cjrwo2Y6KLsJqh,Old Treat,vapefriend_aby,4,4,4,0,Female,Yes,15,0,0,0,1,0,0,0,video1_cred_aby,cred_aby,7,1,-0.676588053,1,0,0,0
1568,R_6Cjrwo2Y6KLsJqh,Old Treat,vapefriend_anna,4,4,4,0,Female,Yes,15,0,0,0,1,0,0,0,video2_cred_anna,cred_anna,36,2,0.575182538,1,0,0,1
1569,R_6Cjrwo2Y6KLsJqh,Old Treat,vapefriend_cham,4,4,4,0,Female,Yes,15,0,0,0,1,0,0,0,video3_cred_cham,cred_cham,10,3,-0.547094544,1,0,0,0
1570,R_6Cjrwo2Y6KLsJqh,Old Treat,vapefriend_fab,4,4,4,0,Female,Yes,15,0,0,0,1,0,0,0,video4_cred_fab,cred_fab,20,4,-0.115449513,1,0,0,1
1571,R_6Cjrwo2Y6KLsJqh,Old Treat,vapefriend_mae,4,4,4,0,Female,Yes,15,0,0,0,1,0,0,0,video5_cred_mae,cred_mae,8,5,-0.63342355,1,0,0,0
1572,R_6Cjrwo2Y6KLsJqh,Old Treat,vapefriend_zanx,4,4,4,0,Female,Yes,15,0,0,0,1,0,0,0,video6_cred_zanx,cred_zanx,8,6,-0.63342355,1,0,0,0
1573,R_6CrnPhrIVqTqVZz,Young Control,vapefriend_aby,3,3,4,1,Female,Yes,16,1,0,0,0,0,0,1,video1_cred_aby,cred_aby,14,1,-0.374436531,1,0,0,1
1574,R_6CrnPhrIVqTqVZz,Young Control,vapefriend_anna,3,3,4,1,Female,Yes,16,1,0,0,0,0,0,1,video2_cred_anna,cred_anna,23,2,0.014043997,1,0,0,1
1575,R_6CrnPhrIVqTqVZz,Young Control,vapefriend_cham,4,4,4,0,Female,Yes,16,1,0,0,0,0,0,1,video3_cred_cham,cred_cham,16,3,-0.288107525,1,0,0,1
1576,R_6CrnPhrIVqTqVZz,Young Control,vapefriend_fab,4,4,4,0,Female,Yes,16,1,0,0,0,0,0,1,video4_cred_fab,cred_fab,16,4,-0.288107525,1,0,0,1
1577,R_6CrnPhrIVqTqVZz,Young Control,vapefriend_mae,3,3,3,1,Female,Yes,16,1,0,0,0,0,0,1,video5_cred_mae,cred_mae,13,5,-0.417601034,1,0,0,0
1578,R_6CrnPhrIVqTqVZz,Young Control,vapefriend_zanx,4,4,4,0,Female,Yes,16,1,0,0,0,0,0,1,video6_cred_zanx,cred_zanx,19,6,-0.158614016,1,0,0,1
1579,R_6CvTjQ1kmWp2Clz,Old Control,vapefriend_aby,4,4,4,0,Female,No,14,0,1,1,0,1,0,0,video1_cred_aby,cred_aby,21,1,-0.072285009,1,0,0,1
1580,R_6CvTjQ1kmWp2Clz,Old Control,vapefriend_anna,4,4,4,0,Female,No,14,0,1,1,0,1,0,0,video2_cred_anna,cred_anna,36,2,0.575182538,1,0,0,1
1581,R_6CvTjQ1kmWp2Clz,Old Control,vapefriend_cham,4,4,3,1,Female,No,14,0,1,1,0,1,0,0,video3_cred_cham,cred_cham,62,3,1.697459619,1,0,0,1
1582,R_6CvTjQ1kmWp2Clz,Old Control,vapefriend_fab,4,4,4,0,Female,No,14,0,1,1,0,1,0,0,video4_cred_fab,cred_fab,44,4,0.920498563,1,0,0,1
1583,R_6CvTjQ1kmWp2Clz,Old Control,vapefriend_mae,4,4,4,0,Female,No,14,0,1,1,0,1,0,0,video5_cred_mae,cred_mae,40,5,0.74784055,1,0,0,1
1584,R_6CvTjQ1kmWp2Clz,Old Control,vapefriend_zanx,4,4,4,0,Female,No,14,0,1,1,0,1,0,0,video6_cred_zanx,cred_zanx,21,6,-0.072285009,1,0,0,1
1585,R_6GP0y4O2LoXS9et,Young Control,vapefriend_aby,4,4,4,0,Female,No,14,0,0,0,1,0,0,0,video1_cred_aby,cred_aby,20,1,-0.115449513,3,0,0,1
1586,R_6GP0y4O2LoXS9et,Young Control,vapefriend_anna,4,4,4,0,Female,No,14,0,0,0,1,0,0,0,video2_cred_anna,cred_anna,20,2,-0.115449513,3,0,0,1
1587,R_6GP0y4O2LoXS9et,Young Control,vapefriend_cham,4,4,4,0,Female,No,14,0,0,0,1,0,0,0,video3_cred_cham,cred_cham,10,3,-0.547094544,3,0,0,0
1588,R_6GP0y4O2LoXS9et,Young Control,vapefriend_fab,4,4,4,0,Female,No,14,0,0,0,1,0,0,0,video4_cred_fab,cred_fab,20,4,-0.115449513,3,0,0,1
1589,R_6GP0y4O2LoXS9et,Young Control,vapefriend_mae,4,4,4,0,Female,No,14,0,0,0,1,0,0,0,video5_cred_mae,cred_mae,10,5,-0.547094544,3,0,0,0
1590,R_6GP0y4O2LoXS9et,Young Control,vapefriend_zanx,4,4,4,0,Female,No,14,0,0,0,1,0,0,0,video6_cred_zanx,cred_zanx,10,6,-0.547094544,3,0,0,0
1591,R_6H737vNXffMbOYV,Old Treat,vapefriend_aby,4,4,4,0,Male,Yes,16,0,0,0,0,0,0,1,video1_cred_aby,cred_aby,4,1,-0.806081563,1,0,0,0
1592,R_6H737vNXffMbOYV,Old Treat,vapefriend_anna,3,4,4,1,Male,Yes,16,0,0,0,0,0,0,1,video2_cred_anna,cred_anna,3,2,-0.849246066,1,0,0,0
1593,R_6H737vNXffMbOYV,Old Treat,vapefriend_cham,4,4,4,0,Male,Yes,16,0,0,0,0,0,0,1,video3_cred_cham,cred_cham,5,3,-0.76291706,1,0,0,0
1594,R_6H737vNXffMbOYV,Old Treat,vapefriend_fab,4,4,4,0,Male,Yes,16,0,0,0,0,0,0,1,video4_cred_fab,cred_fab,2,4,-0.892410569,1,0,0,0
1595,R_6H737vNXffMbOYV,Old Treat,vapefriend_mae,3,3,4,1,Male,Yes,16,0,0,0,0,0,0,1,video5_cred_mae,cred_mae,3,5,-0.849246066,1,0,0,0
1596,R_6H737vNXffMbOYV,Old Treat,vapefriend_zanx,4,4,4,0,Male,Yes,16,0,0,0,0,0,0,1,video6_cred_zanx,cred_zanx,6,6,-0.719752556,1,0,0,0
1597,R_6HA2Tb6q3iT62RO,Young Control,vapefriend_aby,4,4,3,1,Male,No,16,1,0,0,0,0,0,1,video1_cred_aby,cred_aby,6,1,-0.719752556,1,0,0,0
1598,R_6HA2Tb6q3iT62RO,Young Control,vapefriend_anna,4,4,4,0,Male,No,16,1,0,0,0,0,0,1,video2_cred_anna,cred_anna,3,2,-0.849246066,1,0,0,0
1599,R_6HA2Tb6q3iT62RO,Young Control,vapefriend_cham,4,4,4,0,Male,No,16,1,0,0,0,0,0,1,video3_cred_cham,cred_cham,5,3,-0.76291706,1,0,0,0
1600,R_6HA2Tb6q3iT62RO,Young Control,vapefriend_fab,4,4,3,1,Male,No,16,1,0,0,0,0,0,1,video4_cred_fab,cred_fab,6,4,-0.719752556,1,0,0,0
1601,R_6HA2Tb6q3iT62RO,Young Control,vapefriend_mae,4,4,3,1,Male,No,16,1,0,0,0,0,0,1,video5_cred_mae,cred_mae,6,5,-0.719752556,1,0,0,0
1602,R_6HA2Tb6q3iT62RO,Young Control,vapefriend_zanx,4,4,3,1,Male,No,16,1,0,0,0,0,0,1,video6_cred_zanx,cred_zanx,25,6,0.100373003,1,0,0,1
1603,R_6HT2pmGhXVYf7Fv,Young Treat,vapefriend_aby,4,4,4,0,Female,No,16,0,1,0,0,0,0,1,video1_cred_aby,cred_aby,NA,1,NA,1,0,0,NA
1604,R_6HT2pmGhXVYf7Fv,Young Treat,vapefriend_anna,4,4,4,0,Female,No,16,0,1,0,0,0,0,1,video2_cred_anna,cred_anna,21,2,-0.072285009,1,0,0,1
1605,R_6HT2pmGhXVYf7Fv,Young Treat,vapefriend_cham,4,4,4,0,Female,No,16,0,1,0,0,0,0,1,video3_cred_cham,cred_cham,50,3,1.179485582,1,0,0,1
1606,R_6HT2pmGhXVYf7Fv,Young Treat,vapefriend_fab,4,4,4,0,Female,No,16,0,1,0,0,0,0,1,video4_cred_fab,cred_fab,NA,4,NA,1,0,0,NA
1607,R_6HT2pmGhXVYf7Fv,Young Treat,vapefriend_mae,4,4,4,0,Female,No,16,0,1,0,0,0,0,1,video5_cred_mae,cred_mae,22,5,-0.029120506,1,0,0,1
1608,R_6HT2pmGhXVYf7Fv,Young Treat,vapefriend_zanx,4,4,4,0,Female,No,16,0,1,0,0,0,0,1,video6_cred_zanx,cred_zanx,NA,6,NA,1,0,0,NA
1609,R_6HhMUAkqKUC2PnL,Old Treat,vapefriend_aby,3,4,4,1,Female,Yes,15,1,0,0,0,0,0,1,video1_cred_aby,cred_aby,42,1,0.834169557,3,0,0,1
1610,R_6HhMUAkqKUC2PnL,Old Treat,vapefriend_anna,3,4,4,1,Female,Yes,15,1,0,0,0,0,0,1,video2_cred_anna,cred_anna,37,2,0.618347041,3,0,0,1
1611,R_6HhMUAkqKUC2PnL,Old Treat,vapefriend_cham,3,4,4,1,Female,Yes,15,1,0,0,0,0,0,1,video3_cred_cham,cred_cham,65,3,1.826953129,3,0,0,1
1612,R_6HhMUAkqKUC2PnL,Old Treat,vapefriend_fab,3,4,4,1,Female,Yes,15,1,0,0,0,0,0,1,video4_cred_fab,cred_fab,56,4,1.4384726,3,0,0,1
1613,R_6HhMUAkqKUC2PnL,Old Treat,vapefriend_mae,3,4,4,1,Female,Yes,15,1,0,0,0,0,0,1,video5_cred_mae,cred_mae,53,5,1.308979091,3,0,0,1
1614,R_6HhMUAkqKUC2PnL,Old Treat,vapefriend_zanx,3,4,4,1,Female,Yes,15,1,0,0,0,0,0,1,video6_cred_zanx,cred_zanx,40,6,0.74784055,3,0,0,1
1615,R_6IH3pqNAWwTbcyL,Young Control,vapefriend_aby,4,4,3,1,Female,No,16,0,0,1,0,0,1,1,video1_cred_aby,cred_aby,0,1,-0.978739575,1,0,0,0
1616,R_6IH3pqNAWwTbcyL,Young Control,vapefriend_anna,4,4,3,1,Female,No,16,0,0,1,0,0,1,1,video2_cred_anna,cred_anna,0,2,-0.978739575,1,0,0,0
1617,R_6IH3pqNAWwTbcyL,Young Control,vapefriend_cham,4,4,3,1,Female,No,16,0,0,1,0,0,1,1,video3_cred_cham,cred_cham,0,3,-0.978739575,1,0,0,0
1618,R_6IH3pqNAWwTbcyL,Young Control,vapefriend_fab,4,4,3,1,Female,No,16,0,0,1,0,0,1,1,video4_cred_fab,cred_fab,0,4,-0.978739575,1,0,0,0
1619,R_6IH3pqNAWwTbcyL,Young Control,vapefriend_mae,4,4,3,1,Female,No,16,0,0,1,0,0,1,1,video5_cred_mae,cred_mae,0,5,-0.978739575,1,0,0,0
1620,R_6IH3pqNAWwTbcyL,Young Control,vapefriend_zanx,3,4,4,1,Female,No,16,0,0,1,0,0,1,1,video6_cred_zanx,cred_zanx,0,6,-0.978739575,1,0,0,0
1621,R_6IuDd4NA3xZyAvv,Young Control,vapefriend_aby,4,4,4,0,Female,Yes,17,0,0,0,0,1,0,0,video1_cred_aby,cred_aby,46,1,1.006827569,1,0,0,1
1622,R_6IuDd4NA3xZyAvv,Young Control,vapefriend_anna,4,4,4,0,Female,Yes,17,0,0,0,0,1,0,0,video2_cred_anna,cred_anna,55,2,1.395308097,1,0,0,1
1623,R_6IuDd4NA3xZyAvv,Young Control,vapefriend_cham,4,4,4,0,Female,Yes,17,0,0,0,0,1,0,0,video3_cred_cham,cred_cham,50,3,1.179485582,1,0,0,1
1624,R_6IuDd4NA3xZyAvv,Young Control,vapefriend_fab,4,4,4,0,Female,Yes,17,0,0,0,0,1,0,0,video4_cred_fab,cred_fab,54,4,1.352143594,1,0,0,1
1625,R_6IuDd4NA3xZyAvv,Young Control,vapefriend_mae,4,4,4,0,Female,Yes,17,0,0,0,0,1,0,0,video5_cred_mae,cred_mae,54,5,1.352143594,1,0,0,1
1626,R_6IuDd4NA3xZyAvv,Young Control,vapefriend_zanx,4,4,4,0,Female,Yes,17,0,0,0,0,1,0,0,video6_cred_zanx,cred_zanx,52,6,1.265814588,1,0,0,1
1627,R_6MPNdo5ckqq4mB0,Old Control,vapefriend_aby,4,4,4,0,Male,Yes,17,0,0,0,0,0,0,0,video1_cred_aby,cred_aby,26,1,0.143537506,1,0,0,1
1628,R_6MPNdo5ckqq4mB0,Old Control,vapefriend_anna,4,4,4,0,Male,Yes,17,0,0,0,0,0,0,0,video2_cred_anna,cred_anna,30,2,0.316195519,1,0,0,1
1629,R_6MPNdo5ckqq4mB0,Old Control,vapefriend_cham,4,4,4,0,Male,Yes,17,0,0,0,0,0,0,0,video3_cred_cham,cred_cham,20,3,-0.115449513,1,0,0,1
1630,R_6MPNdo5ckqq4mB0,Old Control,vapefriend_fab,4,4,4,0,Male,Yes,17,0,0,0,0,0,0,0,video4_cred_fab,cred_fab,24,4,0.0572085,1,0,0,1
1631,R_6MPNdo5ckqq4mB0,Old Control,vapefriend_mae,4,4,4,0,Male,Yes,17,0,0,0,0,0,0,0,video5_cred_mae,cred_mae,26,5,0.143537506,1,0,0,1
1632,R_6MPNdo5ckqq4mB0,Old Control,vapefriend_zanx,4,4,4,0,Male,Yes,17,0,0,0,0,0,0,0,video6_cred_zanx,cred_zanx,39,6,0.704676047,1,0,0,1
1633,R_6MzGV3RcLQ0g6Fa,Old Control,vapefriend_aby,4,3,2,1,Male,No,17,0,1,0,0,0,0,1,video1_cred_aby,cred_aby,34,1,0.488853531,2,0,0,1
1634,R_6MzGV3RcLQ0g6Fa,Old Control,vapefriend_anna,4,3,2,1,Male,No,17,0,1,0,0,0,0,1,video2_cred_anna,cred_anna,40,2,0.74784055,2,0,0,1
1635,R_6MzGV3RcLQ0g6Fa,Old Control,vapefriend_cham,4,3,2,1,Male,No,17,0,1,0,0,0,0,1,video3_cred_cham,cred_cham,25,3,0.100373003,2,0,0,1
1636,R_6MzGV3RcLQ0g6Fa,Old Control,vapefriend_fab,4,3,2,1,Male,No,17,0,1,0,0,0,0,1,video4_cred_fab,cred_fab,62,4,1.697459619,2,0,0,1
1637,R_6MzGV3RcLQ0g6Fa,Old Control,vapefriend_mae,4,3,2,1,Male,No,17,0,1,0,0,0,0,1,video5_cred_mae,cred_mae,38,5,0.661511544,2,0,0,1
1638,R_6MzGV3RcLQ0g6Fa,Old Control,vapefriend_zanx,4,3,2,1,Male,No,17,0,1,0,0,0,0,1,video6_cred_zanx,cred_zanx,38,6,0.661511544,2,0,0,1
1639,R_6ON49yK0NfTsYlk,Old Control,vapefriend_aby,3,3,3,1,Female,Yes,15,0,0,0,0,1,0,0,video1_cred_aby,cred_aby,4,1,-0.806081563,1,0,0,0
1640,R_6ON49yK0NfTsYlk,Old Control,vapefriend_anna,4,4,4,0,Female,Yes,15,0,0,0,0,1,0,0,video2_cred_anna,cred_anna,NA,2,NA,1,0,0,NA
1641,R_6ON49yK0NfTsYlk,Old Control,vapefriend_cham,3,3,3,1,Female,Yes,15,0,0,0,0,1,0,0,video3_cred_cham,cred_cham,3,3,-0.849246066,1,0,0,0
1642,R_6ON49yK0NfTsYlk,Old Control,vapefriend_fab,3,3,3,1,Female,Yes,15,0,0,0,0,1,0,0,video4_cred_fab,cred_fab,0,4,-0.978739575,1,0,0,0
1643,R_6ON49yK0NfTsYlk,Old Control,vapefriend_mae,3,3,3,1,Female,Yes,15,0,0,0,0,1,0,0,video5_cred_mae,cred_mae,0,5,-0.978739575,1,0,0,0
1644,R_6ON49yK0NfTsYlk,Old Control,vapefriend_zanx,NA,NA,NA,NA,Female,Yes,15,0,0,0,0,1,0,0,video6_cred_zanx,cred_zanx,NA,6,NA,1,0,0,NA
1645,R_6OrxtuZZ888bfYX,Old Treat,vapefriend_aby,3,3,2,1,Male,Yes,16,1,0,0,0,1,1,1,video1_cred_aby,cred_aby,10,1,-0.547094544,1,0,0,0
1646,R_6OrxtuZZ888bfYX,Old Treat,vapefriend_anna,3,3,2,1,Male,Yes,16,1,0,0,0,1,1,1,video2_cred_anna,cred_anna,12,2,-0.460765538,1,0,0,0
1647,R_6OrxtuZZ888bfYX,Old Treat,vapefriend_cham,3,3,2,1,Male,Yes,16,1,0,0,0,1,1,1,video3_cred_cham,cred_cham,12,3,-0.460765538,1,0,0,0
1648,R_6OrxtuZZ888bfYX,Old Treat,vapefriend_fab,3,3,2,1,Male,Yes,16,1,0,0,0,1,1,1,video4_cred_fab,cred_fab,9,4,-0.590259047,1,0,0,0
1649,R_6OrxtuZZ888bfYX,Old Treat,vapefriend_mae,3,3,2,1,Male,Yes,16,1,0,0,0,1,1,1,video5_cred_mae,cred_mae,9,5,-0.590259047,1,0,0,0
1650,R_6OrxtuZZ888bfYX,Old Treat,vapefriend_zanx,3,3,2,1,Male,Yes,16,1,0,0,0,1,1,1,video6_cred_zanx,cred_zanx,10,6,-0.547094544,1,0,0,0
1651,R_6PuAKKXLLOmsBLr,Old Control,vapefriend_aby,4,4,4,0,Male,No,16,0,1,0,0,0,0,1,video1_cred_aby,cred_aby,32,1,0.402524525,1,0,0,1
1652,R_6PuAKKXLLOmsBLr,Old Control,vapefriend_anna,4,4,4,0,Male,No,16,0,1,0,0,0,0,1,video2_cred_anna,cred_anna,8,2,-0.63342355,1,0,0,0
1653,R_6PuAKKXLLOmsBLr,Old Control,vapefriend_cham,4,4,4,0,Male,No,16,0,1,0,0,0,0,1,video3_cred_cham,cred_cham,36,3,0.575182538,1,0,0,1
1654,R_6PuAKKXLLOmsBLr,Old Control,vapefriend_fab,4,4,4,0,Male,No,16,0,1,0,0,0,0,1,video4_cred_fab,cred_fab,31,4,0.359360022,1,0,0,1
1655,R_6PuAKKXLLOmsBLr,Old Control,vapefriend_mae,4,4,4,0,Male,No,16,0,1,0,0,0,0,1,video5_cred_mae,cred_mae,36,5,0.575182538,1,0,0,1
1656,R_6PuAKKXLLOmsBLr,Old Control,vapefriend_zanx,4,4,4,0,Male,No,16,0,1,0,0,0,0,1,video6_cred_zanx,cred_zanx,33,6,0.445689028,1,0,0,1
1657,R_6Pvv3tcfMRORWEX,Young Treat,vapefriend_aby,3,3,3,1,Female,No,17,0,0,1,0,0,0,1,video1_cred_aby,cred_aby,91,1,2.94923021,1,0,0,1
1658,R_6Pvv3tcfMRORWEX,Young Treat,vapefriend_anna,3,3,3,1,Female,No,17,0,0,1,0,0,0,1,video2_cred_anna,cred_anna,80,2,2.474420676,1,0,0,1
1659,R_6Pvv3tcfMRORWEX,Young Treat,vapefriend_cham,3,3,3,1,Female,No,17,0,0,1,0,0,0,1,video3_cred_cham,cred_cham,100,3,3.337710738,1,0,0,1
1660,R_6Pvv3tcfMRORWEX,Young Treat,vapefriend_fab,3,3,3,1,Female,No,17,0,0,1,0,0,0,1,video4_cred_fab,cred_fab,62,4,1.697459619,1,0,0,1
1661,R_6Pvv3tcfMRORWEX,Young Treat,vapefriend_mae,3,3,3,1,Female,No,17,0,0,1,0,0,0,1,video5_cred_mae,cred_mae,70,5,2.042775644,1,0,0,1
1662,R_6Pvv3tcfMRORWEX,Young Treat,vapefriend_zanx,4,4,4,0,Female,No,17,0,0,1,0,0,0,1,video6_cred_zanx,cred_zanx,10,6,-0.547094544,1,0,0,0
1663,R_6QLT35lAtn1TyiA,Young Treat,vapefriend_aby,3,3,3,1,Female,No,16,1,0,0,0,0,0,1,video1_cred_aby,cred_aby,47,1,1.049992072,2,0,0,1
1664,R_6QLT35lAtn1TyiA,Young Treat,vapefriend_anna,3,3,2,1,Female,No,16,1,0,0,0,0,0,1,video2_cred_anna,cred_anna,27.5,2,0.208284261,2,0,0,1
1665,R_6QLT35lAtn1TyiA,Young Treat,vapefriend_cham,3,3,3,1,Female,No,16,1,0,0,0,0,0,1,video3_cred_cham,cred_cham,50,3,1.179485582,2,0,0,1
1666,R_6QLT35lAtn1TyiA,Young Treat,vapefriend_fab,3,3,3,1,Female,No,16,1,0,0,0,0,0,1,video4_cred_fab,cred_fab,50,4,1.179485582,2,0,0,1
1667,R_6QLT35lAtn1TyiA,Young Treat,vapefriend_mae,3,3,3,1,Female,No,16,1,0,0,0,0,0,1,video5_cred_mae,cred_mae,49,5,1.136321078,2,0,0,1
1668,R_6QLT35lAtn1TyiA,Young Treat,vapefriend_zanx,3,3,3,1,Female,No,16,1,0,0,0,0,0,1,video6_cred_zanx,cred_zanx,49,6,1.136321078,2,0,0,1
1669,R_6QfvIegS9jDUVoW,Young Control,vapefriend_aby,3,4,3,1,Male,Yes,14,0,0,0,0,0,1,1,video1_cred_aby,cred_aby,22,1,-0.029120506,3,0,0,1
1670,R_6QfvIegS9jDUVoW,Young Control,vapefriend_anna,3,4,3,1,Male,Yes,14,0,0,0,0,0,1,1,video2_cred_anna,cred_anna,19,2,-0.158614016,3,0,0,1
1671,R_6QfvIegS9jDUVoW,Young Control,vapefriend_cham,3,4,3,1,Male,Yes,14,0,0,0,0,0,1,1,video3_cred_cham,cred_cham,29,3,0.273031016,3,0,0,1
1672,R_6QfvIegS9jDUVoW,Young Control,vapefriend_fab,3,4,3,1,Male,Yes,14,0,0,0,0,0,1,1,video4_cred_fab,cred_fab,19,4,-0.158614016,3,0,0,1
1673,R_6QfvIegS9jDUVoW,Young Control,vapefriend_mae,3,4,3,1,Male,Yes,14,0,0,0,0,0,1,1,video5_cred_mae,cred_mae,12,5,-0.460765538,3,0,0,0
1674,R_6QfvIegS9jDUVoW,Young Control,vapefriend_zanx,3,4,3,1,Male,Yes,14,0,0,0,0,0,1,1,video6_cred_zanx,cred_zanx,14,6,-0.374436531,3,0,0,1
1675,R_6QtmStfNkP4VuzS,Old Treat,vapefriend_aby,4,4,4,0,Male,Yes,14,1,0,0,1,1,0,1,video1_cred_aby,cred_aby,1,1,-0.935575072,1,0,0,0
1676,R_6QtmStfNkP4VuzS,Old Treat,vapefriend_anna,4,4,4,0,Male,Yes,14,1,0,0,1,1,0,1,video2_cred_anna,cred_anna,1,2,-0.935575072,1,0,0,0
1677,R_6QtmStfNkP4VuzS,Old Treat,vapefriend_cham,4,4,4,0,Male,Yes,14,1,0,0,1,1,0,1,video3_cred_cham,cred_cham,10,3,-0.547094544,1,0,0,0
1678,R_6QtmStfNkP4VuzS,Old Treat,vapefriend_fab,4,4,4,0,Male,Yes,14,1,0,0,1,1,0,1,video4_cred_fab,cred_fab,9,4,-0.590259047,1,0,0,0
1679,R_6QtmStfNkP4VuzS,Old Treat,vapefriend_mae,4,4,3,1,Male,Yes,14,1,0,0,1,1,0,1,video5_cred_mae,cred_mae,9,5,-0.590259047,1,0,0,0
1680,R_6QtmStfNkP4VuzS,Old Treat,vapefriend_zanx,4,4,3,1,Male,Yes,14,1,0,0,1,1,0,1,video6_cred_zanx,cred_zanx,10,6,-0.547094544,1,0,0,0
1681,R_6Rjtty5Ui8cluN3,Old Treat,vapefriend_aby,4,4,4,0,Female,No,16,1,0,0,0,0,0,1,video1_cred_aby,cred_aby,66,1,1.870117632,1,0,0,1
1682,R_6Rjtty5Ui8cluN3,Old Treat,vapefriend_anna,4,4,4,0,Female,No,16,1,0,0,0,0,0,1,video2_cred_anna,cred_anna,67,2,1.913282135,1,0,0,1
1683,R_6Rjtty5Ui8cluN3,Old Treat,vapefriend_cham,4,4,4,0,Female,No,16,1,0,0,0,0,0,1,video3_cred_cham,cred_cham,61,3,1.654295116,1,0,0,1
1684,R_6Rjtty5Ui8cluN3,Old Treat,vapefriend_fab,4,4,4,0,Female,No,16,1,0,0,0,0,0,1,video4_cred_fab,cred_fab,34,4,0.488853531,1,0,0,1
1685,R_6Rjtty5Ui8cluN3,Old Treat,vapefriend_mae,4,4,4,0,Female,No,16,1,0,0,0,0,0,1,video5_cred_mae,cred_mae,59,5,1.56796611,1,0,0,1
1686,R_6Rjtty5Ui8cluN3,Old Treat,vapefriend_zanx,4,4,4,0,Female,No,16,1,0,0,0,0,0,1,video6_cred_zanx,cred_zanx,50,6,1.179485582,1,0,0,1
1687,R_6U4WnGtn00qYapV,Old Treat,vapefriend_aby,4,4,4,0,Male,No,17,0,1,0,0,0,0,0,video1_cred_aby,cred_aby,0,1,-0.978739575,1,0,0,0
1688,R_6U4WnGtn00qYapV,Old Treat,vapefriend_anna,4,4,4,0,Male,No,17,0,1,0,0,0,0,0,video2_cred_anna,cred_anna,NA,2,NA,1,0,0,NA
1689,R_6U4WnGtn00qYapV,Old Treat,vapefriend_cham,4,4,4,0,Male,No,17,0,1,0,0,0,0,0,video3_cred_cham,cred_cham,NA,3,NA,1,0,0,NA
1690,R_6U4WnGtn00qYapV,Old Treat,vapefriend_fab,4,4,4,0,Male,No,17,0,1,0,0,0,0,0,video4_cred_fab,cred_fab,NA,4,NA,1,0,0,NA
1691,R_6U4WnGtn00qYapV,Old Treat,vapefriend_mae,4,4,4,0,Male,No,17,0,1,0,0,0,0,0,video5_cred_mae,cred_mae,NA,5,NA,1,0,0,NA
1692,R_6U4WnGtn00qYapV,Old Treat,vapefriend_zanx,4,4,4,0,Male,No,17,0,1,0,0,0,0,0,video6_cred_zanx,cred_zanx,NA,6,NA,1,0,0,NA
1693,R_6Y9fuVfVVzo9I5F,Young Control,vapefriend_aby,4,4,4,0,Female,No,16,1,0,0,0,0,1,0,video1_cred_aby,cred_aby,10,1,-0.547094544,3,0,0,0
1694,R_6Y9fuVfVVzo9I5F,Young Control,vapefriend_anna,4,4,4,0,Female,No,16,1,0,0,0,0,1,0,video2_cred_anna,cred_anna,10,2,-0.547094544,3,0,0,0
1695,R_6Y9fuVfVVzo9I5F,Young Control,vapefriend_cham,4,4,4,0,Female,No,16,1,0,0,0,0,1,0,video3_cred_cham,cred_cham,25,3,0.100373003,3,0,0,1
1696,R_6Y9fuVfVVzo9I5F,Young Control,vapefriend_fab,4,4,4,0,Female,No,16,1,0,0,0,0,1,0,video4_cred_fab,cred_fab,0,4,-0.978739575,3,0,0,0
1697,R_6Y9fuVfVVzo9I5F,Young Control,vapefriend_mae,4,4,4,0,Female,No,16,1,0,0,0,0,1,0,video5_cred_mae,cred_mae,5,5,-0.76291706,3,0,0,0
1698,R_6Y9fuVfVVzo9I5F,Young Control,vapefriend_zanx,4,4,4,0,Female,No,16,1,0,0,0,0,1,0,video6_cred_zanx,cred_zanx,5,6,-0.76291706,3,0,0,0
1699,R_6ZJQlU85n3Br5xD,Young Treat,vapefriend_aby,4,4,4,0,Female,Yes,17,0,0,0,0,1,0,1,video1_cred_aby,cred_aby,50,1,1.179485582,1,0,0,1
1700,R_6ZJQlU85n3Br5xD,Young Treat,vapefriend_anna,4,4,4,0,Female,Yes,17,0,0,0,0,1,0,1,video2_cred_anna,cred_anna,50,2,1.179485582,1,0,0,1
1701,R_6ZJQlU85n3Br5xD,Young Treat,vapefriend_cham,4,4,2,1,Female,Yes,17,0,0,0,0,1,0,1,video3_cred_cham,cred_cham,50,3,1.179485582,1,0,0,1
1702,R_6ZJQlU85n3Br5xD,Young Treat,vapefriend_fab,4,4,4,0,Female,Yes,17,0,0,0,0,1,0,1,video4_cred_fab,cred_fab,50,4,1.179485582,1,0,0,1
1703,R_6ZJQlU85n3Br5xD,Young Treat,vapefriend_mae,4,4,3,1,Female,Yes,17,0,0,0,0,1,0,1,video5_cred_mae,cred_mae,50,5,1.179485582,1,0,0,1
1704,R_6ZJQlU85n3Br5xD,Young Treat,vapefriend_zanx,4,4,3,1,Female,Yes,17,0,0,0,0,1,0,1,video6_cred_zanx,cred_zanx,50,6,1.179485582,1,0,0,1
1705,R_6aQfXLWTXtVe29R,Young Treat,vapefriend_aby,4,4,4,0,Male,Yes,17,1,0,0,0,0,0,0,video1_cred_aby,cred_aby,50,1,1.179485582,2,0,0,1
1706,R_6aQfXLWTXtVe29R,Young Treat,vapefriend_anna,4,4,4,0,Male,Yes,17,1,0,0,0,0,0,0,video2_cred_anna,cred_anna,41,2,0.791005053,2,0,0,1
1707,R_6aQfXLWTXtVe29R,Young Treat,vapefriend_cham,4,4,4,0,Male,Yes,17,1,0,0,0,0,0,0,video3_cred_cham,cred_cham,60,3,1.611130613,2,0,0,1
1708,R_6aQfXLWTXtVe29R,Young Treat,vapefriend_fab,4,4,4,0,Male,Yes,17,1,0,0,0,0,0,0,video4_cred_fab,cred_fab,45,4,0.963663066,2,0,0,1
1709,R_6aQfXLWTXtVe29R,Young Treat,vapefriend_mae,4,4,4,0,Male,Yes,17,1,0,0,0,0,0,0,video5_cred_mae,cred_mae,40,5,0.74784055,2,0,0,1
1710,R_6aQfXLWTXtVe29R,Young Treat,vapefriend_zanx,4,4,4,0,Male,Yes,17,1,0,0,0,0,0,0,video6_cred_zanx,cred_zanx,40,6,0.74784055,2,0,0,1
1711,R_6c7u199gLQDN9SN,Young Treat,vapefriend_aby,3,4,4,1,Female,Yes,16,0,0,0,0,0,0,1,video1_cred_aby,cred_aby,41,1,0.791005053,1,0,0,1
1712,R_6c7u199gLQDN9SN,Young Treat,vapefriend_anna,3,3,3,1,Female,Yes,16,0,0,0,0,0,0,1,video2_cred_anna,cred_anna,30,2,0.316195519,1,0,0,1
1713,R_6c7u199gLQDN9SN,Young Treat,vapefriend_cham,3,3,3,1,Female,Yes,16,0,0,0,0,0,0,1,video3_cred_cham,cred_cham,40,3,0.74784055,1,0,0,1
1714,R_6c7u199gLQDN9SN,Young Treat,vapefriend_fab,4,4,4,0,Female,Yes,16,0,0,0,0,0,0,1,video4_cred_fab,cred_fab,20,4,-0.115449513,1,0,0,1
1715,R_6c7u199gLQDN9SN,Young Treat,vapefriend_mae,3,4,3,1,Female,Yes,16,0,0,0,0,0,0,1,video5_cred_mae,cred_mae,10,5,-0.547094544,1,0,0,0
1716,R_6c7u199gLQDN9SN,Young Treat,vapefriend_zanx,4,4,4,0,Female,Yes,16,0,0,0,0,0,0,1,video6_cred_zanx,cred_zanx,18,6,-0.201778519,1,0,0,1
1717,R_6cJLsLMVLpUvnmV,Old Control,vapefriend_aby,4,4,4,0,Female,No,17,1,0,0,0,0,1,1,video1_cred_aby,cred_aby,66,1,1.870117632,3,0,0,1
1718,R_6cJLsLMVLpUvnmV,Old Control,vapefriend_anna,4,4,3,1,Female,No,17,1,0,0,0,0,1,1,video2_cred_anna,cred_anna,28,2,0.229866513,3,0,0,1
1719,R_6cJLsLMVLpUvnmV,Old Control,vapefriend_cham,4,4,3,1,Female,No,17,1,0,0,0,0,1,1,video3_cred_cham,cred_cham,0,3,-0.978739575,3,0,0,0
1720,R_6cJLsLMVLpUvnmV,Old Control,vapefriend_fab,4,4,3,1,Female,No,17,1,0,0,0,0,1,1,video4_cred_fab,cred_fab,35,4,0.532018035,3,0,0,1
1721,R_6cJLsLMVLpUvnmV,Old Control,vapefriend_mae,4,4,3,1,Female,No,17,1,0,0,0,0,1,1,video5_cred_mae,cred_mae,51,5,1.222650085,3,0,0,1
1722,R_6cJLsLMVLpUvnmV,Old Control,vapefriend_zanx,4,4,4,0,Female,No,17,1,0,0,0,0,1,1,video6_cred_zanx,cred_zanx,0,6,-0.978739575,3,0,0,0
1723,R_6cu6oZhVCwdCsPb,Old Control,vapefriend_aby,4,4,4,0,Female,Yes,16,0,0,0,1,0,0,0,video1_cred_aby,cred_aby,50,1,1.179485582,1,0,0,1
1724,R_6cu6oZhVCwdCsPb,Old Control,vapefriend_anna,4,4,4,0,Female,Yes,16,0,0,0,1,0,0,0,video2_cred_anna,cred_anna,0,2,-0.978739575,1,0,0,0
1725,R_6cu6oZhVCwdCsPb,Old Control,vapefriend_cham,4,4,4,0,Female,Yes,16,0,0,0,1,0,0,0,video3_cred_cham,cred_cham,0,3,-0.978739575,1,0,0,0
1726,R_6cu6oZhVCwdCsPb,Old Control,vapefriend_fab,4,4,4,0,Female,Yes,16,0,0,0,1,0,0,0,video4_cred_fab,cred_fab,0,4,-0.978739575,1,0,0,0
1727,R_6cu6oZhVCwdCsPb,Old Control,vapefriend_mae,4,4,4,0,Female,Yes,16,0,0,0,1,0,0,0,video5_cred_mae,cred_mae,0,5,-0.978739575,1,0,0,0
1728,R_6cu6oZhVCwdCsPb,Old Control,vapefriend_zanx,4,4,4,0,Female,Yes,16,0,0,0,1,0,0,0,video6_cred_zanx,cred_zanx,40,6,0.74784055,1,0,0,1
1729,R_6dCwb9fI52jObEl,Old Control,vapefriend_aby,4,4,4,0,Female,No,16,1,0,0,0,0,1,0,video1_cred_aby,cred_aby,28,1,0.229866513,1,0,0,1
1730,R_6dCwb9fI52jObEl,Old Control,vapefriend_anna,4,4,4,0,Female,No,16,1,0,0,0,0,1,0,video2_cred_anna,cred_anna,11,2,-0.503930041,1,0,0,0
1731,R_6dCwb9fI52jObEl,Old Control,vapefriend_cham,4,4,4,0,Female,No,16,1,0,0,0,0,1,0,video3_cred_cham,cred_cham,24,3,0.0572085,1,0,0,1
1732,R_6dCwb9fI52jObEl,Old Control,vapefriend_fab,4,4,4,0,Female,No,16,1,0,0,0,0,1,0,video4_cred_fab,cred_fab,10,4,-0.547094544,1,0,0,0
1733,R_6dCwb9fI52jObEl,Old Control,vapefriend_mae,4,4,4,0,Female,No,16,1,0,0,0,0,1,0,video5_cred_mae,cred_mae,10,5,-0.547094544,1,0,0,0
1734,R_6dCwb9fI52jObEl,Old Control,vapefriend_zanx,4,4,4,0,Female,No,16,1,0,0,0,0,1,0,video6_cred_zanx,cred_zanx,11,6,-0.503930041,1,0,0,0
1735,R_6eUSgABQlzcXG0C,Old Control,vapefriend_aby,4,4,4,0,Female,No,14,1,0,0,0,0,1,0,video1_cred_aby,cred_aby,4,1,-0.806081563,1,0,0,0
1736,R_6eUSgABQlzcXG0C,Old Control,vapefriend_anna,4,4,4,0,Female,No,14,1,0,0,0,0,1,0,video2_cred_anna,cred_anna,0,2,-0.978739575,1,0,0,0
1737,R_6eUSgABQlzcXG0C,Old Control,vapefriend_cham,4,4,4,0,Female,No,14,1,0,0,0,0,1,0,video3_cred_cham,cred_cham,0,3,-0.978739575,1,0,0,0
1738,R_6eUSgABQlzcXG0C,Old Control,vapefriend_fab,4,4,4,0,Female,No,14,1,0,0,0,0,1,0,video4_cred_fab,cred_fab,0,4,-0.978739575,1,0,0,0
1739,R_6eUSgABQlzcXG0C,Old Control,vapefriend_mae,4,4,4,0,Female,No,14,1,0,0,0,0,1,0,video5_cred_mae,cred_mae,3,5,-0.849246066,1,0,0,0
1740,R_6eUSgABQlzcXG0C,Old Control,vapefriend_zanx,4,4,4,0,Female,No,14,1,0,0,0,0,1,0,video6_cred_zanx,cred_zanx,0,6,-0.978739575,1,0,0,0
1741,R_6fDUMmE2aSTfDwf,Young Control,vapefriend_aby,4,4,4,0,Female,Yes,16,1,0,0,0,0,0,0,video1_cred_aby,cred_aby,0,1,-0.978739575,1,0,0,0
1742,R_6fDUMmE2aSTfDwf,Young Control,vapefriend_anna,4,4,4,0,Female,Yes,16,1,0,0,0,0,0,0,video2_cred_anna,cred_anna,9,2,-0.590259047,1,0,0,0
1743,R_6fDUMmE2aSTfDwf,Young Control,vapefriend_cham,4,4,4,0,Female,Yes,16,1,0,0,0,0,0,0,video3_cred_cham,cred_cham,16,3,-0.288107525,1,0,0,1
1744,R_6fDUMmE2aSTfDwf,Young Control,vapefriend_fab,4,4,4,0,Female,Yes,16,1,0,0,0,0,0,0,video4_cred_fab,cred_fab,26,4,0.143537506,1,0,0,1
1745,R_6fDUMmE2aSTfDwf,Young Control,vapefriend_mae,4,4,4,0,Female,Yes,16,1,0,0,0,0,0,0,video5_cred_mae,cred_mae,0,5,-0.978739575,1,0,0,0
1746,R_6fDUMmE2aSTfDwf,Young Control,vapefriend_zanx,4,4,4,0,Female,Yes,16,1,0,0,0,0,0,0,video6_cred_zanx,cred_zanx,11,6,-0.503930041,1,0,0,0
1747,R_6fNp11AWA4emmWM,Old Treat,vapefriend_aby,4,4,4,0,Male,Yes,17,0,0,0,0,1,1,0,video1_cred_aby,cred_aby,10,1,-0.547094544,1,1,1,0
1748,R_6fNp11AWA4emmWM,Old Treat,vapefriend_anna,4,4,4,0,Male,Yes,17,0,0,0,0,1,1,0,video2_cred_anna,cred_anna,26,2,0.143537506,1,1,1,1
1749,R_6fNp11AWA4emmWM,Old Treat,vapefriend_cham,4,4,4,0,Male,Yes,17,0,0,0,0,1,1,0,video3_cred_cham,cred_cham,50,3,1.179485582,1,1,1,1
1750,R_6fNp11AWA4emmWM,Old Treat,vapefriend_fab,4,4,4,0,Male,Yes,17,0,0,0,0,1,1,0,video4_cred_fab,cred_fab,50,4,1.179485582,1,1,1,1
1751,R_6fNp11AWA4emmWM,Old Treat,vapefriend_mae,4,4,4,0,Male,Yes,17,0,0,0,0,1,1,0,video5_cred_mae,cred_mae,50,5,1.179485582,1,1,1,1
1752,R_6fNp11AWA4emmWM,Old Treat,vapefriend_zanx,4,4,4,0,Male,Yes,17,0,0,0,0,1,1,0,video6_cred_zanx,cred_zanx,29,6,0.273031016,1,1,1,1
1753,R_6fZ5s9RhvBTzMlI,Young Control,vapefriend_aby,4,4,4,0,Male,No,17,0,1,0,0,0,1,1,video1_cred_aby,cred_aby,41,1,0.791005053,1,0,0,1
1754,R_6fZ5s9RhvBTzMlI,Young Control,vapefriend_anna,4,4,4,0,Male,No,17,0,1,0,0,0,1,1,video2_cred_anna,cred_anna,20,2,-0.115449513,1,0,0,1
1755,R_6fZ5s9RhvBTzMlI,Young Control,vapefriend_cham,3,4,4,1,Male,No,17,0,1,0,0,0,1,1,video3_cred_cham,cred_cham,20,3,-0.115449513,1,0,0,1
1756,R_6fZ5s9RhvBTzMlI,Young Control,vapefriend_fab,3,4,4,1,Male,No,17,0,1,0,0,0,1,1,video4_cred_fab,cred_fab,30,4,0.316195519,1,0,0,1
1757,R_6fZ5s9RhvBTzMlI,Young Control,vapefriend_mae,3,4,4,1,Male,No,17,0,1,0,0,0,1,1,video5_cred_mae,cred_mae,25,5,0.100373003,1,0,0,1
1758,R_6fZ5s9RhvBTzMlI,Young Control,vapefriend_zanx,3,4,4,1,Male,No,17,0,1,0,0,0,1,1,video6_cred_zanx,cred_zanx,30,6,0.316195519,1,0,0,1
1759,R_6gY2RVuo69qFXw9,Young Control,vapefriend_aby,4,4,4,0,Female,Yes,17,1,0,0,0,0,1,1,video1_cred_aby,cred_aby,0,1,-0.978739575,1,0,0,0
1760,R_6gY2RVuo69qFXw9,Young Control,vapefriend_anna,4,4,3,1,Female,Yes,17,1,0,0,0,0,1,1,video2_cred_anna,cred_anna,8,2,-0.63342355,1,0,0,0
1761,R_6gY2RVuo69qFXw9,Young Control,vapefriend_cham,3,4,3,1,Female,Yes,17,1,0,0,0,0,1,1,video3_cred_cham,cred_cham,0,3,-0.978739575,1,0,0,0
1762,R_6gY2RVuo69qFXw9,Young Control,vapefriend_fab,4,4,4,0,Female,Yes,17,1,0,0,0,0,1,1,video4_cred_fab,cred_fab,0,4,-0.978739575,1,0,0,0
1763,R_6gY2RVuo69qFXw9,Young Control,vapefriend_mae,4,4,4,0,Female,Yes,17,1,0,0,0,0,1,1,video5_cred_mae,cred_mae,0,5,-0.978739575,1,0,0,0
1764,R_6gY2RVuo69qFXw9,Young Control,vapefriend_zanx,4,4,4,0,Female,Yes,17,1,0,0,0,0,1,1,video6_cred_zanx,cred_zanx,0,6,-0.978739575,1,0,0,0
1765,R_6gbvZMO0IGFZNwe,Young Treat,vapefriend_aby,3,4,4,1,Male,Yes,17,0,0,0,1,0,1,1,video1_cred_aby,cred_aby,0,1,-0.978739575,1,0,0,0
1766,R_6gbvZMO0IGFZNwe,Young Treat,vapefriend_anna,4,3,4,1,Male,Yes,17,0,0,0,1,0,1,1,video2_cred_anna,cred_anna,0,2,-0.978739575,1,0,0,0
1767,R_6gbvZMO0IGFZNwe,Young Treat,vapefriend_cham,4,3,4,1,Male,Yes,17,0,0,0,1,0,1,1,video3_cred_cham,cred_cham,0,3,-0.978739575,1,0,0,0
1768,R_6gbvZMO0IGFZNwe,Young Treat,vapefriend_fab,4,3,4,1,Male,Yes,17,0,0,0,1,0,1,1,video4_cred_fab,cred_fab,0,4,-0.978739575,1,0,0,0
1769,R_6gbvZMO0IGFZNwe,Young Treat,vapefriend_mae,4,3,4,1,Male,Yes,17,0,0,0,1,0,1,1,video5_cred_mae,cred_mae,0,5,-0.978739575,1,0,0,0
1770,R_6gbvZMO0IGFZNwe,Young Treat,vapefriend_zanx,4,3,4,1,Male,Yes,17,0,0,0,1,0,1,1,video6_cred_zanx,cred_zanx,0,6,-0.978739575,1,0,0,0
1771,R_6hN634xlkuYZMKl,Old Control,vapefriend_aby,4,4,4,0,Male,Yes,16,0,0,0,0,1,0,0,video1_cred_aby,cred_aby,10,1,-0.547094544,1,0,0,0
1772,R_6hN634xlkuYZMKl,Old Control,vapefriend_anna,4,4,4,0,Male,Yes,16,0,0,0,0,1,0,0,video2_cred_anna,cred_anna,30,2,0.316195519,1,0,0,1
1773,R_6hN634xlkuYZMKl,Old Control,vapefriend_cham,4,4,4,0,Male,Yes,16,0,0,0,0,1,0,0,video3_cred_cham,cred_cham,22,3,-0.029120506,1,0,0,1
1774,R_6hN634xlkuYZMKl,Old Control,vapefriend_fab,4,4,4,0,Male,Yes,16,0,0,0,0,1,0,0,video4_cred_fab,cred_fab,4,4,-0.806081563,1,0,0,0
1775,R_6hN634xlkuYZMKl,Old Control,vapefriend_mae,4,4,4,0,Male,Yes,16,0,0,0,0,1,0,0,video5_cred_mae,cred_mae,7,5,-0.676588053,1,0,0,0
1776,R_6hN634xlkuYZMKl,Old Control,vapefriend_zanx,4,4,4,0,Male,Yes,16,0,0,0,0,1,0,0,video6_cred_zanx,cred_zanx,6,6,-0.719752556,1,0,0,0
1777,R_6hR0HGQ1vudWYeS,Young Control,vapefriend_aby,4,4,4,0,Female,Yes,16,0,0,0,0,1,1,1,video1_cred_aby,cred_aby,0,1,-0.978739575,1,0,0,0
1778,R_6hR0HGQ1vudWYeS,Young Control,vapefriend_anna,4,4,4,0,Female,Yes,16,0,0,0,0,1,1,1,video2_cred_anna,cred_anna,4,2,-0.806081563,1,0,0,0
1779,R_6hR0HGQ1vudWYeS,Young Control,vapefriend_cham,4,4,4,0,Female,Yes,16,0,0,0,0,1,1,1,video3_cred_cham,cred_cham,0,3,-0.978739575,1,0,0,0
1780,R_6hR0HGQ1vudWYeS,Young Control,vapefriend_fab,4,4,4,0,Female,Yes,16,0,0,0,0,1,1,1,video4_cred_fab,cred_fab,0,4,-0.978739575,1,0,0,0
1781,R_6hR0HGQ1vudWYeS,Young Control,vapefriend_mae,4,4,4,0,Female,Yes,16,0,0,0,0,1,1,1,video5_cred_mae,cred_mae,10,5,-0.547094544,1,0,0,0
1782,R_6hR0HGQ1vudWYeS,Young Control,vapefriend_zanx,4,4,4,0,Female,Yes,16,0,0,0,0,1,1,1,video6_cred_zanx,cred_zanx,0,6,-0.978739575,1,0,0,0
1783,R_6hRDR18dLYIhCBb,Young Control,vapefriend_aby,4,4,4,0,Female,Yes,16,0,0,0,1,0,0,1,video1_cred_aby,cred_aby,14,1,-0.374436531,1,0,0,1
1784,R_6hRDR18dLYIhCBb,Young Control,vapefriend_anna,4,4,4,0,Female,Yes,16,0,0,0,1,0,0,1,video2_cred_anna,cred_anna,14,2,-0.374436531,1,0,0,1
1785,R_6hRDR18dLYIhCBb,Young Control,vapefriend_cham,4,4,4,0,Female,Yes,16,0,0,0,1,0,0,1,video3_cred_cham,cred_cham,17,3,-0.244943022,1,0,0,1
1786,R_6hRDR18dLYIhCBb,Young Control,vapefriend_fab,4,4,4,0,Female,Yes,16,0,0,0,1,0,0,1,video4_cred_fab,cred_fab,14,4,-0.374436531,1,0,0,1
1787,R_6hRDR18dLYIhCBb,Young Control,vapefriend_mae,4,4,4,0,Female,Yes,16,0,0,0,1,0,0,1,video5_cred_mae,cred_mae,12,5,-0.460765538,1,0,0,0
1788,R_6hRDR18dLYIhCBb,Young Control,vapefriend_zanx,4,4,4,0,Female,Yes,16,0,0,0,1,0,0,1,video6_cred_zanx,cred_zanx,10,6,-0.547094544,1,0,0,0
1789,R_6hxQw09lFFNmyUb,Old Treat,vapefriend_aby,4,4,4,0,Female,Yes,16,0,0,0,1,0,1,1,video1_cred_aby,cred_aby,29,1,0.273031016,1,0,0,1
1790,R_6hxQw09lFFNmyUb,Old Treat,vapefriend_anna,4,4,4,0,Female,Yes,16,0,0,0,1,0,1,1,video2_cred_anna,cred_anna,20,2,-0.115449513,1,0,0,1
1791,R_6hxQw09lFFNmyUb,Old Treat,vapefriend_cham,4,4,4,0,Female,Yes,16,0,0,0,1,0,1,1,video3_cred_cham,cred_cham,28,3,0.229866513,1,0,0,1
1792,R_6hxQw09lFFNmyUb,Old Treat,vapefriend_fab,4,4,4,0,Female,Yes,16,0,0,0,1,0,1,1,video4_cred_fab,cred_fab,11,4,-0.503930041,1,0,0,0
1793,R_6hxQw09lFFNmyUb,Old Treat,vapefriend_mae,4,4,4,0,Female,Yes,16,0,0,0,1,0,1,1,video5_cred_mae,cred_mae,32,5,0.402524525,1,0,0,1
1794,R_6hxQw09lFFNmyUb,Old Treat,vapefriend_zanx,4,4,4,0,Female,Yes,16,0,0,0,1,0,1,1,video6_cred_zanx,cred_zanx,14,6,-0.374436531,1,0,0,1
1795,R_6ilCz0tSghM6SZD,Young Control,vapefriend_aby,2,4,1,1,Female,No,16,1,0,0,0,0,0,1,video1_cred_aby,cred_aby,24,1,0.0572085,1,0,0,1
1796,R_6ilCz0tSghM6SZD,Young Control,vapefriend_anna,4,4,4,0,Female,No,16,1,0,0,0,0,0,1,video2_cred_anna,cred_anna,0,2,-0.978739575,1,0,0,0
1797,R_6ilCz0tSghM6SZD,Young Control,vapefriend_cham,4,4,4,0,Female,No,16,1,0,0,0,0,0,1,video3_cred_cham,cred_cham,0,3,-0.978739575,1,0,0,0
1798,R_6ilCz0tSghM6SZD,Young Control,vapefriend_fab,2,3,2,1,Female,No,16,1,0,0,0,0,0,1,video4_cred_fab,cred_fab,0,4,-0.978739575,1,0,0,0
1799,R_6ilCz0tSghM6SZD,Young Control,vapefriend_mae,1,4,4,1,Female,No,16,1,0,0,0,0,0,1,video5_cred_mae,cred_mae,0,5,-0.978739575,1,0,0,0
1800,R_6ilCz0tSghM6SZD,Young Control,vapefriend_zanx,4,4,4,0,Female,No,16,1,0,0,0,0,0,1,video6_cred_zanx,cred_zanx,0,6,-0.978739575,1,0,0,0
1801,R_6jJ1s1JhKfdgZft,Young Treat,vapefriend_aby,4,4,4,0,Female,No,15,1,0,0,0,0,0,0,video1_cred_aby,cred_aby,0,1,-0.978739575,1,0,0,0
1802,R_6jJ1s1JhKfdgZft,Young Treat,vapefriend_anna,4,4,4,0,Female,No,15,1,0,0,0,0,0,0,video2_cred_anna,cred_anna,12,2,-0.460765538,1,0,0,0
1803,R_6jJ1s1JhKfdgZft,Young Treat,vapefriend_cham,4,4,4,0,Female,No,15,1,0,0,0,0,0,0,video3_cred_cham,cred_cham,10,3,-0.547094544,1,0,0,0
1804,R_6jJ1s1JhKfdgZft,Young Treat,vapefriend_fab,4,4,4,0,Female,No,15,1,0,0,0,0,0,0,video4_cred_fab,cred_fab,0,4,-0.978739575,1,0,0,0
1805,R_6jJ1s1JhKfdgZft,Young Treat,vapefriend_mae,4,4,4,0,Female,No,15,1,0,0,0,0,0,0,video5_cred_mae,cred_mae,22,5,-0.029120506,1,0,0,1
1806,R_6jJ1s1JhKfdgZft,Young Treat,vapefriend_zanx,4,4,4,0,Female,No,15,1,0,0,0,0,0,0,video6_cred_zanx,cred_zanx,2,6,-0.892410569,1,0,0,0
1807,R_6jYYET0mEl35MpL,Old Control,vapefriend_aby,4,4,4,0,Female,Yes,14,0,0,0,0,1,1,0,video1_cred_aby,cred_aby,15,1,-0.331272028,1,0,0,1
1808,R_6jYYET0mEl35MpL,Old Control,vapefriend_anna,4,4,4,0,Female,Yes,14,0,0,0,0,1,1,0,video2_cred_anna,cred_anna,15,2,-0.331272028,1,0,0,1
1809,R_6jYYET0mEl35MpL,Old Control,vapefriend_cham,4,4,4,0,Female,Yes,14,0,0,0,0,1,1,0,video3_cred_cham,cred_cham,15,3,-0.331272028,1,0,0,1
1810,R_6jYYET0mEl35MpL,Old Control,vapefriend_fab,4,4,4,0,Female,Yes,14,0,0,0,0,1,1,0,video4_cred_fab,cred_fab,20,4,-0.115449513,1,0,0,1
1811,R_6jYYET0mEl35MpL,Old Control,vapefriend_mae,4,4,4,0,Female,Yes,14,0,0,0,0,1,1,0,video5_cred_mae,cred_mae,25,5,0.100373003,1,0,0,1
1812,R_6jYYET0mEl35MpL,Old Control,vapefriend_zanx,4,4,4,0,Female,Yes,14,0,0,0,0,1,1,0,video6_cred_zanx,cred_zanx,5,6,-0.76291706,1,0,0,0
1813,R_6k7LNjlcDODj4KI,Old Treat,vapefriend_aby,3,3,2,1,Male,No,16,1,0,0,0,0,0,0,video1_cred_aby,cred_aby,74,1,2.215433657,1,0,0,1
1814,R_6k7LNjlcDODj4KI,Old Treat,vapefriend_anna,3,3,3,1,Male,No,16,1,0,0,0,0,0,0,video2_cred_anna,cred_anna,76,2,2.301762663,1,0,0,1
1815,R_6k7LNjlcDODj4KI,Old Treat,vapefriend_cham,3,3,3,1,Male,No,16,1,0,0,0,0,0,0,video3_cred_cham,cred_cham,100,3,3.337710738,1,0,0,1
1816,R_6k7LNjlcDODj4KI,Old Treat,vapefriend_fab,2,2,2,1,Male,No,16,1,0,0,0,0,0,0,video4_cred_fab,cred_fab,17,4,-0.244943022,1,0,0,1
1817,R_6k7LNjlcDODj4KI,Old Treat,vapefriend_mae,1,2,1,1,Male,No,16,1,0,0,0,0,0,0,video5_cred_mae,cred_mae,74,5,2.215433657,1,0,0,1
1818,R_6k7LNjlcDODj4KI,Old Treat,vapefriend_zanx,3,2,3,1,Male,No,16,1,0,0,0,0,0,0,video6_cred_zanx,cred_zanx,45,6,0.963663066,1,0,0,1
1819,R_6kLhlntdsAJYUxY,Young Treat,vapefriend_aby,3,3,3,1,Female,Yes,16,0,0,0,0,1,0,1,video1_cred_aby,cred_aby,50,1,1.179485582,1,0,0,1
1820,R_6kLhlntdsAJYUxY,Young Treat,vapefriend_anna,3,3,3,1,Female,Yes,16,0,0,0,0,1,0,1,video2_cred_anna,cred_anna,40,2,0.74784055,1,0,0,1
1821,R_6kLhlntdsAJYUxY,Young Treat,vapefriend_cham,3,3,2,1,Female,Yes,16,0,0,0,0,1,0,1,video3_cred_cham,cred_cham,50,3,1.179485582,1,0,0,1
1822,R_6kLhlntdsAJYUxY,Young Treat,vapefriend_fab,3,3,3,1,Female,Yes,16,0,0,0,0,1,0,1,video4_cred_fab,cred_fab,46,4,1.006827569,1,0,0,1
1823,R_6kLhlntdsAJYUxY,Young Treat,vapefriend_mae,3,3,3,1,Female,Yes,16,0,0,0,0,1,0,1,video5_cred_mae,cred_mae,50,5,1.179485582,1,0,0,1
1824,R_6kLhlntdsAJYUxY,Young Treat,vapefriend_zanx,3,3,3,1,Female,Yes,16,0,0,0,0,1,0,1,video6_cred_zanx,cred_zanx,35,6,0.532018035,1,0,0,1
1825,R_6lX5npkCVOoz4ql,Old Treat,vapefriend_aby,4,4,4,0,Male,No,14,1,0,0,0,0,0,0,video1_cred_aby,cred_aby,18,1,-0.201778519,1,0,0,1
1826,R_6lX5npkCVOoz4ql,Old Treat,vapefriend_anna,4,4,4,0,Male,No,14,1,0,0,0,0,0,0,video2_cred_anna,cred_anna,0,2,-0.978739575,1,0,0,0
1827,R_6lX5npkCVOoz4ql,Old Treat,vapefriend_cham,4,4,4,0,Male,No,14,1,0,0,0,0,0,0,video3_cred_cham,cred_cham,15,3,-0.331272028,1,0,0,1
1828,R_6lX5npkCVOoz4ql,Old Treat,vapefriend_fab,4,4,4,0,Male,No,14,1,0,0,0,0,0,0,video4_cred_fab,cred_fab,10,4,-0.547094544,1,0,0,0
1829,R_6lX5npkCVOoz4ql,Old Treat,vapefriend_mae,4,4,4,0,Male,No,14,1,0,0,0,0,0,0,video5_cred_mae,cred_mae,0,5,-0.978739575,1,0,0,0
1830,R_6lX5npkCVOoz4ql,Old Treat,vapefriend_zanx,4,4,4,0,Male,No,14,1,0,0,0,0,0,0,video6_cred_zanx,cred_zanx,23,6,0.014043997,1,0,0,1
1831,R_6ltys5GYhfSMcXe,Old Control,vapefriend_aby,3,3,3,1,Female,Yes,16,1,0,0,0,0,0,1,video1_cred_aby,cred_aby,4,1,-0.806081563,1,0,0,0
1832,R_6ltys5GYhfSMcXe,Old Control,vapefriend_anna,3,3,3,1,Female,Yes,16,1,0,0,0,0,0,1,video2_cred_anna,cred_anna,21,2,-0.072285009,1,0,0,1
1833,R_6ltys5GYhfSMcXe,Old Control,vapefriend_cham,3,3,3,1,Female,Yes,16,1,0,0,0,0,0,1,video3_cred_cham,cred_cham,1,3,-0.935575072,1,0,0,0
1834,R_6ltys5GYhfSMcXe,Old Control,vapefriend_fab,3,3,3,1,Female,Yes,16,1,0,0,0,0,0,1,video4_cred_fab,cred_fab,0,4,-0.978739575,1,0,0,0
1835,R_6ltys5GYhfSMcXe,Old Control,vapefriend_mae,3,3,3,1,Female,Yes,16,1,0,0,0,0,0,1,video5_cred_mae,cred_mae,12,5,-0.460765538,1,0,0,0
1836,R_6ltys5GYhfSMcXe,Old Control,vapefriend_zanx,3,3,3,1,Female,Yes,16,1,0,0,0,0,0,1,video6_cred_zanx,cred_zanx,4,6,-0.806081563,1,0,0,0
1837,R_6mtRvX5tX460Pvz,Old Control,vapefriend_aby,4,4,4,0,Female,No,17,0,1,0,0,0,0,1,video1_cred_aby,cred_aby,5,1,-0.76291706,3,0,0,0
1838,R_6mtRvX5tX460Pvz,Old Control,vapefriend_anna,4,4,4,0,Female,No,17,0,1,0,0,0,0,1,video2_cred_anna,cred_anna,10,2,-0.547094544,3,0,0,0
1839,R_6mtRvX5tX460Pvz,Old Control,vapefriend_cham,4,4,4,0,Female,No,17,0,1,0,0,0,0,1,video3_cred_cham,cred_cham,4,3,-0.806081563,3,0,0,0
1840,R_6mtRvX5tX460Pvz,Old Control,vapefriend_fab,4,4,4,0,Female,No,17,0,1,0,0,0,0,1,video4_cred_fab,cred_fab,5,4,-0.76291706,3,0,0,0
1841,R_6mtRvX5tX460Pvz,Old Control,vapefriend_mae,4,4,4,0,Female,No,17,0,1,0,0,0,0,1,video5_cred_mae,cred_mae,9,5,-0.590259047,3,0,0,0
1842,R_6mtRvX5tX460Pvz,Old Control,vapefriend_zanx,4,4,4,0,Female,No,17,0,1,0,0,0,0,1,video6_cred_zanx,cred_zanx,5,6,-0.76291706,3,0,0,0
1843,R_6nUDWlEvUKMO0CX,Young Treat,vapefriend_aby,4,4,4,0,Female,No,14,1,0,0,0,0,1,0,video1_cred_aby,cred_aby,11,1,-0.503930041,3,0,0,0
1844,R_6nUDWlEvUKMO0CX,Young Treat,vapefriend_anna,4,4,4,0,Female,No,14,1,0,0,0,0,1,0,video2_cred_anna,cred_anna,19,2,-0.158614016,3,0,0,1
1845,R_6nUDWlEvUKMO0CX,Young Treat,vapefriend_cham,4,4,4,0,Female,No,14,1,0,0,0,0,1,0,video3_cred_cham,cred_cham,12,3,-0.460765538,3,0,0,0
1846,R_6nUDWlEvUKMO0CX,Young Treat,vapefriend_fab,4,4,4,0,Female,No,14,1,0,0,0,0,1,0,video4_cred_fab,cred_fab,8,4,-0.63342355,3,0,0,0
1847,R_6nUDWlEvUKMO0CX,Young Treat,vapefriend_mae,4,4,4,0,Female,No,14,1,0,0,0,0,1,0,video5_cred_mae,cred_mae,13,5,-0.417601034,3,0,0,0
1848,R_6nUDWlEvUKMO0CX,Young Treat,vapefriend_zanx,4,4,4,0,Female,No,14,1,0,0,0,0,1,0,video6_cred_zanx,cred_zanx,8,6,-0.63342355,3,0,0,0
1849,R_6oiv4XVGrOCkDbb,Old Treat,vapefriend_aby,4,4,4,0,Female,Yes,16,0,0,0,0,1,0,0,video1_cred_aby,cred_aby,18,1,-0.201778519,3,0,0,1
1850,R_6oiv4XVGrOCkDbb,Old Treat,vapefriend_anna,4,4,4,0,Female,Yes,16,0,0,0,0,1,0,0,video2_cred_anna,cred_anna,13,2,-0.417601034,3,0,0,0
1851,R_6oiv4XVGrOCkDbb,Old Treat,vapefriend_cham,4,4,4,0,Female,Yes,16,0,0,0,0,1,0,0,video3_cred_cham,cred_cham,17,3,-0.244943022,3,0,0,1
1852,R_6oiv4XVGrOCkDbb,Old Treat,vapefriend_fab,4,4,4,0,Female,Yes,16,0,0,0,0,1,0,0,video4_cred_fab,cred_fab,17,4,-0.244943022,3,0,0,1
1853,R_6oiv4XVGrOCkDbb,Old Treat,vapefriend_mae,4,4,4,0,Female,Yes,16,0,0,0,0,1,0,0,video5_cred_mae,cred_mae,10,5,-0.547094544,3,0,0,0
1854,R_6oiv4XVGrOCkDbb,Old Treat,vapefriend_zanx,4,4,4,0,Female,Yes,16,0,0,0,0,1,0,0,video6_cred_zanx,cred_zanx,26,6,0.143537506,3,0,0,1
1855,R_6po3sbOrtbpaPBQ,Old Treat,vapefriend_aby,2,4,2,1,Female,Yes,16,0,0,0,0,0,0,1,video1_cred_aby,cred_aby,0,1,-0.978739575,1,0,0,0
1856,R_6po3sbOrtbpaPBQ,Old Treat,vapefriend_anna,2,4,2,1,Female,Yes,16,0,0,0,0,0,0,1,video2_cred_anna,cred_anna,1,2,-0.935575072,1,0,0,0
1857,R_6po3sbOrtbpaPBQ,Old Treat,vapefriend_cham,4,4,4,0,Female,Yes,16,0,0,0,0,0,0,1,video3_cred_cham,cred_cham,0,3,-0.978739575,1,0,0,0
1858,R_6po3sbOrtbpaPBQ,Old Treat,vapefriend_fab,4,4,3,1,Female,Yes,16,0,0,0,0,0,0,1,video4_cred_fab,cred_fab,0,4,-0.978739575,1,0,0,0
1859,R_6po3sbOrtbpaPBQ,Old Treat,vapefriend_mae,4,4,4,0,Female,Yes,16,0,0,0,0,0,0,1,video5_cred_mae,cred_mae,0,5,-0.978739575,1,0,0,0
1860,R_6po3sbOrtbpaPBQ,Old Treat,vapefriend_zanx,4,4,4,0,Female,Yes,16,0,0,0,0,0,0,1,video6_cred_zanx,cred_zanx,0,6,-0.978739575,1,0,0,0
1861,R_6ruPXjqLYeaFMvT,Old Treat,vapefriend_aby,4,4,4,0,Female,Yes,14,0,0,0,0,1,1,0,video1_cred_aby,cred_aby,5,1,-0.76291706,1,0,0,0
1862,R_6ruPXjqLYeaFMvT,Old Treat,vapefriend_anna,4,4,4,0,Female,Yes,14,0,0,0,0,1,1,0,video2_cred_anna,cred_anna,8,2,-0.63342355,1,0,0,0
1863,R_6ruPXjqLYeaFMvT,Old Treat,vapefriend_cham,4,4,4,0,Female,Yes,14,0,0,0,0,1,1,0,video3_cred_cham,cred_cham,4,3,-0.806081563,1,0,0,0
1864,R_6ruPXjqLYeaFMvT,Old Treat,vapefriend_fab,4,4,4,0,Female,Yes,14,0,0,0,0,1,1,0,video4_cred_fab,cred_fab,6,4,-0.719752556,1,0,0,0
1865,R_6ruPXjqLYeaFMvT,Old Treat,vapefriend_mae,4,4,4,0,Female,Yes,14,0,0,0,0,1,1,0,video5_cred_mae,cred_mae,8,5,-0.63342355,1,0,0,0
1866,R_6ruPXjqLYeaFMvT,Old Treat,vapefriend_zanx,4,4,4,0,Female,Yes,14,0,0,0,0,1,1,0,video6_cred_zanx,cred_zanx,10,6,-0.547094544,1,0,0,0
1867,R_6sRYgVD9TzIz00v,Young Treat,vapefriend_aby,4,4,4,0,Female,No,17,0,0,1,0,0,0,0,video1_cred_aby,cred_aby,37,1,0.618347041,1,0,0,1
1868,R_6sRYgVD9TzIz00v,Young Treat,vapefriend_anna,4,4,4,0,Female,No,17,0,0,1,0,0,0,0,video2_cred_anna,cred_anna,41,2,0.791005053,1,0,0,1
1869,R_6sRYgVD9TzIz00v,Young Treat,vapefriend_cham,4,4,4,0,Female,No,17,0,0,1,0,0,0,0,video3_cred_cham,cred_cham,45,3,0.963663066,1,0,0,1
1870,R_6sRYgVD9TzIz00v,Young Treat,vapefriend_fab,4,4,4,0,Female,No,17,0,0,1,0,0,0,0,video4_cred_fab,cred_fab,39,4,0.704676047,1,0,0,1
1871,R_6sRYgVD9TzIz00v,Young Treat,vapefriend_mae,4,4,4,0,Female,No,17,0,0,1,0,0,0,0,video5_cred_mae,cred_mae,44,5,0.920498563,1,0,0,1
1872,R_6sRYgVD9TzIz00v,Young Treat,vapefriend_zanx,4,4,4,0,Female,No,17,0,0,1,0,0,0,0,video6_cred_zanx,cred_zanx,50,6,1.179485582,1,0,0,1
1873,R_6shlqJbcbFzDgcg,Young Treat,vapefriend_aby,3,3,3,1,Female,Yes,16,0,0,1,0,1,0,1,video1_cred_aby,cred_aby,13,1,-0.417601034,1,0,0,0
1874,R_6shlqJbcbFzDgcg,Young Treat,vapefriend_anna,3,3,3,1,Female,Yes,16,0,0,1,0,1,0,1,video2_cred_anna,cred_anna,11,2,-0.503930041,1,0,0,0
1875,R_6shlqJbcbFzDgcg,Young Treat,vapefriend_cham,3,3,3,1,Female,Yes,16,0,0,1,0,1,0,1,video3_cred_cham,cred_cham,38,3,0.661511544,1,0,0,1
1876,R_6shlqJbcbFzDgcg,Young Treat,vapefriend_fab,3,3,3,1,Female,Yes,16,0,0,1,0,1,0,1,video4_cred_fab,cred_fab,12,4,-0.460765538,1,0,0,0
1877,R_6shlqJbcbFzDgcg,Young Treat,vapefriend_mae,3,3,3,1,Female,Yes,16,0,0,1,0,1,0,1,video5_cred_mae,cred_mae,10,5,-0.547094544,1,0,0,0
1878,R_6shlqJbcbFzDgcg,Young Treat,vapefriend_zanx,3,3,3,1,Female,Yes,16,0,0,1,0,1,0,1,video6_cred_zanx,cred_zanx,5,6,-0.76291706,1,0,0,0
1879,R_6stPnbZJpfR4Zxx,Old Control,vapefriend_aby,4,4,4,0,Female,No,15,0,0,1,0,0,0,0,video1_cred_aby,cred_aby,13,1,-0.417601034,3,0,0,0
1880,R_6stPnbZJpfR4Zxx,Old Control,vapefriend_anna,4,4,4,0,Female,No,15,0,0,1,0,0,0,0,video2_cred_anna,cred_anna,8,2,-0.63342355,3,0,0,0
1881,R_6stPnbZJpfR4Zxx,Old Control,vapefriend_cham,4,4,4,0,Female,No,15,0,0,1,0,0,0,0,video3_cred_cham,cred_cham,15,3,-0.331272028,3,0,0,1
1882,R_6stPnbZJpfR4Zxx,Old Control,vapefriend_fab,4,4,4,0,Female,No,15,0,0,1,0,0,0,0,video4_cred_fab,cred_fab,8,4,-0.63342355,3,0,0,0
1883,R_6stPnbZJpfR4Zxx,Old Control,vapefriend_mae,4,4,4,0,Female,No,15,0,0,1,0,0,0,0,video5_cred_mae,cred_mae,56,5,1.4384726,3,0,0,1
1884,R_6stPnbZJpfR4Zxx,Old Control,vapefriend_zanx,4,4,4,0,Female,No,15,0,0,1,0,0,0,0,video6_cred_zanx,cred_zanx,NA,6,NA,3,0,0,NA
1885,R_6swOj8GzsG53bgd,Old Treat,vapefriend_aby,4,4,4,0,Female,NA,16,0,0,0,0,1,0,0,video1_cred_aby,cred_aby,0,1,-0.978739575,1,0,0,0
1886,R_6swOj8GzsG53bgd,Old Treat,vapefriend_anna,4,4,4,0,Female,NA,16,0,0,0,0,1,0,0,video2_cred_anna,cred_anna,0,2,-0.978739575,1,0,0,0
1887,R_6swOj8GzsG53bgd,Old Treat,vapefriend_cham,4,4,4,0,Female,NA,16,0,0,0,0,1,0,0,video3_cred_cham,cred_cham,0,3,-0.978739575,1,0,0,0
1888,R_6swOj8GzsG53bgd,Old Treat,vapefriend_fab,4,4,4,0,Female,NA,16,0,0,0,0,1,0,0,video4_cred_fab,cred_fab,0,4,-0.978739575,1,0,0,0
1889,R_6swOj8GzsG53bgd,Old Treat,vapefriend_mae,4,4,4,0,Female,NA,16,0,0,0,0,1,0,0,video5_cred_mae,cred_mae,0,5,-0.978739575,1,0,0,0
1890,R_6swOj8GzsG53bgd,Old Treat,vapefriend_zanx,4,4,4,0,Female,NA,16,0,0,0,0,1,0,0,video6_cred_zanx,cred_zanx,1,6,-0.935575072,1,0,0,0
1891,R_6u2nw9Glg0dswaR,Young Control,vapefriend_aby,4,4,4,0,Female,Yes,17,1,0,0,0,0,1,0,video1_cred_aby,cred_aby,0,1,-0.978739575,1,0,0,0
1892,R_6u2nw9Glg0dswaR,Young Control,vapefriend_anna,4,4,4,0,Female,Yes,17,1,0,0,0,0,1,0,video2_cred_anna,cred_anna,7,2,-0.676588053,1,0,0,0
1893,R_6u2nw9Glg0dswaR,Young Control,vapefriend_cham,4,4,4,0,Female,Yes,17,1,0,0,0,0,1,0,video3_cred_cham,cred_cham,15,3,-0.331272028,1,0,0,1
1894,R_6u2nw9Glg0dswaR,Young Control,vapefriend_fab,4,4,4,0,Female,Yes,17,1,0,0,0,0,1,0,video4_cred_fab,cred_fab,0,4,-0.978739575,1,0,0,0
1895,R_6u2nw9Glg0dswaR,Young Control,vapefriend_mae,4,4,4,0,Female,Yes,17,1,0,0,0,0,1,0,video5_cred_mae,cred_mae,2,5,-0.892410569,1,0,0,0
1896,R_6u2nw9Glg0dswaR,Young Control,vapefriend_zanx,4,4,4,0,Female,Yes,17,1,0,0,0,0,1,0,video6_cred_zanx,cred_zanx,2,6,-0.892410569,1,0,0,0
1897,R_6uJVa7kBXFV3zee,Old Control,vapefriend_aby,4,4,4,0,Female,No,14,0,0,1,0,0,0,0,video1_cred_aby,cred_aby,NA,1,NA,1,0,0,NA
1898,R_6uJVa7kBXFV3zee,Old Control,vapefriend_anna,4,4,4,0,Female,No,14,0,0,1,0,0,0,0,video2_cred_anna,cred_anna,NA,2,NA,1,0,0,NA
1899,R_6uJVa7kBXFV3zee,Old Control,vapefriend_cham,4,4,4,0,Female,No,14,0,0,1,0,0,0,0,video3_cred_cham,cred_cham,NA,3,NA,1,0,0,NA
1900,R_6uJVa7kBXFV3zee,Old Control,vapefriend_fab,4,4,4,0,Female,No,14,0,0,1,0,0,0,0,video4_cred_fab,cred_fab,NA,4,NA,1,0,0,NA
1901,R_6uJVa7kBXFV3zee,Old Control,vapefriend_mae,4,4,4,0,Female,No,14,0,0,1,0,0,0,0,video5_cred_mae,cred_mae,NA,5,NA,1,0,0,NA
1902,R_6uJVa7kBXFV3zee,Old Control,vapefriend_zanx,4,4,4,0,Female,No,14,0,0,1,0,0,0,0,video6_cred_zanx,cred_zanx,NA,6,NA,1,0,0,NA
1903,R_6wFbxo9V7jdtuu2,Old Treat,vapefriend_aby,4,4,4,0,Male,Yes,14,0,0,0,0,0,0,0,video1_cred_aby,cred_aby,0,1,-0.978739575,1,0,0,0
1904,R_6wFbxo9V7jdtuu2,Old Treat,vapefriend_anna,4,4,4,0,Male,Yes,14,0,0,0,0,0,0,0,video2_cred_anna,cred_anna,5,2,-0.76291706,1,0,0,0
1905,R_6wFbxo9V7jdtuu2,Old Treat,vapefriend_cham,4,4,4,0,Male,Yes,14,0,0,0,0,0,0,0,video3_cred_cham,cred_cham,0,3,-0.978739575,1,0,0,0
1906,R_6wFbxo9V7jdtuu2,Old Treat,vapefriend_fab,4,4,4,0,Male,Yes,14,0,0,0,0,0,0,0,video4_cred_fab,cred_fab,0,4,-0.978739575,1,0,0,0
1907,R_6wFbxo9V7jdtuu2,Old Treat,vapefriend_mae,4,4,4,0,Male,Yes,14,0,0,0,0,0,0,0,video5_cred_mae,cred_mae,2,5,-0.892410569,1,0,0,0
1908,R_6wFbxo9V7jdtuu2,Old Treat,vapefriend_zanx,4,4,4,0,Male,Yes,14,0,0,0,0,0,0,0,video6_cred_zanx,cred_zanx,0,6,-0.978739575,1,0,0,0
1909,R_6xHXYzBZmYzIgkF,Old Control,vapefriend_aby,4,4,4,0,Male,No,15,0,0,0,0,1,1,0,video1_cred_aby,cred_aby,0,1,-0.978739575,3,0,0,0
1910,R_6xHXYzBZmYzIgkF,Old Control,vapefriend_anna,4,4,4,0,Male,No,15,0,0,0,0,1,1,0,video2_cred_anna,cred_anna,0,2,-0.978739575,3,0,0,0
1911,R_6xHXYzBZmYzIgkF,Old Control,vapefriend_cham,4,4,4,0,Male,No,15,0,0,0,0,1,1,0,video3_cred_cham,cred_cham,9,3,-0.590259047,3,0,0,0
1912,R_6xHXYzBZmYzIgkF,Old Control,vapefriend_fab,4,4,4,0,Male,No,15,0,0,0,0,1,1,0,video4_cred_fab,cred_fab,0,4,-0.978739575,3,0,0,0
1913,R_6xHXYzBZmYzIgkF,Old Control,vapefriend_mae,4,4,4,0,Male,No,15,0,0,0,0,1,1,0,video5_cred_mae,cred_mae,0,5,-0.978739575,3,0,0,0
1914,R_6xHXYzBZmYzIgkF,Old Control,vapefriend_zanx,4,4,4,0,Male,No,15,0,0,0,0,1,1,0,video6_cred_zanx,cred_zanx,0,6,-0.978739575,3,0,0,0
1915,R_6zGf6bSUHITh2a3,Old Treat,vapefriend_aby,4,4,4,0,Female,Yes,15,0,0,0,0,1,0,0,video1_cred_aby,cred_aby,3,1,-0.849246066,1,0,0,0
1916,R_6zGf6bSUHITh2a3,Old Treat,vapefriend_anna,4,4,4,0,Female,Yes,15,0,0,0,0,1,0,0,video2_cred_anna,cred_anna,11,2,-0.503930041,1,0,0,0
1917,R_6zGf6bSUHITh2a3,Old Treat,vapefriend_cham,4,4,4,0,Female,Yes,15,0,0,0,0,1,0,0,video3_cred_cham,cred_cham,6,3,-0.719752556,1,0,0,0
1918,R_6zGf6bSUHITh2a3,Old Treat,vapefriend_fab,4,4,4,0,Female,Yes,15,0,0,0,0,1,0,0,video4_cred_fab,cred_fab,0,4,-0.978739575,1,0,0,0
1919,R_6zGf6bSUHITh2a3,Old Treat,vapefriend_mae,4,4,4,0,Female,Yes,15,0,0,0,0,1,0,0,video5_cred_mae,cred_mae,10,5,-0.547094544,1,0,0,0
1920,R_6zGf6bSUHITh2a3,Old Treat,vapefriend_zanx,4,4,4,0,Female,Yes,15,0,0,0,0,1,0,0,video6_cred_zanx,cred_zanx,9,6,-0.590259047,1,0,0,0
1921,R_6zWFKAPO2yrL44h,Old Treat,vapefriend_aby,3,4,4,1,Male,Yes,15,1,0,0,0,0,0,1,video1_cred_aby,cred_aby,0,1,-0.978739575,1,0,0,0
1922,R_6zWFKAPO2yrL44h,Old Treat,vapefriend_anna,3,4,3,1,Male,Yes,15,1,0,0,0,0,0,1,video2_cred_anna,cred_anna,0,2,-0.978739575,1,0,0,0
1923,R_6zWFKAPO2yrL44h,Old Treat,vapefriend_cham,4,4,4,0,Male,Yes,15,1,0,0,0,0,0,1,video3_cred_cham,cred_cham,0,3,-0.978739575,1,0,0,0
1924,R_6zWFKAPO2yrL44h,Old Treat,vapefriend_fab,3,4,4,1,Male,Yes,15,1,0,0,0,0,0,1,video4_cred_fab,cred_fab,0,4,-0.978739575,1,0,0,0
1925,R_6zWFKAPO2yrL44h,Old Treat,vapefriend_mae,4,4,4,0,Male,Yes,15,1,0,0,0,0,0,1,video5_cred_mae,cred_mae,0,5,-0.978739575,1,0,0,0
1926,R_6zWFKAPO2yrL44h,Old Treat,vapefriend_zanx,3,4,4,1,Male,Yes,15,1,0,0,0,0,0,1,video6_cred_zanx,cred_zanx,0,6,-0.978739575,1,0,0,0
1927,R_6zfFFkkIiGI7thT,Old Control,vapefriend_aby,3,3,2,1,Female,No,15,0,0,1,0,0,0,1,video1_cred_aby,cred_aby,21,1,-0.072285009,1,0,0,1
1928,R_6zfFFkkIiGI7thT,Old Control,vapefriend_anna,3,3,2,1,Female,No,15,0,0,1,0,0,0,1,video2_cred_anna,cred_anna,50,2,1.179485582,1,0,0,1
1929,R_6zfFFkkIiGI7thT,Old Control,vapefriend_cham,3,3,3,1,Female,No,15,0,0,1,0,0,0,1,video3_cred_cham,cred_cham,9,3,-0.590259047,1,0,0,0
1930,R_6zfFFkkIiGI7thT,Old Control,vapefriend_fab,3,3,3,1,Female,No,15,0,0,1,0,0,0,1,video4_cred_fab,cred_fab,32,4,0.402524525,1,0,0,1
1931,R_6zfFFkkIiGI7thT,Old Control,vapefriend_mae,2,3,2,1,Female,No,15,0,0,1,0,0,0,1,video5_cred_mae,cred_mae,18,5,-0.201778519,1,0,0,1
1932,R_6zfFFkkIiGI7thT,Old Control,vapefriend_zanx,3,3,2,1,Female,No,15,0,0,1,0,0,0,1,video6_cred_zanx,cred_zanx,39,6,0.704676047,1,0,0,1
1933,R_71zObVflpw2qLAd,Young Control,vapefriend_aby,4,4,4,0,Male,Yes,17,0,0,0,0,1,0,1,video1_cred_aby,cred_aby,0,1,-0.978739575,1,0,0,0
1934,R_71zObVflpw2qLAd,Young Control,vapefriend_anna,2,2,2,1,Male,Yes,17,0,0,0,0,1,0,1,video2_cred_anna,cred_anna,40,2,0.74784055,1,0,0,1
1935,R_71zObVflpw2qLAd,Young Control,vapefriend_cham,2,3,2,1,Male,Yes,17,0,0,0,0,1,0,1,video3_cred_cham,cred_cham,0,3,-0.978739575,1,0,0,0
1936,R_71zObVflpw2qLAd,Young Control,vapefriend_fab,4,4,4,0,Male,Yes,17,0,0,0,0,1,0,1,video4_cred_fab,cred_fab,0,4,-0.978739575,1,0,0,0
1937,R_71zObVflpw2qLAd,Young Control,vapefriend_mae,3,3,4,1,Male,Yes,17,0,0,0,0,1,0,1,video5_cred_mae,cred_mae,0,5,-0.978739575,1,0,0,0
1938,R_71zObVflpw2qLAd,Young Control,vapefriend_zanx,4,4,4,0,Male,Yes,17,0,0,0,0,1,0,1,video6_cred_zanx,cred_zanx,0,6,-0.978739575,1,0,0,0
1939,R_731sQYqi9ZABJvc,Old Treat,vapefriend_aby,4,4,4,0,Female,Yes,16,0,0,0,0,1,0,1,video1_cred_aby,cred_aby,0,1,-0.978739575,1,0,0,0
1940,R_731sQYqi9ZABJvc,Old Treat,vapefriend_anna,4,4,4,0,Female,Yes,16,0,0,0,0,1,0,1,video2_cred_anna,cred_anna,0,2,-0.978739575,1,0,0,0
1941,R_731sQYqi9ZABJvc,Old Treat,vapefriend_cham,4,4,4,0,Female,Yes,16,0,0,0,0,1,0,1,video3_cred_cham,cred_cham,0,3,-0.978739575,1,0,0,0
1942,R_731sQYqi9ZABJvc,Old Treat,vapefriend_fab,4,4,4,0,Female,Yes,16,0,0,0,0,1,0,1,video4_cred_fab,cred_fab,10,4,-0.547094544,1,0,0,0
1943,R_731sQYqi9ZABJvc,Old Treat,vapefriend_mae,4,4,4,0,Female,Yes,16,0,0,0,0,1,0,1,video5_cred_mae,cred_mae,0,5,-0.978739575,1,0,0,0
1944,R_731sQYqi9ZABJvc,Old Treat,vapefriend_zanx,4,4,4,0,Female,Yes,16,0,0,0,0,1,0,1,video6_cred_zanx,cred_zanx,0,6,-0.978739575,1,0,0,0
1945,R_73Wt1BPsnW5PD9F,Young Treat,vapefriend_aby,NA,NA,NA,NA,Male,No,17,1,0,0,0,0,0,0,video1_cred_aby,cred_aby,0,1,-0.978739575,NA,0,0,0
1946,R_73Wt1BPsnW5PD9F,Young Treat,vapefriend_anna,NA,NA,NA,NA,Male,No,17,1,0,0,0,0,0,0,video2_cred_anna,cred_anna,0,2,-0.978739575,NA,0,0,0
1947,R_73Wt1BPsnW5PD9F,Young Treat,vapefriend_cham,4,4,4,0,Male,No,17,1,0,0,0,0,0,0,video3_cred_cham,cred_cham,0,3,-0.978739575,NA,0,0,0
1948,R_73Wt1BPsnW5PD9F,Young Treat,vapefriend_fab,NA,NA,NA,NA,Male,No,17,1,0,0,0,0,0,0,video4_cred_fab,cred_fab,0,4,-0.978739575,NA,0,0,0
1949,R_73Wt1BPsnW5PD9F,Young Treat,vapefriend_mae,NA,NA,NA,NA,Male,No,17,1,0,0,0,0,0,0,video5_cred_mae,cred_mae,0,5,-0.978739575,NA,0,0,0
1950,R_73Wt1BPsnW5PD9F,Young Treat,vapefriend_zanx,4,4,4,0,Male,No,17,1,0,0,0,0,0,0,video6_cred_zanx,cred_zanx,0,6,-0.978739575,NA,0,0,0
1951,R_73lDp3fTlkwGKJ3,Old Treat,vapefriend_aby,4,4,4,0,Male,Yes,14,0,0,0,0,1,0,0,video1_cred_aby,cred_aby,0,1,-0.978739575,1,0,0,0
1952,R_73lDp3fTlkwGKJ3,Old Treat,vapefriend_anna,4,4,4,0,Male,Yes,14,0,0,0,0,1,0,0,video2_cred_anna,cred_anna,0,2,-0.978739575,1,0,0,0
1953,R_73lDp3fTlkwGKJ3,Old Treat,vapefriend_cham,4,4,4,0,Male,Yes,14,0,0,0,0,1,0,0,video3_cred_cham,cred_cham,0,3,-0.978739575,1,0,0,0
1954,R_73lDp3fTlkwGKJ3,Old Treat,vapefriend_fab,4,4,4,0,Male,Yes,14,0,0,0,0,1,0,0,video4_cred_fab,cred_fab,0,4,-0.978739575,1,0,0,0
1955,R_73lDp3fTlkwGKJ3,Old Treat,vapefriend_mae,4,4,4,0,Male,Yes,14,0,0,0,0,1,0,0,video5_cred_mae,cred_mae,0,5,-0.978739575,1,0,0,0
1956,R_73lDp3fTlkwGKJ3,Old Treat,vapefriend_zanx,4,4,4,0,Male,Yes,14,0,0,0,0,1,0,0,video6_cred_zanx,cred_zanx,10,6,-0.547094544,1,0,0,0
1957,R_777kfFRIVjY8tMa,Old Control,vapefriend_aby,4,4,4,0,Female,Yes,16,0,0,0,0,1,1,1,video1_cred_aby,cred_aby,47,1,1.049992072,3,0,0,1
1958,R_777kfFRIVjY8tMa,Old Control,vapefriend_anna,4,4,4,0,Female,Yes,16,0,0,0,0,1,1,1,video2_cred_anna,cred_anna,28,2,0.229866513,3,0,0,1
1959,R_777kfFRIVjY8tMa,Old Control,vapefriend_cham,4,4,4,0,Female,Yes,16,0,0,0,0,1,1,1,video3_cred_cham,cred_cham,45,3,0.963663066,3,0,0,1
1960,R_777kfFRIVjY8tMa,Old Control,vapefriend_fab,4,4,3,1,Female,Yes,16,0,0,0,0,1,1,1,video4_cred_fab,cred_fab,17,4,-0.244943022,3,0,0,1
1961,R_777kfFRIVjY8tMa,Old Control,vapefriend_mae,4,4,4,0,Female,Yes,16,0,0,0,0,1,1,1,video5_cred_mae,cred_mae,30,5,0.316195519,3,0,0,1
1962,R_777kfFRIVjY8tMa,Old Control,vapefriend_zanx,4,4,4,0,Female,Yes,16,0,0,0,0,1,1,1,video6_cred_zanx,cred_zanx,24,6,0.0572085,3,0,0,1
1963,R_778v3mC8m5sVvC9,Old Treat,vapefriend_aby,4,4,4,0,Female,No,16,0,0,1,0,0,0,0,video1_cred_aby,cred_aby,0,1,-0.978739575,1,0,0,0
1964,R_778v3mC8m5sVvC9,Old Treat,vapefriend_anna,4,4,4,0,Female,No,16,0,0,1,0,0,0,0,video2_cred_anna,cred_anna,0,2,-0.978739575,1,0,0,0
1965,R_778v3mC8m5sVvC9,Old Treat,vapefriend_cham,4,4,4,0,Female,No,16,0,0,1,0,0,0,0,video3_cred_cham,cred_cham,0,3,-0.978739575,1,0,0,0
1966,R_778v3mC8m5sVvC9,Old Treat,vapefriend_fab,4,4,4,0,Female,No,16,0,0,1,0,0,0,0,video4_cred_fab,cred_fab,0,4,-0.978739575,1,0,0,0
1967,R_778v3mC8m5sVvC9,Old Treat,vapefriend_mae,4,4,4,0,Female,No,16,0,0,1,0,0,0,0,video5_cred_mae,cred_mae,6,5,-0.719752556,1,0,0,0
1968,R_778v3mC8m5sVvC9,Old Treat,vapefriend_zanx,4,4,4,0,Female,No,16,0,0,1,0,0,0,0,video6_cred_zanx,cred_zanx,0,6,-0.978739575,1,0,0,0
1969,R_78Vo2qt2Ka9OPLz,Young Treat,vapefriend_aby,4,4,4,0,Female,No,17,0,0,0,0,1,1,0,video1_cred_aby,cred_aby,7,1,-0.676588053,1,0,0,0
1970,R_78Vo2qt2Ka9OPLz,Young Treat,vapefriend_anna,4,4,4,0,Female,No,17,0,0,0,0,1,1,0,video2_cred_anna,cred_anna,7,2,-0.676588053,1,0,0,0
1971,R_78Vo2qt2Ka9OPLz,Young Treat,vapefriend_cham,4,4,4,0,Female,No,17,0,0,0,0,1,1,0,video3_cred_cham,cred_cham,9,3,-0.590259047,1,0,0,0
1972,R_78Vo2qt2Ka9OPLz,Young Treat,vapefriend_fab,4,4,4,0,Female,No,17,0,0,0,0,1,1,0,video4_cred_fab,cred_fab,9,4,-0.590259047,1,0,0,0
1973,R_78Vo2qt2Ka9OPLz,Young Treat,vapefriend_mae,4,4,4,0,Female,No,17,0,0,0,0,1,1,0,video5_cred_mae,cred_mae,9,5,-0.590259047,1,0,0,0
1974,R_78Vo2qt2Ka9OPLz,Young Treat,vapefriend_zanx,4,4,4,0,Female,No,17,0,0,0,0,1,1,0,video6_cred_zanx,cred_zanx,0,6,-0.978739575,1,0,0,0
1975,R_790OXqMpo29I356,Old Treat,vapefriend_aby,2,3,2,1,Female,No,16,1,0,0,0,0,0,1,video1_cred_aby,cred_aby,82,1,2.560749682,3,1,1,1
1976,R_790OXqMpo29I356,Old Treat,vapefriend_anna,2,2,2,1,Female,No,16,1,0,0,0,0,0,1,video2_cred_anna,cred_anna,73,2,2.172269154,3,1,1,1
1977,R_790OXqMpo29I356,Old Treat,vapefriend_cham,3,3,2,1,Female,No,16,1,0,0,0,0,0,1,video3_cred_cham,cred_cham,68,3,1.956446638,3,1,1,1
1978,R_790OXqMpo29I356,Old Treat,vapefriend_fab,3,2,2,1,Female,No,16,1,0,0,0,0,0,1,video4_cred_fab,cred_fab,61,4,1.654295116,3,1,1,1
1979,R_790OXqMpo29I356,Old Treat,vapefriend_mae,3,2,2,1,Female,No,16,1,0,0,0,0,0,1,video5_cred_mae,cred_mae,68,5,1.956446638,3,1,1,1
1980,R_790OXqMpo29I356,Old Treat,vapefriend_zanx,2,2,2,1,Female,No,16,1,0,0,0,0,0,1,video6_cred_zanx,cred_zanx,68,6,1.956446638,3,1,1,1
1981,R_79oanr9b8RFGVLo,Young Treat,vapefriend_aby,4,4,4,0,Female,No,16,0,1,0,0,0,0,0,video1_cred_aby,cred_aby,76,1,2.301762663,1,0,0,1
1982,R_79oanr9b8RFGVLo,Young Treat,vapefriend_anna,4,4,4,0,Female,No,16,0,1,0,0,0,0,0,video2_cred_anna,cred_anna,38,2,0.661511544,1,0,0,1
1983,R_79oanr9b8RFGVLo,Young Treat,vapefriend_cham,4,4,4,0,Female,No,16,0,1,0,0,0,0,0,video3_cred_cham,cred_cham,100,3,3.337710738,1,0,0,1
1984,R_79oanr9b8RFGVLo,Young Treat,vapefriend_fab,4,4,4,0,Female,No,16,0,1,0,0,0,0,0,video4_cred_fab,cred_fab,100,4,3.337710738,1,0,0,1
1985,R_79oanr9b8RFGVLo,Young Treat,vapefriend_mae,4,4,4,0,Female,No,16,0,1,0,0,0,0,0,video5_cred_mae,cred_mae,77,5,2.344927166,1,0,0,1
1986,R_79oanr9b8RFGVLo,Young Treat,vapefriend_zanx,4,4,4,0,Female,No,16,0,1,0,0,0,0,0,video6_cred_zanx,cred_zanx,21,6,-0.072285009,1,0,0,1
1987,R_79rYanmms9i0vsx,Old Treat,vapefriend_aby,4,4,4,0,Female,Yes,14,0,0,0,1,0,0,1,video1_cred_aby,cred_aby,NA,1,NA,1,0,0,NA
1988,R_79rYanmms9i0vsx,Old Treat,vapefriend_anna,4,4,4,0,Female,Yes,14,0,0,0,1,0,0,1,video2_cred_anna,cred_anna,NA,2,NA,1,0,0,NA
1989,R_79rYanmms9i0vsx,Old Treat,vapefriend_cham,4,4,4,0,Female,Yes,14,0,0,0,1,0,0,1,video3_cred_cham,cred_cham,NA,3,NA,1,0,0,NA
1990,R_79rYanmms9i0vsx,Old Treat,vapefriend_fab,4,4,4,0,Female,Yes,14,0,0,0,1,0,0,1,video4_cred_fab,cred_fab,NA,4,NA,1,0,0,NA
1991,R_79rYanmms9i0vsx,Old Treat,vapefriend_mae,4,4,4,0,Female,Yes,14,0,0,0,1,0,0,1,video5_cred_mae,cred_mae,NA,5,NA,1,0,0,NA
1992,R_79rYanmms9i0vsx,Old Treat,vapefriend_zanx,4,4,4,0,Female,Yes,14,0,0,0,1,0,0,1,video6_cred_zanx,cred_zanx,NA,6,NA,1,0,0,NA
1993,R_7B6KbfULaobzATn,Old Control,vapefriend_aby,4,4,4,0,Female,No,16,0,0,1,0,0,0,1,video1_cred_aby,cred_aby,0,1,-0.978739575,1,0,0,0
1994,R_7B6KbfULaobzATn,Old Control,vapefriend_anna,4,4,4,0,Female,No,16,0,0,1,0,0,0,1,video2_cred_anna,cred_anna,0,2,-0.978739575,1,0,0,0
1995,R_7B6KbfULaobzATn,Old Control,vapefriend_cham,4,4,4,0,Female,No,16,0,0,1,0,0,0,1,video3_cred_cham,cred_cham,0,3,-0.978739575,1,0,0,0
1996,R_7B6KbfULaobzATn,Old Control,vapefriend_fab,4,4,4,0,Female,No,16,0,0,1,0,0,0,1,video4_cred_fab,cred_fab,0,4,-0.978739575,1,0,0,0
1997,R_7B6KbfULaobzATn,Old Control,vapefriend_mae,4,4,4,0,Female,No,16,0,0,1,0,0,0,1,video5_cred_mae,cred_mae,0,5,-0.978739575,1,0,0,0
1998,R_7B6KbfULaobzATn,Old Control,vapefriend_zanx,4,4,4,0,Female,No,16,0,0,1,0,0,0,1,video6_cred_zanx,cred_zanx,0,6,-0.978739575,1,0,0,0
1999,R_7CxkpyW8l7r8rhj,Old Control,vapefriend_aby,4,4,4,0,Female,No,15,1,0,0,0,1,1,1,video1_cred_aby,cred_aby,0,1,-0.978739575,1,0,0,0
2000,R_7CxkpyW8l7r8rhj,Old Control,vapefriend_anna,4,4,4,0,Female,No,15,1,0,0,0,1,1,1,video2_cred_anna,cred_anna,0,2,-0.978739575,1,0,0,0
2001,R_7CxkpyW8l7r8rhj,Old Control,vapefriend_cham,4,4,4,0,Female,No,15,1,0,0,0,1,1,1,video3_cred_cham,cred_cham,0,3,-0.978739575,1,0,0,0
2002,R_7CxkpyW8l7r8rhj,Old Control,vapefriend_fab,3,4,3,1,Female,No,15,1,0,0,0,1,1,1,video4_cred_fab,cred_fab,0,4,-0.978739575,1,0,0,0
2003,R_7CxkpyW8l7r8rhj,Old Control,vapefriend_mae,4,4,4,0,Female,No,15,1,0,0,0,1,1,1,video5_cred_mae,cred_mae,0,5,-0.978739575,1,0,0,0
2004,R_7CxkpyW8l7r8rhj,Old Control,vapefriend_zanx,4,4,3,1,Female,No,15,1,0,0,0,1,1,1,video6_cred_zanx,cred_zanx,0,6,-0.978739575,1,0,0,0
2005,R_7D059b8lwwQM8rV,Young Treat,vapefriend_aby,4,4,4,0,Male,Yes,17,0,1,0,0,0,1,1,video1_cred_aby,cred_aby,59,1,1.56796611,2,0,0,1
2006,R_7D059b8lwwQM8rV,Young Treat,vapefriend_anna,4,4,4,0,Male,Yes,17,0,1,0,0,0,1,1,video2_cred_anna,cred_anna,58,2,1.524801607,2,0,0,1
2007,R_7D059b8lwwQM8rV,Young Treat,vapefriend_cham,4,4,4,0,Male,Yes,17,0,1,0,0,0,1,1,video3_cred_cham,cred_cham,53,3,1.308979091,2,0,0,1
2008,R_7D059b8lwwQM8rV,Young Treat,vapefriend_fab,3,4,4,1,Male,Yes,17,0,1,0,0,0,1,1,video4_cred_fab,cred_fab,71,4,2.085940147,2,0,0,1
2009,R_7D059b8lwwQM8rV,Young Treat,vapefriend_mae,3,4,4,1,Male,Yes,17,0,1,0,0,0,1,1,video5_cred_mae,cred_mae,8,5,-0.63342355,2,0,0,0
2010,R_7D059b8lwwQM8rV,Young Treat,vapefriend_zanx,4,4,4,0,Male,Yes,17,0,1,0,0,0,1,1,video6_cred_zanx,cred_zanx,16,6,-0.288107525,2,0,0,1
2011,R_7DCF4dcJEu0dYPd,Old Control,vapefriend_aby,4,4,4,0,Female,Yes,16,0,0,0,0,1,0,0,video1_cred_aby,cred_aby,7,1,-0.676588053,1,0,0,0
2012,R_7DCF4dcJEu0dYPd,Old Control,vapefriend_anna,4,4,4,0,Female,Yes,16,0,0,0,0,1,0,0,video2_cred_anna,cred_anna,7,2,-0.676588053,1,0,0,0
2013,R_7DCF4dcJEu0dYPd,Old Control,vapefriend_cham,4,4,4,0,Female,Yes,16,0,0,0,0,1,0,0,video3_cred_cham,cred_cham,10,3,-0.547094544,1,0,0,0
2014,R_7DCF4dcJEu0dYPd,Old Control,vapefriend_fab,4,4,4,0,Female,Yes,16,0,0,0,0,1,0,0,video4_cred_fab,cred_fab,9,4,-0.590259047,1,0,0,0
2015,R_7DCF4dcJEu0dYPd,Old Control,vapefriend_mae,4,4,4,0,Female,Yes,16,0,0,0,0,1,0,0,video5_cred_mae,cred_mae,8,5,-0.63342355,1,0,0,0
2016,R_7DCF4dcJEu0dYPd,Old Control,vapefriend_zanx,4,4,4,0,Female,Yes,16,0,0,0,0,1,0,0,video6_cred_zanx,cred_zanx,7,6,-0.676588053,1,0,0,0
2017,R_7DOi5zFaR7DyYWc,Old Treat,vapefriend_aby,4,4,4,0,Male,No,17,0,1,0,0,0,1,0,video1_cred_aby,cred_aby,18,1,-0.201778519,3,0,0,1
2018,R_7DOi5zFaR7DyYWc,Old Treat,vapefriend_anna,4,4,4,0,Male,No,17,0,1,0,0,0,1,0,video2_cred_anna,cred_anna,10,2,-0.547094544,3,0,0,0
2019,R_7DOi5zFaR7DyYWc,Old Treat,vapefriend_cham,4,4,4,0,Male,No,17,0,1,0,0,0,1,0,video3_cred_cham,cred_cham,10,3,-0.547094544,3,0,0,0
2020,R_7DOi5zFaR7DyYWc,Old Treat,vapefriend_fab,4,4,4,0,Male,No,17,0,1,0,0,0,1,0,video4_cred_fab,cred_fab,10,4,-0.547094544,3,0,0,0
2021,R_7DOi5zFaR7DyYWc,Old Treat,vapefriend_mae,4,4,4,0,Male,No,17,0,1,0,0,0,1,0,video5_cred_mae,cred_mae,20,5,-0.115449513,3,0,0,1
2022,R_7DOi5zFaR7DyYWc,Old Treat,vapefriend_zanx,4,4,4,0,Male,No,17,0,1,0,0,0,1,0,video6_cred_zanx,cred_zanx,30,6,0.316195519,3,0,0,1
2023,R_7DckEo8BGUkq542,Young Control,vapefriend_aby,4,4,4,0,Female,No,15,0,0,1,0,1,0,0,video1_cred_aby,cred_aby,NA,1,NA,1,0,0,NA
2024,R_7DckEo8BGUkq542,Young Control,vapefriend_anna,4,4,4,0,Female,No,15,0,0,1,0,1,0,0,video2_cred_anna,cred_anna,NA,2,NA,1,0,0,NA
2025,R_7DckEo8BGUkq542,Young Control,vapefriend_cham,4,4,4,0,Female,No,15,0,0,1,0,1,0,0,video3_cred_cham,cred_cham,1,3,-0.935575072,1,0,0,0
2026,R_7DckEo8BGUkq542,Young Control,vapefriend_fab,4,4,4,0,Female,No,15,0,0,1,0,1,0,0,video4_cred_fab,cred_fab,NA,4,NA,1,0,0,NA
2027,R_7DckEo8BGUkq542,Young Control,vapefriend_mae,4,4,4,0,Female,No,15,0,0,1,0,1,0,0,video5_cred_mae,cred_mae,NA,5,NA,1,0,0,NA
2028,R_7DckEo8BGUkq542,Young Control,vapefriend_zanx,4,4,4,0,Female,No,15,0,0,1,0,1,0,0,video6_cred_zanx,cred_zanx,2,6,-0.892410569,1,0,0,0
2029,R_7Dqo84mF3K2LzW0,Old Treat,vapefriend_aby,4,4,4,0,Male,Yes,17,0,0,0,0,1,0,1,video1_cred_aby,cred_aby,14,1,-0.374436531,1,0,0,1
2030,R_7Dqo84mF3K2LzW0,Old Treat,vapefriend_anna,4,4,3,1,Male,Yes,17,0,0,0,0,1,0,1,video2_cred_anna,cred_anna,31,2,0.359360022,1,0,0,1
2031,R_7Dqo84mF3K2LzW0,Old Treat,vapefriend_cham,3,3,3,1,Male,Yes,17,0,0,0,0,1,0,1,video3_cred_cham,cred_cham,40,3,0.74784055,1,0,0,1
2032,R_7Dqo84mF3K2LzW0,Old Treat,vapefriend_fab,3,3,3,1,Male,Yes,17,0,0,0,0,1,0,1,video4_cred_fab,cred_fab,19,4,-0.158614016,1,0,0,1
2033,R_7Dqo84mF3K2LzW0,Old Treat,vapefriend_mae,3,3,3,1,Male,Yes,17,0,0,0,0,1,0,1,video5_cred_mae,cred_mae,43,5,0.87733406,1,0,0,1
2034,R_7Dqo84mF3K2LzW0,Old Treat,vapefriend_zanx,4,4,4,0,Male,Yes,17,0,0,0,0,1,0,1,video6_cred_zanx,cred_zanx,24,6,0.0572085,1,0,0,1
2035,R_7DvVhKim5ZgF8U2,Old Treat,vapefriend_aby,4,4,4,0,Female,Yes,14,0,0,0,0,1,0,1,video1_cred_aby,cred_aby,86,1,2.733407695,1,0,0,1
2036,R_7DvVhKim5ZgF8U2,Old Treat,vapefriend_anna,3,4,3,1,Female,Yes,14,0,0,0,0,1,0,1,video2_cred_anna,cred_anna,100,2,3.337710738,1,0,0,1
2037,R_7DvVhKim5ZgF8U2,Old Treat,vapefriend_cham,3,4,4,1,Female,Yes,14,0,0,0,0,1,0,1,video3_cred_cham,cred_cham,59,3,1.56796611,1,0,0,1
2038,R_7DvVhKim5ZgF8U2,Old Treat,vapefriend_fab,4,4,4,0,Female,Yes,14,0,0,0,0,1,0,1,video4_cred_fab,cred_fab,79,4,2.431256173,1,0,0,1
2039,R_7DvVhKim5ZgF8U2,Old Treat,vapefriend_mae,3,4,3,1,Female,Yes,14,0,0,0,0,1,0,1,video5_cred_mae,cred_mae,55,5,1.395308097,1,0,0,1
2040,R_7DvVhKim5ZgF8U2,Old Treat,vapefriend_zanx,4,4,4,0,Female,Yes,14,0,0,0,0,1,0,1,video6_cred_zanx,cred_zanx,75,6,2.25859816,1,0,0,1
2041,R_7EY6Z8PBoeRQdZZ,Old Treat,vapefriend_aby,4,4,4,0,Female,No,16,1,1,0,0,0,0,1,video1_cred_aby,cred_aby,18,1,-0.201778519,1,0,0,1
2042,R_7EY6Z8PBoeRQdZZ,Old Treat,vapefriend_anna,4,4,4,0,Female,No,16,1,1,0,0,0,0,1,video2_cred_anna,cred_anna,39,2,0.704676047,1,0,0,1
2043,R_7EY6Z8PBoeRQdZZ,Old Treat,vapefriend_cham,4,4,4,0,Female,No,16,1,1,0,0,0,0,1,video3_cred_cham,cred_cham,45,3,0.963663066,1,0,0,1
2044,R_7EY6Z8PBoeRQdZZ,Old Treat,vapefriend_fab,4,4,4,0,Female,No,16,1,1,0,0,0,0,1,video4_cred_fab,cred_fab,10,4,-0.547094544,1,0,0,0
2045,R_7EY6Z8PBoeRQdZZ,Old Treat,vapefriend_mae,4,4,4,0,Female,No,16,1,1,0,0,0,0,1,video5_cred_mae,cred_mae,26,5,0.143537506,1,0,0,1
2046,R_7EY6Z8PBoeRQdZZ,Old Treat,vapefriend_zanx,4,4,4,0,Female,No,16,1,1,0,0,0,0,1,video6_cred_zanx,cred_zanx,14,6,-0.374436531,1,0,0,1
2047,R_7Egyd3vuUiyOi89,Old Treat,vapefriend_aby,4,4,4,0,Male,Yes,16,0,0,0,0,0,1,0,video1_cred_aby,cred_aby,60,1,1.611130613,3,0,0,1
2048,R_7Egyd3vuUiyOi89,Old Treat,vapefriend_anna,4,4,4,0,Male,Yes,16,0,0,0,0,0,1,0,video2_cred_anna,cred_anna,35,2,0.532018035,3,0,0,1
2049,R_7Egyd3vuUiyOi89,Old Treat,vapefriend_cham,4,4,4,0,Male,Yes,16,0,0,0,0,0,1,0,video3_cred_cham,cred_cham,60,3,1.611130613,3,0,0,1
2050,R_7Egyd3vuUiyOi89,Old Treat,vapefriend_fab,4,4,4,0,Male,Yes,16,0,0,0,0,0,1,0,video4_cred_fab,cred_fab,60,4,1.611130613,3,0,0,1
2051,R_7Egyd3vuUiyOi89,Old Treat,vapefriend_mae,4,4,4,0,Male,Yes,16,0,0,0,0,0,1,0,video5_cred_mae,cred_mae,60,5,1.611130613,3,0,0,1
2052,R_7Egyd3vuUiyOi89,Old Treat,vapefriend_zanx,4,4,4,0,Male,Yes,16,0,0,0,0,0,1,0,video6_cred_zanx,cred_zanx,50,6,1.179485582,3,0,0,1
2053,R_7Enkqb5QVRrpyjT,Young Control,vapefriend_aby,4,4,4,0,Male,No,14,0,1,0,0,0,0,0,video1_cred_aby,cred_aby,40,1,0.74784055,2,0,0,1
2054,R_7Enkqb5QVRrpyjT,Young Control,vapefriend_anna,4,4,4,0,Male,No,14,0,1,0,0,0,0,0,video2_cred_anna,cred_anna,0,2,-0.978739575,2,0,0,0
2055,R_7Enkqb5QVRrpyjT,Young Control,vapefriend_cham,4,4,4,0,Male,No,14,0,1,0,0,0,0,0,video3_cred_cham,cred_cham,20,3,-0.115449513,2,0,0,1
2056,R_7Enkqb5QVRrpyjT,Young Control,vapefriend_fab,4,4,4,0,Male,No,14,0,1,0,0,0,0,0,video4_cred_fab,cred_fab,30,4,0.316195519,2,0,0,1
2057,R_7Enkqb5QVRrpyjT,Young Control,vapefriend_mae,4,4,4,0,Male,No,14,0,1,0,0,0,0,0,video5_cred_mae,cred_mae,10,5,-0.547094544,2,0,0,0
2058,R_7Enkqb5QVRrpyjT,Young Control,vapefriend_zanx,4,4,4,0,Male,No,14,0,1,0,0,0,0,0,video6_cred_zanx,cred_zanx,40,6,0.74784055,2,0,0,1
2059,R_7FWHYE7nihDDXHz,Young Control,vapefriend_aby,3,4,2,1,Female,No,17,1,0,0,0,0,0,1,video1_cred_aby,cred_aby,32,1,0.402524525,1,0,0,1
2060,R_7FWHYE7nihDDXHz,Young Control,vapefriend_anna,4,4,4,0,Female,No,17,1,0,0,0,0,0,1,video2_cred_anna,cred_anna,44,2,0.920498563,1,0,0,1
2061,R_7FWHYE7nihDDXHz,Young Control,vapefriend_cham,4,4,4,0,Female,No,17,1,0,0,0,0,0,1,video3_cred_cham,cred_cham,30,3,0.316195519,1,0,0,1
2062,R_7FWHYE7nihDDXHz,Young Control,vapefriend_fab,3,4,2,1,Female,No,17,1,0,0,0,0,0,1,video4_cred_fab,cred_fab,53,4,1.308979091,1,0,0,1
2063,R_7FWHYE7nihDDXHz,Young Control,vapefriend_mae,4,4,4,0,Female,No,17,1,0,0,0,0,0,1,video5_cred_mae,cred_mae,44,5,0.920498563,1,0,0,1
2064,R_7FWHYE7nihDDXHz,Young Control,vapefriend_zanx,4,4,4,0,Female,No,17,1,0,0,0,0,0,1,video6_cred_zanx,cred_zanx,0,6,-0.978739575,1,0,0,0
2065,R_7Gj6rHbNvc5OcuD,Young Control,vapefriend_aby,4,4,4,0,Female,No,15,0,1,0,0,0,0,0,video1_cred_aby,cred_aby,70,1,2.042775644,1,0,0,1
2066,R_7Gj6rHbNvc5OcuD,Young Control,vapefriend_anna,4,4,4,0,Female,No,15,0,1,0,0,0,0,0,video2_cred_anna,cred_anna,40,2,0.74784055,1,0,0,1
2067,R_7Gj6rHbNvc5OcuD,Young Control,vapefriend_cham,4,4,4,0,Female,No,15,0,1,0,0,0,0,0,video3_cred_cham,cred_cham,20,3,-0.115449513,1,0,0,1
2068,R_7Gj6rHbNvc5OcuD,Young Control,vapefriend_fab,4,4,4,0,Female,No,15,0,1,0,0,0,0,0,video4_cred_fab,cred_fab,20,4,-0.115449513,1,0,0,1
2069,R_7Gj6rHbNvc5OcuD,Young Control,vapefriend_mae,4,4,4,0,Female,No,15,0,1,0,0,0,0,0,video5_cred_mae,cred_mae,50,5,1.179485582,1,0,0,1
2070,R_7Gj6rHbNvc5OcuD,Young Control,vapefriend_zanx,4,4,4,0,Female,No,15,0,1,0,0,0,0,0,video6_cred_zanx,cred_zanx,50,6,1.179485582,1,0,0,1
2071,R_7IGdxKQi4RTNhO7,Young Control,vapefriend_aby,4,4,4,0,Female,No,17,0,1,0,0,1,1,1,video1_cred_aby,cred_aby,0,1,-0.978739575,2,0,0,0
2072,R_7IGdxKQi4RTNhO7,Young Control,vapefriend_anna,4,4,4,0,Female,No,17,0,1,0,0,1,1,1,video2_cred_anna,cred_anna,0,2,-0.978739575,2,0,0,0
2073,R_7IGdxKQi4RTNhO7,Young Control,vapefriend_cham,2,4,4,1,Female,No,17,0,1,0,0,1,1,1,video3_cred_cham,cred_cham,7,3,-0.676588053,2,0,0,0
2074,R_7IGdxKQi4RTNhO7,Young Control,vapefriend_fab,4,4,4,0,Female,No,17,0,1,0,0,1,1,1,video4_cred_fab,cred_fab,0,4,-0.978739575,2,0,0,0
2075,R_7IGdxKQi4RTNhO7,Young Control,vapefriend_mae,4,4,2,1,Female,No,17,0,1,0,0,1,1,1,video5_cred_mae,cred_mae,0,5,-0.978739575,2,0,0,0
2076,R_7IGdxKQi4RTNhO7,Young Control,vapefriend_zanx,4,4,4,0,Female,No,17,0,1,0,0,1,1,1,video6_cred_zanx,cred_zanx,0,6,-0.978739575,2,0,0,0
2077,R_7JKhloB5jqM2SxY,Young Control,vapefriend_aby,4,4,4,0,Female,Yes,14,1,0,0,0,0,0,0,video1_cred_aby,cred_aby,3,1,-0.849246066,1,0,0,0
2078,R_7JKhloB5jqM2SxY,Young Control,vapefriend_anna,4,4,4,0,Female,Yes,14,1,0,0,0,0,0,0,video2_cred_anna,cred_anna,0,2,-0.978739575,1,0,0,0
2079,R_7JKhloB5jqM2SxY,Young Control,vapefriend_cham,4,4,4,0,Female,Yes,14,1,0,0,0,0,0,0,video3_cred_cham,cred_cham,0,3,-0.978739575,1,0,0,0
2080,R_7JKhloB5jqM2SxY,Young Control,vapefriend_fab,4,4,4,0,Female,Yes,14,1,0,0,0,0,0,0,video4_cred_fab,cred_fab,0,4,-0.978739575,1,0,0,0
2081,R_7JKhloB5jqM2SxY,Young Control,vapefriend_mae,4,4,4,0,Female,Yes,14,1,0,0,0,0,0,0,video5_cred_mae,cred_mae,0,5,-0.978739575,1,0,0,0
2082,R_7JKhloB5jqM2SxY,Young Control,vapefriend_zanx,4,4,4,0,Female,Yes,14,1,0,0,0,0,0,0,video6_cred_zanx,cred_zanx,0,6,-0.978739575,1,0,0,0
2083,R_7JbfIdCeQNTyBKz,Young Treat,vapefriend_aby,3,4,4,1,Female,No,17,1,0,0,0,0,1,1,video1_cred_aby,cred_aby,23,1,0.014043997,1,0,0,1
2084,R_7JbfIdCeQNTyBKz,Young Treat,vapefriend_anna,4,4,4,0,Female,No,17,1,0,0,0,0,1,1,video2_cred_anna,cred_anna,0,2,-0.978739575,1,0,0,0
2085,R_7JbfIdCeQNTyBKz,Young Treat,vapefriend_cham,4,4,4,0,Female,No,17,1,0,0,0,0,1,1,video3_cred_cham,cred_cham,0,3,-0.978739575,1,0,0,0
2086,R_7JbfIdCeQNTyBKz,Young Treat,vapefriend_fab,4,4,4,0,Female,No,17,1,0,0,0,0,1,1,video4_cred_fab,cred_fab,0,4,-0.978739575,1,0,0,0
2087,R_7JbfIdCeQNTyBKz,Young Treat,vapefriend_mae,4,4,4,0,Female,No,17,1,0,0,0,0,1,1,video5_cred_mae,cred_mae,0,5,-0.978739575,1,0,0,0
2088,R_7JbfIdCeQNTyBKz,Young Treat,vapefriend_zanx,4,4,4,0,Female,No,17,1,0,0,0,0,1,1,video6_cred_zanx,cred_zanx,0,6,-0.978739575,1,0,0,0
2089,R_7KgwC9FBrQZudfr,Old Treat,vapefriend_aby,4,4,4,0,Female,Yes,16,0,0,0,0,1,0,1,video1_cred_aby,cred_aby,0,1,-0.978739575,3,0,0,0
2090,R_7KgwC9FBrQZudfr,Old Treat,vapefriend_anna,4,4,4,0,Female,Yes,16,0,0,0,0,1,0,1,video2_cred_anna,cred_anna,0,2,-0.978739575,3,0,0,0
2091,R_7KgwC9FBrQZudfr,Old Treat,vapefriend_cham,4,4,4,0,Female,Yes,16,0,0,0,0,1,0,1,video3_cred_cham,cred_cham,4,3,-0.806081563,3,0,0,0
2092,R_7KgwC9FBrQZudfr,Old Treat,vapefriend_fab,4,4,4,0,Female,Yes,16,0,0,0,0,1,0,1,video4_cred_fab,cred_fab,1,4,-0.935575072,3,0,0,0
2093,R_7KgwC9FBrQZudfr,Old Treat,vapefriend_mae,4,4,4,0,Female,Yes,16,0,0,0,0,1,0,1,video5_cred_mae,cred_mae,4,5,-0.806081563,3,0,0,0
2094,R_7KgwC9FBrQZudfr,Old Treat,vapefriend_zanx,4,4,4,0,Female,Yes,16,0,0,0,0,1,0,1,video6_cred_zanx,cred_zanx,4,6,-0.806081563,3,0,0,0
2095,R_7Kqnabn5RWhKdCM,Young Treat,vapefriend_aby,4,4,4,0,Female,No,14,1,0,0,1,1,0,1,video1_cred_aby,cred_aby,5,1,-0.76291706,1,0,0,0
2096,R_7Kqnabn5RWhKdCM,Young Treat,vapefriend_anna,4,4,4,0,Female,No,14,1,0,0,1,1,0,1,video2_cred_anna,cred_anna,0,2,-0.978739575,1,0,0,0
2097,R_7Kqnabn5RWhKdCM,Young Treat,vapefriend_cham,4,4,4,0,Female,No,14,1,0,0,1,1,0,1,video3_cred_cham,cred_cham,5,3,-0.76291706,1,0,0,0
2098,R_7Kqnabn5RWhKdCM,Young Treat,vapefriend_fab,4,4,4,0,Female,No,14,1,0,0,1,1,0,1,video4_cred_fab,cred_fab,6,4,-0.719752556,1,0,0,0
2099,R_7Kqnabn5RWhKdCM,Young Treat,vapefriend_mae,4,4,4,0,Female,No,14,1,0,0,1,1,0,1,video5_cred_mae,cred_mae,3,5,-0.849246066,1,0,0,0
2100,R_7Kqnabn5RWhKdCM,Young Treat,vapefriend_zanx,3,4,4,1,Female,No,14,1,0,0,1,1,0,1,video6_cred_zanx,cred_zanx,18,6,-0.201778519,1,0,0,1
2101,R_7LGWJhVvSywX62l,Young Treat,vapefriend_aby,4,4,4,0,Female,No,17,1,0,0,0,0,0,0,video1_cred_aby,cred_aby,42,1,0.834169557,3,0,0,1
2102,R_7LGWJhVvSywX62l,Young Treat,vapefriend_anna,4,4,4,0,Female,No,17,1,0,0,0,0,0,0,video2_cred_anna,cred_anna,19,2,-0.158614016,3,0,0,1
2103,R_7LGWJhVvSywX62l,Young Treat,vapefriend_cham,4,4,4,0,Female,No,17,1,0,0,0,0,0,0,video3_cred_cham,cred_cham,23,3,0.014043997,3,0,0,1
2104,R_7LGWJhVvSywX62l,Young Treat,vapefriend_fab,4,4,4,0,Female,No,17,1,0,0,0,0,0,0,video4_cred_fab,cred_fab,18,4,-0.201778519,3,0,0,1
2105,R_7LGWJhVvSywX62l,Young Treat,vapefriend_mae,4,4,4,0,Female,No,17,1,0,0,0,0,0,0,video5_cred_mae,cred_mae,13,5,-0.417601034,3,0,0,0
2106,R_7LGWJhVvSywX62l,Young Treat,vapefriend_zanx,4,4,4,0,Female,No,17,1,0,0,0,0,0,0,video6_cred_zanx,cred_zanx,22,6,-0.029120506,3,0,0,1
2107,R_7MGniwQp3sN7Yae,Young Treat,vapefriend_aby,2,3,3,1,Male,No,17,1,0,0,0,0,0,1,video1_cred_aby,cred_aby,63,1,1.740624122,3,0,0,1
2108,R_7MGniwQp3sN7Yae,Young Treat,vapefriend_anna,2,3,2,1,Male,No,17,1,0,0,0,0,0,1,video2_cred_anna,cred_anna,52,2,1.265814588,3,0,0,1
2109,R_7MGniwQp3sN7Yae,Young Treat,vapefriend_cham,2,2,3,1,Male,No,17,1,0,0,0,0,0,1,video3_cred_cham,cred_cham,50,3,1.179485582,3,0,0,1
2110,R_7MGniwQp3sN7Yae,Young Treat,vapefriend_fab,3,2,3,1,Male,No,17,1,0,0,0,0,0,1,video4_cred_fab,cred_fab,66,4,1.870117632,3,0,0,1
2111,R_7MGniwQp3sN7Yae,Young Treat,vapefriend_mae,2,3,1,1,Male,No,17,1,0,0,0,0,0,1,video5_cred_mae,cred_mae,61,5,1.654295116,3,0,0,1
2112,R_7MGniwQp3sN7Yae,Young Treat,vapefriend_zanx,2,3,2,1,Male,No,17,1,0,0,0,0,0,1,video6_cred_zanx,cred_zanx,66,6,1.870117632,3,0,0,1
2113,R_7NFa6bU0s1zdE4t,Young Treat,vapefriend_aby,3,4,4,1,Female,No,17,1,0,0,0,0,1,1,video1_cred_aby,cred_aby,15,1,-0.331272028,2,0,0,1
2114,R_7NFa6bU0s1zdE4t,Young Treat,vapefriend_anna,4,4,4,0,Female,No,17,1,0,0,0,0,1,1,video2_cred_anna,cred_anna,1,2,-0.935575072,2,0,0,0
2115,R_7NFa6bU0s1zdE4t,Young Treat,vapefriend_cham,4,4,4,0,Female,No,17,1,0,0,0,0,1,1,video3_cred_cham,cred_cham,4,3,-0.806081563,2,0,0,0
2116,R_7NFa6bU0s1zdE4t,Young Treat,vapefriend_fab,4,4,4,0,Female,No,17,1,0,0,0,0,1,1,video4_cred_fab,cred_fab,1,4,-0.935575072,2,0,0,0
2117,R_7NFa6bU0s1zdE4t,Young Treat,vapefriend_mae,2,3,2,1,Female,No,17,1,0,0,0,0,1,1,video5_cred_mae,cred_mae,50,5,1.179485582,2,0,0,1
2118,R_7NFa6bU0s1zdE4t,Young Treat,vapefriend_zanx,3,4,2,1,Female,No,17,1,0,0,0,0,1,1,video6_cred_zanx,cred_zanx,1,6,-0.935575072,2,0,0,0
2119,R_7NeeB1el1PqaZEZ,Old Treat,vapefriend_aby,2,4,4,1,Female,Yes,15,0,0,0,0,1,0,1,video1_cred_aby,cred_aby,NA,1,NA,2,0,0,NA
2120,R_7NeeB1el1PqaZEZ,Old Treat,vapefriend_anna,4,4,4,0,Female,Yes,15,0,0,0,0,1,0,1,video2_cred_anna,cred_anna,9,2,-0.590259047,2,0,0,0
2121,R_7NeeB1el1PqaZEZ,Old Treat,vapefriend_cham,4,4,4,0,Female,Yes,15,0,0,0,0,1,0,1,video3_cred_cham,cred_cham,NA,3,NA,2,0,0,NA
2122,R_7NeeB1el1PqaZEZ,Old Treat,vapefriend_fab,3,4,4,1,Female,Yes,15,0,0,0,0,1,0,1,video4_cred_fab,cred_fab,NA,4,NA,2,0,0,NA
2123,R_7NeeB1el1PqaZEZ,Old Treat,vapefriend_mae,2,4,4,1,Female,Yes,15,0,0,0,0,1,0,1,video5_cred_mae,cred_mae,NA,5,NA,2,0,0,NA
2124,R_7NeeB1el1PqaZEZ,Old Treat,vapefriend_zanx,2,1,4,1,Female,Yes,15,0,0,0,0,1,0,1,video6_cred_zanx,cred_zanx,NA,6,NA,2,0,0,NA
2125,R_7OutxDCTa9IFnk5,Young Treat,vapefriend_aby,4,4,4,0,Male,No,17,1,0,0,0,0,0,0,video1_cred_aby,cred_aby,50,1,1.179485582,3,0,0,1
2126,R_7OutxDCTa9IFnk5,Young Treat,vapefriend_anna,4,4,4,0,Male,No,17,1,0,0,0,0,0,0,video2_cred_anna,cred_anna,50,2,1.179485582,3,0,0,1
2127,R_7OutxDCTa9IFnk5,Young Treat,vapefriend_cham,4,4,4,0,Male,No,17,1,0,0,0,0,0,0,video3_cred_cham,cred_cham,50,3,1.179485582,3,0,0,1
2128,R_7OutxDCTa9IFnk5,Young Treat,vapefriend_fab,4,4,4,0,Male,No,17,1,0,0,0,0,0,0,video4_cred_fab,cred_fab,50,4,1.179485582,3,0,0,1
2129,R_7OutxDCTa9IFnk5,Young Treat,vapefriend_mae,4,4,4,0,Male,No,17,1,0,0,0,0,0,0,video5_cred_mae,cred_mae,49,5,1.136321078,3,0,0,1
2130,R_7OutxDCTa9IFnk5,Young Treat,vapefriend_zanx,4,4,4,0,Male,No,17,1,0,0,0,0,0,0,video6_cred_zanx,cred_zanx,50,6,1.179485582,3,0,0,1
2131,R_7Pb65ftljyLBZ9V,Young Treat,vapefriend_aby,2,2,3,1,Male,No,17,1,0,0,0,0,1,1,video1_cred_aby,cred_aby,53,1,1.308979091,2,0,0,1
2132,R_7Pb65ftljyLBZ9V,Young Treat,vapefriend_anna,2,2,2,1,Male,No,17,1,0,0,0,0,1,1,video2_cred_anna,cred_anna,57,2,1.481637104,2,0,0,1
2133,R_7Pb65ftljyLBZ9V,Young Treat,vapefriend_cham,2,2,2,1,Male,No,17,1,0,0,0,0,1,1,video3_cred_cham,cred_cham,58,3,1.524801607,2,0,0,1
2134,R_7Pb65ftljyLBZ9V,Young Treat,vapefriend_fab,2,2,3,1,Male,No,17,1,0,0,0,0,1,1,video4_cred_fab,cred_fab,63,4,1.740624122,2,0,0,1
2135,R_7Pb65ftljyLBZ9V,Young Treat,vapefriend_mae,3,3,2,1,Male,No,17,1,0,0,0,0,1,1,video5_cred_mae,cred_mae,43,5,0.87733406,2,0,0,1
2136,R_7Pb65ftljyLBZ9V,Young Treat,vapefriend_zanx,3,3,3,1,Male,No,17,1,0,0,0,0,1,1,video6_cred_zanx,cred_zanx,48,6,1.093156575,2,0,0,1
2137,R_7PgXQlQHCmEjSBZ,Old Treat,vapefriend_aby,1,3,2,1,Male,No,16,1,0,0,0,0,0,1,video1_cred_aby,cred_aby,76,1,2.301762663,2,0,0,1
2138,R_7PgXQlQHCmEjSBZ,Old Treat,vapefriend_anna,2,1,1,1,Male,No,16,1,0,0,0,0,0,1,video2_cred_anna,cred_anna,76,2,2.301762663,2,0,0,1
2139,R_7PgXQlQHCmEjSBZ,Old Treat,vapefriend_cham,1,2,2,1,Male,No,16,1,0,0,0,0,0,1,video3_cred_cham,cred_cham,70,3,2.042775644,2,0,0,1
2140,R_7PgXQlQHCmEjSBZ,Old Treat,vapefriend_fab,1,3,3,1,Male,No,16,1,0,0,0,0,0,1,video4_cred_fab,cred_fab,79,4,2.431256173,2,0,0,1
2141,R_7PgXQlQHCmEjSBZ,Old Treat,vapefriend_mae,1,2,2,1,Male,No,16,1,0,0,0,0,0,1,video5_cred_mae,cred_mae,76,5,2.301762663,2,0,0,1
2142,R_7PgXQlQHCmEjSBZ,Old Treat,vapefriend_zanx,2,1,2,1,Male,No,16,1,0,0,0,0,0,1,video6_cred_zanx,cred_zanx,75,6,2.25859816,2,0,0,1
2143,R_7QrdMZ2yp0CnN0k,Young Control,vapefriend_aby,4,4,4,0,Female,Yes,16,0,0,0,0,1,0,0,video1_cred_aby,cred_aby,54,1,1.352143594,1,0,0,1
2144,R_7QrdMZ2yp0CnN0k,Young Control,vapefriend_anna,4,4,4,0,Female,Yes,16,0,0,0,0,1,0,0,video2_cred_anna,cred_anna,70,2,2.042775644,1,0,0,1
2145,R_7QrdMZ2yp0CnN0k,Young Control,vapefriend_cham,4,4,4,0,Female,Yes,16,0,0,0,0,1,0,0,video3_cred_cham,cred_cham,53,3,1.308979091,1,0,0,1
2146,R_7QrdMZ2yp0CnN0k,Young Control,vapefriend_fab,4,4,4,0,Female,Yes,16,0,0,0,0,1,0,0,video4_cred_fab,cred_fab,55,4,1.395308097,1,0,0,1
2147,R_7QrdMZ2yp0CnN0k,Young Control,vapefriend_mae,4,4,4,0,Female,Yes,16,0,0,0,0,1,0,0,video5_cred_mae,cred_mae,41,5,0.791005053,1,0,0,1
2148,R_7QrdMZ2yp0CnN0k,Young Control,vapefriend_zanx,4,4,4,0,Female,Yes,16,0,0,0,0,1,0,0,video6_cred_zanx,cred_zanx,30,6,0.316195519,1,0,0,1
2149,R_7RPILBEnxzHB7OA,Old Control,vapefriend_aby,4,4,4,0,Female,No,17,0,1,0,0,0,1,1,video1_cred_aby,cred_aby,0,1,-0.978739575,1,0,0,0
2150,R_7RPILBEnxzHB7OA,Old Control,vapefriend_anna,4,4,4,0,Female,No,17,0,1,0,0,0,1,1,video2_cred_anna,cred_anna,0,2,-0.978739575,1,0,0,0
2151,R_7RPILBEnxzHB7OA,Old Control,vapefriend_cham,4,4,4,0,Female,No,17,0,1,0,0,0,1,1,video3_cred_cham,cred_cham,0,3,-0.978739575,1,0,0,0
2152,R_7RPILBEnxzHB7OA,Old Control,vapefriend_fab,4,4,4,0,Female,No,17,0,1,0,0,0,1,1,video4_cred_fab,cred_fab,0,4,-0.978739575,1,0,0,0
2153,R_7RPILBEnxzHB7OA,Old Control,vapefriend_mae,4,4,4,0,Female,No,17,0,1,0,0,0,1,1,video5_cred_mae,cred_mae,0,5,-0.978739575,1,0,0,0
2154,R_7RPILBEnxzHB7OA,Old Control,vapefriend_zanx,4,4,4,0,Female,No,17,0,1,0,0,0,1,1,video6_cred_zanx,cred_zanx,3,6,-0.849246066,1,0,0,0
2155,R_7S7ynRNTDks55oF,Young Control,vapefriend_aby,4,4,4,0,Female,No,14,1,0,0,0,0,0,0,video1_cred_aby,cred_aby,0,1,-0.978739575,3,0,0,0
2156,R_7S7ynRNTDks55oF,Young Control,vapefriend_anna,4,4,4,0,Female,No,14,1,0,0,0,0,0,0,video2_cred_anna,cred_anna,0,2,-0.978739575,3,0,0,0
2157,R_7S7ynRNTDks55oF,Young Control,vapefriend_cham,4,4,4,0,Female,No,14,1,0,0,0,0,0,0,video3_cred_cham,cred_cham,0,3,-0.978739575,3,0,0,0
2158,R_7S7ynRNTDks55oF,Young Control,vapefriend_fab,4,4,4,0,Female,No,14,1,0,0,0,0,0,0,video4_cred_fab,cred_fab,0,4,-0.978739575,3,0,0,0
2159,R_7S7ynRNTDks55oF,Young Control,vapefriend_mae,4,4,4,0,Female,No,14,1,0,0,0,0,0,0,video5_cred_mae,cred_mae,0,5,-0.978739575,3,0,0,0
2160,R_7S7ynRNTDks55oF,Young Control,vapefriend_zanx,4,4,4,0,Female,No,14,1,0,0,0,0,0,0,video6_cred_zanx,cred_zanx,0,6,-0.978739575,3,0,0,0
2161,R_7SlW1LaqhtAk1hL,Young Control,vapefriend_aby,4,4,4,0,Male,Yes,14,0,0,0,0,0,1,0,video1_cred_aby,cred_aby,0,1,-0.978739575,1,0,0,0
2162,R_7SlW1LaqhtAk1hL,Young Control,vapefriend_anna,4,4,4,0,Male,Yes,14,0,0,0,0,0,1,0,video2_cred_anna,cred_anna,0,2,-0.978739575,1,0,0,0
2163,R_7SlW1LaqhtAk1hL,Young Control,vapefriend_cham,4,4,4,0,Male,Yes,14,0,0,0,0,0,1,0,video3_cred_cham,cred_cham,0,3,-0.978739575,1,0,0,0
2164,R_7SlW1LaqhtAk1hL,Young Control,vapefriend_fab,4,4,4,0,Male,Yes,14,0,0,0,0,0,1,0,video4_cred_fab,cred_fab,0,4,-0.978739575,1,0,0,0
2165,R_7SlW1LaqhtAk1hL,Young Control,vapefriend_mae,4,4,4,0,Male,Yes,14,0,0,0,0,0,1,0,video5_cred_mae,cred_mae,0,5,-0.978739575,1,0,0,0
2166,R_7SlW1LaqhtAk1hL,Young Control,vapefriend_zanx,4,4,4,0,Male,Yes,14,0,0,0,0,0,1,0,video6_cred_zanx,cred_zanx,0,6,-0.978739575,1,0,0,0
2167,R_7Tw1s48ah9LTbRr,Old Treat,vapefriend_aby,2,3,2,1,Male,No,17,1,0,0,0,0,1,1,video1_cred_aby,cred_aby,71,1,2.085940147,2,0,0,1
2168,R_7Tw1s48ah9LTbRr,Old Treat,vapefriend_anna,1,2,2,1,Male,No,17,1,0,0,0,0,1,1,video2_cred_anna,cred_anna,58,2,1.524801607,2,0,0,1
2169,R_7Tw1s48ah9LTbRr,Old Treat,vapefriend_cham,2,2,2,1,Male,No,17,1,0,0,0,0,1,1,video3_cred_cham,cred_cham,64,3,1.783788626,2,0,0,1
2170,R_7Tw1s48ah9LTbRr,Old Treat,vapefriend_fab,3,3,3,1,Male,No,17,1,0,0,0,0,1,1,video4_cred_fab,cred_fab,59,4,1.56796611,2,0,0,1
2171,R_7Tw1s48ah9LTbRr,Old Treat,vapefriend_mae,2,3,2,1,Male,No,17,1,0,0,0,0,1,1,video5_cred_mae,cred_mae,62,5,1.697459619,2,0,0,1
2172,R_7Tw1s48ah9LTbRr,Old Treat,vapefriend_zanx,3,2,2,1,Male,No,17,1,0,0,0,0,1,1,video6_cred_zanx,cred_zanx,66,6,1.870117632,2,0,0,1
2173,R_7TzKYqnmavjeNyK,Young Treat,vapefriend_aby,4,4,4,0,Male,No,17,0,1,0,0,0,1,0,video1_cred_aby,cred_aby,19,1,-0.158614016,1,0,0,1
2174,R_7TzKYqnmavjeNyK,Young Treat,vapefriend_anna,4,4,4,0,Male,No,17,0,1,0,0,0,1,0,video2_cred_anna,cred_anna,17,2,-0.244943022,1,0,0,1
2175,R_7TzKYqnmavjeNyK,Young Treat,vapefriend_cham,4,4,4,0,Male,No,17,0,1,0,0,0,1,0,video3_cred_cham,cred_cham,10,3,-0.547094544,1,0,0,0
2176,R_7TzKYqnmavjeNyK,Young Treat,vapefriend_fab,3,3,4,1,Male,No,17,0,1,0,0,0,1,0,video4_cred_fab,cred_fab,10,4,-0.547094544,1,0,0,0
2177,R_7TzKYqnmavjeNyK,Young Treat,vapefriend_mae,4,4,4,0,Male,No,17,0,1,0,0,0,1,0,video5_cred_mae,cred_mae,15,5,-0.331272028,1,0,0,1
2178,R_7TzKYqnmavjeNyK,Young Treat,vapefriend_zanx,4,4,4,0,Male,No,17,0,1,0,0,0,1,0,video6_cred_zanx,cred_zanx,9,6,-0.590259047,1,0,0,0
2179,R_7VrP2h5mynYHx7m,Old Control,vapefriend_aby,4,4,4,0,Female,Yes,14,0,0,0,0,1,0,1,video1_cred_aby,cred_aby,30,1,0.316195519,1,0,0,1
2180,R_7VrP2h5mynYHx7m,Old Control,vapefriend_anna,4,4,4,0,Female,Yes,14,0,0,0,0,1,0,1,video2_cred_anna,cred_anna,0,2,-0.978739575,1,0,0,0
2181,R_7VrP2h5mynYHx7m,Old Control,vapefriend_cham,4,4,4,0,Female,Yes,14,0,0,0,0,1,0,1,video3_cred_cham,cred_cham,7,3,-0.676588053,1,0,0,0
2182,R_7VrP2h5mynYHx7m,Old Control,vapefriend_fab,4,4,4,0,Female,Yes,14,0,0,0,0,1,0,1,video4_cred_fab,cred_fab,0,4,-0.978739575,1,0,0,0
2183,R_7VrP2h5mynYHx7m,Old Control,vapefriend_mae,4,4,4,0,Female,Yes,14,0,0,0,0,1,0,1,video5_cred_mae,cred_mae,0,5,-0.978739575,1,0,0,0
2184,R_7VrP2h5mynYHx7m,Old Control,vapefriend_zanx,4,4,4,0,Female,Yes,14,0,0,0,0,1,0,1,video6_cred_zanx,cred_zanx,20,6,-0.115449513,1,0,0,1
2185,R_7WIib7Dh1okT09N,Young Treat,vapefriend_aby,4,4,4,0,Female,No,16,0,0,1,0,0,1,0,video1_cred_aby,cred_aby,35,1,0.532018035,1,0,0,1
2186,R_7WIib7Dh1okT09N,Young Treat,vapefriend_anna,4,4,4,0,Female,No,16,0,0,1,0,0,1,0,video2_cred_anna,cred_anna,0,2,-0.978739575,1,0,0,0
2187,R_7WIib7Dh1okT09N,Young Treat,vapefriend_cham,4,4,4,0,Female,No,16,0,0,1,0,0,1,0,video3_cred_cham,cred_cham,3,3,-0.849246066,1,0,0,0
2188,R_7WIib7Dh1okT09N,Young Treat,vapefriend_fab,4,4,4,0,Female,No,16,0,0,1,0,0,1,0,video4_cred_fab,cred_fab,0,4,-0.978739575,1,0,0,0
2189,R_7WIib7Dh1okT09N,Young Treat,vapefriend_mae,4,4,4,0,Female,No,16,0,0,1,0,0,1,0,video5_cred_mae,cred_mae,0,5,-0.978739575,1,0,0,0
2190,R_7WIib7Dh1okT09N,Young Treat,vapefriend_zanx,4,4,4,0,Female,No,16,0,0,1,0,0,1,0,video6_cred_zanx,cred_zanx,6,6,-0.719752556,1,0,0,0
2191,R_7WuRzlleNHnFSjk,Young Treat,vapefriend_aby,4,4,4,0,Female,No,17,0,1,0,0,0,0,0,video1_cred_aby,cred_aby,0,1,-0.978739575,1,0,0,0
2192,R_7WuRzlleNHnFSjk,Young Treat,vapefriend_anna,4,4,4,0,Female,No,17,0,1,0,0,0,0,0,video2_cred_anna,cred_anna,0,2,-0.978739575,1,0,0,0
2193,R_7WuRzlleNHnFSjk,Young Treat,vapefriend_cham,4,4,4,0,Female,No,17,0,1,0,0,0,0,0,video3_cred_cham,cred_cham,0,3,-0.978739575,1,0,0,0
2194,R_7WuRzlleNHnFSjk,Young Treat,vapefriend_fab,4,4,4,0,Female,No,17,0,1,0,0,0,0,0,video4_cred_fab,cred_fab,0,4,-0.978739575,1,0,0,0
2195,R_7WuRzlleNHnFSjk,Young Treat,vapefriend_mae,4,4,4,0,Female,No,17,0,1,0,0,0,0,0,video5_cred_mae,cred_mae,0,5,-0.978739575,1,0,0,0
2196,R_7WuRzlleNHnFSjk,Young Treat,vapefriend_zanx,4,4,4,0,Female,No,17,0,1,0,0,0,0,0,video6_cred_zanx,cred_zanx,0,6,-0.978739575,1,0,0,0
2197,R_7WwnelwA6HMo7ch,Young Treat,vapefriend_aby,3,3,3,1,Female,No,17,1,0,0,0,0,0,1,video1_cred_aby,cred_aby,9,1,-0.590259047,1,0,0,0
2198,R_7WwnelwA6HMo7ch,Young Treat,vapefriend_anna,3,3,3,1,Female,No,17,1,0,0,0,0,0,1,video2_cred_anna,cred_anna,12,2,-0.460765538,1,0,0,0
2199,R_7WwnelwA6HMo7ch,Young Treat,vapefriend_cham,3,3,3,1,Female,No,17,1,0,0,0,0,0,1,video3_cred_cham,cred_cham,25,3,0.100373003,1,0,0,1
2200,R_7WwnelwA6HMo7ch,Young Treat,vapefriend_fab,3,3,3,1,Female,No,17,1,0,0,0,0,0,1,video4_cred_fab,cred_fab,13,4,-0.417601034,1,0,0,0
2201,R_7WwnelwA6HMo7ch,Young Treat,vapefriend_mae,3,3,3,1,Female,No,17,1,0,0,0,0,0,1,video5_cred_mae,cred_mae,9,5,-0.590259047,1,0,0,0
2202,R_7WwnelwA6HMo7ch,Young Treat,vapefriend_zanx,4,4,4,0,Female,No,17,1,0,0,0,0,0,1,video6_cred_zanx,cred_zanx,10,6,-0.547094544,1,0,0,0
2203,R_7XnFBZt0oAjpTjn,Old Control,vapefriend_aby,4,4,4,0,Female,No,16,0,1,0,0,0,0,0,video1_cred_aby,cred_aby,NA,1,NA,3,0,0,NA
2204,R_7XnFBZt0oAjpTjn,Old Control,vapefriend_anna,4,4,4,0,Female,No,16,0,1,0,0,0,0,0,video2_cred_anna,cred_anna,NA,2,NA,3,0,0,NA
2205,R_7XnFBZt0oAjpTjn,Old Control,vapefriend_cham,4,4,4,0,Female,No,16,0,1,0,0,0,0,0,video3_cred_cham,cred_cham,NA,3,NA,3,0,0,NA
2206,R_7XnFBZt0oAjpTjn,Old Control,vapefriend_fab,4,4,4,0,Female,No,16,0,1,0,0,0,0,0,video4_cred_fab,cred_fab,NA,4,NA,3,0,0,NA
2207,R_7XnFBZt0oAjpTjn,Old Control,vapefriend_mae,4,4,4,0,Female,No,16,0,1,0,0,0,0,0,video5_cred_mae,cred_mae,NA,5,NA,3,0,0,NA
2208,R_7XnFBZt0oAjpTjn,Old Control,vapefriend_zanx,4,4,4,0,Female,No,16,0,1,0,0,0,0,0,video6_cred_zanx,cred_zanx,NA,6,NA,3,0,0,NA
2209,R_7YaklOQfG2I7utr,Old Treat,vapefriend_aby,4,4,4,0,Female,Yes,17,1,0,0,0,1,1,0,video1_cred_aby,cred_aby,10,1,-0.547094544,1,0,0,0
2210,R_7YaklOQfG2I7utr,Old Treat,vapefriend_anna,4,4,4,0,Female,Yes,17,1,0,0,0,1,1,0,video2_cred_anna,cred_anna,9,2,-0.590259047,1,0,0,0
2211,R_7YaklOQfG2I7utr,Old Treat,vapefriend_cham,4,4,4,0,Female,Yes,17,1,0,0,0,1,1,0,video3_cred_cham,cred_cham,12,3,-0.460765538,1,0,0,0
2212,R_7YaklOQfG2I7utr,Old Treat,vapefriend_fab,4,4,4,0,Female,Yes,17,1,0,0,0,1,1,0,video4_cred_fab,cred_fab,11,4,-0.503930041,1,0,0,0
2213,R_7YaklOQfG2I7utr,Old Treat,vapefriend_mae,4,4,4,0,Female,Yes,17,1,0,0,0,1,1,0,video5_cred_mae,cred_mae,10,5,-0.547094544,1,0,0,0
2214,R_7YaklOQfG2I7utr,Old Treat,vapefriend_zanx,4,4,4,0,Female,Yes,17,1,0,0,0,1,1,0,video6_cred_zanx,cred_zanx,9,6,-0.590259047,1,0,0,0
2215,R_7Yn3vEi9uAXIpVx,Old Control,vapefriend_aby,3,4,4,1,Female,No,16,0,0,0,0,0,0,1,video1_cred_aby,cred_aby,49,1,1.136321078,1,1,1,1
2216,R_7Yn3vEi9uAXIpVx,Old Control,vapefriend_anna,4,4,4,0,Female,No,16,0,0,0,0,0,0,1,video2_cred_anna,cred_anna,44,2,0.920498563,1,1,1,1
2217,R_7Yn3vEi9uAXIpVx,Old Control,vapefriend_cham,4,4,4,0,Female,No,16,0,0,0,0,0,0,1,video3_cred_cham,cred_cham,50,3,1.179485582,1,1,1,1
2218,R_7Yn3vEi9uAXIpVx,Old Control,vapefriend_fab,4,4,4,0,Female,No,16,0,0,0,0,0,0,1,video4_cred_fab,cred_fab,52,4,1.265814588,1,1,1,1
2219,R_7Yn3vEi9uAXIpVx,Old Control,vapefriend_mae,4,4,4,0,Female,No,16,0,0,0,0,0,0,1,video5_cred_mae,cred_mae,50,5,1.179485582,1,1,1,1
2220,R_7Yn3vEi9uAXIpVx,Old Control,vapefriend_zanx,4,4,4,0,Female,No,16,0,0,0,0,0,0,1,video6_cred_zanx,cred_zanx,45,6,0.963663066,1,1,1,1
2221,R_7ZBr5bNoNd4NqPW,Old Control,vapefriend_aby,4,4,4,0,Male,No,17,0,1,0,0,0,0,1,video1_cred_aby,cred_aby,6,1,-0.719752556,3,0,0,0
2222,R_7ZBr5bNoNd4NqPW,Old Control,vapefriend_anna,4,4,4,0,Male,No,17,0,1,0,0,0,0,1,video2_cred_anna,cred_anna,0,2,-0.978739575,3,0,0,0
2223,R_7ZBr5bNoNd4NqPW,Old Control,vapefriend_cham,4,4,4,0,Male,No,17,0,1,0,0,0,0,1,video3_cred_cham,cred_cham,0,3,-0.978739575,3,0,0,0
2224,R_7ZBr5bNoNd4NqPW,Old Control,vapefriend_fab,4,4,4,0,Male,No,17,0,1,0,0,0,0,1,video4_cred_fab,cred_fab,0,4,-0.978739575,3,0,0,0
2225,R_7ZBr5bNoNd4NqPW,Old Control,vapefriend_mae,4,4,4,0,Male,No,17,0,1,0,0,0,0,1,video5_cred_mae,cred_mae,0,5,-0.978739575,3,0,0,0
2226,R_7ZBr5bNoNd4NqPW,Old Control,vapefriend_zanx,4,4,4,0,Male,No,17,0,1,0,0,0,0,1,video6_cred_zanx,cred_zanx,0,6,-0.978739575,3,0,0,0
2227,R_7c6ZoqfqMcrbviV,Old Treat,vapefriend_aby,4,4,4,0,Male,No,17,0,1,0,0,0,0,0,video1_cred_aby,cred_aby,5,1,-0.76291706,1,1,1,0
2228,R_7c6ZoqfqMcrbviV,Old Treat,vapefriend_anna,4,4,4,0,Male,No,17,0,1,0,0,0,0,0,video2_cred_anna,cred_anna,2,2,-0.892410569,1,1,1,0
2229,R_7c6ZoqfqMcrbviV,Old Treat,vapefriend_cham,4,4,4,0,Male,No,17,0,1,0,0,0,0,0,video3_cred_cham,cred_cham,2,3,-0.892410569,1,1,1,0
2230,R_7c6ZoqfqMcrbviV,Old Treat,vapefriend_fab,4,4,4,0,Male,No,17,0,1,0,0,0,0,0,video4_cred_fab,cred_fab,3,4,-0.849246066,1,1,1,0
2231,R_7c6ZoqfqMcrbviV,Old Treat,vapefriend_mae,4,4,4,0,Male,No,17,0,1,0,0,0,0,0,video5_cred_mae,cred_mae,50,5,1.179485582,1,1,1,1
2232,R_7c6ZoqfqMcrbviV,Old Treat,vapefriend_zanx,4,4,4,0,Male,No,17,0,1,0,0,0,0,0,video6_cred_zanx,cred_zanx,5,6,-0.76291706,1,1,1,0
2233,R_7dQ9WE35xh4NYlU,Young Control,vapefriend_aby,3,3,3,1,Female,NA,17,0,0,1,0,0,0,1,video1_cred_aby,cred_aby,30,1,0.316195519,1,0,0,1
2234,R_7dQ9WE35xh4NYlU,Young Control,vapefriend_anna,3,3,3,1,Female,NA,17,0,0,1,0,0,0,1,video2_cred_anna,cred_anna,4,2,-0.806081563,1,0,0,0
2235,R_7dQ9WE35xh4NYlU,Young Control,vapefriend_cham,3,3,3,1,Female,NA,17,0,0,1,0,0,0,1,video3_cred_cham,cred_cham,50,3,1.179485582,1,0,0,1
2236,R_7dQ9WE35xh4NYlU,Young Control,vapefriend_fab,3,3,3,1,Female,NA,17,0,0,1,0,0,0,1,video4_cred_fab,cred_fab,50,4,1.179485582,1,0,0,1
2237,R_7dQ9WE35xh4NYlU,Young Control,vapefriend_mae,3,3,3,1,Female,NA,17,0,0,1,0,0,0,1,video5_cred_mae,cred_mae,20,5,-0.115449513,1,0,0,1
2238,R_7dQ9WE35xh4NYlU,Young Control,vapefriend_zanx,NA,3,3,1,Female,NA,17,0,0,1,0,0,0,1,video6_cred_zanx,cred_zanx,NA,6,NA,1,0,0,NA
2239,R_7dzQgZKWTBTxjnw,Old Treat,vapefriend_aby,3,3,2,1,Female,No,16,0,0,1,0,0,0,1,video1_cred_aby,cred_aby,1,1,-0.935575072,1,0,0,0
2240,R_7dzQgZKWTBTxjnw,Old Treat,vapefriend_anna,2,2,2,1,Female,No,16,0,0,1,0,0,0,1,video2_cred_anna,cred_anna,100,2,3.337710738,1,0,0,1
2241,R_7dzQgZKWTBTxjnw,Old Treat,vapefriend_cham,2,3,2,1,Female,No,16,0,0,1,0,0,0,1,video3_cred_cham,cred_cham,100,3,3.337710738,1,0,0,1
2242,R_7dzQgZKWTBTxjnw,Old Treat,vapefriend_fab,3,3,2,1,Female,No,16,0,0,1,0,0,0,1,video4_cred_fab,cred_fab,0,4,-0.978739575,1,0,0,0
2243,R_7dzQgZKWTBTxjnw,Old Treat,vapefriend_mae,2,2,2,1,Female,No,16,0,0,1,0,0,0,1,video5_cred_mae,cred_mae,100,5,3.337710738,1,0,0,1
2244,R_7dzQgZKWTBTxjnw,Old Treat,vapefriend_zanx,3,3,2,1,Female,No,16,0,0,1,0,0,0,1,video6_cred_zanx,cred_zanx,5,6,-0.76291706,1,0,0,0
2245,R_7eHv8kVD3wvhzP3,Old Treat,vapefriend_aby,4,4,4,0,Female,No,14,1,0,0,0,0,1,1,video1_cred_aby,cred_aby,23,1,0.014043997,1,0,0,1
2246,R_7eHv8kVD3wvhzP3,Old Treat,vapefriend_anna,4,4,4,0,Female,No,14,1,0,0,0,0,1,1,video2_cred_anna,cred_anna,33,2,0.445689028,1,0,0,1
2247,R_7eHv8kVD3wvhzP3,Old Treat,vapefriend_cham,4,4,4,0,Female,No,14,1,0,0,0,0,1,1,video3_cred_cham,cred_cham,35,3,0.532018035,1,0,0,1
2248,R_7eHv8kVD3wvhzP3,Old Treat,vapefriend_fab,4,4,4,0,Female,No,14,1,0,0,0,0,1,1,video4_cred_fab,cred_fab,18,4,-0.201778519,1,0,0,1
2249,R_7eHv8kVD3wvhzP3,Old Treat,vapefriend_mae,4,4,4,0,Female,No,14,1,0,0,0,0,1,1,video5_cred_mae,cred_mae,28,5,0.229866513,1,0,0,1
2250,R_7eHv8kVD3wvhzP3,Old Treat,vapefriend_zanx,4,4,4,0,Female,No,14,1,0,0,0,0,1,1,video6_cred_zanx,cred_zanx,47,6,1.049992072,1,0,0,1
2251,R_7etAgzuOjxX9fZF,Old Treat,vapefriend_aby,4,4,4,0,Female,No,17,0,0,1,0,0,0,0,video1_cred_aby,cred_aby,0,1,-0.978739575,1,0,0,0
2252,R_7etAgzuOjxX9fZF,Old Treat,vapefriend_anna,4,4,4,0,Female,No,17,0,0,1,0,0,0,0,video2_cred_anna,cred_anna,0,2,-0.978739575,1,0,0,0
2253,R_7etAgzuOjxX9fZF,Old Treat,vapefriend_cham,4,4,4,0,Female,No,17,0,0,1,0,0,0,0,video3_cred_cham,cred_cham,1,3,-0.935575072,1,0,0,0
2254,R_7etAgzuOjxX9fZF,Old Treat,vapefriend_fab,4,4,4,0,Female,No,17,0,0,1,0,0,0,0,video4_cred_fab,cred_fab,2,4,-0.892410569,1,0,0,0
2255,R_7etAgzuOjxX9fZF,Old Treat,vapefriend_mae,4,4,4,0,Female,No,17,0,0,1,0,0,0,0,video5_cred_mae,cred_mae,3,5,-0.849246066,1,0,0,0
2256,R_7etAgzuOjxX9fZF,Old Treat,vapefriend_zanx,4,4,4,0,Female,No,17,0,0,1,0,0,0,0,video6_cred_zanx,cred_zanx,0,6,-0.978739575,1,0,0,0
2257,R_7fZee0daeCNR0pm,Young Control,vapefriend_aby,NA,NA,NA,NA,Male,NA,16,0,0,0,0,0,0,0,video1_cred_aby,cred_aby,0,1,-0.978739575,1,0,0,0
2258,R_7fZee0daeCNR0pm,Young Control,vapefriend_anna,NA,NA,NA,NA,Male,NA,16,0,0,0,0,0,0,0,video2_cred_anna,cred_anna,0,2,-0.978739575,1,0,0,0
2259,R_7fZee0daeCNR0pm,Young Control,vapefriend_cham,NA,NA,4,NA,Male,NA,16,0,0,0,0,0,0,0,video3_cred_cham,cred_cham,0,3,-0.978739575,1,0,0,0
2260,R_7fZee0daeCNR0pm,Young Control,vapefriend_fab,NA,NA,NA,NA,Male,NA,16,0,0,0,0,0,0,0,video4_cred_fab,cred_fab,0,4,-0.978739575,1,0,0,0
2261,R_7fZee0daeCNR0pm,Young Control,vapefriend_mae,NA,NA,NA,NA,Male,NA,16,0,0,0,0,0,0,0,video5_cred_mae,cred_mae,0,5,-0.978739575,1,0,0,0
2262,R_7fZee0daeCNR0pm,Young Control,vapefriend_zanx,4,4,4,0,Male,NA,16,0,0,0,0,0,0,0,video6_cred_zanx,cred_zanx,0,6,-0.978739575,1,0,0,0
2263,R_7flXl16UpZFUir2,Young Treat,vapefriend_aby,2,1,2,1,Female,No,16,1,0,0,0,0,1,1,video1_cred_aby,cred_aby,58,1,1.524801607,3,1,1,1
2264,R_7flXl16UpZFUir2,Young Treat,vapefriend_anna,2,1,2,1,Female,No,16,1,0,0,0,0,1,1,video2_cred_anna,cred_anna,64,2,1.783788626,3,1,1,1
2265,R_7flXl16UpZFUir2,Young Treat,vapefriend_cham,1,2,2,1,Female,No,16,1,0,0,0,0,1,1,video3_cred_cham,cred_cham,62,3,1.697459619,3,1,1,1
2266,R_7flXl16UpZFUir2,Young Treat,vapefriend_fab,1,2,2,1,Female,No,16,1,0,0,0,0,1,1,video4_cred_fab,cred_fab,58,4,1.524801607,3,1,1,1
2267,R_7flXl16UpZFUir2,Young Treat,vapefriend_mae,1,2,2,1,Female,No,16,1,0,0,0,0,1,1,video5_cred_mae,cred_mae,59,5,1.56796611,3,1,1,1
2268,R_7flXl16UpZFUir2,Young Treat,vapefriend_zanx,2,2,2,1,Female,No,16,1,0,0,0,0,1,1,video6_cred_zanx,cred_zanx,66,6,1.870117632,3,1,1,1
2269,R_7fxQYAHE8TQdcEW,Young Control,vapefriend_aby,4,4,4,0,Male,No,16,1,0,0,0,0,0,0,video1_cred_aby,cred_aby,6,1,-0.719752556,1,0,0,0
2270,R_7fxQYAHE8TQdcEW,Young Control,vapefriend_anna,4,4,4,0,Male,No,16,1,0,0,0,0,0,0,video2_cred_anna,cred_anna,12,2,-0.460765538,1,0,0,0
2271,R_7fxQYAHE8TQdcEW,Young Control,vapefriend_cham,4,4,4,0,Male,No,16,1,0,0,0,0,0,0,video3_cred_cham,cred_cham,20,3,-0.115449513,1,0,0,1
2272,R_7fxQYAHE8TQdcEW,Young Control,vapefriend_fab,4,4,4,0,Male,No,16,1,0,0,0,0,0,0,video4_cred_fab,cred_fab,18,4,-0.201778519,1,0,0,1
2273,R_7fxQYAHE8TQdcEW,Young Control,vapefriend_mae,4,4,4,0,Male,No,16,1,0,0,0,0,0,0,video5_cred_mae,cred_mae,33,5,0.445689028,1,0,0,1
2274,R_7fxQYAHE8TQdcEW,Young Control,vapefriend_zanx,4,4,4,0,Male,No,16,1,0,0,0,0,0,0,video6_cred_zanx,cred_zanx,7,6,-0.676588053,1,0,0,0
2275,R_7gZeHj3d6iHwPdA,Old Treat,vapefriend_aby,4,4,4,0,Female,No,16,0,0,0,0,1,1,0,video1_cred_aby,cred_aby,50,1,1.179485582,1,0,0,1
2276,R_7gZeHj3d6iHwPdA,Old Treat,vapefriend_anna,4,4,4,0,Female,No,16,0,0,0,0,1,1,0,video2_cred_anna,cred_anna,50,2,1.179485582,1,0,0,1
2277,R_7gZeHj3d6iHwPdA,Old Treat,vapefriend_cham,4,4,4,0,Female,No,16,0,0,0,0,1,1,0,video3_cred_cham,cred_cham,50,3,1.179485582,1,0,0,1
2278,R_7gZeHj3d6iHwPdA,Old Treat,vapefriend_fab,4,4,4,0,Female,No,16,0,0,0,0,1,1,0,video4_cred_fab,cred_fab,50,4,1.179485582,1,0,0,1
2279,R_7gZeHj3d6iHwPdA,Old Treat,vapefriend_mae,4,4,4,0,Female,No,16,0,0,0,0,1,1,0,video5_cred_mae,cred_mae,50,5,1.179485582,1,0,0,1
2280,R_7gZeHj3d6iHwPdA,Old Treat,vapefriend_zanx,4,4,4,0,Female,No,16,0,0,0,0,1,1,0,video6_cred_zanx,cred_zanx,10,6,-0.547094544,1,0,0,0
2281,R_7h6URrG2RtWOhQ5,Young Control,vapefriend_aby,4,4,4,0,NA,Yes,14,0,0,0,1,0,0,0,video1_cred_aby,cred_aby,10,1,-0.547094544,3,0,0,0
2282,R_7h6URrG2RtWOhQ5,Young Control,vapefriend_anna,4,4,4,0,NA,Yes,14,0,0,0,1,0,0,0,video2_cred_anna,cred_anna,5,2,-0.76291706,3,0,0,0
2283,R_7h6URrG2RtWOhQ5,Young Control,vapefriend_cham,4,4,4,0,NA,Yes,14,0,0,0,1,0,0,0,video3_cred_cham,cred_cham,26,3,0.143537506,3,0,0,1
2284,R_7h6URrG2RtWOhQ5,Young Control,vapefriend_fab,4,4,4,0,NA,Yes,14,0,0,0,1,0,0,0,video4_cred_fab,cred_fab,3,4,-0.849246066,3,0,0,0
2285,R_7h6URrG2RtWOhQ5,Young Control,vapefriend_mae,4,4,4,0,NA,Yes,14,0,0,0,1,0,0,0,video5_cred_mae,cred_mae,9,5,-0.590259047,3,0,0,0
2286,R_7h6URrG2RtWOhQ5,Young Control,vapefriend_zanx,4,4,4,0,NA,Yes,14,0,0,0,1,0,0,0,video6_cred_zanx,cred_zanx,6,6,-0.719752556,3,0,0,0
2287,R_7iMl4FM5IBpKXaV,Old Control,vapefriend_aby,2,3,2,1,Male,No,14,1,0,0,0,0,0,1,video1_cred_aby,cred_aby,66,1,1.870117632,1,0,0,1
2288,R_7iMl4FM5IBpKXaV,Old Control,vapefriend_anna,2,2,2,1,Male,No,14,1,0,0,0,0,0,1,video2_cred_anna,cred_anna,60,2,1.611130613,1,0,0,1
2289,R_7iMl4FM5IBpKXaV,Old Control,vapefriend_cham,2,2,3,1,Male,No,14,1,0,0,0,0,0,1,video3_cred_cham,cred_cham,60,3,1.611130613,1,0,0,1
2290,R_7iMl4FM5IBpKXaV,Old Control,vapefriend_fab,2,2,2,1,Male,No,14,1,0,0,0,0,0,1,video4_cred_fab,cred_fab,62,4,1.697459619,1,0,0,1
2291,R_7iMl4FM5IBpKXaV,Old Control,vapefriend_mae,2,2,2,1,Male,No,14,1,0,0,0,0,0,1,video5_cred_mae,cred_mae,61,5,1.654295116,1,0,0,1
2292,R_7iMl4FM5IBpKXaV,Old Control,vapefriend_zanx,2,2,3,1,Male,No,14,1,0,0,0,0,0,1,video6_cred_zanx,cred_zanx,60,6,1.611130613,1,0,0,1
2293,R_7iUWNP8A7gcb7K5,Young Treat,vapefriend_aby,4,4,4,0,Female,No,17,0,0,1,0,0,0,0,video1_cred_aby,cred_aby,31,1,0.359360022,1,0,0,1
2294,R_7iUWNP8A7gcb7K5,Young Treat,vapefriend_anna,4,4,4,0,Female,No,17,0,0,1,0,0,0,0,video2_cred_anna,cred_anna,0,2,-0.978739575,1,0,0,0
2295,R_7iUWNP8A7gcb7K5,Young Treat,vapefriend_cham,1,4,4,1,Female,No,17,0,0,1,0,0,0,0,video3_cred_cham,cred_cham,0,3,-0.978739575,1,0,0,0
2296,R_7iUWNP8A7gcb7K5,Young Treat,vapefriend_fab,4,4,4,0,Female,No,17,0,0,1,0,0,0,0,video4_cred_fab,cred_fab,0,4,-0.978739575,1,0,0,0
2297,R_7iUWNP8A7gcb7K5,Young Treat,vapefriend_mae,4,4,4,0,Female,No,17,0,0,1,0,0,0,0,video5_cred_mae,cred_mae,2,5,-0.892410569,1,0,0,0
2298,R_7iUWNP8A7gcb7K5,Young Treat,vapefriend_zanx,4,4,4,0,Female,No,17,0,0,1,0,0,0,0,video6_cred_zanx,cred_zanx,5,6,-0.76291706,1,0,0,0
2299,R_7j6hLmim7MeBrsA,Young Control,vapefriend_aby,4,4,4,0,Female,Yes,15,0,0,0,0,0,0,1,video1_cred_aby,cred_aby,27,1,0.186702009,1,0,0,1
2300,R_7j6hLmim7MeBrsA,Young Control,vapefriend_anna,4,4,4,0,Female,Yes,15,0,0,0,0,0,0,1,video2_cred_anna,cred_anna,19,2,-0.158614016,1,0,0,1
2301,R_7j6hLmim7MeBrsA,Young Control,vapefriend_cham,4,4,4,0,Female,Yes,15,0,0,0,0,0,0,1,video3_cred_cham,cred_cham,21,3,-0.072285009,1,0,0,1
2302,R_7j6hLmim7MeBrsA,Young Control,vapefriend_fab,4,4,4,0,Female,Yes,15,0,0,0,0,0,0,1,video4_cred_fab,cred_fab,31,4,0.359360022,1,0,0,1
2303,R_7j6hLmim7MeBrsA,Young Control,vapefriend_mae,4,4,4,0,Female,Yes,15,0,0,0,0,0,0,1,video5_cred_mae,cred_mae,19,5,-0.158614016,1,0,0,1
2304,R_7j6hLmim7MeBrsA,Young Control,vapefriend_zanx,4,4,4,0,Female,Yes,15,0,0,0,0,0,0,1,video6_cred_zanx,cred_zanx,14,6,-0.374436531,1,0,0,1
2305,R_7lAF2Fl9G3O173W,Young Treat,vapefriend_aby,4,4,4,0,Female,Yes,17,0,0,0,0,0,0,0,video1_cred_aby,cred_aby,0,1,-0.978739575,3,0,0,0
2306,R_7lAF2Fl9G3O173W,Young Treat,vapefriend_anna,4,4,4,0,Female,Yes,17,0,0,0,0,0,0,0,video2_cred_anna,cred_anna,46,2,1.006827569,3,0,0,1
2307,R_7lAF2Fl9G3O173W,Young Treat,vapefriend_cham,4,4,4,0,Female,Yes,17,0,0,0,0,0,0,0,video3_cred_cham,cred_cham,11,3,-0.503930041,3,0,0,0
2308,R_7lAF2Fl9G3O173W,Young Treat,vapefriend_fab,4,4,4,0,Female,Yes,17,0,0,0,0,0,0,0,video4_cred_fab,cred_fab,9,4,-0.590259047,3,0,0,0
2309,R_7lAF2Fl9G3O173W,Young Treat,vapefriend_mae,4,4,4,0,Female,Yes,17,0,0,0,0,0,0,0,video5_cred_mae,cred_mae,7,5,-0.676588053,3,0,0,0
2310,R_7lAF2Fl9G3O173W,Young Treat,vapefriend_zanx,4,4,4,0,Female,Yes,17,0,0,0,0,0,0,0,video6_cred_zanx,cred_zanx,0,6,-0.978739575,3,0,0,0
2311,R_7mFyPQqfk93tfl0,Young Treat,vapefriend_aby,4,4,2,1,Male,Yes,16,0,0,0,0,0,0,1,video1_cred_aby,cred_aby,50,1,1.179485582,1,0,0,1
2312,R_7mFyPQqfk93tfl0,Young Treat,vapefriend_anna,4,3,2,1,Male,Yes,16,0,0,0,0,0,0,1,video2_cred_anna,cred_anna,1,2,-0.935575072,1,0,0,0
2313,R_7mFyPQqfk93tfl0,Young Treat,vapefriend_cham,4,3,2,1,Male,Yes,16,0,0,0,0,0,0,1,video3_cred_cham,cred_cham,1,3,-0.935575072,1,0,0,0
2314,R_7mFyPQqfk93tfl0,Young Treat,vapefriend_fab,4,4,2,1,Male,Yes,16,0,0,0,0,0,0,1,video4_cred_fab,cred_fab,1,4,-0.935575072,1,0,0,0
2315,R_7mFyPQqfk93tfl0,Young Treat,vapefriend_mae,4,3,2,1,Male,Yes,16,0,0,0,0,0,0,1,video5_cred_mae,cred_mae,1,5,-0.935575072,1,0,0,0
2316,R_7mFyPQqfk93tfl0,Young Treat,vapefriend_zanx,4,3,2,1,Male,Yes,16,0,0,0,0,0,0,1,video6_cred_zanx,cred_zanx,1,6,-0.935575072,1,0,0,0
2317,R_7mI2MDnbBATzLKp,Young Treat,vapefriend_aby,3,3,2,1,Male,Yes,16,0,0,0,0,0,1,1,video1_cred_aby,cred_aby,46,1,1.006827569,1,0,0,1
2318,R_7mI2MDnbBATzLKp,Young Treat,vapefriend_anna,3,3,2,1,Male,Yes,16,0,0,0,0,0,1,1,video2_cred_anna,cred_anna,53,2,1.308979091,1,0,0,1
2319,R_7mI2MDnbBATzLKp,Young Treat,vapefriend_cham,3,3,2,1,Male,Yes,16,0,0,0,0,0,1,1,video3_cred_cham,cred_cham,40,3,0.74784055,1,0,0,1
2320,R_7mI2MDnbBATzLKp,Young Treat,vapefriend_fab,3,3,2,1,Male,Yes,16,0,0,0,0,0,1,1,video4_cred_fab,cred_fab,23,4,0.014043997,1,0,0,1
2321,R_7mI2MDnbBATzLKp,Young Treat,vapefriend_mae,3,3,2,1,Male,Yes,16,0,0,0,0,0,1,1,video5_cred_mae,cred_mae,27,5,0.186702009,1,0,0,1
2322,R_7mI2MDnbBATzLKp,Young Treat,vapefriend_zanx,3,3,2,1,Male,Yes,16,0,0,0,0,0,1,1,video6_cred_zanx,cred_zanx,49,6,1.136321078,1,0,0,1
2323,R_7mYqPkwVzwZjlQJ,Old Control,vapefriend_aby,4,4,4,0,Female,Yes,17,1,0,0,0,0,0,0,video1_cred_aby,cred_aby,59,1,1.56796611,1,0,0,1
2324,R_7mYqPkwVzwZjlQJ,Old Control,vapefriend_anna,4,4,4,0,Female,Yes,17,1,0,0,0,0,0,0,video2_cred_anna,cred_anna,51,2,1.222650085,1,0,0,1
2325,R_7mYqPkwVzwZjlQJ,Old Control,vapefriend_cham,4,4,4,0,Female,Yes,17,1,0,0,0,0,0,0,video3_cred_cham,cred_cham,50,3,1.179485582,1,0,0,1
2326,R_7mYqPkwVzwZjlQJ,Old Control,vapefriend_fab,4,4,4,0,Female,Yes,17,1,0,0,0,0,0,0,video4_cred_fab,cred_fab,20,4,-0.115449513,1,0,0,1
2327,R_7mYqPkwVzwZjlQJ,Old Control,vapefriend_mae,4,4,4,0,Female,Yes,17,1,0,0,0,0,0,0,video5_cred_mae,cred_mae,31,5,0.359360022,1,0,0,1
2328,R_7mYqPkwVzwZjlQJ,Old Control,vapefriend_zanx,4,4,4,0,Female,Yes,17,1,0,0,0,0,0,0,video6_cred_zanx,cred_zanx,11,6,-0.503930041,1,0,0,0
2329,R_7nT2s61jL4f8Zug,Old Control,vapefriend_aby,4,4,4,0,Male,No,16,1,0,0,0,0,1,0,video1_cred_aby,cred_aby,4,1,-0.806081563,1,0,0,0
2330,R_7nT2s61jL4f8Zug,Old Control,vapefriend_anna,4,4,4,0,Male,No,16,1,0,0,0,0,1,0,video2_cred_anna,cred_anna,11,2,-0.503930041,1,0,0,0
2331,R_7nT2s61jL4f8Zug,Old Control,vapefriend_cham,4,4,4,0,Male,No,16,1,0,0,0,0,1,0,video3_cred_cham,cred_cham,8,3,-0.63342355,1,0,0,0
2332,R_7nT2s61jL4f8Zug,Old Control,vapefriend_fab,4,4,4,0,Male,No,16,1,0,0,0,0,1,0,video4_cred_fab,cred_fab,10,4,-0.547094544,1,0,0,0
2333,R_7nT2s61jL4f8Zug,Old Control,vapefriend_mae,4,4,4,0,Male,No,16,1,0,0,0,0,1,0,video5_cred_mae,cred_mae,12,5,-0.460765538,1,0,0,0
2334,R_7nT2s61jL4f8Zug,Old Control,vapefriend_zanx,4,4,4,0,Male,No,16,1,0,0,0,0,1,0,video6_cred_zanx,cred_zanx,14,6,-0.374436531,1,0,0,1
2335,R_7nqnDgeuJX8hG6u,Old Control,vapefriend_aby,4,3,4,1,Female,Yes,15,0,0,0,0,1,0,1,video1_cred_aby,cred_aby,23,1,0.014043997,1,0,0,1
2336,R_7nqnDgeuJX8hG6u,Old Control,vapefriend_anna,4,4,3,1,Female,Yes,15,0,0,0,0,1,0,1,video2_cred_anna,cred_anna,38,2,0.661511544,1,0,0,1
2337,R_7nqnDgeuJX8hG6u,Old Control,vapefriend_cham,4,3,4,1,Female,Yes,15,0,0,0,0,1,0,1,video3_cred_cham,cred_cham,39,3,0.704676047,1,0,0,1
2338,R_7nqnDgeuJX8hG6u,Old Control,vapefriend_fab,4,4,4,0,Female,Yes,15,0,0,0,0,1,0,1,video4_cred_fab,cred_fab,14,4,-0.374436531,1,0,0,1
2339,R_7nqnDgeuJX8hG6u,Old Control,vapefriend_mae,4,4,4,0,Female,Yes,15,0,0,0,0,1,0,1,video5_cred_mae,cred_mae,15,5,-0.331272028,1,0,0,1
2340,R_7nqnDgeuJX8hG6u,Old Control,vapefriend_zanx,4,4,4,0,Female,Yes,15,0,0,0,0,1,0,1,video6_cred_zanx,cred_zanx,21,6,-0.072285009,1,0,0,1
2341,R_7oEG4Tub79kLtJP,Old Treat,vapefriend_aby,4,4,4,0,Female,Yes,17,1,0,0,0,0,1,0,video1_cred_aby,cred_aby,30,1,0.316195519,1,0,0,1
2342,R_7oEG4Tub79kLtJP,Old Treat,vapefriend_anna,4,4,4,0,Female,Yes,17,1,0,0,0,0,1,0,video2_cred_anna,cred_anna,0,2,-0.978739575,1,0,0,0
2343,R_7oEG4Tub79kLtJP,Old Treat,vapefriend_cham,4,4,4,0,Female,Yes,17,1,0,0,0,0,1,0,video3_cred_cham,cred_cham,19,3,-0.158614016,1,0,0,1
2344,R_7oEG4Tub79kLtJP,Old Treat,vapefriend_fab,4,4,4,0,Female,Yes,17,1,0,0,0,0,1,0,video4_cred_fab,cred_fab,0,4,-0.978739575,1,0,0,0
2345,R_7oEG4Tub79kLtJP,Old Treat,vapefriend_mae,4,4,4,0,Female,Yes,17,1,0,0,0,0,1,0,video5_cred_mae,cred_mae,8,5,-0.63342355,1,0,0,0
2346,R_7oEG4Tub79kLtJP,Old Treat,vapefriend_zanx,4,4,4,0,Female,Yes,17,1,0,0,0,0,1,0,video6_cred_zanx,cred_zanx,0,6,-0.978739575,1,0,0,0
2347,R_7ojwwb3ILBadHSI,Old Treat,vapefriend_aby,4,4,4,0,Female,No,17,1,0,1,0,0,0,0,video1_cred_aby,cred_aby,75,1,2.25859816,1,0,0,1
2348,R_7ojwwb3ILBadHSI,Old Treat,vapefriend_anna,4,4,4,0,Female,No,17,1,0,1,0,0,0,0,video2_cred_anna,cred_anna,75,2,2.25859816,1,0,0,1
2349,R_7ojwwb3ILBadHSI,Old Treat,vapefriend_cham,4,4,4,0,Female,No,17,1,0,1,0,0,0,0,video3_cred_cham,cred_cham,75,3,2.25859816,1,0,0,1
2350,R_7ojwwb3ILBadHSI,Old Treat,vapefriend_fab,4,4,4,0,Female,No,17,1,0,1,0,0,0,0,video4_cred_fab,cred_fab,75.5,4,2.280180412,1,0,0,1
2351,R_7ojwwb3ILBadHSI,Old Treat,vapefriend_mae,4,4,4,0,Female,No,17,1,0,1,0,0,0,0,video5_cred_mae,cred_mae,100,5,3.337710738,1,0,0,1
2352,R_7ojwwb3ILBadHSI,Old Treat,vapefriend_zanx,4,4,4,0,Female,No,17,1,0,1,0,0,0,0,video6_cred_zanx,cred_zanx,75,6,2.25859816,1,0,0,1
2353,R_7qPUwkyoiOCED7X,Old Control,vapefriend_aby,4,4,4,0,Female,Yes,15,0,0,0,0,1,0,1,video1_cred_aby,cred_aby,0,1,-0.978739575,1,0,0,0
2354,R_7qPUwkyoiOCED7X,Old Control,vapefriend_anna,4,4,4,0,Female,Yes,15,0,0,0,0,1,0,1,video2_cred_anna,cred_anna,0,2,-0.978739575,1,0,0,0
2355,R_7qPUwkyoiOCED7X,Old Control,vapefriend_cham,4,4,4,0,Female,Yes,15,0,0,0,0,1,0,1,video3_cred_cham,cred_cham,0,3,-0.978739575,1,0,0,0
2356,R_7qPUwkyoiOCED7X,Old Control,vapefriend_fab,4,4,4,0,Female,Yes,15,0,0,0,0,1,0,1,video4_cred_fab,cred_fab,0,4,-0.978739575,1,0,0,0
2357,R_7qPUwkyoiOCED7X,Old Control,vapefriend_mae,4,4,4,0,Female,Yes,15,0,0,0,0,1,0,1,video5_cred_mae,cred_mae,0,5,-0.978739575,1,0,0,0
2358,R_7qPUwkyoiOCED7X,Old Control,vapefriend_zanx,4,4,4,0,Female,Yes,15,0,0,0,0,1,0,1,video6_cred_zanx,cred_zanx,0,6,-0.978739575,1,0,0,0
2359,R_7qR7eQ6u2V7me7F,Old Control,vapefriend_aby,4,4,4,0,Male,Yes,14,0,0,0,0,1,0,1,video1_cred_aby,cred_aby,74,1,2.215433657,2,0,0,1
2360,R_7qR7eQ6u2V7me7F,Old Control,vapefriend_anna,4,4,3,1,Male,Yes,14,0,0,0,0,1,0,1,video2_cred_anna,cred_anna,29,2,0.273031016,2,0,0,1
2361,R_7qR7eQ6u2V7me7F,Old Control,vapefriend_cham,4,4,2,1,Male,Yes,14,0,0,0,0,1,0,1,video3_cred_cham,cred_cham,46,3,1.006827569,2,0,0,1
2362,R_7qR7eQ6u2V7me7F,Old Control,vapefriend_fab,4,4,3,1,Male,Yes,14,0,0,0,0,1,0,1,video4_cred_fab,cred_fab,31,4,0.359360022,2,0,0,1
2363,R_7qR7eQ6u2V7me7F,Old Control,vapefriend_mae,4,4,3,1,Male,Yes,14,0,0,0,0,1,0,1,video5_cred_mae,cred_mae,25,5,0.100373003,2,0,0,1
2364,R_7qR7eQ6u2V7me7F,Old Control,vapefriend_zanx,4,4,3,1,Male,Yes,14,0,0,0,0,1,0,1,video6_cred_zanx,cred_zanx,20,6,-0.115449513,2,0,0,1
2365,R_7rSB07BQQdM4cJv,Young Treat,vapefriend_aby,4,4,2,1,Male,Yes,17,0,0,0,0,0,0,1,video1_cred_aby,cred_aby,5,1,-0.76291706,1,0,0,0
2366,R_7rSB07BQQdM4cJv,Young Treat,vapefriend_anna,4,4,2,1,Male,Yes,17,0,0,0,0,0,0,1,video2_cred_anna,cred_anna,8,2,-0.63342355,1,0,0,0
2367,R_7rSB07BQQdM4cJv,Young Treat,vapefriend_cham,4,4,2,1,Male,Yes,17,0,0,0,0,0,0,1,video3_cred_cham,cred_cham,4,3,-0.806081563,1,0,0,0
2368,R_7rSB07BQQdM4cJv,Young Treat,vapefriend_fab,4,4,2,1,Male,Yes,17,0,0,0,0,0,0,1,video4_cred_fab,cred_fab,6,4,-0.719752556,1,0,0,0
2369,R_7rSB07BQQdM4cJv,Young Treat,vapefriend_mae,4,4,2,1,Male,Yes,17,0,0,0,0,0,0,1,video5_cred_mae,cred_mae,19,5,-0.158614016,1,0,0,1
2370,R_7rSB07BQQdM4cJv,Young Treat,vapefriend_zanx,4,4,2,1,Male,Yes,17,0,0,0,0,0,0,1,video6_cred_zanx,cred_zanx,6,6,-0.719752556,1,0,0,0
2371,R_7rSsgiP4cZwOvhD,Young Treat,vapefriend_aby,4,4,4,0,Female,No,15,1,0,0,0,1,0,0,video1_cred_aby,cred_aby,10,1,-0.547094544,3,0,0,0
2372,R_7rSsgiP4cZwOvhD,Young Treat,vapefriend_anna,4,4,4,0,Female,No,15,1,0,0,0,1,0,0,video2_cred_anna,cred_anna,33,2,0.445689028,3,0,0,1
2373,R_7rSsgiP4cZwOvhD,Young Treat,vapefriend_cham,4,4,4,0,Female,No,15,1,0,0,0,1,0,0,video3_cred_cham,cred_cham,41,3,0.791005053,3,0,0,1
2374,R_7rSsgiP4cZwOvhD,Young Treat,vapefriend_fab,4,4,4,0,Female,No,15,1,0,0,0,1,0,0,video4_cred_fab,cred_fab,8,4,-0.63342355,3,0,0,0
2375,R_7rSsgiP4cZwOvhD,Young Treat,vapefriend_mae,4,4,4,0,Female,No,15,1,0,0,0,1,0,0,video5_cred_mae,cred_mae,58,5,1.524801607,3,0,0,1
2376,R_7rSsgiP4cZwOvhD,Young Treat,vapefriend_zanx,4,4,4,0,Female,No,15,1,0,0,0,1,0,0,video6_cred_zanx,cred_zanx,33,6,0.445689028,3,0,0,1
2377,R_7rrntLZZmNwx1b8,Young Control,vapefriend_aby,4,4,4,0,Female,No,16,1,0,0,0,0,0,0,video1_cred_aby,cred_aby,3,1,-0.849246066,3,0,0,0
2378,R_7rrntLZZmNwx1b8,Young Control,vapefriend_anna,4,4,4,0,Female,No,16,1,0,0,0,0,0,0,video2_cred_anna,cred_anna,5,2,-0.76291706,3,0,0,0
2379,R_7rrntLZZmNwx1b8,Young Control,vapefriend_cham,4,4,4,0,Female,No,16,1,0,0,0,0,0,0,video3_cred_cham,cred_cham,8,3,-0.63342355,3,0,0,0
2380,R_7rrntLZZmNwx1b8,Young Control,vapefriend_fab,4,4,4,0,Female,No,16,1,0,0,0,0,0,0,video4_cred_fab,cred_fab,8,4,-0.63342355,3,0,0,0
2381,R_7rrntLZZmNwx1b8,Young Control,vapefriend_mae,4,4,4,0,Female,No,16,1,0,0,0,0,0,0,video5_cred_mae,cred_mae,3,5,-0.849246066,3,0,0,0
2382,R_7rrntLZZmNwx1b8,Young Control,vapefriend_zanx,4,4,4,0,Female,No,16,1,0,0,0,0,0,0,video6_cred_zanx,cred_zanx,2,6,-0.892410569,3,0,0,0
2383,R_7sU0XItd0S2sBVL,Young Control,vapefriend_aby,4,4,4,0,Male,No,14,1,1,0,0,0,1,1,video1_cred_aby,cred_aby,11,1,-0.503930041,2,0,0,0
2384,R_7sU0XItd0S2sBVL,Young Control,vapefriend_anna,4,4,4,0,Male,No,14,1,1,0,0,0,1,1,video2_cred_anna,cred_anna,12,2,-0.460765538,2,0,0,0
2385,R_7sU0XItd0S2sBVL,Young Control,vapefriend_cham,4,4,4,0,Male,No,14,1,1,0,0,0,1,1,video3_cred_cham,cred_cham,11,3,-0.503930041,2,0,0,0
2386,R_7sU0XItd0S2sBVL,Young Control,vapefriend_fab,4,4,4,0,Male,No,14,1,1,0,0,0,1,1,video4_cred_fab,cred_fab,6,4,-0.719752556,2,0,0,0
2387,R_7sU0XItd0S2sBVL,Young Control,vapefriend_mae,4,4,4,0,Male,No,14,1,1,0,0,0,1,1,video5_cred_mae,cred_mae,9,5,-0.590259047,2,0,0,0
2388,R_7sU0XItd0S2sBVL,Young Control,vapefriend_zanx,4,4,4,0,Male,No,14,1,1,0,0,0,1,1,video6_cred_zanx,cred_zanx,10,6,-0.547094544,2,0,0,0
2389,R_7scqICUkFUgvV6w,Old Treat,vapefriend_aby,4,4,2,1,Female,Yes,15,0,0,0,0,1,0,1,video1_cred_aby,cred_aby,3,1,-0.849246066,1,0,0,0
2390,R_7scqICUkFUgvV6w,Old Treat,vapefriend_anna,2,4,3,1,Female,Yes,15,0,0,0,0,1,0,1,video2_cred_anna,cred_anna,15,2,-0.331272028,1,0,0,1
2391,R_7scqICUkFUgvV6w,Old Treat,vapefriend_cham,4,2,4,1,Female,Yes,15,0,0,0,0,1,0,1,video3_cred_cham,cred_cham,34,3,0.488853531,1,0,0,1
2392,R_7scqICUkFUgvV6w,Old Treat,vapefriend_fab,4,4,4,0,Female,Yes,15,0,0,0,0,1,0,1,video4_cred_fab,cred_fab,25,4,0.100373003,1,0,0,1
2393,R_7scqICUkFUgvV6w,Old Treat,vapefriend_mae,1,2,1,1,Female,Yes,15,0,0,0,0,1,0,1,video5_cred_mae,cred_mae,34,5,0.488853531,1,0,0,1
2394,R_7scqICUkFUgvV6w,Old Treat,vapefriend_zanx,3,4,1,1,Female,Yes,15,0,0,0,0,1,0,1,video6_cred_zanx,cred_zanx,11,6,-0.503930041,1,0,0,0
2395,R_7sqiu1yKp0GcS0V,Young Treat,vapefriend_aby,4,4,4,0,Female,No,16,0,1,0,0,0,1,0,video1_cred_aby,cred_aby,62,1,1.697459619,1,0,0,1
2396,R_7sqiu1yKp0GcS0V,Young Treat,vapefriend_anna,4,4,4,0,Female,No,16,0,1,0,0,0,1,0,video2_cred_anna,cred_anna,50,2,1.179485582,1,0,0,1
2397,R_7sqiu1yKp0GcS0V,Young Treat,vapefriend_cham,4,4,4,0,Female,No,16,0,1,0,0,0,1,0,video3_cred_cham,cred_cham,70,3,2.042775644,1,0,0,1
2398,R_7sqiu1yKp0GcS0V,Young Treat,vapefriend_fab,4,4,4,0,Female,No,16,0,1,0,0,0,1,0,video4_cred_fab,cred_fab,51,4,1.222650085,1,0,0,1
2399,R_7sqiu1yKp0GcS0V,Young Treat,vapefriend_mae,4,4,4,0,Female,No,16,0,1,0,0,0,1,0,video5_cred_mae,cred_mae,60,5,1.611130613,1,0,0,1
2400,R_7sqiu1yKp0GcS0V,Young Treat,vapefriend_zanx,4,4,4,0,Female,No,16,0,1,0,0,0,1,0,video6_cred_zanx,cred_zanx,50,6,1.179485582,1,0,0,1
2401,R_7xFYg16jIEmUWMg,Young Control,vapefriend_aby,4,4,4,0,Female,No,14,0,0,0,0,0,0,0,video1_cred_aby,cred_aby,0,1,-0.978739575,3,0,0,0
2402,R_7xFYg16jIEmUWMg,Young Control,vapefriend_anna,4,4,4,0,Female,No,14,0,0,0,0,0,0,0,video2_cred_anna,cred_anna,0,2,-0.978739575,3,0,0,0
2403,R_7xFYg16jIEmUWMg,Young Control,vapefriend_cham,4,4,4,0,Female,No,14,0,0,0,0,0,0,0,video3_cred_cham,cred_cham,0,3,-0.978739575,3,0,0,0
2404,R_7xFYg16jIEmUWMg,Young Control,vapefriend_fab,4,4,4,0,Female,No,14,0,0,0,0,0,0,0,video4_cred_fab,cred_fab,0,4,-0.978739575,3,0,0,0
2405,R_7xFYg16jIEmUWMg,Young Control,vapefriend_mae,4,4,4,0,Female,No,14,0,0,0,0,0,0,0,video5_cred_mae,cred_mae,0,5,-0.978739575,3,0,0,0
2406,R_7xFYg16jIEmUWMg,Young Control,vapefriend_zanx,4,4,4,0,Female,No,14,0,0,0,0,0,0,0,video6_cred_zanx,cred_zanx,0,6,-0.978739575,3,0,0,0
2407,R_7xZrguqQUjwLhxD,Old Control,vapefriend_aby,4,4,4,0,Female,No,16,0,0,1,0,0,0,0,video1_cred_aby,cred_aby,58,1,1.524801607,1,0,0,1
2408,R_7xZrguqQUjwLhxD,Old Control,vapefriend_anna,4,4,4,0,Female,No,16,0,0,1,0,0,0,0,video2_cred_anna,cred_anna,81,2,2.517585179,1,0,0,1
2409,R_7xZrguqQUjwLhxD,Old Control,vapefriend_cham,4,4,4,0,Female,No,16,0,0,1,0,0,0,0,video3_cred_cham,cred_cham,0,3,-0.978739575,1,0,0,0
2410,R_7xZrguqQUjwLhxD,Old Control,vapefriend_fab,4,4,4,0,Female,No,16,0,0,1,0,0,0,0,video4_cred_fab,cred_fab,84,4,2.647078688,1,0,0,1
2411,R_7xZrguqQUjwLhxD,Old Control,vapefriend_mae,4,4,4,0,Female,No,16,0,0,1,0,0,0,0,video5_cred_mae,cred_mae,73,5,2.172269154,1,0,0,1
2412,R_7xZrguqQUjwLhxD,Old Control,vapefriend_zanx,4,4,4,0,Female,No,16,0,0,1,0,0,0,0,video6_cred_zanx,cred_zanx,0,6,-0.978739575,1,0,0,0
2413,R_7zFOcCVFkj3zN4L,Old Treat,vapefriend_aby,4,4,4,0,Female,No,17,0,1,0,0,0,0,0,video1_cred_aby,cred_aby,0,1,-0.978739575,1,0,0,0
2414,R_7zFOcCVFkj3zN4L,Old Treat,vapefriend_anna,4,4,4,0,Female,No,17,0,1,0,0,0,0,0,video2_cred_anna,cred_anna,0,2,-0.978739575,1,0,0,0
2415,R_7zFOcCVFkj3zN4L,Old Treat,vapefriend_cham,4,4,4,0,Female,No,17,0,1,0,0,0,0,0,video3_cred_cham,cred_cham,0,3,-0.978739575,1,0,0,0
2416,R_7zFOcCVFkj3zN4L,Old Treat,vapefriend_fab,4,4,4,0,Female,No,17,0,1,0,0,0,0,0,video4_cred_fab,cred_fab,0,4,-0.978739575,1,0,0,0
2417,R_7zFOcCVFkj3zN4L,Old Treat,vapefriend_mae,4,4,4,0,Female,No,17,0,1,0,0,0,0,0,video5_cred_mae,cred_mae,0,5,-0.978739575,1,0,0,0
2418,R_7zFOcCVFkj3zN4L,Old Treat,vapefriend_zanx,4,4,4,0,Female,No,17,0,1,0,0,0,0,0,video6_cred_zanx,cred_zanx,26,6,0.143537506,1,0,0,1
2419,R_7zITdWa1QFH0D9E,Old Control,vapefriend_aby,4,4,4,0,Female,Yes,17,1,0,0,0,0,0,0,video1_cred_aby,cred_aby,75,1,2.25859816,1,0,0,1
2420,R_7zITdWa1QFH0D9E,Old Control,vapefriend_anna,4,4,4,0,Female,Yes,17,1,0,0,0,0,0,0,video2_cred_anna,cred_anna,10,2,-0.547094544,1,0,0,0
2421,R_7zITdWa1QFH0D9E,Old Control,vapefriend_cham,4,4,4,0,Female,Yes,17,1,0,0,0,0,0,0,video3_cred_cham,cred_cham,10,3,-0.547094544,1,0,0,0
2422,R_7zITdWa1QFH0D9E,Old Control,vapefriend_fab,4,4,4,0,Female,Yes,17,1,0,0,0,0,0,0,video4_cred_fab,cred_fab,20,4,-0.115449513,1,0,0,1
2423,R_7zITdWa1QFH0D9E,Old Control,vapefriend_mae,4,4,4,0,Female,Yes,17,1,0,0,0,0,0,0,video5_cred_mae,cred_mae,30,5,0.316195519,1,0,0,1
2424,R_7zITdWa1QFH0D9E,Old Control,vapefriend_zanx,4,4,4,0,Female,Yes,17,1,0,0,0,0,0,0,video6_cred_zanx,cred_zanx,20,6,-0.115449513,1,0,0,1
2425,R_7zOxREm025k5AuB,Young Treat,vapefriend_aby,4,4,4,0,Female,No,17,1,0,0,0,0,0,0,video1_cred_aby,cred_aby,47,1,1.049992072,2,0,0,1
2426,R_7zOxREm025k5AuB,Young Treat,vapefriend_anna,4,4,4,0,Female,No,17,1,0,0,0,0,0,0,video2_cred_anna,cred_anna,41,2,0.791005053,2,0,0,1
2427,R_7zOxREm025k5AuB,Young Treat,vapefriend_cham,4,4,4,0,Female,No,17,1,0,0,0,0,0,0,video3_cred_cham,cred_cham,54,3,1.352143594,2,0,0,1
2428,R_7zOxREm025k5AuB,Young Treat,vapefriend_fab,4,4,4,0,Female,No,17,1,0,0,0,0,0,0,video4_cred_fab,cred_fab,43,4,0.87733406,2,0,0,1
2429,R_7zOxREm025k5AuB,Young Treat,vapefriend_mae,4,4,4,0,Female,No,17,1,0,0,0,0,0,0,video5_cred_mae,cred_mae,56,5,1.4384726,2,0,0,1
2430,R_7zOxREm025k5AuB,Young Treat,vapefriend_zanx,4,4,4,0,Female,No,17,1,0,0,0,0,0,0,video6_cred_zanx,cred_zanx,42,6,0.834169557,2,0,0,1
2431,R_7zYMX1f1OcxACPZ,Young Control,vapefriend_aby,4,4,4,0,Female,Yes,17,0,0,0,0,0,0,0,video1_cred_aby,cred_aby,0,1,-0.978739575,1,0,0,0
2432,R_7zYMX1f1OcxACPZ,Young Control,vapefriend_anna,4,4,4,0,Female,Yes,17,0,0,0,0,0,0,0,video2_cred_anna,cred_anna,0,2,-0.978739575,1,0,0,0
2433,R_7zYMX1f1OcxACPZ,Young Control,vapefriend_cham,4,4,4,0,Female,Yes,17,0,0,0,0,0,0,0,video3_cred_cham,cred_cham,0,3,-0.978739575,1,0,0,0
2434,R_7zYMX1f1OcxACPZ,Young Control,vapefriend_fab,4,4,4,0,Female,Yes,17,0,0,0,0,0,0,0,video4_cred_fab,cred_fab,0,4,-0.978739575,1,0,0,0
2435,R_7zYMX1f1OcxACPZ,Young Control,vapefriend_mae,4,4,4,0,Female,Yes,17,0,0,0,0,0,0,0,video5_cred_mae,cred_mae,0,5,-0.978739575,1,0,0,0
2436,R_7zYMX1f1OcxACPZ,Young Control,vapefriend_zanx,4,4,4,0,Female,Yes,17,0,0,0,0,0,0,0,video6_cred_zanx,cred_zanx,0,6,-0.978739575,1,0,0,0